t,phase,x,y,z
18.343119,P1_INIT_POS,-0.029339000,-0.541362000,0.398061000
18.353221,P1_INIT_POS,-0.028991000,-0.541391000,0.397780000
18.363090,P1_INIT_POS,-0.028718000,-0.541423000,0.397579000
18.373164,P1_INIT_POS,-0.028447000,-0.541492000,0.397484000
18.383051,P1_INIT_POS,-0.028193000,-0.541542000,0.397358000
18.393101,P1_INIT_POS,-0.027708000,-0.541580000,0.396951000
18.403022,P1_INIT_POS,-0.027268000,-0.541606000,0.396521000
18.413078,P1_INIT_POS,-0.026785000,-0.541651000,0.396130000
18.423033,P1_INIT_POS,-0.026205000,-0.541711000,0.395667000
18.433054,P1_INIT_POS,-0.025604000,-0.541791000,0.395222000
18.443035,P1_INIT_POS,-0.024995000,-0.541867000,0.394773000
18.453039,P1_INIT_POS,-0.024363000,-0.541937000,0.394304000
18.463068,P1_INIT_POS,-0.023795000,-0.541983000,0.393868000
18.473024,P1_INIT_POS,-0.023098000,-0.542031000,0.393319000
18.483032,P1_INIT_POS,-0.022501000,-0.542061000,0.392830000
18.493053,P1_INIT_POS,-0.021938000,-0.542087000,0.392367000
18.503070,P1_INIT_POS,-0.021403000,-0.542108000,0.391892000
18.513043,P1_INIT_POS,-0.020919000,-0.542129000,0.391449000
18.523029,P1_INIT_POS,-0.020444000,-0.542150000,0.391000000
18.533029,P1_INIT_POS,-0.019960000,-0.542168000,0.390528000
18.543033,P1_INIT_POS,-0.019461000,-0.542191000,0.390068000
18.553217,P1_INIT_POS,-0.018909000,-0.542215000,0.389562000
18.563217,P1_INIT_POS,-0.018393000,-0.542242000,0.389105000
18.573158,P1_INIT_POS,-0.017878000,-0.542264000,0.388633000
18.583163,P1_INIT_POS,-0.017395000,-0.542286000,0.388176000
18.593172,P1_INIT_POS,-0.016917000,-0.542303000,0.387720000
18.603172,P1_INIT_POS,-0.016434000,-0.542324000,0.387258000
18.613194,P1_INIT_POS,-0.015991000,-0.542338000,0.386833000
18.623182,P1_INIT_POS,-0.015450000,-0.542352000,0.386324000
18.633200,P1_INIT_POS,-0.014932000,-0.542370000,0.385846000
18.643167,P1_INIT_POS,-0.014437000,-0.542381000,0.385371000
18.653159,P1_INIT_POS,-0.013932000,-0.542391000,0.384875000
18.663166,P1_INIT_POS,-0.013418000,-0.542399000,0.384383000
18.673156,P1_INIT_POS,-0.012875000,-0.542411000,0.383869000
18.683159,P1_INIT_POS,-0.012337000,-0.542427000,0.383382000
18.693152,P1_INIT_POS,-0.011841000,-0.542446000,0.382934000
18.703159,P1_INIT_POS,-0.011303000,-0.542465000,0.382453000
18.713137,P1_INIT_POS,-0.010775000,-0.542477000,0.381985000
18.723158,P1_INIT_POS,-0.010177000,-0.542486000,0.381456000
18.733157,P1_INIT_POS,-0.009673000,-0.542485000,0.381007000
18.743165,P1_INIT_POS,-0.009083000,-0.542497000,0.380502000
18.753151,P1_INIT_POS,-0.008560000,-0.542509000,0.380048000
18.763158,P1_INIT_POS,-0.008052000,-0.542515000,0.379570000
18.773134,P1_INIT_POS,-0.007586000,-0.542515000,0.379115000
18.783159,P1_INIT_POS,-0.007080000,-0.542516000,0.378634000
18.793138,P1_INIT_POS,-0.006568000,-0.542523000,0.378173000
18.803157,P1_INIT_POS,-0.005974000,-0.542531000,0.377643000
18.813127,P1_INIT_POS,-0.005541000,-0.542538000,0.377253000
18.823158,P1_INIT_POS,-0.004899000,-0.542535000,0.376676000
18.833131,P1_INIT_POS,-0.004429000,-0.542533000,0.376250000
18.843168,P1_INIT_POS,-0.003839000,-0.542520000,0.375701000
18.853135,P1_INIT_POS,-0.003379000,-0.542511000,0.375260000
18.863159,P1_INIT_POS,-0.002829000,-0.542504000,0.374733000
18.873129,P1_INIT_POS,-0.002404000,-0.542496000,0.374288000
18.883158,P1_INIT_POS,-0.001900000,-0.542491000,0.373769000
18.893212,P1_INIT_POS,-0.001443000,-0.542486000,0.373307000
18.903168,P1_INIT_POS,-0.000965000,-0.542486000,0.372848000
18.913127,P1_INIT_POS,-0.000523000,-0.542486000,0.372437000
18.923158,P1_INIT_POS,-0.000047000,-0.542487000,0.371997000
18.933125,P1_INIT_POS,0.000426000,-0.542481000,0.371552000
18.943158,P1_INIT_POS,0.000907000,-0.542477000,0.371093000
18.953125,P1_INIT_POS,0.001407000,-0.542478000,0.370629000
18.963158,P1_INIT_POS,0.001916000,-0.542490000,0.370175000
18.973124,P1_INIT_POS,0.002324000,-0.542493000,0.369781000
18.983158,P1_INIT_POS,0.002840000,-0.542489000,0.369256000
18.993121,P1_INIT_POS,0.003249000,-0.542479000,0.368830000
19.003158,P1_INIT_POS,0.003754000,-0.542472000,0.368336000
19.013119,P1_INIT_POS,0.004179000,-0.542475000,0.367946000
19.023158,P1_INIT_POS,0.004672000,-0.542478000,0.367501000
19.033117,P1_INIT_POS,0.005156000,-0.542474000,0.367062000
19.043157,P1_INIT_POS,0.005690000,-0.542457000,0.366556000
19.053122,P1_INIT_POS,0.006137000,-0.542445000,0.366128000
19.063138,P1_INIT_POS,0.006663000,-0.542423000,0.365630000
19.073119,P1_INIT_POS,0.007174000,-0.542407000,0.365161000
19.083156,P1_INIT_POS,0.007690000,-0.542382000,0.364665000
19.093159,P1_INIT_POS,0.008246000,-0.542360000,0.364128000
19.103166,P1_INIT_POS,0.008732000,-0.542334000,0.363643000
19.113132,P1_INIT_POS,0.009154000,-0.542314000,0.363231000
19.123158,P1_INIT_POS,0.009697000,-0.542285000,0.362708000
19.133125,P1_INIT_POS,0.010148000,-0.542267000,0.362277000
19.143160,P1_INIT_POS,0.010682000,-0.542248000,0.361785000
19.153152,P1_INIT_POS,0.011089000,-0.542231000,0.361396000
19.163162,P1_INIT_POS,0.011596000,-0.542207000,0.360896000
19.173166,P1_INIT_POS,0.012073000,-0.542190000,0.360437000
19.183158,P1_INIT_POS,0.012538000,-0.542170000,0.359977000
19.193099,P1_INIT_POS,0.012953000,-0.542163000,0.359592000
19.203161,P1_INIT_POS,0.013484000,-0.542144000,0.359067000
19.213131,P1_INIT_POS,0.013882000,-0.542132000,0.358678000
19.223158,P1_INIT_POS,0.014469000,-0.542111000,0.358100000
19.233123,P1_INIT_POS,0.014898000,-0.542106000,0.357707000
19.243157,P1_INIT_POS,0.015402000,-0.542098000,0.357225000
19.253140,P1_INIT_POS,0.015812000,-0.542087000,0.356820000
19.263168,P1_INIT_POS,0.016328000,-0.542072000,0.356319000
19.273107,P1_INIT_POS,0.016748000,-0.542064000,0.355916000
19.283158,P1_INIT_POS,0.017294000,-0.542049000,0.355390000
19.293230,P1_INIT_POS,0.017723000,-0.542039000,0.354978000
19.303099,P1_INIT_POS,0.018175000,-0.542032000,0.354530000
19.313151,P1_INIT_POS,0.018688000,-0.542024000,0.354033000
19.313230,P1_INIT_POS_SETTLE,0.018688000,-0.542024000,0.354033000
19.323511,P1_INIT_POS_SETTLE,0.019178000,-0.542008000,0.353540000
19.333815,P1_INIT_POS_SETTLE,0.019658000,-0.541998000,0.353070000
19.344118,P1_INIT_POS_SETTLE,0.020140000,-0.541980000,0.352601000
19.354423,P1_INIT_POS_SETTLE,0.020692000,-0.541970000,0.352104000
19.364734,P1_INIT_POS_SETTLE,0.021215000,-0.541951000,0.351619000
19.375030,P1_INIT_POS_SETTLE,0.021738000,-0.541936000,0.351151000
19.385395,P1_INIT_POS_SETTLE,0.022324000,-0.541923000,0.350653000
19.395756,P1_INIT_POS_SETTLE,0.022795000,-0.541911000,0.350250000
19.406089,P1_INIT_POS_SETTLE,0.023355000,-0.541883000,0.349723000
19.416460,P1_INIT_POS_SETTLE,0.023935000,-0.541858000,0.349190000
19.426774,P1_INIT_POS_SETTLE,0.024394000,-0.541846000,0.348776000
19.437098,P1_INIT_POS_SETTLE,0.024955000,-0.541820000,0.348236000
19.447479,P1_INIT_POS_SETTLE,0.025514000,-0.541806000,0.347711000
19.457775,P1_INIT_POS_SETTLE,0.026016000,-0.541788000,0.347220000
19.468094,P1_INIT_POS_SETTLE,0.026470000,-0.541770000,0.346768000
19.478480,P1_INIT_POS_SETTLE,0.027055000,-0.541748000,0.346185000
19.488821,P1_INIT_POS_SETTLE,0.027551000,-0.541732000,0.345701000
19.499177,P1_INIT_POS_SETTLE,0.028093000,-0.541720000,0.345179000
19.509533,P1_INIT_POS_SETTLE,0.028578000,-0.541703000,0.344696000
19.519868,P1_INIT_POS_SETTLE,0.029066000,-0.541691000,0.344221000
19.530227,P1_INIT_POS_SETTLE,0.029560000,-0.541680000,0.343754000
19.540559,P1_INIT_POS_SETTLE,0.030110000,-0.541667000,0.343234000
19.550872,P1_INIT_POS_SETTLE,0.030599000,-0.541651000,0.342755000
19.561218,P1_INIT_POS_SETTLE,0.031139000,-0.541635000,0.342228000
19.571536,P1_INIT_POS_SETTLE,0.031623000,-0.541637000,0.341781000
19.581849,P1_INIT_POS_SETTLE,0.032106000,-0.541634000,0.341302000
19.592181,P1_INIT_POS_SETTLE,0.032625000,-0.541632000,0.340779000
19.602510,P1_INIT_POS_SETTLE,0.033090000,-0.541632000,0.340296000
19.612834,P1_INIT_POS_SETTLE,0.033566000,-0.541638000,0.339816000
19.623168,P1_INIT_POS_SETTLE,0.034082000,-0.541656000,0.339321000
19.633483,P1_INIT_POS_SETTLE,0.034524000,-0.541674000,0.338908000
19.643778,P1_INIT_POS_SETTLE,0.035081000,-0.541701000,0.338405000
19.654090,P1_INIT_POS_SETTLE,0.035586000,-0.541722000,0.337938000
19.664399,P1_INIT_POS_SETTLE,0.036138000,-0.541753000,0.337448000
19.674690,P1_INIT_POS_SETTLE,0.036630000,-0.541786000,0.337022000
19.684916,P1_INIT_POS_SETTLE,0.037135000,-0.541819000,0.336587000
19.695177,P1_INIT_POS_SETTLE,0.037690000,-0.541848000,0.336090000
19.705482,P1_INIT_POS_SETTLE,0.038196000,-0.541875000,0.335642000
19.715745,P1_INIT_POS_SETTLE,0.038711000,-0.541906000,0.335194000
19.726053,P1_INIT_POS_SETTLE,0.039214000,-0.541942000,0.334761000
19.736364,P1_INIT_POS_SETTLE,0.039753000,-0.541985000,0.334294000
19.746676,P1_INIT_POS_SETTLE,0.040216000,-0.542000000,0.333856000
19.756918,P1_INIT_POS_SETTLE,0.040790000,-0.542034000,0.333347000
19.767179,P1_INIT_POS_SETTLE,0.041305000,-0.542052000,0.332867000
19.777486,P1_INIT_POS_SETTLE,0.041902000,-0.542073000,0.332324000
19.787782,P1_INIT_POS_SETTLE,0.042430000,-0.542095000,0.331854000
19.798068,P1_INIT_POS_SETTLE,0.042949000,-0.542116000,0.331388000
19.808401,P1_INIT_POS_SETTLE,0.043528000,-0.542132000,0.330859000
19.818714,P1_INIT_POS_SETTLE,0.044058000,-0.542142000,0.330368000
19.829024,P1_INIT_POS_SETTLE,0.044539000,-0.542153000,0.329930000
19.839337,P1_INIT_POS_SETTLE,0.045169000,-0.542156000,0.329345000
19.849616,P1_INIT_POS_SETTLE,0.045705000,-0.542158000,0.328850000
19.859918,P1_INIT_POS_SETTLE,0.046243000,-0.542157000,0.328336000
19.870215,P1_INIT_POS_SETTLE,0.046777000,-0.542155000,0.327829000
19.880486,P1_INIT_POS_SETTLE,0.047354000,-0.542160000,0.327288000
19.890770,P1_INIT_POS_SETTLE,0.047856000,-0.542160000,0.326791000
19.901122,P1_INIT_POS_SETTLE,0.048353000,-0.542165000,0.326295000
19.911436,P1_INIT_POS_SETTLE,0.048900000,-0.542154000,0.325712000
19.921760,P1_INIT_POS_SETTLE,0.049392000,-0.542156000,0.325202000
19.932076,P1_INIT_POS_SETTLE,0.049886000,-0.542157000,0.324688000
19.942387,P1_INIT_POS_SETTLE,0.050441000,-0.542156000,0.324123000
19.952684,P1_INIT_POS_SETTLE,0.050954000,-0.542160000,0.323625000
19.962997,P1_INIT_POS_SETTLE,0.051476000,-0.542164000,0.323133000
19.973308,P1_INIT_POS_SETTLE,0.052036000,-0.542171000,0.322607000
19.983619,P1_INIT_POS_SETTLE,0.052498000,-0.542167000,0.322158000
19.993917,P1_INIT_POS_SETTLE,0.053073000,-0.542169000,0.321627000
20.004232,P1_INIT_POS_SETTLE,0.053637000,-0.542171000,0.321124000
20.014533,P1_INIT_POS_SETTLE,0.054159000,-0.542168000,0.320647000
20.024845,P1_INIT_POS_SETTLE,0.054690000,-0.542171000,0.320179000
20.035142,P1_INIT_POS_SETTLE,0.055133000,-0.542177000,0.319790000
20.045427,P1_INIT_POS_SETTLE,0.055724000,-0.542184000,0.319256000
20.055727,P1_INIT_POS_SETTLE,0.056228000,-0.542197000,0.318819000
20.066024,P1_INIT_POS_SETTLE,0.056761000,-0.542191000,0.318318000
20.076338,P1_INIT_POS_SETTLE,0.057331000,-0.542202000,0.317800000
20.086616,P1_INIT_POS_SETTLE,0.057786000,-0.542206000,0.317378000
20.096909,P1_INIT_POS_SETTLE,0.058333000,-0.542221000,0.316885000
20.107207,P1_INIT_POS_SETTLE,0.058869000,-0.542239000,0.316410000
20.117491,P1_INIT_POS_SETTLE,0.059311000,-0.542246000,0.316003000
20.127770,P1_INIT_POS_SETTLE,0.059840000,-0.542254000,0.315502000
20.138056,P1_INIT_POS_SETTLE,0.060313000,-0.542257000,0.315046000
20.148355,P1_INIT_POS_SETTLE,0.060861000,-0.542260000,0.314531000
20.158626,P1_INIT_POS_SETTLE,0.061320000,-0.542264000,0.314105000
20.168918,P1_INIT_POS_SETTLE,0.061876000,-0.542266000,0.313573000
20.179208,P1_INIT_POS_SETTLE,0.062431000,-0.542277000,0.313060000
20.189495,P1_INIT_POS_SETTLE,0.062921000,-0.542295000,0.312602000
20.199760,P1_INIT_POS_SETTLE,0.063417000,-0.542313000,0.312126000
20.210040,P1_INIT_POS_SETTLE,0.063863000,-0.542329000,0.311695000
20.220322,P1_INIT_POS_SETTLE,0.064405000,-0.542347000,0.311159000
20.230611,P1_INIT_POS_SETTLE,0.064884000,-0.542365000,0.310688000
20.240892,P1_INIT_POS_SETTLE,0.065427000,-0.542376000,0.310160000
20.251208,P1_INIT_POS_SETTLE,0.065928000,-0.542396000,0.309709000
20.261492,P1_INIT_POS_SETTLE,0.066501000,-0.542406000,0.309190000
20.271779,P1_INIT_POS_SETTLE,0.067042000,-0.542416000,0.308713000
20.282060,P1_INIT_POS_SETTLE,0.067568000,-0.542425000,0.308255000
20.292355,P1_INIT_POS_SETTLE,0.068104000,-0.542432000,0.307798000
20.302652,P1_INIT_POS_SETTLE,0.068642000,-0.542441000,0.307341000
20.312981,P1_INIT_POS_SETTLE,0.069162000,-0.542441000,0.306875000
20.323297,P1_INIT_POS_SETTLE,0.069731000,-0.542444000,0.306366000
20.333599,P1_INIT_POS_SETTLE,0.070248000,-0.542456000,0.305913000
20.343858,P1_INIT_POS_SETTLE,0.070776000,-0.542453000,0.305419000
20.354208,P1_INIT_POS_SETTLE,0.071352000,-0.542465000,0.304912000
20.364569,P1_INIT_POS_SETTLE,0.071869000,-0.542455000,0.304394000
20.374929,P1_INIT_POS_SETTLE,0.072369000,-0.542456000,0.303902000
20.385283,P1_INIT_POS_SETTLE,0.072946000,-0.542453000,0.303349000
20.395628,P1_INIT_POS_SETTLE,0.073492000,-0.542458000,0.302850000
20.405996,P1_INIT_POS_SETTLE,0.074006000,-0.542472000,0.302387000
20.416336,P1_INIT_POS_SETTLE,0.074547000,-0.542481000,0.301877000
20.426643,P1_INIT_POS_SETTLE,0.075060000,-0.542482000,0.301393000
20.436990,P1_INIT_POS_SETTLE,0.075579000,-0.542478000,0.300902000
20.447323,P1_INIT_POS_SETTLE,0.076135000,-0.542479000,0.300378000
20.457654,P1_INIT_POS_SETTLE,0.076672000,-0.542480000,0.299869000
20.467988,P1_INIT_POS_SETTLE,0.077124000,-0.542477000,0.299431000
20.478362,P1_INIT_POS_SETTLE,0.077686000,-0.542476000,0.298896000
20.488690,P1_INIT_POS_SETTLE,0.078192000,-0.542471000,0.298409000
20.499009,P1_INIT_POS_SETTLE,0.078679000,-0.542467000,0.297939000
20.509338,P1_INIT_POS_SETTLE,0.079198000,-0.542456000,0.297412000
20.519611,P1_INIT_POS_SETTLE,0.079658000,-0.542456000,0.296960000
20.529902,P1_INIT_POS_SETTLE,0.080145000,-0.542457000,0.296509000
20.540201,P1_INIT_POS_SETTLE,0.080705000,-0.542447000,0.295993000
20.550494,P1_INIT_POS_SETTLE,0.081206000,-0.542437000,0.295520000
20.560805,P1_INIT_POS_SETTLE,0.081695000,-0.542438000,0.295086000
20.571114,P1_INIT_POS_SETTLE,0.082202000,-0.542446000,0.294663000
20.581403,P1_INIT_POS_SETTLE,0.082765000,-0.542450000,0.294178000
20.591693,P1_INIT_POS_SETTLE,0.083266000,-0.542453000,0.293732000
20.601994,P1_INIT_POS_SETTLE,0.083761000,-0.542450000,0.293276000
20.612291,P1_INIT_POS_SETTLE,0.084292000,-0.542452000,0.292780000
20.622593,P1_INIT_POS_SETTLE,0.084756000,-0.542461000,0.292337000
20.632831,P1_INIT_POS_SETTLE,0.085215000,-0.542466000,0.291882000
20.643085,P1_INIT_POS_SETTLE,0.085691000,-0.542474000,0.291419000
20.653402,P1_INIT_POS_SETTLE,0.086251000,-0.542468000,0.290858000
20.664019,P1_INIT_POS_SETTLE,0.086774000,-0.542468000,0.290357000
20.674315,P1_INIT_POS_SETTLE,0.087337000,-0.542479000,0.289840000
20.684609,P1_INIT_POS_SETTLE,0.087822000,-0.542497000,0.289398000
20.694895,P1_INIT_POS_SETTLE,0.088313000,-0.542502000,0.288924000
20.705200,P1_INIT_POS_SETTLE,0.088892000,-0.542491000,0.288364000
20.715482,P1_INIT_POS_SETTLE,0.089411000,-0.542485000,0.287882000
20.725780,P1_INIT_POS_SETTLE,0.089915000,-0.542482000,0.287411000
20.736065,P1_INIT_POS_SETTLE,0.090410000,-0.542478000,0.286945000
20.746375,P1_INIT_POS_SETTLE,0.090964000,-0.542474000,0.286431000
20.756650,P1_INIT_POS_SETTLE,0.091478000,-0.542470000,0.285950000
20.766937,P1_INIT_POS_SETTLE,0.091990000,-0.542471000,0.285473000
20.777238,P1_INIT_POS_SETTLE,0.092557000,-0.542462000,0.284926000
20.787523,P1_INIT_POS_SETTLE,0.093065000,-0.542455000,0.284435000
20.797798,P1_INIT_POS_SETTLE,0.093571000,-0.542445000,0.283938000
20.808083,P1_INIT_POS_SETTLE,0.094062000,-0.542453000,0.283490000
20.818370,P1_INIT_POS_SETTLE,0.094596000,-0.542456000,0.282985000
20.828683,P1_INIT_POS_SETTLE,0.095113000,-0.542454000,0.282506000
20.838993,P1_INIT_POS_SETTLE,0.095654000,-0.542449000,0.282009000
20.849301,P1_INIT_POS_SETTLE,0.096241000,-0.542446000,0.281488000
20.859605,P1_INIT_POS_SETTLE,0.096727000,-0.542458000,0.281066000
20.869884,P1_INIT_POS_SETTLE,0.097191000,-0.542471000,0.280640000
20.880201,P1_INIT_POS_SETTLE,0.097751000,-0.542468000,0.280109000
20.890522,P1_INIT_POS_SETTLE,0.098268000,-0.542468000,0.279632000
20.900867,P1_INIT_POS_SETTLE,0.098750000,-0.542467000,0.279155000
20.911245,P1_INIT_POS_SETTLE,0.099243000,-0.542484000,0.278680000
20.921544,P1_INIT_POS_SETTLE,0.099724000,-0.542479000,0.278188000
20.931836,P1_INIT_POS_SETTLE,0.100212000,-0.542481000,0.277703000
20.942133,P1_INIT_POS_SETTLE,0.100689000,-0.542483000,0.277226000
20.952436,P1_INIT_POS_SETTLE,0.101221000,-0.542488000,0.276703000
20.962719,P1_INIT_POS_SETTLE,0.101696000,-0.542498000,0.276240000
20.973019,P1_INIT_POS_SETTLE,0.102168000,-0.542510000,0.275778000
20.983324,P1_INIT_POS_SETTLE,0.102712000,-0.542516000,0.275254000
20.993609,P1_INIT_POS_SETTLE,0.103217000,-0.542524000,0.274787000
21.003896,P1_INIT_POS_SETTLE,0.103697000,-0.542533000,0.274351000
21.014214,P1_INIT_POS_SETTLE,0.104216000,-0.542541000,0.273872000
21.024496,P1_INIT_POS_SETTLE,0.104728000,-0.542526000,0.273372000
21.034772,P1_INIT_POS_SETTLE,0.105260000,-0.542517000,0.272880000
21.045061,P1_INIT_POS_SETTLE,0.105739000,-0.542523000,0.272434000
21.055356,P1_INIT_POS_SETTLE,0.106232000,-0.542533000,0.271964000
21.326465,P1_INIT_DIVE,0.117056000,-0.543333000,0.262263000
21.336448,P1_INIT_DIVE,0.116927000,-0.543405000,0.262443000
21.346426,P1_INIT_DIVE,0.116867000,-0.543420000,0.262472000
21.356420,P1_INIT_DIVE,0.117177000,-0.543271000,0.262035000
21.366420,P1_INIT_DIVE,0.117601000,-0.543083000,0.261487000
21.376407,P1_INIT_DIVE,0.117738000,-0.542990000,0.261244000
21.386417,P1_INIT_DIVE,0.117506000,-0.542928000,0.261171000
21.396418,P1_INIT_DIVE,0.117337000,-0.542847000,0.260923000
21.406413,P1_INIT_DIVE,0.117480000,-0.542775000,0.260461000
21.416402,P1_INIT_DIVE,0.117817000,-0.542660000,0.259807000
21.426411,P1_INIT_DIVE,0.118207000,-0.542533000,0.259089000
21.436394,P1_INIT_DIVE,0.118448000,-0.542440000,0.258465000
21.446408,P1_INIT_DIVE,0.118565000,-0.542369000,0.257940000
21.456398,P1_INIT_DIVE,0.118652000,-0.542331000,0.257505000
21.466408,P1_INIT_DIVE,0.118712000,-0.542330000,0.257113000
21.476397,P1_INIT_DIVE,0.118682000,-0.542352000,0.256736000
21.486407,P1_INIT_DIVE,0.118593000,-0.542337000,0.256276000
21.496394,P1_INIT_DIVE,0.118575000,-0.542270000,0.255660000
21.506408,P1_INIT_DIVE,0.118585000,-0.542212000,0.255057000
21.516389,P1_INIT_DIVE,0.118477000,-0.542193000,0.254636000
21.526406,P1_INIT_DIVE,0.118327000,-0.542170000,0.254274000
21.536392,P1_INIT_DIVE,0.118267000,-0.542133000,0.253842000
21.546406,P1_INIT_DIVE,0.118306000,-0.542099000,0.253353000
21.556394,P1_INIT_DIVE,0.118337000,-0.542088000,0.252883000
21.566414,P1_INIT_DIVE,0.118310000,-0.542095000,0.252450000
21.576394,P1_INIT_DIVE,0.118277000,-0.542081000,0.251955000
21.586409,P1_INIT_DIVE,0.118292000,-0.542048000,0.251409000
21.596388,P1_INIT_DIVE,0.118292000,-0.542029000,0.250929000
21.606406,P1_INIT_DIVE,0.118173000,-0.542049000,0.250592000
21.616386,P1_INIT_DIVE,0.118057000,-0.542040000,0.250191000
21.626407,P1_INIT_DIVE,0.118047000,-0.541997000,0.249655000
21.636387,P1_INIT_DIVE,0.118065000,-0.541970000,0.249120000
21.646417,P1_INIT_DIVE,0.118050000,-0.541942000,0.248598000
21.656425,P1_INIT_DIVE,0.117985000,-0.541938000,0.248125000
21.666404,P1_INIT_DIVE,0.117930000,-0.541946000,0.247669000
21.676400,P1_INIT_DIVE,0.117931000,-0.541943000,0.247169000
21.686404,P1_INIT_DIVE,0.117920000,-0.541956000,0.246706000
21.696387,P1_INIT_DIVE,0.117834000,-0.541975000,0.246292000
21.706404,P1_INIT_DIVE,0.117769000,-0.541974000,0.245832000
21.716387,P1_INIT_DIVE,0.117825000,-0.541931000,0.245256000
21.726404,P1_INIT_DIVE,0.117878000,-0.541909000,0.244728000
21.736398,P1_INIT_DIVE,0.117775000,-0.541926000,0.244346000
21.736473,P1_INIT_DIVE_SETTLE,0.117775000,-0.541926000,0.244346000
21.746771,P1_INIT_DIVE_SETTLE,0.117622000,-0.541949000,0.243982000
21.757088,P1_INIT_DIVE_SETTLE,0.117605000,-0.541941000,0.243486000
21.767410,P1_INIT_DIVE_SETTLE,0.117669000,-0.541924000,0.242892000
21.777702,P1_INIT_DIVE_SETTLE,0.117595000,-0.541938000,0.242463000
21.788006,P1_INIT_DIVE_SETTLE,0.117445000,-0.541955000,0.242062000
21.798323,P1_INIT_DIVE_SETTLE,0.117395000,-0.541945000,0.241522000
21.808604,P1_INIT_DIVE_SETTLE,0.117397000,-0.541928000,0.240995000
21.818894,P1_INIT_DIVE_SETTLE,0.117337000,-0.541934000,0.240545000
21.829171,P1_INIT_DIVE_SETTLE,0.117187000,-0.541968000,0.240110000
21.839468,P1_INIT_DIVE_SETTLE,0.117100000,-0.541980000,0.239638000
21.849870,P1_INIT_DIVE_SETTLE,0.117125000,-0.541966000,0.239071000
21.860302,P1_INIT_DIVE_SETTLE,0.117110000,-0.541984000,0.238519000
21.870545,P1_INIT_DIVE_SETTLE,0.116986000,-0.542029000,0.238127000
21.880788,P1_INIT_DIVE_SETTLE,0.116903000,-0.542044000,0.237669000
21.891008,P1_INIT_DIVE_SETTLE,0.116949000,-0.542020000,0.237103000
21.901223,P1_INIT_DIVE_SETTLE,0.116979000,-0.542031000,0.236572000
21.911618,P1_INIT_DIVE_SETTLE,0.116843000,-0.542081000,0.236221000
21.921907,P1_INIT_DIVE_SETTLE,0.116709000,-0.542108000,0.235813000
21.932238,P1_INIT_DIVE_SETTLE,0.116779000,-0.542078000,0.235180000
21.942535,P1_INIT_DIVE_SETTLE,0.116874000,-0.542060000,0.234616000
21.952798,P1_INIT_DIVE_SETTLE,0.116801000,-0.542094000,0.234223000
21.963118,P1_INIT_DIVE_SETTLE,0.116649000,-0.542135000,0.233876000
21.973413,P1_INIT_DIVE_SETTLE,0.116653000,-0.542121000,0.233314000
21.983693,P1_INIT_DIVE_SETTLE,0.116772000,-0.542091000,0.232731000
21.993991,P1_INIT_DIVE_SETTLE,0.116768000,-0.542094000,0.232266000
22.004304,P1_INIT_DIVE_SETTLE,0.116619000,-0.542121000,0.231839000
22.014593,P1_INIT_DIVE_SETTLE,0.116586000,-0.542111000,0.231336000
22.024852,P1_INIT_DIVE_SETTLE,0.116682000,-0.542077000,0.230739000
22.035168,P1_INIT_DIVE_SETTLE,0.116706000,-0.542086000,0.230197000
22.045472,P1_INIT_DIVE_SETTLE,0.116592000,-0.542108000,0.229787000
22.055801,P1_INIT_DIVE_SETTLE,0.116542000,-0.542104000,0.229298000
22.066149,P1_INIT_DIVE_SETTLE,0.116638000,-0.542070000,0.228692000
22.076467,P1_INIT_DIVE_SETTLE,0.116725000,-0.542059000,0.228089000
22.086763,P1_INIT_DIVE_SETTLE,0.116653000,-0.542082000,0.227661000
22.097051,P1_INIT_DIVE_SETTLE,0.116602000,-0.542071000,0.227159000
22.107353,P1_INIT_DIVE_SETTLE,0.116670000,-0.542049000,0.226533000
22.117634,P1_INIT_DIVE_SETTLE,0.116658000,-0.542078000,0.226069000
22.127924,P1_INIT_DIVE_SETTLE,0.116542000,-0.542121000,0.225668000
22.138224,P1_INIT_DIVE_SETTLE,0.116545000,-0.542099000,0.225061000
22.148512,P1_INIT_DIVE_SETTLE,0.116698000,-0.542042000,0.224394000
22.158802,P1_INIT_DIVE_SETTLE,0.116765000,-0.542040000,0.223876000
22.169105,P1_INIT_DIVE_SETTLE,0.116659000,-0.542087000,0.223525000
22.179405,P1_INIT_DIVE_SETTLE,0.116562000,-0.542095000,0.223040000
22.189714,P1_INIT_DIVE_SETTLE,0.116643000,-0.542050000,0.222437000
22.200011,P1_INIT_DIVE_SETTLE,0.116720000,-0.542023000,0.221869000
22.210313,P1_INIT_DIVE_SETTLE,0.116608000,-0.542044000,0.221413000
22.220588,P1_INIT_DIVE_SETTLE,0.116503000,-0.542040000,0.220962000
22.230874,P1_INIT_DIVE_SETTLE,0.116574000,-0.541989000,0.220364000
22.241173,P1_INIT_DIVE_SETTLE,0.116707000,-0.541941000,0.219721000
22.251479,P1_INIT_DIVE_SETTLE,0.116662000,-0.541950000,0.219308000
22.261783,P1_INIT_DIVE_SETTLE,0.116567000,-0.541955000,0.218888000
22.272083,P1_INIT_DIVE_SETTLE,0.116589000,-0.541910000,0.218322000
22.282368,P1_INIT_DIVE_SETTLE,0.116693000,-0.541853000,0.217649000
22.292663,P1_INIT_DIVE_SETTLE,0.116672000,-0.541854000,0.217173000
22.302958,P1_INIT_DIVE_SETTLE,0.116525000,-0.541867000,0.216765000
22.313253,P1_INIT_DIVE_SETTLE,0.116476000,-0.541831000,0.216183000
22.323566,P1_INIT_DIVE_SETTLE,0.116571000,-0.541776000,0.215563000
22.333859,P1_INIT_DIVE_SETTLE,0.116581000,-0.541775000,0.215069000
22.344191,P1_INIT_DIVE_SETTLE,0.116460000,-0.541795000,0.214594000
22.354570,P1_INIT_DIVE_SETTLE,0.116449000,-0.541763000,0.214025000
22.364905,P1_INIT_DIVE_SETTLE,0.116585000,-0.541712000,0.213374000
22.375260,P1_INIT_DIVE_SETTLE,0.116637000,-0.541695000,0.212781000
22.385600,P1_INIT_DIVE_SETTLE,0.116525000,-0.541719000,0.212379000
22.395982,P1_INIT_DIVE_SETTLE,0.116441000,-0.541721000,0.211930000
22.406318,P1_INIT_DIVE_SETTLE,0.116544000,-0.541657000,0.211252000
22.416646,P1_INIT_DIVE_SETTLE,0.116625000,-0.541615000,0.210679000
22.426965,P1_INIT_DIVE_SETTLE,0.116555000,-0.541631000,0.210279000
22.437297,P1_INIT_DIVE_SETTLE,0.116456000,-0.541619000,0.209794000
22.447593,P1_INIT_DIVE_SETTLE,0.116567000,-0.541559000,0.209184000
22.457926,P1_INIT_DIVE_SETTLE,0.116683000,-0.541515000,0.208603000
22.468259,P1_INIT_DIVE_SETTLE,0.116636000,-0.541536000,0.208163000
22.478580,P1_INIT_DIVE_SETTLE,0.116549000,-0.541538000,0.207739000
22.488913,P1_INIT_DIVE_SETTLE,0.116594000,-0.541495000,0.207170000
22.499350,P1_INIT_DIVE_SETTLE,0.116695000,-0.541452000,0.206530000
22.509643,P1_INIT_DIVE_SETTLE,0.116652000,-0.541449000,0.206071000
22.519973,P1_INIT_DIVE_SETTLE,0.116513000,-0.541473000,0.205679000
22.530290,P1_INIT_DIVE_SETTLE,0.116490000,-0.541468000,0.205124000
22.540591,P1_INIT_DIVE_SETTLE,0.116602000,-0.541401000,0.204474000
22.550901,P1_INIT_DIVE_SETTLE,0.116632000,-0.541381000,0.203928000
22.561241,P1_INIT_DIVE_SETTLE,0.116515000,-0.541403000,0.203480000
22.571576,P1_INIT_DIVE_SETTLE,0.116508000,-0.541373000,0.202952000
22.581891,P1_INIT_DIVE_SETTLE,0.116602000,-0.541332000,0.202343000
22.592168,P1_INIT_DIVE_SETTLE,0.116603000,-0.541328000,0.201797000
22.602469,P1_INIT_DIVE_SETTLE,0.116477000,-0.541358000,0.201419000
22.612793,P1_INIT_DIVE_SETTLE,0.116455000,-0.541337000,0.200899000
22.623123,P1_INIT_DIVE_SETTLE,0.116578000,-0.541272000,0.200254000
22.633508,P1_INIT_DIVE_SETTLE,0.116640000,-0.541238000,0.199651000
22.643773,P1_INIT_DIVE_SETTLE,0.116541000,-0.541267000,0.199278000
22.653991,P1_INIT_DIVE_SETTLE,0.116479000,-0.541269000,0.198833000
22.664166,P1_INIT_DIVE_SETTLE,0.116560000,-0.541225000,0.198187000
22.674345,P1_INIT_DIVE_SETTLE,0.116609000,-0.541211000,0.197644000
22.684525,P1_INIT_DIVE_SETTLE,0.116506000,-0.541239000,0.197230000
22.694706,P1_INIT_DIVE_SETTLE,0.116401000,-0.541259000,0.196783000
22.704866,P1_INIT_DIVE_SETTLE,0.116426000,-0.541242000,0.196230000
22.715028,P1_INIT_DIVE_SETTLE,0.116489000,-0.541215000,0.195651000
22.725227,P1_INIT_DIVE_SETTLE,0.116443000,-0.541228000,0.195144000
22.735567,P1_INIT_DIVE_SETTLE,0.116316000,-0.541270000,0.194757000
22.745896,P1_INIT_DIVE_SETTLE,0.116327000,-0.541263000,0.194237000
22.756289,P1_INIT_DIVE_SETTLE,0.116446000,-0.541236000,0.193591000
22.766604,P1_INIT_DIVE_SETTLE,0.116437000,-0.541246000,0.193131000
22.776872,P1_INIT_DIVE_SETTLE,0.116328000,-0.541278000,0.192742000
22.787260,P1_INIT_DIVE_SETTLE,0.116290000,-0.541283000,0.192229000
22.797583,P1_INIT_DIVE_SETTLE,0.116378000,-0.541258000,0.191677000
22.807884,P1_INIT_DIVE_SETTLE,0.116410000,-0.541249000,0.191186000
22.818214,P1_INIT_DIVE_SETTLE,0.116305000,-0.541284000,0.190760000
22.828516,P1_INIT_DIVE_SETTLE,0.116237000,-0.541312000,0.190332000
22.838851,P1_INIT_DIVE_SETTLE,0.116311000,-0.541304000,0.189779000
22.849178,P1_INIT_DIVE_SETTLE,0.116384000,-0.541299000,0.189179000
22.859482,P1_INIT_DIVE_SETTLE,0.116278000,-0.541356000,0.188790000
22.869803,P1_INIT_DIVE_SETTLE,0.116119000,-0.541418000,0.188416000
22.880137,P1_INIT_DIVE_SETTLE,0.116142000,-0.541418000,0.187868000
25.165178,P1_INIT_DIVE_CENTER,0.123458000,-0.546301000,0.175841000
25.175118,P1_INIT_DIVE_CENTER,0.123887000,-0.546194000,0.175818000
25.185135,P1_INIT_DIVE_CENTER,0.124363000,-0.546052000,0.175706000
25.195109,P1_INIT_DIVE_CENTER,0.124722000,-0.545874000,0.175508000
25.205132,P1_INIT_DIVE_CENTER,0.125109000,-0.545726000,0.175380000
25.215096,P1_INIT_DIVE_CENTER,0.125150000,-0.545810000,0.175650000
25.215185,P1_INIT_DIVE_CENTER_SETTLE,0.125140000,-0.545820000,0.175681000
25.225484,P1_INIT_DIVE_CENTER_SETTLE,0.125101000,-0.545816000,0.175801000
25.235783,P1_INIT_DIVE_CENTER_SETTLE,0.125393000,-0.545594000,0.175461000
25.246103,P1_INIT_DIVE_CENTER_SETTLE,0.125565000,-0.545397000,0.175204000
25.256443,P1_INIT_DIVE_CENTER_SETTLE,0.125254000,-0.545352000,0.175337000
25.266758,P1_INIT_DIVE_CENTER_SETTLE,0.124843000,-0.545300000,0.175505000
25.277078,P1_INIT_DIVE_CENTER_SETTLE,0.124532000,-0.545162000,0.175496000
25.287429,P1_INIT_DIVE_CENTER_SETTLE,0.124146000,-0.545015000,0.175510000
25.297760,P1_INIT_DIVE_CENTER_SETTLE,0.123617000,-0.544891000,0.175619000
25.308100,P1_INIT_DIVE_CENTER_SETTLE,0.123006000,-0.544736000,0.175704000
25.318435,P1_INIT_DIVE_CENTER_SETTLE,0.122420000,-0.544525000,0.175700000
25.339283,P1_INIT,0.121216000,-0.544138000,0.175809000
25.349235,P1_INIT,0.120612000,-0.543973000,0.175907000
25.359225,P1_INIT,0.120194000,-0.543784000,0.175864000
25.369232,P1_INIT,0.119877000,-0.543611000,0.175719000
25.379221,P1_INIT,0.119472000,-0.543589000,0.175829000
25.389229,P1_INIT,0.119087000,-0.543623000,0.175984000
25.399227,P1_INIT,0.118963000,-0.543591000,0.175958000
25.409227,P1_INIT,0.118931000,-0.543579000,0.175951000
25.419233,P1_INIT,0.118825000,-0.543675000,0.176188000
25.429200,P1_INIT,0.118764000,-0.543869000,0.176594000
25.439226,P1_INIT,0.119032000,-0.544027000,0.176886000
25.449212,P1_INIT,0.119383000,-0.544200000,0.177200000
25.459271,P1_INIT,0.119514000,-0.544412000,0.177679000
25.469241,P1_INIT,0.119841000,-0.544523000,0.178045000
25.479232,P1_INIT,0.120262000,-0.544659000,0.178479000
25.489222,P1_INIT,0.120393000,-0.544891000,0.179185000
25.499236,P1_INIT,0.120345000,-0.545115000,0.179954000
25.509221,P1_INIT,0.120421000,-0.545234000,0.180493000
25.519219,P1_INIT,0.120625000,-0.545272000,0.180857000
25.529208,P1_INIT,0.120705000,-0.545340000,0.181306000
25.539237,P1_INIT,0.120685000,-0.545440000,0.181861000
25.549190,P1_INIT,0.120731000,-0.545494000,0.182362000
25.559217,P1_INIT,0.120853000,-0.545526000,0.182830000
25.569210,P1_INIT,0.120902000,-0.545583000,0.183363000
25.579208,P1_INIT,0.120869000,-0.545654000,0.183939000
25.589240,P1_INIT,0.120863000,-0.545689000,0.184439000
25.599256,P1_INIT,0.120904000,-0.545702000,0.184882000
25.609213,P1_INIT,0.120917000,-0.545724000,0.185355000
25.619224,P1_INIT,0.120870000,-0.545743000,0.185871000
25.629232,P1_INIT,0.120776000,-0.545755000,0.186411000
25.639226,P1_INIT,0.120741000,-0.545742000,0.186900000
25.649205,P1_INIT,0.120737000,-0.545726000,0.187379000
25.659216,P1_INIT,0.120671000,-0.545743000,0.187908000
25.669239,P1_INIT,0.120600000,-0.545745000,0.188410000
25.679210,P1_INIT,0.120625000,-0.545709000,0.188829000
25.689215,P1_INIT,0.120665000,-0.545681000,0.189265000
25.699206,P1_INIT,0.120602000,-0.545687000,0.189809000
25.709206,P1_INIT,0.120490000,-0.545694000,0.190394000
25.719212,P1_INIT,0.120458000,-0.545666000,0.190905000
25.729211,P1_INIT,0.120480000,-0.545629000,0.191377000
25.739224,P1_INIT,0.120451000,-0.545604000,0.191877000
25.749258,P1_INIT,0.120359000,-0.545586000,0.192400000
25.759255,P1_INIT,0.120310000,-0.545558000,0.192890000
25.769248,P1_INIT,0.120302000,-0.545517000,0.193354000
25.779256,P1_INIT,0.120273000,-0.545490000,0.193860000
25.779347,P1_INIT_SETTLE,0.120273000,-0.545490000,0.193860000
25.789650,P1_INIT_SETTLE,0.120208000,-0.545457000,0.194388000
25.799981,P1_INIT_SETTLE,0.120179000,-0.545403000,0.194876000
25.810305,P1_INIT_SETTLE,0.120185000,-0.545342000,0.195404000
25.820601,P1_INIT_SETTLE,0.120183000,-0.545296000,0.195897000
25.830911,P1_INIT_SETTLE,0.120138000,-0.545261000,0.196419000
25.841244,P1_INIT_SETTLE,0.120091000,-0.545213000,0.196986000
25.851579,P1_INIT_SETTLE,0.120071000,-0.545164000,0.197485000
25.861912,P1_INIT_SETTLE,0.120060000,-0.545117000,0.197976000
25.872257,P1_INIT_SETTLE,0.120016000,-0.545070000,0.198525000
25.882581,P1_INIT_SETTLE,0.119973000,-0.545024000,0.199019000
25.892901,P1_INIT_SETTLE,0.119927000,-0.544986000,0.199497000
25.903283,P1_INIT_SETTLE,0.119872000,-0.544933000,0.200019000
25.913591,P1_INIT_SETTLE,0.119782000,-0.544918000,0.200551000
25.923860,P1_INIT_SETTLE,0.119693000,-0.544903000,0.201087000
25.934161,P1_INIT_SETTLE,0.119683000,-0.544855000,0.201550000
25.944400,P1_INIT_SETTLE,0.119670000,-0.544822000,0.202083000
25.954634,P1_INIT_SETTLE,0.119580000,-0.544816000,0.202631000
25.964972,P1_INIT_SETTLE,0.119510000,-0.544819000,0.203177000
25.975289,P1_INIT_SETTLE,0.119487000,-0.544810000,0.203738000
25.985578,P1_INIT_SETTLE,0.119482000,-0.544805000,0.204231000
25.995883,P1_INIT_SETTLE,0.119432000,-0.544812000,0.204759000
26.006207,P1_INIT_SETTLE,0.119370000,-0.544819000,0.205332000
26.016508,P1_INIT_SETTLE,0.119332000,-0.544814000,0.205819000
26.026779,P1_INIT_SETTLE,0.119305000,-0.544817000,0.206315000
26.037090,P1_INIT_SETTLE,0.119257000,-0.544829000,0.206831000
26.047389,P1_INIT_SETTLE,0.119213000,-0.544834000,0.207392000
26.057682,P1_INIT_SETTLE,0.119190000,-0.544847000,0.207909000
26.067977,P1_INIT_SETTLE,0.119172000,-0.544858000,0.208417000
26.078294,P1_INIT_SETTLE,0.119130000,-0.544890000,0.209016000
26.088585,P1_INIT_SETTLE,0.119087000,-0.544905000,0.209531000
26.098855,P1_INIT_SETTLE,0.119103000,-0.544915000,0.210020000
26.109177,P1_INIT_SETTLE,0.119086000,-0.544923000,0.210551000
26.119472,P1_INIT_SETTLE,0.119023000,-0.544948000,0.211082000
26.129768,P1_INIT_SETTLE,0.118983000,-0.544952000,0.211575000
26.140072,P1_INIT_SETTLE,0.118961000,-0.544952000,0.212047000
26.150383,P1_INIT_SETTLE,0.118927000,-0.544955000,0.212581000
26.160688,P1_INIT_SETTLE,0.118896000,-0.544961000,0.213072000
26.170986,P1_INIT_SETTLE,0.118909000,-0.544956000,0.213541000
26.181286,P1_INIT_SETTLE,0.118909000,-0.544959000,0.214075000
26.191575,P1_INIT_SETTLE,0.118865000,-0.544974000,0.214592000
26.201858,P1_INIT_SETTLE,0.118860000,-0.544981000,0.215096000
26.212144,P1_INIT_SETTLE,0.118897000,-0.544985000,0.215631000
26.222427,P1_INIT_SETTLE,0.118905000,-0.545004000,0.216147000
26.232717,P1_INIT_SETTLE,0.118886000,-0.545031000,0.216684000
26.243000,P1_INIT_SETTLE,0.118885000,-0.545039000,0.217180000
26.253291,P1_INIT_SETTLE,0.118886000,-0.545046000,0.217723000
26.263578,P1_INIT_SETTLE,0.118847000,-0.545060000,0.218236000
26.273875,P1_INIT_SETTLE,0.118807000,-0.545064000,0.218750000
26.284186,P1_INIT_SETTLE,0.118787000,-0.545058000,0.219292000
26.294501,P1_INIT_SETTLE,0.118763000,-0.545043000,0.219781000
26.304787,P1_INIT_SETTLE,0.118712000,-0.545043000,0.220306000
26.315105,P1_INIT_SETTLE,0.118653000,-0.545038000,0.220827000
26.325437,P1_INIT_SETTLE,0.118638000,-0.545026000,0.221364000
26.335705,P1_INIT_SETTLE,0.118643000,-0.545011000,0.221836000
26.346011,P1_INIT_SETTLE,0.118631000,-0.545001000,0.222322000
26.356320,P1_INIT_SETTLE,0.118632000,-0.544985000,0.222844000
26.366616,P1_INIT_SETTLE,0.118639000,-0.544974000,0.223301000
26.376848,P1_INIT_SETTLE,0.118626000,-0.544965000,0.223767000
26.387174,P1_INIT_SETTLE,0.118590000,-0.544959000,0.224286000
26.397478,P1_INIT_SETTLE,0.118551000,-0.544944000,0.224741000
26.407862,P1_INIT_SETTLE,0.118513000,-0.544923000,0.225198000
26.418091,P1_INIT_SETTLE,0.118467000,-0.544918000,0.225684000
26.428285,P1_INIT_SETTLE,0.118406000,-0.544897000,0.226219000
26.438478,P1_INIT_SETTLE,0.118389000,-0.544873000,0.226702000
26.448844,P1_INIT_SETTLE,0.118362000,-0.544854000,0.227201000
26.459054,P1_INIT_SETTLE,0.118291000,-0.544850000,0.227739000
26.469248,P1_INIT_SETTLE,0.118244000,-0.544849000,0.228325000
26.479434,P1_INIT_SETTLE,0.118226000,-0.544842000,0.228839000
26.489767,P1_INIT_SETTLE,0.118199000,-0.544837000,0.229354000
26.499946,P1_INIT_SETTLE,0.118152000,-0.544837000,0.229883000
26.510181,P1_INIT_SETTLE,0.118064000,-0.544854000,0.230503000
26.520507,P1_INIT_SETTLE,0.117996000,-0.544855000,0.231035000
26.530779,P1_INIT_SETTLE,0.117971000,-0.544843000,0.231542000
26.541082,P1_INIT_SETTLE,0.117929000,-0.544836000,0.232070000
26.551373,P1_INIT_SETTLE,0.117851000,-0.544836000,0.232679000
26.561687,P1_INIT_SETTLE,0.117805000,-0.544824000,0.233218000
26.571995,P1_INIT_SETTLE,0.117795000,-0.544796000,0.233725000
26.582294,P1_INIT_SETTLE,0.117778000,-0.544776000,0.234306000
26.592580,P1_INIT_SETTLE,0.117747000,-0.544759000,0.234845000
26.602864,P1_INIT_SETTLE,0.117711000,-0.544736000,0.235370000
26.613171,P1_INIT_SETTLE,0.117714000,-0.544695000,0.235910000
26.623461,P1_INIT_SETTLE,0.117727000,-0.544653000,0.236381000
26.633769,P1_INIT_SETTLE,0.117685000,-0.544615000,0.236871000
26.644059,P1_INIT_SETTLE,0.117597000,-0.544590000,0.237376000
26.654387,P1_INIT_SETTLE,0.117552000,-0.544536000,0.237866000
26.664691,P1_INIT_SETTLE,0.117548000,-0.544483000,0.238305000
26.674992,P1_INIT_SETTLE,0.117498000,-0.544444000,0.238782000
26.685305,P1_INIT_SETTLE,0.117415000,-0.544402000,0.239321000
26.695606,P1_INIT_SETTLE,0.117372000,-0.544356000,0.239786000
26.705897,P1_INIT_SETTLE,0.117363000,-0.544310000,0.240244000
26.716209,P1_INIT_SETTLE,0.117332000,-0.544275000,0.240773000
26.726517,P1_INIT_SETTLE,0.117291000,-0.544253000,0.241270000
26.736809,P1_INIT_SETTLE,0.117275000,-0.544234000,0.241760000
26.747111,P1_INIT_SETTLE,0.117273000,-0.544213000,0.242236000
26.757400,P1_INIT_SETTLE,0.117252000,-0.544191000,0.242764000
26.767705,P1_INIT_SETTLE,0.117208000,-0.544174000,0.243253000
26.777996,P1_INIT_SETTLE,0.117161000,-0.544163000,0.243744000
26.788301,P1_INIT_SETTLE,0.117170000,-0.544133000,0.244231000
26.798574,P1_INIT_SETTLE,0.117203000,-0.544108000,0.244678000
26.808868,P1_INIT_SETTLE,0.117189000,-0.544091000,0.245159000
26.819168,P1_INIT_SETTLE,0.117167000,-0.544074000,0.245696000
26.829462,P1_INIT_SETTLE,0.117133000,-0.544066000,0.246208000
26.839746,P1_INIT_SETTLE,0.117123000,-0.544054000,0.246702000
26.850039,P1_INIT_SETTLE,0.117115000,-0.544047000,0.247201000
26.860337,P1_INIT_SETTLE,0.117081000,-0.544043000,0.247754000
26.870624,P1_INIT_SETTLE,0.117114000,-0.544030000,0.248223000
26.880924,P1_INIT_SETTLE,0.117150000,-0.544022000,0.248704000
26.891229,P1_INIT_SETTLE,0.117137000,-0.544031000,0.249267000
26.901529,P1_INIT_SETTLE,0.117092000,-0.544030000,0.249770000
26.911831,P1_INIT_SETTLE,0.117066000,-0.544021000,0.250244000
26.922130,P1_INIT_SETTLE,0.117047000,-0.544025000,0.250729000
26.932419,P1_INIT_SETTLE,0.116987000,-0.544024000,0.251265000
26.942767,P1_INIT_SETTLE,0.116957000,-0.544012000,0.251737000
26.953104,P1_INIT_SETTLE,0.116908000,-0.544016000,0.252241000
26.963441,P1_INIT_SETTLE,0.116860000,-0.544014000,0.252793000
26.973770,P1_INIT_SETTLE,0.116843000,-0.544011000,0.253291000
26.984096,P1_INIT_SETTLE,0.116834000,-0.544009000,0.253792000
26.994391,P1_INIT_SETTLE,0.116825000,-0.544012000,0.254346000
27.004685,P1_INIT_SETTLE,0.116811000,-0.544013000,0.254854000
27.014974,P1_INIT_SETTLE,0.116788000,-0.544030000,0.255383000
27.025276,P1_INIT_SETTLE,0.116755000,-0.544050000,0.255978000
27.296350,P2_INIT_POS,0.116461000,-0.543122000,0.262022000
27.306316,P2_INIT_POS,0.116424000,-0.543118000,0.262031000
27.316302,P2_INIT_POS,0.116506000,-0.543077000,0.261951000
27.326286,P2_INIT_POS,0.116902000,-0.542940000,0.261637000
27.336297,P2_INIT_POS,0.117323000,-0.542801000,0.261312000
27.346264,P2_INIT_POS,0.117410000,-0.542708000,0.261094000
27.356299,P2_INIT_POS,0.117182000,-0.542710000,0.261051000
27.366290,P2_INIT_POS,0.116884000,-0.542782000,0.261085000
27.376293,P2_INIT_POS,0.116711000,-0.542788000,0.260918000
27.386289,P2_INIT_POS,0.116622000,-0.542767000,0.260664000
27.396294,P2_INIT_POS,0.116489000,-0.542733000,0.260437000
27.406256,P2_INIT_POS,0.116208000,-0.542752000,0.260362000
27.416287,P2_INIT_POS,0.115817000,-0.542808000,0.260420000
27.426268,P2_INIT_POS,0.115514000,-0.542874000,0.260504000
27.436292,P2_INIT_POS,0.115189000,-0.542944000,0.260582000
27.446253,P2_INIT_POS,0.114680000,-0.543005000,0.260666000
27.456295,P2_INIT_POS,0.114020000,-0.543041000,0.260739000
27.466280,P2_INIT_POS,0.113345000,-0.543042000,0.260769000
27.476267,P2_INIT_POS,0.112724000,-0.543029000,0.260790000
27.486312,P2_INIT_POS,0.112109000,-0.542999000,0.260828000
27.496281,P2_INIT_POS,0.111478000,-0.542944000,0.260877000
27.506290,P2_INIT_POS,0.110902000,-0.542873000,0.260915000
27.516281,P2_INIT_POS,0.110404000,-0.542814000,0.260940000
27.526265,P2_INIT_POS,0.109996000,-0.542771000,0.260937000
27.536282,P2_INIT_POS,0.109590000,-0.542736000,0.260917000
27.546284,P2_INIT_POS,0.109139000,-0.542709000,0.260902000
27.556284,P2_INIT_POS,0.108665000,-0.542687000,0.260893000
27.566297,P2_INIT_POS,0.108214000,-0.542659000,0.260886000
27.576259,P2_INIT_POS,0.107745000,-0.542624000,0.260900000
27.586292,P2_INIT_POS,0.107249000,-0.542584000,0.260932000
27.596263,P2_INIT_POS,0.106742000,-0.542540000,0.260960000
27.606292,P2_INIT_POS,0.106248000,-0.542488000,0.260965000
27.616257,P2_INIT_POS,0.105774000,-0.542441000,0.260960000
27.616334,P2_INIT_POS_SETTLE,0.105774000,-0.542441000,0.260960000
27.626611,P2_INIT_POS_SETTLE,0.105273000,-0.542416000,0.260975000
27.636901,P2_INIT_POS_SETTLE,0.104774000,-0.542387000,0.260976000
27.647203,P2_INIT_POS_SETTLE,0.104238000,-0.542367000,0.260981000
27.657505,P2_INIT_POS_SETTLE,0.103754000,-0.542350000,0.260995000
27.667811,P2_INIT_POS_SETTLE,0.103294000,-0.542329000,0.261003000
27.678106,P2_INIT_POS_SETTLE,0.102824000,-0.542301000,0.261009000
27.688398,P2_INIT_POS_SETTLE,0.102290000,-0.542268000,0.261016000
27.698683,P2_INIT_POS_SETTLE,0.101805000,-0.542250000,0.261033000
27.708971,P2_INIT_POS_SETTLE,0.101305000,-0.542232000,0.261052000
27.719266,P2_INIT_POS_SETTLE,0.100748000,-0.542217000,0.261077000
27.729543,P2_INIT_POS_SETTLE,0.100225000,-0.542205000,0.261105000
27.739835,P2_INIT_POS_SETTLE,0.099717000,-0.542195000,0.261138000
27.750130,P2_INIT_POS_SETTLE,0.099224000,-0.542180000,0.261167000
27.760427,P2_INIT_POS_SETTLE,0.098690000,-0.542170000,0.261211000
27.770715,P2_INIT_POS_SETTLE,0.098188000,-0.542155000,0.261255000
27.781009,P2_INIT_POS_SETTLE,0.097693000,-0.542136000,0.261285000
27.791320,P2_INIT_POS_SETTLE,0.097149000,-0.542109000,0.261306000
27.801607,P2_INIT_POS_SETTLE,0.096647000,-0.542090000,0.261339000
27.811860,P2_INIT_POS_SETTLE,0.096138000,-0.542079000,0.261386000
27.822162,P2_INIT_POS_SETTLE,0.095584000,-0.542064000,0.261429000
27.832444,P2_INIT_POS_SETTLE,0.095080000,-0.542050000,0.261463000
27.842705,P2_INIT_POS_SETTLE,0.094578000,-0.542034000,0.261502000
27.852996,P2_INIT_POS_SETTLE,0.094090000,-0.542019000,0.261535000
27.863287,P2_INIT_POS_SETTLE,0.093550000,-0.542002000,0.261571000
27.873568,P2_INIT_POS_SETTLE,0.093048000,-0.541990000,0.261609000
27.883810,P2_INIT_POS_SETTLE,0.092552000,-0.541977000,0.261640000
27.894110,P2_INIT_POS_SETTLE,0.092075000,-0.541959000,0.261655000
27.904392,P2_INIT_POS_SETTLE,0.091524000,-0.541945000,0.261693000
27.914673,P2_INIT_POS_SETTLE,0.091004000,-0.541933000,0.261734000
27.924964,P2_INIT_POS_SETTLE,0.090500000,-0.541924000,0.261768000
27.935254,P2_INIT_POS_SETTLE,0.089956000,-0.541908000,0.261801000
27.945586,P2_INIT_POS_SETTLE,0.089445000,-0.541896000,0.261840000
27.955919,P2_INIT_POS_SETTLE,0.088919000,-0.541884000,0.261880000
27.966248,P2_INIT_POS_SETTLE,0.088353000,-0.541868000,0.261910000
27.976540,P2_INIT_POS_SETTLE,0.087851000,-0.541853000,0.261935000
27.986851,P2_INIT_POS_SETTLE,0.087339000,-0.541833000,0.261960000
27.997167,P2_INIT_POS_SETTLE,0.086762000,-0.541820000,0.262002000
28.007455,P2_INIT_POS_SETTLE,0.086251000,-0.541800000,0.262024000
28.017699,P2_INIT_POS_SETTLE,0.085744000,-0.541781000,0.262036000
28.028001,P2_INIT_POS_SETTLE,0.085236000,-0.541771000,0.262050000
28.038288,P2_INIT_POS_SETTLE,0.084686000,-0.541771000,0.262073000
28.048575,P2_INIT_POS_SETTLE,0.084191000,-0.541767000,0.262084000
28.058888,P2_INIT_POS_SETTLE,0.083693000,-0.541760000,0.262091000
28.069206,P2_INIT_POS_SETTLE,0.083158000,-0.541751000,0.262088000
28.079501,P2_INIT_POS_SETTLE,0.082675000,-0.541742000,0.262078000
28.089821,P2_INIT_POS_SETTLE,0.082202000,-0.541740000,0.262070000
28.100128,P2_INIT_POS_SETTLE,0.081717000,-0.541739000,0.262068000
28.110414,P2_INIT_POS_SETTLE,0.081186000,-0.541738000,0.262066000
28.120706,P2_INIT_POS_SETTLE,0.080719000,-0.541745000,0.262060000
28.130990,P2_INIT_POS_SETTLE,0.080248000,-0.541759000,0.262057000
28.141293,P2_INIT_POS_SETTLE,0.079714000,-0.541776000,0.262057000
28.151591,P2_INIT_POS_SETTLE,0.079250000,-0.541783000,0.262041000
28.161902,P2_INIT_POS_SETTLE,0.078769000,-0.541793000,0.262040000
28.172219,P2_INIT_POS_SETTLE,0.078221000,-0.541808000,0.262059000
28.182509,P2_INIT_POS_SETTLE,0.077722000,-0.541818000,0.262072000
28.192824,P2_INIT_POS_SETTLE,0.077230000,-0.541822000,0.262071000
28.203118,P2_INIT_POS_SETTLE,0.076739000,-0.541826000,0.262074000
28.213402,P2_INIT_POS_SETTLE,0.076191000,-0.541841000,0.262095000
28.223702,P2_INIT_POS_SETTLE,0.075680000,-0.541856000,0.262112000
28.233931,P2_INIT_POS_SETTLE,0.075179000,-0.541868000,0.262123000
28.244168,P2_INIT_POS_SETTLE,0.074636000,-0.541868000,0.262123000
28.254470,P2_INIT_POS_SETTLE,0.074120000,-0.541868000,0.262145000
28.264782,P2_INIT_POS_SETTLE,0.073593000,-0.541866000,0.262178000
28.275058,P2_INIT_POS_SETTLE,0.073091000,-0.541858000,0.262192000
28.285314,P2_INIT_POS_SETTLE,0.072557000,-0.541848000,0.262197000
28.295629,P2_INIT_POS_SETTLE,0.072051000,-0.541839000,0.262214000
28.305875,P2_INIT_POS_SETTLE,0.071542000,-0.541836000,0.262236000
28.316206,P2_INIT_POS_SETTLE,0.071002000,-0.541825000,0.262237000
28.326504,P2_INIT_POS_SETTLE,0.070509000,-0.541815000,0.262238000
28.336816,P2_INIT_POS_SETTLE,0.070005000,-0.541806000,0.262253000
28.347137,P2_INIT_POS_SETTLE,0.069484000,-0.541792000,0.262280000
28.357454,P2_INIT_POS_SETTLE,0.068918000,-0.541778000,0.262308000
28.367781,P2_INIT_POS_SETTLE,0.068408000,-0.541759000,0.262320000
28.378093,P2_INIT_POS_SETTLE,0.067889000,-0.541746000,0.262340000
28.388415,P2_INIT_POS_SETTLE,0.067306000,-0.541734000,0.262370000
28.398725,P2_INIT_POS_SETTLE,0.066775000,-0.541726000,0.262397000
28.409028,P2_INIT_POS_SETTLE,0.066241000,-0.541717000,0.262422000
28.419330,P2_INIT_POS_SETTLE,0.065678000,-0.541707000,0.262443000
28.429639,P2_INIT_POS_SETTLE,0.065150000,-0.541697000,0.262467000
28.439928,P2_INIT_POS_SETTLE,0.064618000,-0.541694000,0.262496000
28.450243,P2_INIT_POS_SETTLE,0.064043000,-0.541691000,0.262520000
28.460551,P2_INIT_POS_SETTLE,0.063522000,-0.541685000,0.262537000
28.470795,P2_INIT_POS_SETTLE,0.063007000,-0.541682000,0.262554000
28.481097,P2_INIT_POS_SETTLE,0.062495000,-0.541684000,0.262575000
28.491402,P2_INIT_POS_SETTLE,0.061929000,-0.541690000,0.262600000
28.762570,P2_INIT_DIVE,0.055739000,-0.542488000,0.262609000
28.772530,P2_INIT_DIVE,0.055703000,-0.542509000,0.262609000
28.782532,P2_INIT_DIVE,0.055833000,-0.542489000,0.262484000
28.792515,P2_INIT_DIVE,0.056238000,-0.542399000,0.262149000
28.802528,P2_INIT_DIVE,0.056634000,-0.542317000,0.261836000
28.812506,P2_INIT_DIVE,0.056866000,-0.542243000,0.261588000
28.822525,P2_INIT_DIVE,0.056936000,-0.542144000,0.261286000
28.832501,P2_INIT_DIVE,0.056944000,-0.542060000,0.260920000
28.842523,P2_INIT_DIVE,0.057001000,-0.542001000,0.260530000
28.852503,P2_INIT_DIVE,0.057202000,-0.541897000,0.259949000
28.862529,P2_INIT_DIVE,0.057456000,-0.541789000,0.259301000
28.872525,P2_INIT_DIVE,0.057701000,-0.541698000,0.258674000
28.882517,P2_INIT_DIVE,0.057863000,-0.541645000,0.258160000
28.892528,P2_INIT_DIVE,0.057970000,-0.541623000,0.257737000
28.902519,P2_INIT_DIVE,0.058084000,-0.541625000,0.257309000
28.912527,P2_INIT_DIVE,0.058166000,-0.541647000,0.256862000
28.922517,P2_INIT_DIVE,0.058142000,-0.541673000,0.256424000
28.932515,P2_INIT_DIVE,0.058047000,-0.541688000,0.255956000
28.942523,P2_INIT_DIVE,0.057931000,-0.541687000,0.255449000
28.952575,P2_INIT_DIVE,0.057775000,-0.541713000,0.255033000
28.962530,P2_INIT_DIVE,0.057673000,-0.541705000,0.254569000
28.972513,P2_INIT_DIVE,0.057633000,-0.541691000,0.254081000
28.982527,P2_INIT_DIVE,0.057631000,-0.541681000,0.253594000
28.992510,P2_INIT_DIVE,0.057649000,-0.541692000,0.253107000
29.002527,P2_INIT_DIVE,0.057653000,-0.541732000,0.252635000
29.012524,P2_INIT_DIVE,0.057643000,-0.541767000,0.252143000
29.022526,P2_INIT_DIVE,0.057638000,-0.541786000,0.251620000
29.032506,P2_INIT_DIVE,0.057616000,-0.541802000,0.251133000
29.042524,P2_INIT_DIVE,0.057576000,-0.541813000,0.250662000
29.052506,P2_INIT_DIVE,0.057541000,-0.541815000,0.250193000
29.062522,P2_INIT_DIVE,0.057521000,-0.541808000,0.249713000
29.072504,P2_INIT_DIVE,0.057515000,-0.541814000,0.249244000
29.082519,P2_INIT_DIVE,0.057499000,-0.541812000,0.248747000
29.092499,P2_INIT_DIVE,0.057484000,-0.541817000,0.248236000
29.102520,P2_INIT_DIVE,0.057440000,-0.541833000,0.247747000
29.112500,P2_INIT_DIVE,0.057396000,-0.541846000,0.247241000
29.122520,P2_INIT_DIVE,0.057345000,-0.541868000,0.246769000
29.132499,P2_INIT_DIVE,0.057283000,-0.541888000,0.246307000
29.142518,P2_INIT_DIVE,0.057227000,-0.541909000,0.245865000
29.152500,P2_INIT_DIVE,0.057218000,-0.541912000,0.245384000
29.162517,P2_INIT_DIVE,0.057232000,-0.541911000,0.244890000
29.172500,P2_INIT_DIVE,0.057233000,-0.541904000,0.244401000
29.172572,P2_INIT_DIVE_SETTLE,0.057233000,-0.541904000,0.244401000
29.182868,P2_INIT_DIVE_SETTLE,0.057213000,-0.541900000,0.243927000
29.193192,P2_INIT_DIVE_SETTLE,0.057185000,-0.541895000,0.243409000
29.203529,P2_INIT_DIVE_SETTLE,0.057149000,-0.541899000,0.242948000
29.213844,P2_INIT_DIVE_SETTLE,0.057106000,-0.541897000,0.242482000
29.224175,P2_INIT_DIVE_SETTLE,0.057078000,-0.541899000,0.241958000
29.234489,P2_INIT_DIVE_SETTLE,0.057047000,-0.541894000,0.241465000
29.244789,P2_INIT_DIVE_SETTLE,0.057018000,-0.541901000,0.240996000
29.255103,P2_INIT_DIVE_SETTLE,0.057027000,-0.541873000,0.240455000
29.265428,P2_INIT_DIVE_SETTLE,0.057057000,-0.541851000,0.239859000
29.275748,P2_INIT_DIVE_SETTLE,0.057022000,-0.541853000,0.239387000
29.286053,P2_INIT_DIVE_SETTLE,0.056978000,-0.541859000,0.238920000
29.296379,P2_INIT_DIVE_SETTLE,0.056958000,-0.541861000,0.238373000
29.306674,P2_INIT_DIVE_SETTLE,0.056935000,-0.541851000,0.237853000
29.316990,P2_INIT_DIVE_SETTLE,0.056919000,-0.541839000,0.237336000
29.327314,P2_INIT_DIVE_SETTLE,0.056917000,-0.541811000,0.236754000
29.337604,P2_INIT_DIVE_SETTLE,0.056909000,-0.541787000,0.236236000
29.347910,P2_INIT_DIVE_SETTLE,0.056906000,-0.541756000,0.235710000
29.358237,P2_INIT_DIVE_SETTLE,0.056936000,-0.541724000,0.235120000
29.368572,P2_INIT_DIVE_SETTLE,0.056945000,-0.541700000,0.234583000
29.378887,P2_INIT_DIVE_SETTLE,0.056942000,-0.541677000,0.234037000
29.389222,P2_INIT_DIVE_SETTLE,0.056934000,-0.541656000,0.233439000
29.399534,P2_INIT_DIVE_SETTLE,0.056944000,-0.541618000,0.232856000
29.409851,P2_INIT_DIVE_SETTLE,0.056932000,-0.541605000,0.232328000
29.420183,P2_INIT_DIVE_SETTLE,0.056911000,-0.541583000,0.231758000
29.430501,P2_INIT_DIVE_SETTLE,0.056937000,-0.541568000,0.231237000
29.440772,P2_INIT_DIVE_SETTLE,0.056961000,-0.541545000,0.230700000
29.451001,P2_INIT_DIVE_SETTLE,0.056999000,-0.541527000,0.230174000
29.461219,P2_INIT_DIVE_SETTLE,0.057025000,-0.541525000,0.229669000
29.471445,P2_INIT_DIVE_SETTLE,0.057029000,-0.541522000,0.229111000
29.481667,P2_INIT_DIVE_SETTLE,0.057043000,-0.541522000,0.228598000
29.491838,P2_INIT_DIVE_SETTLE,0.057053000,-0.541518000,0.228081000
29.502001,P2_INIT_DIVE_SETTLE,0.057029000,-0.541537000,0.227608000
29.512164,P2_INIT_DIVE_SETTLE,0.056991000,-0.541545000,0.227072000
29.522348,P2_INIT_DIVE_SETTLE,0.056973000,-0.541544000,0.226564000
29.532525,P2_INIT_DIVE_SETTLE,0.057001000,-0.541525000,0.226000000
29.542700,P2_INIT_DIVE_SETTLE,0.057039000,-0.541517000,0.225458000
29.552933,P2_INIT_DIVE_SETTLE,0.057046000,-0.541525000,0.224959000
29.563284,P2_INIT_DIVE_SETTLE,0.057024000,-0.541539000,0.224426000
29.573593,P2_INIT_DIVE_SETTLE,0.057018000,-0.541545000,0.223915000
29.583914,P2_INIT_DIVE_SETTLE,0.057040000,-0.541540000,0.223386000
29.594241,P2_INIT_DIVE_SETTLE,0.057024000,-0.541539000,0.222830000
29.604545,P2_INIT_DIVE_SETTLE,0.056998000,-0.541539000,0.222323000
29.614821,P2_INIT_DIVE_SETTLE,0.056993000,-0.541545000,0.221806000
29.625115,P2_INIT_DIVE_SETTLE,0.057027000,-0.541551000,0.221257000
29.635468,P2_INIT_DIVE_SETTLE,0.057024000,-0.541582000,0.220708000
29.645779,P2_INIT_DIVE_SETTLE,0.057004000,-0.541595000,0.220194000
29.656106,P2_INIT_DIVE_SETTLE,0.057010000,-0.541595000,0.219644000
29.666444,P2_INIT_DIVE_SETTLE,0.057032000,-0.541595000,0.219047000
29.676759,P2_INIT_DIVE_SETTLE,0.057017000,-0.541613000,0.218559000
29.687074,P2_INIT_DIVE_SETTLE,0.056964000,-0.541640000,0.218118000
29.697413,P2_INIT_DIVE_SETTLE,0.056934000,-0.541651000,0.217584000
29.707743,P2_INIT_DIVE_SETTLE,0.056940000,-0.541667000,0.217110000
29.718068,P2_INIT_DIVE_SETTLE,0.056926000,-0.541689000,0.216646000
29.728387,P2_INIT_DIVE_SETTLE,0.056910000,-0.541712000,0.216129000
29.738696,P2_INIT_DIVE_SETTLE,0.056903000,-0.541730000,0.215650000
29.749015,P2_INIT_DIVE_SETTLE,0.056891000,-0.541755000,0.215180000
29.759345,P2_INIT_DIVE_SETTLE,0.056822000,-0.541814000,0.214746000
29.769660,P2_INIT_DIVE_SETTLE,0.056791000,-0.541817000,0.214258000
29.779971,P2_INIT_DIVE_SETTLE,0.056805000,-0.541805000,0.213725000
29.790297,P2_INIT_DIVE_SETTLE,0.056791000,-0.541810000,0.213194000
29.800588,P2_INIT_DIVE_SETTLE,0.056719000,-0.541837000,0.212786000
29.810893,P2_INIT_DIVE_SETTLE,0.056667000,-0.541846000,0.212340000
29.821210,P2_INIT_DIVE_SETTLE,0.056671000,-0.541842000,0.211793000
29.831505,P2_INIT_DIVE_SETTLE,0.056667000,-0.541836000,0.211299000
29.841823,P2_INIT_DIVE_SETTLE,0.056640000,-0.541830000,0.210820000
29.852146,P2_INIT_DIVE_SETTLE,0.056649000,-0.541817000,0.210302000
29.862470,P2_INIT_DIVE_SETTLE,0.056682000,-0.541804000,0.209727000
29.872790,P2_INIT_DIVE_SETTLE,0.056654000,-0.541798000,0.209233000
29.883102,P2_INIT_DIVE_SETTLE,0.056609000,-0.541801000,0.208747000
29.893424,P2_INIT_DIVE_SETTLE,0.056603000,-0.541777000,0.208154000
29.903718,P2_INIT_DIVE_SETTLE,0.056599000,-0.541756000,0.207606000
29.914018,P2_INIT_DIVE_SETTLE,0.056572000,-0.541738000,0.207088000
29.924324,P2_INIT_DIVE_SETTLE,0.056511000,-0.541727000,0.206555000
29.934598,P2_INIT_DIVE_SETTLE,0.056500000,-0.541717000,0.206054000
29.944894,P2_INIT_DIVE_SETTLE,0.056483000,-0.541702000,0.205549000
29.955273,P2_INIT_DIVE_SETTLE,0.056466000,-0.541689000,0.205003000
29.965615,P2_INIT_DIVE_SETTLE,0.056478000,-0.541670000,0.204491000
29.975927,P2_INIT_DIVE_SETTLE,0.056456000,-0.541649000,0.203985000
29.986271,P2_INIT_DIVE_SETTLE,0.056432000,-0.541630000,0.203429000
29.996595,P2_INIT_DIVE_SETTLE,0.056427000,-0.541612000,0.202919000
30.006926,P2_INIT_DIVE_SETTLE,0.056392000,-0.541599000,0.202415000
30.017277,P2_INIT_DIVE_SETTLE,0.056306000,-0.541623000,0.201931000
30.027593,P2_INIT_DIVE_SETTLE,0.056284000,-0.541590000,0.201376000
30.037914,P2_INIT_DIVE_SETTLE,0.056322000,-0.541541000,0.200770000
30.048246,P2_INIT_DIVE_SETTLE,0.056331000,-0.541519000,0.200192000
30.058546,P2_INIT_DIVE_SETTLE,0.056260000,-0.541521000,0.199751000
30.068865,P2_INIT_DIVE_SETTLE,0.056207000,-0.541519000,0.199290000
30.079168,P2_INIT_DIVE_SETTLE,0.056240000,-0.541497000,0.198699000
30.089478,P2_INIT_DIVE_SETTLE,0.056250000,-0.541480000,0.198178000
30.099789,P2_INIT_DIVE_SETTLE,0.056197000,-0.541476000,0.197697000
30.110120,P2_INIT_DIVE_SETTLE,0.056164000,-0.541475000,0.197199000
30.120446,P2_INIT_DIVE_SETTLE,0.056206000,-0.541465000,0.196602000
30.130792,P2_INIT_DIVE_SETTLE,0.056206000,-0.541471000,0.196098000
30.141121,P2_INIT_DIVE_SETTLE,0.056155000,-0.541477000,0.195616000
30.151440,P2_INIT_DIVE_SETTLE,0.056117000,-0.541483000,0.195071000
30.161784,P2_INIT_DIVE_SETTLE,0.056103000,-0.541479000,0.194534000
30.172101,P2_INIT_DIVE_SETTLE,0.056086000,-0.541487000,0.194015000
30.182402,P2_INIT_DIVE_SETTLE,0.056080000,-0.541488000,0.193441000
30.192700,P2_INIT_DIVE_SETTLE,0.056085000,-0.541495000,0.192933000
30.203008,P2_INIT_DIVE_SETTLE,0.056071000,-0.541504000,0.192441000
30.213344,P2_INIT_DIVE_SETTLE,0.056043000,-0.541516000,0.191924000
30.223627,P2_INIT_DIVE_SETTLE,0.056025000,-0.541536000,0.191462000
30.233951,P2_INIT_DIVE_SETTLE,0.056026000,-0.541545000,0.190969000
30.244278,P2_INIT_DIVE_SETTLE,0.056053000,-0.541547000,0.190389000
30.254759,P2_INIT_DIVE_SETTLE,0.056075000,-0.541569000,0.189892000
30.265045,P2_INIT_DIVE_SETTLE,0.056047000,-0.541601000,0.189428000
30.275291,P2_INIT_DIVE_SETTLE,0.055980000,-0.541637000,0.188921000
30.285483,P2_INIT_DIVE_SETTLE,0.055935000,-0.541678000,0.188467000
30.295677,P2_INIT_DIVE_SETTLE,0.055935000,-0.541676000,0.187928000
32.590733,P2_INIT_DIVE_CENTER,0.063069000,-0.547002000,0.175798000
32.600698,P2_INIT_DIVE_CENTER,0.063567000,-0.546845000,0.175765000
32.610720,P2_INIT_DIVE_CENTER,0.063929000,-0.546706000,0.175754000
32.620647,P2_INIT_DIVE_CENTER,0.064151000,-0.546538000,0.175709000
32.630715,P2_INIT_DIVE_CENTER,0.064395000,-0.546410000,0.175659000
32.640699,P2_INIT_DIVE_CENTER,0.064619000,-0.546382000,0.175727000
32.640782,P2_INIT_DIVE_CENTER_SETTLE,0.064619000,-0.546382000,0.175727000
32.651073,P2_INIT_DIVE_CENTER_SETTLE,0.064778000,-0.546311000,0.175744000
32.661413,P2_INIT_DIVE_CENTER_SETTLE,0.064892000,-0.546100000,0.175564000
32.671733,P2_INIT_DIVE_CENTER_SETTLE,0.064867000,-0.545928000,0.175471000
32.682042,P2_INIT_DIVE_CENTER_SETTLE,0.064665000,-0.545817000,0.175530000
32.692348,P2_INIT_DIVE_CENTER_SETTLE,0.064320000,-0.545690000,0.175625000
32.702655,P2_INIT_DIVE_CENTER_SETTLE,0.063916000,-0.545527000,0.175666000
32.712959,P2_INIT_DIVE_CENTER_SETTLE,0.063522000,-0.545370000,0.175694000
32.723256,P2_INIT_DIVE_CENTER_SETTLE,0.062966000,-0.545128000,0.175722000
32.733535,P2_INIT_DIVE_CENTER_SETTLE,0.062396000,-0.544907000,0.175771000
32.743800,P2_INIT_DIVE_CENTER_SETTLE,0.061782000,-0.544682000,0.175836000
32.754100,P2_INIT_DIVE_CENTER_SETTLE,0.061210000,-0.544448000,0.175880000
32.775006,P2_INIT,0.060065000,-0.544001000,0.175967000
32.784994,P2_INIT,0.059507000,-0.543813000,0.176022000
32.794969,P2_INIT,0.059088000,-0.543638000,0.176001000
32.804979,P2_INIT,0.058738000,-0.543425000,0.175839000
32.814967,P2_INIT,0.058347000,-0.543352000,0.175901000
32.824970,P2_INIT,0.057951000,-0.543366000,0.176069000
32.834965,P2_INIT,0.057705000,-0.543344000,0.176095000
32.844954,P2_INIT,0.057688000,-0.543336000,0.176065000
32.854974,P2_INIT,0.057683000,-0.543421000,0.176206000
32.864992,P2_INIT,0.057676000,-0.543620000,0.176565000
32.874966,P2_INIT,0.057883000,-0.543828000,0.176901000
32.884969,P2_INIT,0.058206000,-0.544064000,0.177281000
32.894953,P2_INIT,0.058333000,-0.544266000,0.177721000
32.904970,P2_INIT,0.058694000,-0.544445000,0.178163000
32.914963,P2_INIT,0.059137000,-0.544629000,0.178624000
32.924969,P2_INIT,0.059308000,-0.544878000,0.179349000
32.934945,P2_INIT,0.059316000,-0.545113000,0.180131000
32.945051,P2_INIT,0.059399000,-0.545253000,0.180708000
32.955000,P2_INIT,0.059566000,-0.545329000,0.181133000
32.964966,P2_INIT,0.059653000,-0.545390000,0.181570000
32.975056,P2_INIT,0.059676000,-0.545472000,0.182078000
32.984972,P2_INIT,0.059731000,-0.545520000,0.182555000
32.995034,P2_INIT,0.059804000,-0.545546000,0.183015000
33.004966,P2_INIT,0.059801000,-0.545587000,0.183542000
33.014959,P2_INIT,0.059725000,-0.545631000,0.184102000
33.024973,P2_INIT,0.059656000,-0.545644000,0.184608000
33.034967,P2_INIT,0.059650000,-0.545638000,0.185007000
33.045110,P2_INIT,0.059637000,-0.545639000,0.185530000
33.054983,P2_INIT,0.059536000,-0.545657000,0.186100000
33.064997,P2_INIT,0.059421000,-0.545660000,0.186678000
33.074970,P2_INIT,0.059392000,-0.545644000,0.187206000
33.084969,P2_INIT,0.059393000,-0.545628000,0.187657000
33.095024,P2_INIT,0.059372000,-0.545618000,0.188223000
33.104967,P2_INIT,0.059332000,-0.545615000,0.188692000
33.114967,P2_INIT,0.059312000,-0.545595000,0.189212000
33.124965,P2_INIT,0.059308000,-0.545579000,0.189694000
33.134966,P2_INIT,0.059269000,-0.545570000,0.190166000
33.144989,P2_INIT,0.059184000,-0.545562000,0.190785000
33.154989,P2_INIT,0.059139000,-0.545552000,0.191272000
33.164969,P2_INIT,0.059129000,-0.545527000,0.191780000
33.174976,P2_INIT,0.059162000,-0.545493000,0.192253000
33.184961,P2_INIT,0.059155000,-0.545469000,0.192759000
33.195015,P2_INIT,0.059139000,-0.545443000,0.193316000
33.204962,P2_INIT,0.059157000,-0.545417000,0.193744000
33.214970,P2_INIT,0.059163000,-0.545388000,0.194222000
33.215052,P2_INIT_SETTLE,0.059163000,-0.545388000,0.194222000
33.225338,P2_INIT_SETTLE,0.059139000,-0.545365000,0.194770000
33.235629,P2_INIT_SETTLE,0.059105000,-0.545324000,0.195231000
33.245946,P2_INIT_SETTLE,0.059075000,-0.545298000,0.195703000
33.256320,P2_INIT_SETTLE,0.059030000,-0.545297000,0.196264000
33.266617,P2_INIT_SETTLE,0.059006000,-0.545279000,0.196752000
33.276932,P2_INIT_SETTLE,0.058985000,-0.545250000,0.197227000
33.287300,P2_INIT_SETTLE,0.058972000,-0.545230000,0.197776000
33.297590,P2_INIT_SETTLE,0.058936000,-0.545223000,0.198296000
33.307884,P2_INIT_SETTLE,0.058881000,-0.545222000,0.198830000
33.318163,P2_INIT_SETTLE,0.058833000,-0.545225000,0.199392000
33.328453,P2_INIT_SETTLE,0.058800000,-0.545223000,0.199877000
33.338750,P2_INIT_SETTLE,0.058758000,-0.545230000,0.200373000
33.349060,P2_INIT_SETTLE,0.058713000,-0.545228000,0.200861000
33.359378,P2_INIT_SETTLE,0.058716000,-0.545222000,0.201379000
33.369673,P2_INIT_SETTLE,0.058697000,-0.545228000,0.201877000
33.379979,P2_INIT_SETTLE,0.058636000,-0.545244000,0.202407000
33.390294,P2_INIT_SETTLE,0.058581000,-0.545252000,0.202948000
33.400572,P2_INIT_SETTLE,0.058588000,-0.545253000,0.203419000
33.410820,P2_INIT_SETTLE,0.058604000,-0.545253000,0.203895000
33.421122,P2_INIT_SETTLE,0.058584000,-0.545259000,0.204404000
33.431419,P2_INIT_SETTLE,0.058539000,-0.545263000,0.204975000
33.441720,P2_INIT_SETTLE,0.058499000,-0.545259000,0.205482000
33.452020,P2_INIT_SETTLE,0.058465000,-0.545250000,0.205977000
33.462318,P2_INIT_SETTLE,0.058407000,-0.545238000,0.206512000
33.472622,P2_INIT_SETTLE,0.058350000,-0.545224000,0.206992000
33.482902,P2_INIT_SETTLE,0.058296000,-0.545214000,0.207483000
33.493204,P2_INIT_SETTLE,0.058239000,-0.545215000,0.208043000
33.503483,P2_INIT_SETTLE,0.058182000,-0.545212000,0.208564000
33.513754,P2_INIT_SETTLE,0.058157000,-0.545201000,0.209064000
33.524033,P2_INIT_SETTLE,0.058174000,-0.545193000,0.209553000
33.534325,P2_INIT_SETTLE,0.058178000,-0.545192000,0.210102000
33.544734,P2_INIT_SETTLE,0.058160000,-0.545207000,0.210635000
33.555065,P2_INIT_SETTLE,0.058167000,-0.545200000,0.211127000
33.565393,P2_INIT_SETTLE,0.058193000,-0.545171000,0.211631000
33.575690,P2_INIT_SETTLE,0.058189000,-0.545155000,0.212126000
33.585998,P2_INIT_SETTLE,0.058165000,-0.545132000,0.212631000
33.596300,P2_INIT_SETTLE,0.058126000,-0.545111000,0.213189000
33.606597,P2_INIT_SETTLE,0.058098000,-0.545087000,0.213680000
33.616892,P2_INIT_SETTLE,0.058102000,-0.545063000,0.214164000
33.627202,P2_INIT_SETTLE,0.058112000,-0.545026000,0.214686000
33.637496,P2_INIT_SETTLE,0.058083000,-0.544994000,0.215183000
33.647789,P2_INIT_SETTLE,0.058040000,-0.544974000,0.215694000
33.658091,P2_INIT_SETTLE,0.058000000,-0.544952000,0.216199000
33.668392,P2_INIT_SETTLE,0.057975000,-0.544918000,0.216721000
33.678685,P2_INIT_SETTLE,0.057974000,-0.544867000,0.217157000
33.688991,P2_INIT_SETTLE,0.057943000,-0.544817000,0.217615000
33.699289,P2_INIT_SETTLE,0.057840000,-0.544779000,0.218166000
33.709575,P2_INIT_SETTLE,0.057777000,-0.544737000,0.218645000
33.719861,P2_INIT_SETTLE,0.057737000,-0.544692000,0.219104000
33.730173,P2_INIT_SETTLE,0.057690000,-0.544652000,0.219624000
33.740474,P2_INIT_SETTLE,0.057641000,-0.544623000,0.220119000
33.750758,P2_INIT_SETTLE,0.057613000,-0.544596000,0.220606000
33.761054,P2_INIT_SETTLE,0.057641000,-0.544564000,0.221066000
33.771347,P2_INIT_SETTLE,0.057655000,-0.544542000,0.221606000
33.781657,P2_INIT_SETTLE,0.057614000,-0.544549000,0.222158000
33.791960,P2_INIT_SETTLE,0.057554000,-0.544558000,0.222715000
33.802256,P2_INIT_SETTLE,0.057535000,-0.544546000,0.223254000
33.812541,P2_INIT_SETTLE,0.057529000,-0.544544000,0.223754000
33.822810,P2_INIT_SETTLE,0.057487000,-0.544555000,0.224286000
33.833114,P2_INIT_SETTLE,0.057429000,-0.544561000,0.224823000
33.843420,P2_INIT_SETTLE,0.057361000,-0.544559000,0.225410000
33.853727,P2_INIT_SETTLE,0.057325000,-0.544577000,0.225958000
33.864031,P2_INIT_SETTLE,0.057307000,-0.544587000,0.226499000
33.874332,P2_INIT_SETTLE,0.057287000,-0.544594000,0.227083000
33.884620,P2_INIT_SETTLE,0.057256000,-0.544601000,0.227616000
33.894918,P2_INIT_SETTLE,0.057235000,-0.544607000,0.228148000
33.905231,P2_INIT_SETTLE,0.057217000,-0.544623000,0.228735000
33.915517,P2_INIT_SETTLE,0.057182000,-0.544634000,0.229269000
33.925830,P2_INIT_SETTLE,0.057153000,-0.544643000,0.229780000
33.936139,P2_INIT_SETTLE,0.057120000,-0.544640000,0.230267000
33.946431,P2_INIT_SETTLE,0.057099000,-0.544631000,0.230791000
33.956717,P2_INIT_SETTLE,0.057069000,-0.544623000,0.231266000
33.967018,P2_INIT_SETTLE,0.057049000,-0.544602000,0.231729000
33.977393,P2_INIT_SETTLE,0.057011000,-0.544589000,0.232259000
33.987720,P2_INIT_SETTLE,0.056979000,-0.544572000,0.232737000
33.998020,P2_INIT_SETTLE,0.056967000,-0.544553000,0.233206000
34.008323,P2_INIT_SETTLE,0.056951000,-0.544529000,0.233723000
34.018622,P2_INIT_SETTLE,0.056939000,-0.544514000,0.234203000
34.028883,P2_INIT_SETTLE,0.056937000,-0.544506000,0.234686000
34.039166,P2_INIT_SETTLE,0.056950000,-0.544487000,0.235199000
34.049458,P2_INIT_SETTLE,0.056978000,-0.544479000,0.235676000
34.059696,P2_INIT_SETTLE,0.056984000,-0.544469000,0.236157000
34.069993,P2_INIT_SETTLE,0.056992000,-0.544452000,0.236616000
34.080304,P2_INIT_SETTLE,0.057002000,-0.544444000,0.237133000
34.090594,P2_INIT_SETTLE,0.056994000,-0.544437000,0.237611000
34.100886,P2_INIT_SETTLE,0.056982000,-0.544413000,0.238056000
34.111176,P2_INIT_SETTLE,0.056969000,-0.544392000,0.238563000
34.121479,P2_INIT_SETTLE,0.056957000,-0.544371000,0.239039000
34.131755,P2_INIT_SETTLE,0.056953000,-0.544351000,0.239512000
34.142042,P2_INIT_SETTLE,0.056950000,-0.544330000,0.239992000
34.152355,P2_INIT_SETTLE,0.056930000,-0.544305000,0.240534000
34.162645,P2_INIT_SETTLE,0.056915000,-0.544289000,0.241037000
34.172962,P2_INIT_SETTLE,0.056906000,-0.544270000,0.241530000
34.183253,P2_INIT_SETTLE,0.056897000,-0.544246000,0.242060000
34.193534,P2_INIT_SETTLE,0.056887000,-0.544232000,0.242554000
34.203824,P2_INIT_SETTLE,0.056894000,-0.544213000,0.243027000
34.214118,P2_INIT_SETTLE,0.056895000,-0.544192000,0.243499000
34.224410,P2_INIT_SETTLE,0.056889000,-0.544182000,0.244040000
34.234700,P2_INIT_SETTLE,0.056885000,-0.544157000,0.244498000
34.245001,P2_INIT_SETTLE,0.056894000,-0.544129000,0.244944000
34.255307,P2_INIT_SETTLE,0.056893000,-0.544104000,0.245446000
34.265608,P2_INIT_SETTLE,0.056868000,-0.544084000,0.245912000
34.275905,P2_INIT_SETTLE,0.056843000,-0.544054000,0.246359000
34.286265,P2_INIT_SETTLE,0.056815000,-0.544032000,0.246864000
34.296573,P2_INIT_SETTLE,0.056787000,-0.544018000,0.247340000
34.306930,P2_INIT_SETTLE,0.056757000,-0.544006000,0.247815000
34.317245,P2_INIT_SETTLE,0.056757000,-0.543991000,0.248324000
34.327529,P2_INIT_SETTLE,0.056775000,-0.543983000,0.248797000
34.337802,P2_INIT_SETTLE,0.056786000,-0.543972000,0.249282000
34.348113,P2_INIT_SETTLE,0.056792000,-0.543968000,0.249776000
34.358411,P2_INIT_SETTLE,0.056775000,-0.543964000,0.250341000
34.368706,P2_INIT_SETTLE,0.056729000,-0.543963000,0.250863000
34.379012,P2_INIT_SETTLE,0.056683000,-0.543962000,0.251384000
34.389326,P2_INIT_SETTLE,0.056642000,-0.543960000,0.251944000
34.399637,P2_INIT_SETTLE,0.056627000,-0.543954000,0.252437000
34.409927,P2_INIT_SETTLE,0.056624000,-0.543946000,0.252919000
34.420235,P2_INIT_SETTLE,0.056601000,-0.543950000,0.253470000
34.430525,P2_INIT_SETTLE,0.056561000,-0.543959000,0.253983000
34.440815,P2_INIT_SETTLE,0.056540000,-0.543965000,0.254476000
34.451133,P2_INIT_SETTLE,0.056534000,-0.543975000,0.254959000
34.461431,P2_INIT_SETTLE,0.056515000,-0.543980000,0.255488000
34.471723,P2_INIT_SETTLE,0.056473000,-0.543987000,0.255994000
34.742761,P3_INIT_POS,0.055592000,-0.543270000,0.261924000
34.752747,P3_INIT_POS,0.055582000,-0.543264000,0.261930000
34.762707,P3_INIT_POS,0.055680000,-0.543250000,0.261867000
34.772715,P3_INIT_POS,0.056068000,-0.543183000,0.261583000
34.782719,P3_INIT_POS,0.056502000,-0.543103000,0.261250000
34.792717,P3_INIT_POS,0.056625000,-0.543029000,0.261020000
34.802717,P3_INIT_POS,0.056436000,-0.542987000,0.260902000
34.812708,P3_INIT_POS,0.056081000,-0.543037000,0.260953000
34.822780,P3_INIT_POS,0.055813000,-0.543047000,0.260836000
34.832593,P3_INIT_POS,0.055653000,-0.543029000,0.260605000
34.842818,P3_INIT_POS,0.055511000,-0.542998000,0.260378000
34.852710,P3_INIT_POS,0.055241000,-0.543005000,0.260279000
34.862724,P3_INIT_POS,0.054857000,-0.543044000,0.260316000
34.872702,P3_INIT_POS,0.054529000,-0.543114000,0.260418000
34.882729,P3_INIT_POS,0.054160000,-0.543188000,0.260538000
34.892732,P3_INIT_POS,0.053635000,-0.543243000,0.260661000
34.902725,P3_INIT_POS,0.052970000,-0.543234000,0.260727000
34.912699,P3_INIT_POS,0.052280000,-0.543187000,0.260739000
34.922729,P3_INIT_POS,0.051640000,-0.543139000,0.260745000
34.932717,P3_INIT_POS,0.051020000,-0.543091000,0.260790000
34.942701,P3_INIT_POS,0.050382000,-0.543022000,0.260853000
34.952718,P3_INIT_POS,0.049792000,-0.542933000,0.260885000
34.962713,P3_INIT_POS,0.049306000,-0.542851000,0.260884000
34.972706,P3_INIT_POS,0.048903000,-0.542805000,0.260888000
34.982779,P3_INIT_POS,0.048499000,-0.542788000,0.260904000
34.992813,P3_INIT_POS,0.048059000,-0.542783000,0.260915000
35.002731,P3_INIT_POS,0.047605000,-0.542765000,0.260902000
35.012696,P3_INIT_POS,0.047155000,-0.542754000,0.260904000
35.022685,P3_INIT_POS,0.046689000,-0.542741000,0.260928000
35.032715,P3_INIT_POS,0.046214000,-0.542718000,0.260961000
35.042715,P3_INIT_POS,0.045716000,-0.542688000,0.260996000
35.042795,P3_INIT_POS_SETTLE,0.045716000,-0.542688000,0.260996000
35.053136,P3_INIT_POS_SETTLE,0.045210000,-0.542652000,0.261021000
35.063810,P3_INIT_POS_SETTLE,0.044671000,-0.542621000,0.261037000
35.074136,P3_INIT_POS_SETTLE,0.044191000,-0.542602000,0.261044000
35.084445,P3_INIT_POS_SETTLE,0.043647000,-0.542587000,0.261056000
35.094740,P3_INIT_POS_SETTLE,0.043155000,-0.542579000,0.261069000
35.105041,P3_INIT_POS_SETTLE,0.042687000,-0.542575000,0.261075000
35.115333,P3_INIT_POS_SETTLE,0.042173000,-0.542564000,0.261091000
35.125610,P3_INIT_POS_SETTLE,0.041711000,-0.542546000,0.261111000
35.135905,P3_INIT_POS_SETTLE,0.041219000,-0.542525000,0.261141000
35.146211,P3_INIT_POS_SETTLE,0.040692000,-0.542493000,0.261151000
35.156505,P3_INIT_POS_SETTLE,0.040196000,-0.542470000,0.261161000
35.166793,P3_INIT_POS_SETTLE,0.039685000,-0.542454000,0.261178000
35.177099,P3_INIT_POS_SETTLE,0.039165000,-0.542444000,0.261207000
35.187396,P3_INIT_POS_SETTLE,0.038601000,-0.542430000,0.261241000
35.197684,P3_INIT_POS_SETTLE,0.038105000,-0.542415000,0.261275000
35.207983,P3_INIT_POS_SETTLE,0.037605000,-0.542392000,0.261306000
35.218297,P3_INIT_POS_SETTLE,0.037052000,-0.542371000,0.261348000
35.228599,P3_INIT_POS_SETTLE,0.036545000,-0.542341000,0.261372000
35.238891,P3_INIT_POS_SETTLE,0.036027000,-0.542315000,0.261403000
35.249224,P3_INIT_POS_SETTLE,0.035458000,-0.542283000,0.261434000
35.259597,P3_INIT_POS_SETTLE,0.034939000,-0.542268000,0.261473000
35.269952,P3_INIT_POS_SETTLE,0.034432000,-0.542251000,0.261506000
35.280274,P3_INIT_POS_SETTLE,0.033870000,-0.542235000,0.261550000
35.290568,P3_INIT_POS_SETTLE,0.033359000,-0.542217000,0.261587000
35.300876,P3_INIT_POS_SETTLE,0.032873000,-0.542195000,0.261610000
35.311215,P3_INIT_POS_SETTLE,0.032330000,-0.542167000,0.261640000
35.321532,P3_INIT_POS_SETTLE,0.031827000,-0.542143000,0.261672000
35.331857,P3_INIT_POS_SETTLE,0.031326000,-0.542118000,0.261696000
35.342250,P3_INIT_POS_SETTLE,0.030776000,-0.542092000,0.261718000
35.352605,P3_INIT_POS_SETTLE,0.030276000,-0.542071000,0.261739000
35.362971,P3_INIT_POS_SETTLE,0.029779000,-0.542057000,0.261769000
35.373303,P3_INIT_POS_SETTLE,0.029228000,-0.542040000,0.261795000
35.383603,P3_INIT_POS_SETTLE,0.028736000,-0.542029000,0.261816000
35.393914,P3_INIT_POS_SETTLE,0.028236000,-0.542013000,0.261830000
35.404241,P3_INIT_POS_SETTLE,0.027666000,-0.542009000,0.261867000
35.414553,P3_INIT_POS_SETTLE,0.027144000,-0.541994000,0.261895000
35.424851,P3_INIT_POS_SETTLE,0.026637000,-0.541982000,0.261916000
35.435164,P3_INIT_POS_SETTLE,0.026078000,-0.541974000,0.261944000
35.445469,P3_INIT_POS_SETTLE,0.025553000,-0.541972000,0.261979000
35.455782,P3_INIT_POS_SETTLE,0.025042000,-0.541973000,0.262009000
35.466106,P3_INIT_POS_SETTLE,0.024530000,-0.541977000,0.262039000
35.476425,P3_INIT_POS_SETTLE,0.023963000,-0.541983000,0.262071000
35.486723,P3_INIT_POS_SETTLE,0.023458000,-0.541989000,0.262089000
35.497024,P3_INIT_POS_SETTLE,0.022958000,-0.541992000,0.262100000
35.507328,P3_INIT_POS_SETTLE,0.022408000,-0.542003000,0.262121000
35.517638,P3_INIT_POS_SETTLE,0.021913000,-0.542015000,0.262139000
35.527899,P3_INIT_POS_SETTLE,0.021426000,-0.542023000,0.262147000
35.538260,P3_INIT_POS_SETTLE,0.020897000,-0.542033000,0.262149000
35.548573,P3_INIT_POS_SETTLE,0.020417000,-0.542048000,0.262156000
35.558898,P3_INIT_POS_SETTLE,0.019928000,-0.542068000,0.262157000
35.569219,P3_INIT_POS_SETTLE,0.019393000,-0.542088000,0.262147000
35.579525,P3_INIT_POS_SETTLE,0.018901000,-0.542098000,0.262130000
35.589831,P3_INIT_POS_SETTLE,0.018433000,-0.542111000,0.262108000
35.600160,P3_INIT_POS_SETTLE,0.017958000,-0.542126000,0.262092000
35.610467,P3_INIT_POS_SETTLE,0.017420000,-0.542147000,0.262086000
35.620769,P3_INIT_POS_SETTLE,0.016935000,-0.542168000,0.262079000
35.631071,P3_INIT_POS_SETTLE,0.016467000,-0.542182000,0.262060000
35.641367,P3_INIT_POS_SETTLE,0.015929000,-0.542199000,0.262052000
35.651661,P3_INIT_POS_SETTLE,0.015418000,-0.542218000,0.262065000
35.661964,P3_INIT_POS_SETTLE,0.014904000,-0.542236000,0.262078000
35.672271,P3_INIT_POS_SETTLE,0.014370000,-0.542245000,0.262068000
35.682557,P3_INIT_POS_SETTLE,0.013873000,-0.542257000,0.262073000
35.692813,P3_INIT_POS_SETTLE,0.013357000,-0.542275000,0.262102000
35.703115,P3_INIT_POS_SETTLE,0.012855000,-0.542293000,0.262120000
35.713411,P3_INIT_POS_SETTLE,0.012306000,-0.542305000,0.262124000
35.723693,P3_INIT_POS_SETTLE,0.011803000,-0.542314000,0.262134000
35.733988,P3_INIT_POS_SETTLE,0.011283000,-0.542325000,0.262165000
35.744282,P3_INIT_POS_SETTLE,0.010716000,-0.542330000,0.262194000
35.754580,P3_INIT_POS_SETTLE,0.010200000,-0.542329000,0.262215000
35.764887,P3_INIT_POS_SETTLE,0.009706000,-0.542331000,0.262236000
35.775199,P3_INIT_POS_SETTLE,0.009140000,-0.542323000,0.262263000
35.785488,P3_INIT_POS_SETTLE,0.008644000,-0.542319000,0.262283000
35.795737,P3_INIT_POS_SETTLE,0.008141000,-0.542314000,0.262307000
35.806027,P3_INIT_POS_SETTLE,0.007641000,-0.542308000,0.262329000
35.816321,P3_INIT_POS_SETTLE,0.007100000,-0.542300000,0.262350000
35.826614,P3_INIT_POS_SETTLE,0.006595000,-0.542287000,0.262369000
35.836900,P3_INIT_POS_SETTLE,0.006083000,-0.542278000,0.262402000
35.847217,P3_INIT_POS_SETTLE,0.005525000,-0.542267000,0.262438000
35.857516,P3_INIT_POS_SETTLE,0.005034000,-0.542250000,0.262454000
35.867778,P3_INIT_POS_SETTLE,0.004529000,-0.542235000,0.262491000
35.878092,P3_INIT_POS_SETTLE,0.004002000,-0.542223000,0.262546000
35.888396,P3_INIT_POS_SETTLE,0.003430000,-0.542199000,0.262589000
36.159533,P3_INIT_DIVE,-0.002754000,-0.542474000,0.262824000
36.169520,P3_INIT_DIVE,-0.002791000,-0.542488000,0.262833000
36.179504,P3_INIT_DIVE,-0.002708000,-0.542470000,0.262734000
36.189502,P3_INIT_DIVE,-0.002309000,-0.542419000,0.262402000
36.199493,P3_INIT_DIVE,-0.001880000,-0.542364000,0.262060000
36.209495,P3_INIT_DIVE,-0.001573000,-0.542314000,0.261795000
36.219489,P3_INIT_DIVE,-0.001463000,-0.542220000,0.261500000
36.229489,P3_INIT_DIVE,-0.001418000,-0.542119000,0.261109000
36.239487,P3_INIT_DIVE,-0.001360000,-0.542041000,0.260686000
36.249486,P3_INIT_DIVE,-0.001194000,-0.541963000,0.260138000
36.259493,P3_INIT_DIVE,-0.000962000,-0.541876000,0.259504000
36.269498,P3_INIT_DIVE,-0.000733000,-0.541809000,0.258876000
36.279485,P3_INIT_DIVE,-0.000560000,-0.541771000,0.258321000
36.289488,P3_INIT_DIVE,-0.000432000,-0.541765000,0.257859000
36.299481,P3_INIT_DIVE,-0.000313000,-0.541772000,0.257399000
36.309491,P3_INIT_DIVE,-0.000232000,-0.541801000,0.256940000
36.319491,P3_INIT_DIVE,-0.000249000,-0.541834000,0.256488000
36.329498,P3_INIT_DIVE,-0.000355000,-0.541843000,0.256004000
36.339480,P3_INIT_DIVE,-0.000465000,-0.541842000,0.255492000
36.349494,P3_INIT_DIVE,-0.000580000,-0.541832000,0.254973000
36.359480,P3_INIT_DIVE,-0.000667000,-0.541817000,0.254470000
36.369485,P3_INIT_DIVE,-0.000707000,-0.541804000,0.253970000
36.379484,P3_INIT_DIVE,-0.000727000,-0.541802000,0.253480000
36.389493,P3_INIT_DIVE,-0.000717000,-0.541819000,0.252988000
36.399512,P3_INIT_DIVE,-0.000682000,-0.541856000,0.252470000
36.409559,P3_INIT_DIVE,-0.000664000,-0.541911000,0.251958000
36.419484,P3_INIT_DIVE,-0.000677000,-0.541958000,0.251433000
36.429488,P3_INIT_DIVE,-0.000704000,-0.542001000,0.250913000
36.439491,P3_INIT_DIVE,-0.000744000,-0.542029000,0.250404000
36.449481,P3_INIT_DIVE,-0.000777000,-0.542067000,0.249933000
36.459488,P3_INIT_DIVE,-0.000801000,-0.542100000,0.249472000
36.469477,P3_INIT_DIVE,-0.000811000,-0.542117000,0.248980000
36.479484,P3_INIT_DIVE,-0.000775000,-0.542132000,0.248450000
36.489475,P3_INIT_DIVE,-0.000758000,-0.542156000,0.247946000
36.499483,P3_INIT_DIVE,-0.000746000,-0.542177000,0.247427000
36.509476,P3_INIT_DIVE,-0.000746000,-0.542197000,0.246914000
36.519482,P3_INIT_DIVE,-0.000757000,-0.542216000,0.246415000
36.529476,P3_INIT_DIVE,-0.000791000,-0.542248000,0.245964000
36.539487,P3_INIT_DIVE,-0.000796000,-0.542251000,0.245463000
36.549477,P3_INIT_DIVE,-0.000780000,-0.542238000,0.244929000
36.559487,P3_INIT_DIVE,-0.000758000,-0.542212000,0.244376000
36.569495,P3_INIT_DIVE,-0.000770000,-0.542198000,0.243869000
36.569577,P3_INIT_DIVE_SETTLE,-0.000770000,-0.542198000,0.243869000
36.579860,P3_INIT_DIVE_SETTLE,-0.000803000,-0.542192000,0.243386000
36.590166,P3_INIT_DIVE_SETTLE,-0.000844000,-0.542186000,0.242899000
36.600456,P3_INIT_DIVE_SETTLE,-0.000868000,-0.542178000,0.242344000
36.610756,P3_INIT_DIVE_SETTLE,-0.000904000,-0.542171000,0.241856000
36.621044,P3_INIT_DIVE_SETTLE,-0.000950000,-0.542153000,0.241355000
36.631333,P3_INIT_DIVE_SETTLE,-0.000959000,-0.542130000,0.240782000
36.641645,P3_INIT_DIVE_SETTLE,-0.000973000,-0.542106000,0.240266000
36.651981,P3_INIT_DIVE_SETTLE,-0.001019000,-0.542091000,0.239789000
36.662306,P3_INIT_DIVE_SETTLE,-0.001057000,-0.542059000,0.239221000
36.672600,P3_INIT_DIVE_SETTLE,-0.001056000,-0.542036000,0.238683000
36.682911,P3_INIT_DIVE_SETTLE,-0.001066000,-0.542027000,0.238179000
36.693222,P3_INIT_DIVE_SETTLE,-0.001089000,-0.542023000,0.237643000
36.703526,P3_INIT_DIVE_SETTLE,-0.001111000,-0.542021000,0.237155000
36.713830,P3_INIT_DIVE_SETTLE,-0.001131000,-0.542011000,0.236670000
36.724164,P3_INIT_DIVE_SETTLE,-0.001139000,-0.542006000,0.236147000
36.734461,P3_INIT_DIVE_SETTLE,-0.001151000,-0.542007000,0.235677000
36.744797,P3_INIT_DIVE_SETTLE,-0.001153000,-0.542014000,0.235210000
36.755110,P3_INIT_DIVE_SETTLE,-0.001151000,-0.542013000,0.234716000
36.765404,P3_INIT_DIVE_SETTLE,-0.001175000,-0.542031000,0.234222000
36.775695,P3_INIT_DIVE_SETTLE,-0.001209000,-0.542027000,0.233735000
36.785999,P3_INIT_DIVE_SETTLE,-0.001231000,-0.542021000,0.233226000
36.796312,P3_INIT_DIVE_SETTLE,-0.001253000,-0.542029000,0.232688000
36.806604,P3_INIT_DIVE_SETTLE,-0.001296000,-0.542048000,0.232234000
36.816846,P3_INIT_DIVE_SETTLE,-0.001358000,-0.542061000,0.231784000
36.827157,P3_INIT_DIVE_SETTLE,-0.001414000,-0.542066000,0.231266000
36.837456,P3_INIT_DIVE_SETTLE,-0.001435000,-0.542071000,0.230774000
36.847751,P3_INIT_DIVE_SETTLE,-0.001452000,-0.542080000,0.230277000
36.858039,P3_INIT_DIVE_SETTLE,-0.001456000,-0.542094000,0.229771000
36.868343,P3_INIT_DIVE_SETTLE,-0.001447000,-0.542106000,0.229182000
36.878647,P3_INIT_DIVE_SETTLE,-0.001447000,-0.542123000,0.228659000
36.888957,P3_INIT_DIVE_SETTLE,-0.001462000,-0.542140000,0.228132000
36.899309,P3_INIT_DIVE_SETTLE,-0.001490000,-0.542155000,0.227559000
36.909629,P3_INIT_DIVE_SETTLE,-0.001485000,-0.542157000,0.226995000
36.919923,P3_INIT_DIVE_SETTLE,-0.001466000,-0.542175000,0.226464000
36.930218,P3_INIT_DIVE_SETTLE,-0.001497000,-0.542198000,0.225929000
36.940500,P3_INIT_DIVE_SETTLE,-0.001512000,-0.542215000,0.225431000
36.950796,P3_INIT_DIVE_SETTLE,-0.001480000,-0.542226000,0.224897000
36.961091,P3_INIT_DIVE_SETTLE,-0.001440000,-0.542240000,0.224361000
36.971390,P3_INIT_DIVE_SETTLE,-0.001415000,-0.542261000,0.223796000
36.981686,P3_INIT_DIVE_SETTLE,-0.001412000,-0.542276000,0.223284000
36.992009,P3_INIT_DIVE_SETTLE,-0.001444000,-0.542300000,0.222810000
37.002381,P3_INIT_DIVE_SETTLE,-0.001502000,-0.542320000,0.222301000
37.012723,P3_INIT_DIVE_SETTLE,-0.001471000,-0.542302000,0.221718000
37.023021,P3_INIT_DIVE_SETTLE,-0.001425000,-0.542288000,0.221153000
37.033342,P3_INIT_DIVE_SETTLE,-0.001453000,-0.542296000,0.220636000
37.043636,P3_INIT_DIVE_SETTLE,-0.001490000,-0.542300000,0.220176000
37.053946,P3_INIT_DIVE_SETTLE,-0.001474000,-0.542297000,0.219676000
37.064234,P3_INIT_DIVE_SETTLE,-0.001466000,-0.542284000,0.219112000
37.074520,P3_INIT_DIVE_SETTLE,-0.001460000,-0.542264000,0.218594000
37.084832,P3_INIT_DIVE_SETTLE,-0.001460000,-0.542239000,0.218068000
37.095122,P3_INIT_DIVE_SETTLE,-0.001452000,-0.542208000,0.217538000
37.105407,P3_INIT_DIVE_SETTLE,-0.001471000,-0.542178000,0.216984000
37.115687,P3_INIT_DIVE_SETTLE,-0.001493000,-0.542153000,0.216486000
37.125979,P3_INIT_DIVE_SETTLE,-0.001537000,-0.542114000,0.215974000
37.136299,P3_INIT_DIVE_SETTLE,-0.001556000,-0.542071000,0.215385000
37.146599,P3_INIT_DIVE_SETTLE,-0.001540000,-0.542024000,0.214832000
37.156889,P3_INIT_DIVE_SETTLE,-0.001543000,-0.542000000,0.214326000
37.167211,P3_INIT_DIVE_SETTLE,-0.001584000,-0.541967000,0.213796000
37.177497,P3_INIT_DIVE_SETTLE,-0.001596000,-0.541941000,0.213304000
37.187805,P3_INIT_DIVE_SETTLE,-0.001580000,-0.541915000,0.212804000
37.198123,P3_INIT_DIVE_SETTLE,-0.001587000,-0.541900000,0.212331000
37.208411,P3_INIT_DIVE_SETTLE,-0.001648000,-0.541882000,0.211822000
37.218727,P3_INIT_DIVE_SETTLE,-0.001681000,-0.541872000,0.211341000
37.228933,P3_INIT_DIVE_SETTLE,-0.001715000,-0.541866000,0.210857000
37.239161,P3_INIT_DIVE_SETTLE,-0.001769000,-0.541860000,0.210337000
37.249361,P3_INIT_DIVE_SETTLE,-0.001802000,-0.541842000,0.209839000
37.259648,P3_INIT_DIVE_SETTLE,-0.001798000,-0.541805000,0.209301000
37.269934,P3_INIT_DIVE_SETTLE,-0.001830000,-0.541799000,0.208834000
37.280121,P3_INIT_DIVE_SETTLE,-0.001907000,-0.541803000,0.208410000
37.290432,P3_INIT_DIVE_SETTLE,-0.001954000,-0.541801000,0.207897000
37.300741,P3_INIT_DIVE_SETTLE,-0.001961000,-0.541786000,0.207375000
37.311032,P3_INIT_DIVE_SETTLE,-0.001986000,-0.541775000,0.206881000
37.321333,P3_INIT_DIVE_SETTLE,-0.002043000,-0.541766000,0.206361000
37.331600,P3_INIT_DIVE_SETTLE,-0.002088000,-0.541768000,0.205899000
37.341889,P3_INIT_DIVE_SETTLE,-0.002098000,-0.541765000,0.205408000
37.352182,P3_INIT_DIVE_SETTLE,-0.002092000,-0.541766000,0.204851000
37.362465,P3_INIT_DIVE_SETTLE,-0.002131000,-0.541777000,0.204372000
37.372725,P3_INIT_DIVE_SETTLE,-0.002192000,-0.541789000,0.203900000
37.383028,P3_INIT_DIVE_SETTLE,-0.002210000,-0.541790000,0.203368000
37.393330,P3_INIT_DIVE_SETTLE,-0.002213000,-0.541793000,0.202789000
37.403653,P3_INIT_DIVE_SETTLE,-0.002260000,-0.541811000,0.202326000
37.413958,P3_INIT_DIVE_SETTLE,-0.002320000,-0.541825000,0.201874000
37.424255,P3_INIT_DIVE_SETTLE,-0.002323000,-0.541823000,0.201315000
37.434535,P3_INIT_DIVE_SETTLE,-0.002306000,-0.541823000,0.200800000
37.444814,P3_INIT_DIVE_SETTLE,-0.002325000,-0.541836000,0.200333000
37.455117,P3_INIT_DIVE_SETTLE,-0.002333000,-0.541843000,0.199838000
37.465416,P3_INIT_DIVE_SETTLE,-0.002321000,-0.541844000,0.199265000
37.475699,P3_INIT_DIVE_SETTLE,-0.002333000,-0.541862000,0.198781000
37.485996,P3_INIT_DIVE_SETTLE,-0.002353000,-0.541885000,0.198301000
37.496283,P3_INIT_DIVE_SETTLE,-0.002373000,-0.541910000,0.197766000
37.506570,P3_INIT_DIVE_SETTLE,-0.002382000,-0.541914000,0.197254000
37.516840,P3_INIT_DIVE_SETTLE,-0.002374000,-0.541913000,0.196717000
37.527137,P3_INIT_DIVE_SETTLE,-0.002379000,-0.541909000,0.196193000
37.537422,P3_INIT_DIVE_SETTLE,-0.002382000,-0.541908000,0.195619000
37.547715,P3_INIT_DIVE_SETTLE,-0.002406000,-0.541926000,0.195135000
37.558012,P3_INIT_DIVE_SETTLE,-0.002433000,-0.541950000,0.194666000
37.568295,P3_INIT_DIVE_SETTLE,-0.002440000,-0.541959000,0.194105000
37.578577,P3_INIT_DIVE_SETTLE,-0.002424000,-0.541946000,0.193552000
37.588856,P3_INIT_DIVE_SETTLE,-0.002407000,-0.541943000,0.193024000
37.599155,P3_INIT_DIVE_SETTLE,-0.002422000,-0.541949000,0.192493000
37.609442,P3_INIT_DIVE_SETTLE,-0.002421000,-0.541954000,0.191997000
37.619720,P3_INIT_DIVE_SETTLE,-0.002404000,-0.541954000,0.191482000
37.630010,P3_INIT_DIVE_SETTLE,-0.002418000,-0.541971000,0.191008000
37.640308,P3_INIT_DIVE_SETTLE,-0.002457000,-0.541985000,0.190477000
37.650614,P3_INIT_DIVE_SETTLE,-0.002486000,-0.541989000,0.189970000
37.660870,P3_INIT_DIVE_SETTLE,-0.002526000,-0.542003000,0.189486000
37.671169,P3_INIT_DIVE_SETTLE,-0.002561000,-0.542012000,0.188938000
37.681458,P3_INIT_DIVE_SETTLE,-0.002577000,-0.542028000,0.188449000
37.691725,P3_INIT_DIVE_SETTLE,-0.002577000,-0.542032000,0.187943000
39.986315,P3_INIT_DIVE_CENTER,0.004510000,-0.547335000,0.175991000
39.996299,P3_INIT_DIVE_CENTER,0.005023000,-0.547200000,0.175958000
40.006286,P3_INIT_DIVE_CENTER,0.005440000,-0.547050000,0.175926000
40.016396,P3_INIT_DIVE_CENTER,0.005686000,-0.546885000,0.175864000
40.026329,P3_INIT_DIVE_CENTER,0.005897000,-0.546790000,0.175892000
40.036317,P3_INIT_DIVE_CENTER,0.006079000,-0.546773000,0.176015000
40.036401,P3_INIT_DIVE_CENTER_SETTLE,0.006079000,-0.546773000,0.176015000
40.046705,P3_INIT_DIVE_CENTER_SETTLE,0.006290000,-0.546657000,0.175923000
40.057028,P3_INIT_DIVE_CENTER_SETTLE,0.006434000,-0.546449000,0.175735000
40.067343,P3_INIT_DIVE_CENTER_SETTLE,0.006332000,-0.546253000,0.175706000
40.077651,P3_INIT_DIVE_CENTER_SETTLE,0.006099000,-0.546102000,0.175761000
40.087961,P3_INIT_DIVE_CENTER_SETTLE,0.005801000,-0.545930000,0.175791000
40.098266,P3_INIT_DIVE_CENTER_SETTLE,0.005333000,-0.545717000,0.175843000
40.108593,P3_INIT_DIVE_CENTER_SETTLE,0.004819000,-0.545510000,0.175887000
40.118841,P3_INIT_DIVE_CENTER_SETTLE,0.004357000,-0.545280000,0.175876000
40.129178,P3_INIT_DIVE_CENTER_SETTLE,0.003792000,-0.545002000,0.175867000
40.139482,P3_INIT_DIVE_CENTER_SETTLE,0.003185000,-0.544755000,0.175926000
40.160403,P3_INIT,0.001952000,-0.544258000,0.176027000
40.170353,P3_INIT,0.001420000,-0.544053000,0.176054000
40.180361,P3_INIT,0.000961000,-0.543856000,0.176016000
40.190307,P3_INIT,0.000618000,-0.543687000,0.175882000
40.200365,P3_INIT,0.000198000,-0.543629000,0.175964000
40.210321,P3_INIT,-0.000231000,-0.543643000,0.176135000
40.220356,P3_INIT,-0.000398000,-0.543630000,0.176137000
40.230297,P3_INIT,-0.000431000,-0.543647000,0.176149000
40.240353,P3_INIT,-0.000462000,-0.543748000,0.176331000
40.250297,P3_INIT,-0.000440000,-0.543959000,0.176699000
40.260360,P3_INIT,-0.000192000,-0.544202000,0.177040000
40.270329,P3_INIT,0.000105000,-0.544459000,0.177424000
40.280353,P3_INIT,0.000247000,-0.544671000,0.177890000
40.290297,P3_INIT,0.000640000,-0.544836000,0.178217000
40.300349,P3_INIT,0.001018000,-0.545030000,0.178668000
40.310317,P3_INIT,0.001099000,-0.545269000,0.179400000
40.320348,P3_INIT,0.001038000,-0.545470000,0.180178000
40.330295,P3_INIT,0.001086000,-0.545592000,0.180725000
40.340349,P3_INIT,0.001253000,-0.545644000,0.181086000
40.350293,P3_INIT,0.001332000,-0.545711000,0.181541000
40.360334,P3_INIT,0.001344000,-0.545784000,0.182078000
40.370350,P3_INIT,0.001427000,-0.545847000,0.182590000
40.380323,P3_INIT,0.001532000,-0.545907000,0.183097000
40.390347,P3_INIT,0.001557000,-0.545971000,0.183671000
40.400323,P3_INIT,0.001487000,-0.546034000,0.184285000
40.410382,P3_INIT,0.001444000,-0.546044000,0.184781000
40.420339,P3_INIT,0.001460000,-0.546032000,0.185204000
40.430355,P3_INIT,0.001421000,-0.546033000,0.185695000
40.440324,P3_INIT,0.001312000,-0.546023000,0.186236000
40.450355,P3_INIT,0.001203000,-0.546007000,0.186785000
40.460371,P3_INIT,0.001136000,-0.545977000,0.187305000
40.470350,P3_INIT,0.001111000,-0.545957000,0.187814000
40.480333,P3_INIT,0.001098000,-0.545933000,0.188298000
40.490348,P3_INIT,0.001122000,-0.545905000,0.188755000
40.500331,P3_INIT,0.001128000,-0.545882000,0.189229000
40.510347,P3_INIT,0.001089000,-0.545886000,0.189776000
40.520325,P3_INIT,0.001047000,-0.545878000,0.190311000
40.530347,P3_INIT,0.001031000,-0.545855000,0.190800000
40.540330,P3_INIT,0.001009000,-0.545833000,0.191296000
40.550359,P3_INIT,0.000965000,-0.545811000,0.191798000
40.560343,P3_INIT,0.000931000,-0.545783000,0.192286000
40.570362,P3_INIT,0.000915000,-0.545753000,0.192744000
40.580310,P3_INIT,0.000917000,-0.545722000,0.193215000
40.590364,P3_INIT,0.000907000,-0.545716000,0.193733000
40.600330,P3_INIT,0.000905000,-0.545708000,0.194249000
40.600407,P3_INIT_SETTLE,0.000905000,-0.545708000,0.194249000
40.610688,P3_INIT_SETTLE,0.000906000,-0.545689000,0.194744000
40.620987,P3_INIT_SETTLE,0.000913000,-0.545679000,0.195236000
40.631304,P3_INIT_SETTLE,0.000895000,-0.545662000,0.195781000
40.641610,P3_INIT_SETTLE,0.000890000,-0.545641000,0.196255000
40.651865,P3_INIT_SETTLE,0.000890000,-0.545615000,0.196721000
40.662189,P3_INIT_SETTLE,0.000857000,-0.545579000,0.197242000
40.672502,P3_INIT_SETTLE,0.000812000,-0.545549000,0.197736000
40.682784,P3_INIT_SETTLE,0.000752000,-0.545544000,0.198256000
40.693102,P3_INIT_SETTLE,0.000698000,-0.545533000,0.198760000
40.703404,P3_INIT_SETTLE,0.000692000,-0.545501000,0.199250000
40.713715,P3_INIT_SETTLE,0.000711000,-0.545479000,0.199697000
40.724022,P3_INIT_SETTLE,0.000702000,-0.545483000,0.200196000
40.734337,P3_INIT_SETTLE,0.000665000,-0.545488000,0.200767000
40.744724,P3_INIT_SETTLE,0.000652000,-0.545501000,0.201279000
40.755028,P3_INIT_SETTLE,0.000648000,-0.545497000,0.201750000
40.765367,P3_INIT_SETTLE,0.000639000,-0.545497000,0.202272000
40.775668,P3_INIT_SETTLE,0.000590000,-0.545499000,0.202762000
40.785977,P3_INIT_SETTLE,0.000530000,-0.545493000,0.203258000
40.796283,P3_INIT_SETTLE,0.000480000,-0.545493000,0.203805000
40.806577,P3_INIT_SETTLE,0.000446000,-0.545494000,0.204307000
40.816882,P3_INIT_SETTLE,0.000404000,-0.545501000,0.204834000
40.827208,P3_INIT_SETTLE,0.000370000,-0.545511000,0.205406000
40.837510,P3_INIT_SETTLE,0.000347000,-0.545525000,0.205931000
40.847803,P3_INIT_SETTLE,0.000319000,-0.545542000,0.206458000
40.858117,P3_INIT_SETTLE,0.000272000,-0.545550000,0.206975000
40.868419,P3_INIT_SETTLE,0.000229000,-0.545542000,0.207519000
40.878708,P3_INIT_SETTLE,0.000184000,-0.545525000,0.208015000
40.889009,P3_INIT_SETTLE,0.000092000,-0.545506000,0.208536000
40.899306,P3_INIT_SETTLE,-0.000011000,-0.545497000,0.209132000
40.909596,P3_INIT_SETTLE,-0.000074000,-0.545487000,0.209648000
40.919954,P3_INIT_SETTLE,-0.000101000,-0.545472000,0.210145000
40.930250,P3_INIT_SETTLE,-0.000110000,-0.545460000,0.210694000
40.940551,P3_INIT_SETTLE,-0.000106000,-0.545447000,0.211200000
40.950825,P3_INIT_SETTLE,-0.000108000,-0.545443000,0.211718000
40.961145,P3_INIT_SETTLE,-0.000135000,-0.545467000,0.212343000
40.971444,P3_INIT_SETTLE,-0.000159000,-0.545482000,0.212888000
40.981749,P3_INIT_SETTLE,-0.000167000,-0.545482000,0.213395000
40.992064,P3_INIT_SETTLE,-0.000209000,-0.545468000,0.213904000
41.002374,P3_INIT_SETTLE,-0.000281000,-0.545451000,0.214492000
41.012753,P3_INIT_SETTLE,-0.000360000,-0.545440000,0.215036000
41.023165,P3_INIT_SETTLE,-0.000404000,-0.545421000,0.215560000
41.033515,P3_INIT_SETTLE,-0.000442000,-0.545400000,0.216132000
41.043815,P3_INIT_SETTLE,-0.000468000,-0.545379000,0.216646000
41.054252,P3_INIT_SETTLE,-0.000504000,-0.545356000,0.217153000
41.064760,P3_INIT_SETTLE,-0.000526000,-0.545333000,0.217689000
41.075061,P3_INIT_SETTLE,-0.000533000,-0.545313000,0.218158000
41.085377,P3_INIT_SETTLE,-0.000528000,-0.545274000,0.218646000
41.095684,P3_INIT_SETTLE,-0.000535000,-0.545238000,0.219092000
41.105988,P3_INIT_SETTLE,-0.000583000,-0.545189000,0.219544000
41.116303,P3_INIT_SETTLE,-0.000633000,-0.545140000,0.220053000
41.126596,P3_INIT_SETTLE,-0.000679000,-0.545107000,0.220523000
41.136887,P3_INIT_SETTLE,-0.000713000,-0.545075000,0.220988000
41.147205,P3_INIT_SETTLE,-0.000722000,-0.545036000,0.221478000
41.157502,P3_INIT_SETTLE,-0.000736000,-0.545007000,0.221940000
41.167813,P3_INIT_SETTLE,-0.000723000,-0.544990000,0.222409000
41.178109,P3_INIT_SETTLE,-0.000722000,-0.544985000,0.222902000
41.188399,P3_INIT_SETTLE,-0.000738000,-0.544986000,0.223466000
41.198685,P3_INIT_SETTLE,-0.000744000,-0.544973000,0.223948000
41.208984,P3_INIT_SETTLE,-0.000763000,-0.544968000,0.224446000
41.219282,P3_INIT_SETTLE,-0.000823000,-0.544964000,0.225009000
41.229566,P3_INIT_SETTLE,-0.000861000,-0.544951000,0.225505000
41.239846,P3_INIT_SETTLE,-0.000885000,-0.544946000,0.226010000
41.250150,P3_INIT_SETTLE,-0.000921000,-0.544943000,0.226536000
41.260451,P3_INIT_SETTLE,-0.000954000,-0.544942000,0.227119000
41.270738,P3_INIT_SETTLE,-0.000966000,-0.544936000,0.227630000
41.281045,P3_INIT_SETTLE,-0.000971000,-0.544940000,0.228151000
41.291367,P3_INIT_SETTLE,-0.000972000,-0.544935000,0.228702000
41.301651,P3_INIT_SETTLE,-0.000975000,-0.544934000,0.229206000
41.311959,P3_INIT_SETTLE,-0.000992000,-0.544923000,0.229702000
41.322262,P3_INIT_SETTLE,-0.001008000,-0.544904000,0.230228000
41.332562,P3_INIT_SETTLE,-0.001013000,-0.544880000,0.230685000
41.342844,P3_INIT_SETTLE,-0.001047000,-0.544862000,0.231158000
41.353186,P3_INIT_SETTLE,-0.001083000,-0.544837000,0.231607000
41.363493,P3_INIT_SETTLE,-0.001120000,-0.544819000,0.232123000
41.373808,P3_INIT_SETTLE,-0.001166000,-0.544810000,0.232610000
41.384116,P3_INIT_SETTLE,-0.001199000,-0.544790000,0.233073000
41.394408,P3_INIT_SETTLE,-0.001218000,-0.544769000,0.233587000
41.404698,P3_INIT_SETTLE,-0.001258000,-0.544755000,0.234080000
41.415002,P3_INIT_SETTLE,-0.001303000,-0.544746000,0.234589000
41.425293,P3_INIT_SETTLE,-0.001338000,-0.544742000,0.235142000
41.435595,P3_INIT_SETTLE,-0.001378000,-0.544750000,0.235666000
41.445882,P3_INIT_SETTLE,-0.001436000,-0.544748000,0.236178000
41.456197,P3_INIT_SETTLE,-0.001471000,-0.544747000,0.236719000
41.466490,P3_INIT_SETTLE,-0.001503000,-0.544747000,0.237221000
41.476772,P3_INIT_SETTLE,-0.001568000,-0.544741000,0.237734000
41.487067,P3_INIT_SETTLE,-0.001648000,-0.544734000,0.238257000
41.497357,P3_INIT_SETTLE,-0.001714000,-0.544724000,0.238827000
41.507632,P3_INIT_SETTLE,-0.001766000,-0.544715000,0.239337000
41.517935,P3_INIT_SETTLE,-0.001799000,-0.544701000,0.239837000
41.528261,P3_INIT_SETTLE,-0.001832000,-0.544692000,0.240408000
41.538535,P3_INIT_SETTLE,-0.001864000,-0.544678000,0.240923000
41.548858,P3_INIT_SETTLE,-0.001884000,-0.544663000,0.241436000
41.559182,P3_INIT_SETTLE,-0.001907000,-0.544641000,0.241996000
41.569500,P3_INIT_SETTLE,-0.001927000,-0.544623000,0.242509000
41.579798,P3_INIT_SETTLE,-0.001963000,-0.544607000,0.243028000
41.590107,P3_INIT_SETTLE,-0.001984000,-0.544580000,0.243510000
41.600400,P3_INIT_SETTLE,-0.001978000,-0.544547000,0.244010000
41.610719,P3_INIT_SETTLE,-0.001994000,-0.544521000,0.244487000
41.621029,P3_INIT_SETTLE,-0.002032000,-0.544495000,0.244975000
41.631330,P3_INIT_SETTLE,-0.002053000,-0.544462000,0.245495000
41.641617,P3_INIT_SETTLE,-0.002069000,-0.544431000,0.245971000
41.651908,P3_INIT_SETTLE,-0.002093000,-0.544397000,0.246446000
41.662215,P3_INIT_SETTLE,-0.002110000,-0.544357000,0.246965000
41.672521,P3_INIT_SETTLE,-0.002126000,-0.544321000,0.247443000
41.682819,P3_INIT_SETTLE,-0.002139000,-0.544287000,0.247923000
41.693120,P3_INIT_SETTLE,-0.002156000,-0.544254000,0.248413000
41.703411,P3_INIT_SETTLE,-0.002168000,-0.544220000,0.248959000
41.713706,P3_INIT_SETTLE,-0.002184000,-0.544196000,0.249462000
41.724004,P3_INIT_SETTLE,-0.002193000,-0.544168000,0.249955000
41.734290,P3_INIT_SETTLE,-0.002205000,-0.544134000,0.250480000
41.744674,P3_INIT_SETTLE,-0.002208000,-0.544114000,0.250961000
41.755127,P3_INIT_SETTLE,-0.002231000,-0.544098000,0.251464000
41.765443,P3_INIT_SETTLE,-0.002263000,-0.544078000,0.252009000
41.775748,P3_INIT_SETTLE,-0.002285000,-0.544054000,0.252484000
41.786055,P3_INIT_SETTLE,-0.002301000,-0.544028000,0.252955000
41.796352,P3_INIT_SETTLE,-0.002323000,-0.544009000,0.253496000
41.806643,P3_INIT_SETTLE,-0.002345000,-0.543992000,0.253981000
41.816935,P3_INIT_SETTLE,-0.002358000,-0.543972000,0.254464000
41.827240,P3_INIT_SETTLE,-0.002394000,-0.543956000,0.255023000
41.837553,P3_INIT_SETTLE,-0.002427000,-0.543944000,0.255535000
41.847809,P3_INIT_SETTLE,-0.002443000,-0.543926000,0.256020000
42.118960,WATER_INIT_POS,-0.002481000,-0.543010000,0.261761000
42.128918,WATER_INIT_POS,-0.002506000,-0.543006000,0.261781000
42.138903,WATER_INIT_POS,-0.002364000,-0.542985000,0.261690000
42.148903,WATER_INIT_POS,-0.001945000,-0.542943000,0.261398000
42.158908,WATER_INIT_POS,-0.001497000,-0.542912000,0.261085000
42.168897,WATER_INIT_POS,-0.001261000,-0.542868000,0.260835000
42.178878,WATER_INIT_POS,-0.001362000,-0.542833000,0.260725000
42.188887,WATER_INIT_POS,-0.001648000,-0.542848000,0.260766000
42.198874,WATER_INIT_POS,-0.001719000,-0.542814000,0.260565000
42.208893,WATER_INIT_POS,-0.001653000,-0.542767000,0.260260000
42.218888,WATER_INIT_POS,-0.001655000,-0.542719000,0.260027000
42.228891,WATER_INIT_POS,-0.001809000,-0.542722000,0.259982000
42.238876,WATER_INIT_POS,-0.002113000,-0.542740000,0.260076000
42.248894,WATER_INIT_POS,-0.002501000,-0.542748000,0.260216000
42.258928,WATER_INIT_POS,-0.002836000,-0.542772000,0.260328000
42.268896,WATER_INIT_POS,-0.003250000,-0.542779000,0.260418000
42.278878,WATER_INIT_POS,-0.003860000,-0.542721000,0.260495000
42.288872,WATER_INIT_POS,-0.004590000,-0.542607000,0.260543000
42.298877,WATER_INIT_POS,-0.005330000,-0.542473000,0.260579000
42.308912,WATER_INIT_POS,-0.006011000,-0.542323000,0.260610000
42.318812,WATER_INIT_POS,-0.006657000,-0.542176000,0.260669000
42.328806,WATER_INIT_POS,-0.007275000,-0.542019000,0.260724000
42.338754,WATER_INIT_POS,-0.007821000,-0.541875000,0.260745000
42.348804,WATER_INIT_POS,-0.008308000,-0.541755000,0.260755000
42.358788,WATER_INIT_POS,-0.008803000,-0.541663000,0.260789000
42.368797,WATER_INIT_POS,-0.009303000,-0.541589000,0.260828000
42.378772,WATER_INIT_POS,-0.009812000,-0.541509000,0.260854000
42.388807,WATER_INIT_POS,-0.010322000,-0.541425000,0.260877000
42.398748,WATER_INIT_POS,-0.010829000,-0.541339000,0.260916000
42.408795,WATER_INIT_POS,-0.011336000,-0.541250000,0.260970000
42.418749,WATER_INIT_POS,-0.011829000,-0.541159000,0.261014000
42.428800,WATER_INIT_POS,-0.012302000,-0.541066000,0.261034000
42.438746,WATER_INIT_POS,-0.012783000,-0.540976000,0.261048000
42.448801,WATER_INIT_POS,-0.013276000,-0.540899000,0.261070000
42.458762,WATER_INIT_POS,-0.013769000,-0.540833000,0.261092000
42.468798,WATER_INIT_POS,-0.014241000,-0.540767000,0.261089000
42.478745,WATER_INIT_POS,-0.014672000,-0.540707000,0.261098000
42.488796,WATER_INIT_POS,-0.015191000,-0.540631000,0.261118000
42.498750,WATER_INIT_POS,-0.015650000,-0.540564000,0.261140000
42.498782,WATER_INIT_POS_SETTLE,-0.015650000,-0.540564000,0.261140000
42.508968,WATER_INIT_POS_SETTLE,-0.016108000,-0.540497000,0.261158000
42.519155,WATER_INIT_POS_SETTLE,-0.016636000,-0.540425000,0.261184000
42.529357,WATER_INIT_POS_SETTLE,-0.017134000,-0.540361000,0.261210000
42.539554,WATER_INIT_POS_SETTLE,-0.017624000,-0.540304000,0.261222000
42.549741,WATER_INIT_POS_SETTLE,-0.018130000,-0.540252000,0.261241000
42.559967,WATER_INIT_POS_SETTLE,-0.018644000,-0.540201000,0.261262000
42.570183,WATER_INIT_POS_SETTLE,-0.019200000,-0.540145000,0.261284000
42.580522,WATER_INIT_POS_SETTLE,-0.019705000,-0.540093000,0.261310000
42.590856,WATER_INIT_POS_SETTLE,-0.020194000,-0.540033000,0.261319000
42.601171,WATER_INIT_POS_SETTLE,-0.020718000,-0.539975000,0.261325000
42.611474,WATER_INIT_POS_SETTLE,-0.021192000,-0.539922000,0.261322000
42.621785,WATER_INIT_POS_SETTLE,-0.021664000,-0.539875000,0.261318000
42.632094,WATER_INIT_POS_SETTLE,-0.022150000,-0.539830000,0.261318000
42.642403,WATER_INIT_POS_SETTLE,-0.022683000,-0.539792000,0.261321000
42.652720,WATER_INIT_POS_SETTLE,-0.023162000,-0.539757000,0.261321000
42.663032,WATER_INIT_POS_SETTLE,-0.023642000,-0.539721000,0.261318000
42.673350,WATER_INIT_POS_SETTLE,-0.024177000,-0.539682000,0.261330000
42.683634,WATER_INIT_POS_SETTLE,-0.024680000,-0.539641000,0.261349000
42.693947,WATER_INIT_POS_SETTLE,-0.025196000,-0.539592000,0.261372000
42.704255,WATER_INIT_POS_SETTLE,-0.025742000,-0.539542000,0.261384000
42.714541,WATER_INIT_POS_SETTLE,-0.026240000,-0.539494000,0.261392000
42.724838,WATER_INIT_POS_SETTLE,-0.026767000,-0.539447000,0.261418000
42.735143,WATER_INIT_POS_SETTLE,-0.027290000,-0.539406000,0.261448000
42.745447,WATER_INIT_POS_SETTLE,-0.027871000,-0.539359000,0.261484000
42.755755,WATER_INIT_POS_SETTLE,-0.028406000,-0.539313000,0.261517000
42.766060,WATER_INIT_POS_SETTLE,-0.028941000,-0.539260000,0.261545000
42.776380,WATER_INIT_POS_SETTLE,-0.029511000,-0.539193000,0.261563000
42.786666,WATER_INIT_POS_SETTLE,-0.030014000,-0.539126000,0.261572000
42.796962,WATER_INIT_POS_SETTLE,-0.030528000,-0.539063000,0.261597000
42.807271,WATER_INIT_POS_SETTLE,-0.031095000,-0.538998000,0.261636000
42.817563,WATER_INIT_POS_SETTLE,-0.031609000,-0.538941000,0.261668000
42.827864,WATER_INIT_POS_SETTLE,-0.032119000,-0.538884000,0.261694000
42.838160,WATER_INIT_POS_SETTLE,-0.032675000,-0.538817000,0.261715000
42.848455,WATER_INIT_POS_SETTLE,-0.033185000,-0.538753000,0.261740000
42.858743,WATER_INIT_POS_SETTLE,-0.033715000,-0.538689000,0.261783000
42.869046,WATER_INIT_POS_SETTLE,-0.034242000,-0.538617000,0.261826000
42.879363,WATER_INIT_POS_SETTLE,-0.034814000,-0.538541000,0.261873000
42.889657,WATER_INIT_POS_SETTLE,-0.035338000,-0.538470000,0.261914000
42.899964,WATER_INIT_POS_SETTLE,-0.035839000,-0.538401000,0.261938000
42.910287,WATER_INIT_POS_SETTLE,-0.036396000,-0.538324000,0.261964000
42.920603,WATER_INIT_POS_SETTLE,-0.036902000,-0.538253000,0.261986000
42.930899,WATER_INIT_POS_SETTLE,-0.037390000,-0.538185000,0.262004000
42.941219,WATER_INIT_POS_SETTLE,-0.037921000,-0.538109000,0.262014000
42.951534,WATER_INIT_POS_SETTLE,-0.038403000,-0.538043000,0.262021000
42.961822,WATER_INIT_POS_SETTLE,-0.038880000,-0.537979000,0.262032000
42.972147,WATER_INIT_POS_SETTLE,-0.039349000,-0.537912000,0.262032000
42.982443,WATER_INIT_POS_SETTLE,-0.039856000,-0.537852000,0.262039000
42.992688,WATER_INIT_POS_SETTLE,-0.040322000,-0.537796000,0.262042000
43.002977,WATER_INIT_POS_SETTLE,-0.040791000,-0.537739000,0.262044000
43.013304,WATER_INIT_POS_SETTLE,-0.041302000,-0.537677000,0.262042000
43.023671,WATER_INIT_POS_SETTLE,-0.041785000,-0.537621000,0.262050000
43.034025,WATER_INIT_POS_SETTLE,-0.042290000,-0.537564000,0.262072000
43.044336,WATER_INIT_POS_SETTLE,-0.042835000,-0.537501000,0.262091000
43.054636,WATER_INIT_POS_SETTLE,-0.043329000,-0.537435000,0.262101000
43.064950,WATER_INIT_POS_SETTLE,-0.043845000,-0.537371000,0.262126000
43.075275,WATER_INIT_POS_SETTLE,-0.044400000,-0.537306000,0.262146000
43.085584,WATER_INIT_POS_SETTLE,-0.044906000,-0.537247000,0.262163000
43.095823,WATER_INIT_POS_SETTLE,-0.045408000,-0.537189000,0.262181000
43.106149,WATER_INIT_POS_SETTLE,-0.045971000,-0.537125000,0.262206000
43.116451,WATER_INIT_POS_SETTLE,-0.046486000,-0.537067000,0.262226000
43.126744,WATER_INIT_POS_SETTLE,-0.047007000,-0.537004000,0.262248000
43.137033,WATER_INIT_POS_SETTLE,-0.047524000,-0.536950000,0.262280000
43.147347,WATER_INIT_POS_SETTLE,-0.048090000,-0.536885000,0.262308000
43.157667,WATER_INIT_POS_SETTLE,-0.048591000,-0.536821000,0.262312000
43.167976,WATER_INIT_POS_SETTLE,-0.049090000,-0.536761000,0.262320000
43.178278,WATER_INIT_POS_SETTLE,-0.049657000,-0.536702000,0.262360000
43.188567,WATER_INIT_POS_SETTLE,-0.050190000,-0.536655000,0.262415000
43.198861,WATER_INIT_POS_SETTLE,-0.050731000,-0.536599000,0.262459000
43.209170,WATER_INIT_POS_SETTLE,-0.051315000,-0.536524000,0.262485000
43.219468,WATER_INIT_POS_SETTLE,-0.051833000,-0.536454000,0.262498000
43.229746,WATER_INIT_POS_SETTLE,-0.052375000,-0.536390000,0.262544000
43.240035,WATER_INIT_POS_SETTLE,-0.052931000,-0.536320000,0.262597000
43.250337,WATER_INIT_POS_SETTLE,-0.053513000,-0.536249000,0.262632000
43.260626,WATER_INIT_POS_SETTLE,-0.054040000,-0.536183000,0.262666000
43.270924,WATER_INIT_POS_SETTLE,-0.054572000,-0.536118000,0.262703000
43.281235,WATER_INIT_POS_SETTLE,-0.055129000,-0.536046000,0.262720000
43.291540,WATER_INIT_POS_SETTLE,-0.055627000,-0.535988000,0.262737000
43.301814,WATER_INIT_POS_SETTLE,-0.056123000,-0.535927000,0.262754000
43.312113,WATER_INIT_POS_SETTLE,-0.056666000,-0.535866000,0.262788000
43.322394,WATER_INIT_POS_SETTLE,-0.057151000,-0.535803000,0.262800000
43.332676,WATER_INIT_POS_SETTLE,-0.057630000,-0.535741000,0.262806000
43.342980,WATER_INIT_POS_SETTLE,-0.058113000,-0.535679000,0.262820000
43.353293,WATER_INIT_POS_SETTLE,-0.058652000,-0.535609000,0.262842000
43.363578,WATER_INIT_POS_SETTLE,-0.059130000,-0.535545000,0.262850000
43.373875,WATER_INIT_POS_SETTLE,-0.059615000,-0.535477000,0.262857000
43.384168,WATER_INIT_POS_SETTLE,-0.060153000,-0.535411000,0.262875000
43.394457,WATER_INIT_POS_SETTLE,-0.060633000,-0.535353000,0.262884000
43.404767,WATER_INIT_POS_SETTLE,-0.061104000,-0.535292000,0.262881000
43.415059,WATER_INIT_POS_SETTLE,-0.061578000,-0.535237000,0.262885000
43.425361,WATER_INIT_POS_SETTLE,-0.062126000,-0.535171000,0.262900000
43.435647,WATER_INIT_POS_SETTLE,-0.062609000,-0.535113000,0.262896000
43.445933,WATER_INIT_POS_SETTLE,-0.063041000,-0.535060000,0.262892000
43.456234,WATER_INIT_POS_SETTLE,-0.063637000,-0.534983000,0.262892000
43.466528,WATER_INIT_POS_SETTLE,-0.064119000,-0.534927000,0.262885000
43.476812,WATER_INIT_POS_SETTLE,-0.064597000,-0.534879000,0.262876000
43.487107,WATER_INIT_POS_SETTLE,-0.065075000,-0.534833000,0.262874000
43.497386,WATER_INIT_POS_SETTLE,-0.065616000,-0.534775000,0.262875000
43.507663,WATER_INIT_POS_SETTLE,-0.066110000,-0.534720000,0.262867000
43.517952,WATER_INIT_POS_SETTLE,-0.066583000,-0.534673000,0.262848000
43.528229,WATER_INIT_POS_SETTLE,-0.067133000,-0.534616000,0.262842000
43.538505,WATER_INIT_POS_SETTLE,-0.067639000,-0.534568000,0.262851000
43.548787,WATER_INIT_POS_SETTLE,-0.068137000,-0.534526000,0.262852000
43.559095,WATER_INIT_POS_SETTLE,-0.068641000,-0.534478000,0.262846000
43.569406,WATER_INIT_POS_SETTLE,-0.069205000,-0.534419000,0.262844000
43.579714,WATER_INIT_POS_SETTLE,-0.069721000,-0.534371000,0.262855000
43.590001,WATER_INIT_POS_SETTLE,-0.070253000,-0.534319000,0.262878000
43.861158,WATER_DIVE,-0.076014000,-0.533917000,0.263055000
43.871100,WATER_DIVE,-0.076027000,-0.533917000,0.263059000
43.881094,WATER_DIVE,-0.075944000,-0.533922000,0.262983000
43.891087,WATER_DIVE,-0.075609000,-0.533927000,0.262676000
43.901074,WATER_DIVE,-0.075198000,-0.533935000,0.262289000
43.911030,WATER_DIVE,-0.074869000,-0.533939000,0.261935000
43.921098,WATER_DIVE,-0.074731000,-0.533881000,0.261568000
43.931086,WATER_DIVE,-0.074641000,-0.533811000,0.261128000
43.941091,WATER_DIVE,-0.074578000,-0.533792000,0.260722000
43.951192,WATER_DIVE,-0.074452000,-0.533726000,0.260083000
43.961146,WATER_DIVE,-0.074261000,-0.533670000,0.259464000
43.971145,WATER_DIVE,-0.074011000,-0.533613000,0.258754000
43.981124,WATER_DIVE,-0.073754000,-0.533592000,0.258084000
43.991121,WATER_DIVE,-0.073561000,-0.533601000,0.257535000
44.001114,WATER_DIVE,-0.073441000,-0.533629000,0.257078000
44.011110,WATER_DIVE,-0.073353000,-0.533678000,0.256647000
44.021108,WATER_DIVE,-0.073333000,-0.533704000,0.256185000
44.031215,WATER_DIVE,-0.073399000,-0.533679000,0.255623000
44.041116,WATER_DIVE,-0.073484000,-0.533631000,0.255136000
44.051112,WATER_DIVE,-0.073603000,-0.533572000,0.254625000
44.061117,WATER_DIVE,-0.073712000,-0.533515000,0.254129000
44.071086,WATER_DIVE,-0.073792000,-0.533467000,0.253649000
44.081004,WATER_DIVE,-0.073836000,-0.533440000,0.253166000
44.090959,WATER_DIVE,-0.073858000,-0.533437000,0.252682000
44.100996,WATER_DIVE,-0.073840000,-0.533443000,0.252144000
44.111058,WATER_DIVE,-0.073820000,-0.533466000,0.251606000
44.121004,WATER_DIVE,-0.073814000,-0.533481000,0.251061000
44.130962,WATER_DIVE,-0.073830000,-0.533496000,0.250603000
44.141001,WATER_DIVE,-0.073849000,-0.533512000,0.250055000
44.150968,WATER_DIVE,-0.073881000,-0.533516000,0.249577000
44.160988,WATER_DIVE,-0.073897000,-0.533520000,0.249103000
44.170932,WATER_DIVE,-0.073902000,-0.533524000,0.248621000
44.180997,WATER_DIVE,-0.073910000,-0.533526000,0.248133000
44.190934,WATER_DIVE,-0.073906000,-0.533534000,0.247634000
44.201020,WATER_DIVE,-0.073921000,-0.533552000,0.247144000
44.211044,WATER_DIVE,-0.073947000,-0.533587000,0.246688000
44.220999,WATER_DIVE,-0.073971000,-0.533612000,0.246209000
44.230997,WATER_DIVE,-0.073961000,-0.533616000,0.245669000
44.240948,WATER_DIVE,-0.073960000,-0.533631000,0.245179000
44.251018,WATER_DIVE,-0.073999000,-0.533642000,0.244738000
44.260941,WATER_DIVE,-0.074043000,-0.533651000,0.244292000
44.270998,WATER_DIVE,-0.074079000,-0.533653000,0.243816000
44.280934,WATER_DIVE,-0.074114000,-0.533651000,0.243336000
44.280996,WATER_DIVE_SETTLE,-0.074114000,-0.533651000,0.243336000
44.291201,WATER_DIVE_SETTLE,-0.074163000,-0.533644000,0.242801000
44.301389,WATER_DIVE_SETTLE,-0.074215000,-0.533644000,0.242327000
44.311605,WATER_DIVE_SETTLE,-0.074249000,-0.533636000,0.241838000
44.321793,WATER_DIVE_SETTLE,-0.074285000,-0.533646000,0.241375000
44.331957,WATER_DIVE_SETTLE,-0.074308000,-0.533643000,0.240883000
44.342121,WATER_DIVE_SETTLE,-0.074343000,-0.533640000,0.240397000
44.352452,WATER_DIVE_SETTLE,-0.074407000,-0.533618000,0.239857000
44.362767,WATER_DIVE_SETTLE,-0.074458000,-0.533597000,0.239358000
44.373095,WATER_DIVE_SETTLE,-0.074503000,-0.533575000,0.238859000
44.383434,WATER_DIVE_SETTLE,-0.074553000,-0.533550000,0.238321000
44.393739,WATER_DIVE_SETTLE,-0.074615000,-0.533538000,0.237874000
44.404041,WATER_DIVE_SETTLE,-0.074644000,-0.533519000,0.237391000
44.414353,WATER_DIVE_SETTLE,-0.074652000,-0.533510000,0.236871000
44.424646,WATER_DIVE_SETTLE,-0.074665000,-0.533494000,0.236400000
44.434965,WATER_DIVE_SETTLE,-0.074673000,-0.533484000,0.235930000
44.445406,WATER_DIVE_SETTLE,-0.074691000,-0.533469000,0.235414000
44.455753,WATER_DIVE_SETTLE,-0.074705000,-0.533456000,0.234938000
44.466063,WATER_DIVE_SETTLE,-0.074719000,-0.533442000,0.234458000
44.476387,WATER_DIVE_SETTLE,-0.074777000,-0.533433000,0.233962000
44.486675,WATER_DIVE_SETTLE,-0.074832000,-0.533413000,0.233493000
44.496978,WATER_DIVE_SETTLE,-0.074873000,-0.533398000,0.233017000
44.507277,WATER_DIVE_SETTLE,-0.074903000,-0.533373000,0.232475000
44.517585,WATER_DIVE_SETTLE,-0.074915000,-0.533349000,0.231971000
44.527840,WATER_DIVE_SETTLE,-0.074917000,-0.533337000,0.231483000
44.538160,WATER_DIVE_SETTLE,-0.074931000,-0.533325000,0.230956000
44.548474,WATER_DIVE_SETTLE,-0.074953000,-0.533312000,0.230487000
44.558794,WATER_DIVE_SETTLE,-0.074987000,-0.533300000,0.230025000
44.569111,WATER_DIVE_SETTLE,-0.075022000,-0.533282000,0.229595000
44.579417,WATER_DIVE_SETTLE,-0.075047000,-0.533251000,0.228998000
44.589713,WATER_DIVE_SETTLE,-0.075074000,-0.533223000,0.228513000
44.600017,WATER_DIVE_SETTLE,-0.075097000,-0.533200000,0.228033000
44.610325,WATER_DIVE_SETTLE,-0.075120000,-0.533173000,0.227503000
44.620606,WATER_DIVE_SETTLE,-0.075154000,-0.533154000,0.227091000
44.630897,WATER_DIVE_SETTLE,-0.075202000,-0.533122000,0.226563000
44.641206,WATER_DIVE_SETTLE,-0.075225000,-0.533087000,0.225995000
44.651522,WATER_DIVE_SETTLE,-0.075257000,-0.533064000,0.225503000
44.661826,WATER_DIVE_SETTLE,-0.075304000,-0.533037000,0.225010000
44.672160,WATER_DIVE_SETTLE,-0.075355000,-0.533011000,0.224571000
44.682450,WATER_DIVE_SETTLE,-0.075390000,-0.532974000,0.223956000
44.692759,WATER_DIVE_SETTLE,-0.075375000,-0.532949000,0.223472000
44.703047,WATER_DIVE_SETTLE,-0.075368000,-0.532935000,0.222923000
44.713339,WATER_DIVE_SETTLE,-0.075388000,-0.532910000,0.222377000
44.723640,WATER_DIVE_SETTLE,-0.075397000,-0.532892000,0.221878000
44.733877,WATER_DIVE_SETTLE,-0.075406000,-0.532875000,0.221381000
44.744196,WATER_DIVE_SETTLE,-0.075423000,-0.532844000,0.220827000
44.754529,WATER_DIVE_SETTLE,-0.075424000,-0.532825000,0.220323000
44.764857,WATER_DIVE_SETTLE,-0.075422000,-0.532808000,0.219824000
44.775169,WATER_DIVE_SETTLE,-0.075415000,-0.532790000,0.219316000
44.785462,WATER_DIVE_SETTLE,-0.075395000,-0.532771000,0.218749000
44.795780,WATER_DIVE_SETTLE,-0.075391000,-0.532762000,0.218247000
44.806101,WATER_DIVE_SETTLE,-0.075423000,-0.532747000,0.217753000
44.816411,WATER_DIVE_SETTLE,-0.075490000,-0.532750000,0.217254000
44.826697,WATER_DIVE_SETTLE,-0.075499000,-0.532720000,0.216698000
44.836999,WATER_DIVE_SETTLE,-0.075448000,-0.532699000,0.216105000
44.847306,WATER_DIVE_SETTLE,-0.075422000,-0.532678000,0.215501000
44.857600,WATER_DIVE_SETTLE,-0.075448000,-0.532669000,0.215012000
44.867914,WATER_DIVE_SETTLE,-0.075464000,-0.532666000,0.214519000
44.878244,WATER_DIVE_SETTLE,-0.075440000,-0.532664000,0.213934000
44.888551,WATER_DIVE_SETTLE,-0.075418000,-0.532652000,0.213433000
44.898857,WATER_DIVE_SETTLE,-0.075401000,-0.532635000,0.212824000
44.909173,WATER_DIVE_SETTLE,-0.075382000,-0.532611000,0.212213000
44.919476,WATER_DIVE_SETTLE,-0.075368000,-0.532612000,0.211697000
44.929781,WATER_DIVE_SETTLE,-0.075346000,-0.532610000,0.211170000
44.940077,WATER_DIVE_SETTLE,-0.075323000,-0.532615000,0.210645000
44.950364,WATER_DIVE_SETTLE,-0.075321000,-0.532615000,0.210062000
44.960671,WATER_DIVE_SETTLE,-0.075338000,-0.532623000,0.209552000
44.970973,WATER_DIVE_SETTLE,-0.075358000,-0.532624000,0.209081000
44.981277,WATER_DIVE_SETTLE,-0.075394000,-0.532623000,0.208460000
44.991561,WATER_DIVE_SETTLE,-0.075412000,-0.532621000,0.207941000
45.001831,WATER_DIVE_SETTLE,-0.075407000,-0.532621000,0.207401000
45.012123,WATER_DIVE_SETTLE,-0.075393000,-0.532637000,0.206891000
45.022415,WATER_DIVE_SETTLE,-0.075380000,-0.532658000,0.206396000
45.032774,WATER_DIVE_SETTLE,-0.075375000,-0.532686000,0.205856000
45.043123,WATER_DIVE_SETTLE,-0.075368000,-0.532709000,0.205362000
45.053424,WATER_DIVE_SETTLE,-0.075356000,-0.532724000,0.204796000
45.063732,WATER_DIVE_SETTLE,-0.075350000,-0.532736000,0.204282000
45.074037,WATER_DIVE_SETTLE,-0.075353000,-0.532756000,0.203790000
45.084337,WATER_DIVE_SETTLE,-0.075369000,-0.532770000,0.203243000
45.094631,WATER_DIVE_SETTLE,-0.075385000,-0.532800000,0.202759000
45.104920,WATER_DIVE_SETTLE,-0.075423000,-0.532833000,0.202354000
45.115223,WATER_DIVE_SETTLE,-0.075399000,-0.532828000,0.201669000
45.125509,WATER_DIVE_SETTLE,-0.075353000,-0.532838000,0.201107000
45.135784,WATER_DIVE_SETTLE,-0.075371000,-0.532852000,0.200608000
45.146071,WATER_DIVE_SETTLE,-0.075436000,-0.532879000,0.200173000
45.156383,WATER_DIVE_SETTLE,-0.075466000,-0.532891000,0.199679000
45.166701,WATER_DIVE_SETTLE,-0.075443000,-0.532907000,0.199093000
45.177022,WATER_DIVE_SETTLE,-0.075442000,-0.532915000,0.198579000
45.187344,WATER_DIVE_SETTLE,-0.075459000,-0.532921000,0.198019000
45.197631,WATER_DIVE_SETTLE,-0.075467000,-0.532927000,0.197515000
45.207925,WATER_DIVE_SETTLE,-0.075463000,-0.532940000,0.197013000
45.218238,WATER_DIVE_SETTLE,-0.075461000,-0.532948000,0.196496000
45.228529,WATER_DIVE_SETTLE,-0.075506000,-0.532954000,0.195962000
45.238837,WATER_DIVE_SETTLE,-0.075551000,-0.532948000,0.195451000
45.249162,WATER_DIVE_SETTLE,-0.075557000,-0.532947000,0.194922000
45.259472,WATER_DIVE_SETTLE,-0.075547000,-0.532945000,0.194336000
45.269782,WATER_DIVE_SETTLE,-0.075566000,-0.532952000,0.193899000
45.280088,WATER_DIVE_SETTLE,-0.075574000,-0.532955000,0.193356000
45.290395,WATER_DIVE_SETTLE,-0.075567000,-0.532960000,0.192813000
45.300694,WATER_DIVE_SETTLE,-0.075553000,-0.532963000,0.192313000
45.310995,WATER_DIVE_SETTLE,-0.075529000,-0.532963000,0.191794000
45.321315,WATER_DIVE_SETTLE,-0.075523000,-0.532963000,0.191233000
45.331591,WATER_DIVE_SETTLE,-0.075532000,-0.532952000,0.190717000
45.341893,WATER_DIVE_SETTLE,-0.075552000,-0.532950000,0.190213000
45.352212,WATER_DIVE_SETTLE,-0.075593000,-0.532956000,0.189692000
45.362521,WATER_DIVE_SETTLE,-0.075608000,-0.532922000,0.189142000
45.372814,WATER_DIVE_SETTLE,-0.075551000,-0.532873000,0.188526000
45.383134,WATER_DIVE_SETTLE,-0.075569000,-0.532850000,0.188017000
51.868918,WATER_SWIRL_CENTER,-0.051062000,-0.538366000,0.176678000
51.878887,WATER_SWIRL_CENTER,-0.050558000,-0.538243000,0.176692000
51.888867,WATER_SWIRL_CENTER,-0.050127000,-0.538092000,0.176674000
51.898892,WATER_SWIRL_CENTER,-0.049820000,-0.537927000,0.176597000
51.908869,WATER_SWIRL_CENTER,-0.049682000,-0.537889000,0.176686000
51.918885,WATER_SWIRL_CENTER,-0.049644000,-0.537914000,0.176832000
51.928858,WATER_SWIRL_CENTER,-0.049368000,-0.537882000,0.176644000
51.938882,WATER_SWIRL_CENTER,-0.049105000,-0.537814000,0.176402000
51.948859,WATER_SWIRL_CENTER,-0.049186000,-0.537749000,0.176388000
51.958889,WATER_SWIRL_CENTER,-0.049461000,-0.537682000,0.176462000
51.968871,WATER_SWIRL_CENTER,-0.049751000,-0.537578000,0.176453000
51.978881,WATER_SWIRL_CENTER,-0.050092000,-0.537463000,0.176420000
51.988866,WATER_SWIRL_CENTER,-0.050535000,-0.537331000,0.176404000
51.998912,WATER_SWIRL_CENTER,-0.051007000,-0.537183000,0.176354000
52.008901,WATER_SWIRL_CENTER,-0.051530000,-0.536996000,0.176291000
52.008993,WATER_SWIRL_CENTER_SETTLE,-0.051530000,-0.536996000,0.176291000
52.019280,WATER_SWIRL_CENTER_SETTLE,-0.052146000,-0.536789000,0.176287000
52.029567,WATER_SWIRL_CENTER_SETTLE,-0.052694000,-0.536610000,0.176305000
52.039868,WATER_SWIRL_CENTER_SETTLE,-0.053214000,-0.536436000,0.176306000
52.050213,WATER_SWIRL_CENTER_SETTLE,-0.053753000,-0.536268000,0.176284000
52.060569,WATER_SWIRL_CENTER_SETTLE,-0.054249000,-0.536142000,0.176278000
52.070903,WATER_SWIRL_CENTER_SETTLE,-0.054762000,-0.536037000,0.176289000
52.081241,WATER_SWIRL_CENTER_SETTLE,-0.055331000,-0.535922000,0.176293000
52.091562,WATER_SWIRL_CENTER_SETTLE,-0.055843000,-0.535810000,0.176295000
52.101876,WATER_SWIRL_CENTER_SETTLE,-0.056361000,-0.535708000,0.176332000
52.112193,WATER_SWIRL_CENTER_SETTLE,-0.056923000,-0.535598000,0.176384000
52.122478,WATER_SWIRL_CENTER_SETTLE,-0.057421000,-0.535500000,0.176420000
52.132819,WATER_SWIRL_CENTER_SETTLE,-0.057906000,-0.535400000,0.176430000
52.143130,WATER_SWIRL_CENTER_SETTLE,-0.058378000,-0.535301000,0.176423000
52.153439,WATER_SWIRL_CENTER_SETTLE,-0.058880000,-0.535205000,0.176398000
52.163750,WATER_SWIRL_CENTER_SETTLE,-0.059371000,-0.535131000,0.176415000
52.174059,WATER_SWIRL_CENTER_SETTLE,-0.059890000,-0.535058000,0.176455000
52.184366,WATER_SWIRL_CENTER_SETTLE,-0.060457000,-0.534972000,0.176485000
52.194660,WATER_SWIRL_CENTER_SETTLE,-0.060968000,-0.534895000,0.176510000
52.204951,WATER_SWIRL_CENTER_SETTLE,-0.061477000,-0.534806000,0.176521000
52.215191,WATER_SWIRL_CENTER_SETTLE,-0.062022000,-0.534709000,0.176521000
52.225472,WATER_SWIRL_CENTER_SETTLE,-0.062517000,-0.534625000,0.176523000
52.235768,WATER_SWIRL_CENTER_SETTLE,-0.063009000,-0.534551000,0.176534000
52.246071,WATER_SWIRL_CENTER_SETTLE,-0.063490000,-0.534484000,0.176542000
52.256389,WATER_SWIRL_CENTER_SETTLE,-0.064033000,-0.534414000,0.176557000
52.266704,WATER_SWIRL_CENTER_SETTLE,-0.064539000,-0.534352000,0.176575000
52.277012,WATER_SWIRL_CENTER_SETTLE,-0.065048000,-0.534292000,0.176582000
52.287313,WATER_SWIRL_CENTER_SETTLE,-0.065607000,-0.534225000,0.176593000
52.297618,WATER_SWIRL_CENTER_SETTLE,-0.066137000,-0.534168000,0.176620000
52.307908,WATER_SWIRL_CENTER_SETTLE,-0.066659000,-0.534109000,0.176640000
52.318237,WATER_SWIRL_CENTER_SETTLE,-0.067217000,-0.534038000,0.176649000
52.328525,WATER_SWIRL_CENTER_SETTLE,-0.067726000,-0.533989000,0.176668000
52.338807,WATER_SWIRL_CENTER_SETTLE,-0.068222000,-0.533950000,0.176681000
52.349117,WATER_SWIRL_CENTER_SETTLE,-0.068737000,-0.533922000,0.176710000
52.359438,WATER_SWIRL_CENTER_SETTLE,-0.069314000,-0.533890000,0.176747000
52.369756,WATER_SWIRL_CENTER_SETTLE,-0.069824000,-0.533854000,0.176757000
52.380044,WATER_SWIRL_CENTER_SETTLE,-0.070320000,-0.533812000,0.176753000
52.401021,WATER_INIT,-0.071374000,-0.533732000,0.176781000
52.410956,WATER_INIT,-0.071880000,-0.533700000,0.176804000
52.420921,WATER_INIT,-0.072287000,-0.533671000,0.176738000
52.430931,WATER_INIT,-0.072502000,-0.533640000,0.176538000
52.440930,WATER_INIT,-0.072877000,-0.533675000,0.176595000
52.450929,WATER_INIT,-0.073304000,-0.533754000,0.176779000
52.460952,WATER_INIT,-0.073502000,-0.533809000,0.176811000
52.470931,WATER_INIT,-0.073546000,-0.533890000,0.176827000
52.480929,WATER_INIT,-0.073571000,-0.534059000,0.177016000
52.490918,WATER_INIT,-0.073536000,-0.534296000,0.177358000
52.500930,WATER_INIT,-0.073361000,-0.534564000,0.177753000
52.510911,WATER_INIT,-0.073189000,-0.534808000,0.178228000
52.520918,WATER_INIT,-0.072941000,-0.535018000,0.178657000
52.530908,WATER_INIT,-0.072640000,-0.535228000,0.179105000
52.540914,WATER_INIT,-0.072465000,-0.535451000,0.179699000
52.550929,WATER_INIT,-0.072419000,-0.535671000,0.180383000
52.560930,WATER_INIT,-0.072365000,-0.535815000,0.180958000
52.570928,WATER_INIT,-0.072274000,-0.535890000,0.181412000
52.580916,WATER_INIT,-0.072210000,-0.535922000,0.181846000
52.590901,WATER_INIT,-0.072155000,-0.535933000,0.182292000
52.600914,WATER_INIT,-0.072072000,-0.535945000,0.182756000
52.610901,WATER_INIT,-0.071991000,-0.535960000,0.183255000
52.620915,WATER_INIT,-0.071957000,-0.535968000,0.183773000
52.630900,WATER_INIT,-0.071942000,-0.535975000,0.184295000
52.640915,WATER_INIT,-0.071944000,-0.535981000,0.184810000
52.650921,WATER_INIT,-0.071994000,-0.535982000,0.185345000
52.660949,WATER_INIT,-0.072038000,-0.535967000,0.185852000
52.670918,WATER_INIT,-0.072049000,-0.535928000,0.186307000
52.680931,WATER_INIT,-0.072055000,-0.535907000,0.186791000
52.690914,WATER_INIT,-0.072102000,-0.535877000,0.187303000
52.700915,WATER_INIT,-0.072122000,-0.535862000,0.187819000
52.710912,WATER_INIT,-0.072105000,-0.535845000,0.188289000
52.720928,WATER_INIT,-0.072071000,-0.535838000,0.188754000
52.730904,WATER_INIT,-0.072064000,-0.535830000,0.189227000
52.740912,WATER_INIT,-0.072048000,-0.535822000,0.189696000
52.750932,WATER_INIT,-0.072032000,-0.535802000,0.190152000
52.760923,WATER_INIT,-0.072033000,-0.535785000,0.190639000
52.770919,WATER_INIT,-0.072066000,-0.535767000,0.191152000
52.780925,WATER_INIT,-0.072097000,-0.535740000,0.191634000
52.790904,WATER_INIT,-0.072091000,-0.535705000,0.192068000
52.800914,WATER_INIT,-0.072108000,-0.535671000,0.192507000
52.810898,WATER_INIT,-0.072157000,-0.535633000,0.192970000
52.820915,WATER_INIT,-0.072217000,-0.535607000,0.193456000
52.830892,WATER_INIT,-0.072256000,-0.535587000,0.193937000
52.840916,WATER_INIT,-0.072282000,-0.535560000,0.194410000
52.841006,WATER_INIT_SETTLE,-0.072282000,-0.535560000,0.194410000
52.851305,WATER_INIT_SETTLE,-0.072320000,-0.535519000,0.194946000
52.861605,WATER_INIT_SETTLE,-0.072384000,-0.535483000,0.195459000
52.871856,WATER_INIT_SETTLE,-0.072439000,-0.535458000,0.195970000
52.882165,WATER_INIT_SETTLE,-0.072470000,-0.535436000,0.196481000
52.892467,WATER_INIT_SETTLE,-0.072521000,-0.535410000,0.197031000
52.902754,WATER_INIT_SETTLE,-0.072551000,-0.535380000,0.197511000
52.913050,WATER_INIT_SETTLE,-0.072589000,-0.535353000,0.197999000
52.923356,WATER_INIT_SETTLE,-0.072650000,-0.535315000,0.198535000
52.933654,WATER_INIT_SETTLE,-0.072693000,-0.535285000,0.199033000
52.943987,WATER_INIT_SETTLE,-0.072722000,-0.535249000,0.199517000
52.954352,WATER_INIT_SETTLE,-0.072750000,-0.535215000,0.200067000
52.964680,WATER_INIT_SETTLE,-0.072787000,-0.535191000,0.200578000
52.974992,WATER_INIT_SETTLE,-0.072810000,-0.535172000,0.201091000
52.985297,WATER_INIT_SETTLE,-0.072826000,-0.535145000,0.201640000
52.995572,WATER_INIT_SETTLE,-0.072832000,-0.535133000,0.202144000
53.005806,WATER_INIT_SETTLE,-0.072847000,-0.535111000,0.202641000
53.016077,WATER_INIT_SETTLE,-0.072856000,-0.535095000,0.203134000
53.026272,WATER_INIT_SETTLE,-0.072879000,-0.535068000,0.203665000
53.036509,WATER_INIT_SETTLE,-0.072922000,-0.535042000,0.204157000
53.046824,WATER_INIT_SETTLE,-0.072970000,-0.535013000,0.204644000
53.057143,WATER_INIT_SETTLE,-0.073022000,-0.534988000,0.205144000
53.067511,WATER_INIT_SETTLE,-0.073093000,-0.534969000,0.205710000
53.077888,WATER_INIT_SETTLE,-0.073145000,-0.534949000,0.206213000
53.088215,WATER_INIT_SETTLE,-0.073156000,-0.534933000,0.206744000
53.098514,WATER_INIT_SETTLE,-0.073172000,-0.534937000,0.207258000
53.108860,WATER_INIT_SETTLE,-0.073206000,-0.534940000,0.207788000
53.119190,WATER_INIT_SETTLE,-0.073233000,-0.534960000,0.208335000
53.129498,WATER_INIT_SETTLE,-0.073276000,-0.534977000,0.208929000
53.139803,WATER_INIT_SETTLE,-0.073311000,-0.534979000,0.209435000
53.150139,WATER_INIT_SETTLE,-0.073369000,-0.534986000,0.209963000
53.160445,WATER_INIT_SETTLE,-0.073436000,-0.534989000,0.210533000
53.170757,WATER_INIT_SETTLE,-0.073470000,-0.535000000,0.211050000
53.181036,WATER_INIT_SETTLE,-0.073509000,-0.535016000,0.211576000
53.191321,WATER_INIT_SETTLE,-0.073560000,-0.535032000,0.212158000
53.201599,WATER_INIT_SETTLE,-0.073604000,-0.535055000,0.212692000
53.211887,WATER_INIT_SETTLE,-0.073619000,-0.535072000,0.213196000
53.222192,WATER_INIT_SETTLE,-0.073625000,-0.535095000,0.213696000
53.232481,WATER_INIT_SETTLE,-0.073634000,-0.535122000,0.214244000
53.242763,WATER_INIT_SETTLE,-0.073659000,-0.535144000,0.214743000
53.253060,WATER_INIT_SETTLE,-0.073674000,-0.535158000,0.215211000
53.263381,WATER_INIT_SETTLE,-0.073685000,-0.535182000,0.215732000
53.273679,WATER_INIT_SETTLE,-0.073704000,-0.535200000,0.216200000
53.283982,WATER_INIT_SETTLE,-0.073746000,-0.535212000,0.216674000
53.294279,WATER_INIT_SETTLE,-0.073809000,-0.535223000,0.217207000
53.304559,WATER_INIT_SETTLE,-0.073832000,-0.535240000,0.217682000
53.314850,WATER_INIT_SETTLE,-0.073851000,-0.535244000,0.218151000
53.325151,WATER_INIT_SETTLE,-0.073860000,-0.535258000,0.218629000
53.335449,WATER_INIT_SETTLE,-0.073901000,-0.535265000,0.219182000
53.345771,WATER_INIT_SETTLE,-0.073920000,-0.535280000,0.219689000
53.356076,WATER_INIT_SETTLE,-0.073922000,-0.535303000,0.220192000
53.366417,WATER_INIT_SETTLE,-0.073951000,-0.535320000,0.220759000
53.376725,WATER_INIT_SETTLE,-0.073972000,-0.535328000,0.221258000
53.387026,WATER_INIT_SETTLE,-0.073987000,-0.535332000,0.221743000
53.397334,WATER_INIT_SETTLE,-0.074007000,-0.535336000,0.222292000
53.407653,WATER_INIT_SETTLE,-0.074049000,-0.535332000,0.222798000
53.417954,WATER_INIT_SETTLE,-0.074077000,-0.535320000,0.223293000
53.428244,WATER_INIT_SETTLE,-0.074095000,-0.535310000,0.223830000
53.438541,WATER_INIT_SETTLE,-0.074101000,-0.535311000,0.224333000
53.448840,WATER_INIT_SETTLE,-0.074111000,-0.535296000,0.224825000
53.459157,WATER_INIT_SETTLE,-0.074093000,-0.535291000,0.225315000
53.469450,WATER_INIT_SETTLE,-0.074071000,-0.535283000,0.225851000
53.479746,WATER_INIT_SETTLE,-0.074064000,-0.535279000,0.226360000
53.490032,WATER_INIT_SETTLE,-0.074084000,-0.535262000,0.226871000
53.500316,WATER_INIT_SETTLE,-0.074107000,-0.535246000,0.227427000
53.510612,WATER_INIT_SETTLE,-0.074116000,-0.535222000,0.227899000
53.520895,WATER_INIT_SETTLE,-0.074115000,-0.535191000,0.228351000
53.531196,WATER_INIT_SETTLE,-0.074122000,-0.535157000,0.228858000
53.541481,WATER_INIT_SETTLE,-0.074154000,-0.535125000,0.229326000
53.551774,WATER_INIT_SETTLE,-0.074178000,-0.535087000,0.229777000
53.562076,WATER_INIT_SETTLE,-0.074202000,-0.535051000,0.230232000
53.572378,WATER_INIT_SETTLE,-0.074223000,-0.535020000,0.230739000
53.582655,WATER_INIT_SETTLE,-0.074259000,-0.534982000,0.231199000
53.592934,WATER_INIT_SETTLE,-0.074282000,-0.534946000,0.231656000
53.603247,WATER_INIT_SETTLE,-0.074309000,-0.534908000,0.232169000
53.613560,WATER_INIT_SETTLE,-0.074325000,-0.534885000,0.232648000
53.623893,WATER_INIT_SETTLE,-0.074347000,-0.534860000,0.233124000
53.634293,WATER_INIT_SETTLE,-0.074346000,-0.534839000,0.233644000
53.644639,WATER_INIT_SETTLE,-0.074326000,-0.534828000,0.234111000
53.654984,WATER_INIT_SETTLE,-0.074325000,-0.534818000,0.234591000
53.665374,WATER_INIT_SETTLE,-0.074329000,-0.534806000,0.235113000
53.675734,WATER_INIT_SETTLE,-0.074325000,-0.534790000,0.235569000
53.686083,WATER_INIT_SETTLE,-0.074334000,-0.534782000,0.236034000
53.696430,WATER_INIT_SETTLE,-0.074354000,-0.534776000,0.236551000
53.706750,WATER_INIT_SETTLE,-0.074363000,-0.534772000,0.237012000
53.717069,WATER_INIT_SETTLE,-0.074362000,-0.534770000,0.237472000
53.727402,WATER_INIT_SETTLE,-0.074377000,-0.534766000,0.237982000
53.737747,WATER_INIT_SETTLE,-0.074384000,-0.534758000,0.238444000
53.748070,WATER_INIT_SETTLE,-0.074384000,-0.534756000,0.238921000
53.758399,WATER_INIT_SETTLE,-0.074399000,-0.534755000,0.239458000
53.768730,WATER_INIT_SETTLE,-0.074419000,-0.534743000,0.239939000
53.779046,WATER_INIT_SETTLE,-0.074441000,-0.534736000,0.240430000
53.789383,WATER_INIT_SETTLE,-0.074470000,-0.534722000,0.240968000
53.799727,WATER_INIT_SETTLE,-0.074487000,-0.534715000,0.241459000
53.810047,WATER_INIT_SETTLE,-0.074506000,-0.534711000,0.241959000
53.820360,WATER_INIT_SETTLE,-0.074519000,-0.534703000,0.242493000
53.830674,WATER_INIT_SETTLE,-0.074531000,-0.534698000,0.242979000
53.840994,WATER_INIT_SETTLE,-0.074541000,-0.534698000,0.243460000
53.851325,WATER_INIT_SETTLE,-0.074562000,-0.534704000,0.243999000
53.861660,WATER_INIT_SETTLE,-0.074594000,-0.534718000,0.244500000
53.871927,WATER_INIT_SETTLE,-0.074622000,-0.534726000,0.244984000
53.882256,WATER_INIT_SETTLE,-0.074642000,-0.534726000,0.245493000
53.892602,WATER_INIT_SETTLE,-0.074669000,-0.534731000,0.245966000
53.902913,WATER_INIT_SETTLE,-0.074715000,-0.534743000,0.246464000
53.913258,WATER_INIT_SETTLE,-0.074759000,-0.534749000,0.246996000
53.923586,WATER_INIT_SETTLE,-0.074779000,-0.534749000,0.247455000
53.933917,WATER_INIT_SETTLE,-0.074810000,-0.534747000,0.247923000
53.944243,WATER_INIT_SETTLE,-0.074883000,-0.534742000,0.248466000
53.954570,WATER_INIT_SETTLE,-0.074937000,-0.534742000,0.248966000
53.964891,WATER_INIT_SETTLE,-0.074969000,-0.534743000,0.249446000
53.975228,WATER_INIT_SETTLE,-0.074993000,-0.534743000,0.249977000
53.985562,WATER_INIT_SETTLE,-0.075032000,-0.534745000,0.250485000
53.995883,WATER_INIT_SETTLE,-0.075070000,-0.534749000,0.250997000
54.006223,WATER_INIT_SETTLE,-0.075084000,-0.534761000,0.251547000
54.016542,WATER_INIT_SETTLE,-0.075096000,-0.534777000,0.252060000
54.026878,WATER_INIT_SETTLE,-0.075132000,-0.534787000,0.252586000
54.037216,WATER_INIT_SETTLE,-0.075175000,-0.534800000,0.253164000
54.047538,WATER_INIT_SETTLE,-0.075214000,-0.534812000,0.253688000
54.057858,WATER_INIT_SETTLE,-0.075254000,-0.534823000,0.254214000
54.068195,WATER_INIT_SETTLE,-0.075294000,-0.534831000,0.254782000
54.078566,WATER_INIT_SETTLE,-0.075331000,-0.534836000,0.255294000
54.088925,WATER_INIT_SETTLE,-0.075388000,-0.534842000,0.255819000
54.099281,WATER_INIT_SETTLE,-0.075446000,-0.534848000,0.256393000
54.370404,WATER_TO_NAPKIN_INIT_POS,-0.076140000,-0.533845000,0.261955000
54.380393,WATER_TO_NAPKIN_INIT_POS,-0.076109000,-0.533844000,0.261936000
54.390368,WATER_TO_NAPKIN_INIT_POS,-0.075981000,-0.533855000,0.261846000
54.400372,WATER_TO_NAPKIN_INIT_POS,-0.075627000,-0.533875000,0.261559000
54.410362,WATER_TO_NAPKIN_INIT_POS,-0.075320000,-0.533928000,0.261405000
54.420368,WATER_TO_NAPKIN_INIT_POS,-0.075223000,-0.534025000,0.261525000
54.430394,WATER_TO_NAPKIN_INIT_POS,-0.075109000,-0.534105000,0.261620000
54.440372,WATER_TO_NAPKIN_INIT_POS,-0.074891000,-0.534170000,0.261663000
54.450402,WATER_TO_NAPKIN_INIT_POS,-0.074678000,-0.534241000,0.261757000
54.460438,WATER_TO_NAPKIN_INIT_POS,-0.074339000,-0.534390000,0.261944000
54.470397,WATER_TO_NAPKIN_INIT_POS,-0.074004000,-0.534584000,0.262285000
54.480391,WATER_TO_NAPKIN_INIT_POS,-0.073719000,-0.534787000,0.262772000
54.490374,WATER_TO_NAPKIN_INIT_POS,-0.073393000,-0.534957000,0.263211000
54.500365,WATER_TO_NAPKIN_INIT_POS,-0.073168000,-0.535098000,0.263701000
54.510346,WATER_TO_NAPKIN_INIT_POS,-0.073140000,-0.535222000,0.264323000
54.520352,WATER_TO_NAPKIN_INIT_POS,-0.073117000,-0.535322000,0.264916000
54.530361,WATER_TO_NAPKIN_INIT_POS,-0.073135000,-0.535374000,0.265442000
54.540347,WATER_TO_NAPKIN_INIT_POS,-0.073205000,-0.535377000,0.265930000
54.550340,WATER_TO_NAPKIN_INIT_POS,-0.073320000,-0.535355000,0.266433000
54.560357,WATER_TO_NAPKIN_INIT_POS,-0.073427000,-0.535325000,0.266924000
54.570367,WATER_TO_NAPKIN_INIT_POS,-0.073491000,-0.535296000,0.267411000
54.580371,WATER_TO_NAPKIN_INIT_POS,-0.073499000,-0.535294000,0.267921000
54.590349,WATER_TO_NAPKIN_INIT_POS,-0.073466000,-0.535311000,0.268445000
54.600371,WATER_TO_NAPKIN_INIT_POS,-0.073449000,-0.535327000,0.268962000
54.610363,WATER_TO_NAPKIN_INIT_POS,-0.073460000,-0.535324000,0.269476000
54.620364,WATER_TO_NAPKIN_INIT_POS,-0.073496000,-0.535307000,0.269989000
54.630359,WATER_TO_NAPKIN_INIT_POS,-0.073544000,-0.535287000,0.270513000
54.640381,WATER_TO_NAPKIN_INIT_POS,-0.073590000,-0.535258000,0.271027000
54.650350,WATER_TO_NAPKIN_INIT_POS,-0.073618000,-0.535222000,0.271566000
54.660424,WATER_TO_NAPKIN_INIT_POS,-0.073623000,-0.535200000,0.272003000
54.670395,WATER_TO_NAPKIN_INIT_POS,-0.073633000,-0.535178000,0.272493000
54.680385,WATER_TO_NAPKIN_INIT_POS,-0.073635000,-0.535164000,0.272984000
54.690450,WATER_TO_NAPKIN_INIT_POS,-0.073636000,-0.535159000,0.273474000
54.700416,WATER_TO_NAPKIN_INIT_POS,-0.073629000,-0.535143000,0.273986000
54.710395,WATER_TO_NAPKIN_INIT_POS,-0.073629000,-0.535130000,0.274409000
54.720394,WATER_TO_NAPKIN_INIT_POS,-0.073644000,-0.535114000,0.274952000
54.730417,WATER_TO_NAPKIN_INIT_POS,-0.073670000,-0.535098000,0.275398000
54.740403,WATER_TO_NAPKIN_INIT_POS,-0.073678000,-0.535083000,0.275889000
54.750377,WATER_TO_NAPKIN_INIT_POS,-0.073676000,-0.535069000,0.276382000
54.760381,WATER_TO_NAPKIN_INIT_POS,-0.073681000,-0.535053000,0.276878000
54.770357,WATER_TO_NAPKIN_INIT_POS,-0.073684000,-0.535038000,0.277366000
54.780373,WATER_TO_NAPKIN_INIT_POS,-0.073689000,-0.535029000,0.277863000
54.790332,WATER_TO_NAPKIN_INIT_POS,-0.073678000,-0.535025000,0.278345000
54.800373,WATER_TO_NAPKIN_INIT_POS,-0.073643000,-0.535023000,0.278806000
54.810356,WATER_TO_NAPKIN_INIT_POS,-0.073622000,-0.535026000,0.279236000
54.820486,WATER_TO_NAPKIN_INIT_POS,-0.073625000,-0.535026000,0.279777000
54.830601,WATER_TO_NAPKIN_INIT_POS,-0.073638000,-0.535019000,0.280262000
54.840565,WATER_TO_NAPKIN_INIT_POS,-0.073618000,-0.535016000,0.280714000
54.850431,WATER_TO_NAPKIN_INIT_POS,-0.073597000,-0.535006000,0.281155000
54.860443,WATER_TO_NAPKIN_INIT_POS,-0.073593000,-0.535000000,0.281613000
54.870347,WATER_TO_NAPKIN_INIT_POS,-0.073606000,-0.534992000,0.282082000
54.880405,WATER_TO_NAPKIN_INIT_POS,-0.073605000,-0.534987000,0.282540000
54.890367,WATER_TO_NAPKIN_INIT_POS,-0.073595000,-0.534980000,0.282986000
54.900397,WATER_TO_NAPKIN_INIT_POS,-0.073584000,-0.534976000,0.283444000
54.910346,WATER_TO_NAPKIN_INIT_POS,-0.073569000,-0.534979000,0.283914000
54.910426,WATER_TO_NAPKIN_INIT_POS_SETTLE,-0.073569000,-0.534979000,0.283914000
54.920736,WATER_TO_NAPKIN_INIT_POS_SETTLE,-0.073568000,-0.534972000,0.284374000
54.931063,WATER_TO_NAPKIN_INIT_POS_SETTLE,-0.073547000,-0.534962000,0.284825000
54.941376,WATER_TO_NAPKIN_INIT_POS_SETTLE,-0.073526000,-0.534960000,0.285339000
54.951705,WATER_TO_NAPKIN_INIT_POS_SETTLE,-0.073521000,-0.534969000,0.285838000
54.962031,WATER_TO_NAPKIN_INIT_POS_SETTLE,-0.073508000,-0.534973000,0.286326000
54.972355,WATER_TO_NAPKIN_INIT_POS_SETTLE,-0.073478000,-0.534979000,0.286847000
54.982648,WATER_TO_NAPKIN_INIT_POS_SETTLE,-0.073449000,-0.534993000,0.287327000
54.992972,WATER_TO_NAPKIN_INIT_POS_SETTLE,-0.073443000,-0.535008000,0.287820000
55.003320,WATER_TO_NAPKIN_INIT_POS_SETTLE,-0.073444000,-0.535015000,0.288357000
55.013654,WATER_TO_NAPKIN_INIT_POS_SETTLE,-0.073447000,-0.535025000,0.288844000
55.023994,WATER_TO_NAPKIN_INIT_POS_SETTLE,-0.073444000,-0.535039000,0.289333000
55.034365,WATER_TO_NAPKIN_INIT_POS_SETTLE,-0.073452000,-0.535058000,0.289891000
55.044868,WATER_TO_NAPKIN_INIT_POS_SETTLE,-0.073438000,-0.535073000,0.290375000
55.055229,WATER_TO_NAPKIN_INIT_POS_SETTLE,-0.073409000,-0.535093000,0.290894000
55.065564,WATER_TO_NAPKIN_INIT_POS_SETTLE,-0.073410000,-0.535110000,0.291377000
55.075982,WATER_TO_NAPKIN_INIT_POS_SETTLE,-0.073429000,-0.535124000,0.291875000
55.086375,WATER_TO_NAPKIN_INIT_POS_SETTLE,-0.073459000,-0.535140000,0.292427000
55.096716,WATER_TO_NAPKIN_INIT_POS_SETTLE,-0.073496000,-0.535145000,0.292924000
55.107033,WATER_TO_NAPKIN_INIT_POS_SETTLE,-0.073528000,-0.535146000,0.293412000
55.117356,WATER_TO_NAPKIN_INIT_POS_SETTLE,-0.073573000,-0.535139000,0.293954000
55.127671,WATER_TO_NAPKIN_INIT_POS_SETTLE,-0.073600000,-0.535144000,0.294464000
55.137995,WATER_TO_NAPKIN_INIT_POS_SETTLE,-0.073608000,-0.535153000,0.294970000
55.148396,WATER_TO_NAPKIN_INIT_POS_SETTLE,-0.073599000,-0.535155000,0.295513000
55.158718,WATER_TO_NAPKIN_INIT_POS_SETTLE,-0.073604000,-0.535159000,0.296023000
55.169033,WATER_TO_NAPKIN_INIT_POS_SETTLE,-0.073623000,-0.535161000,0.296545000
55.179351,WATER_TO_NAPKIN_INIT_POS_SETTLE,-0.073651000,-0.535162000,0.297126000
55.189670,WATER_TO_NAPKIN_INIT_POS_SETTLE,-0.073682000,-0.535154000,0.297655000
55.199983,WATER_TO_NAPKIN_INIT_POS_SETTLE,-0.073727000,-0.535144000,0.298183000
55.210310,WATER_TO_NAPKIN_INIT_POS_SETTLE,-0.073775000,-0.535130000,0.298763000
55.220619,WATER_TO_NAPKIN_INIT_POS_SETTLE,-0.073810000,-0.535119000,0.299288000
55.230904,WATER_TO_NAPKIN_INIT_POS_SETTLE,-0.073834000,-0.535109000,0.299802000
55.241133,WATER_TO_NAPKIN_INIT_POS_SETTLE,-0.073844000,-0.535104000,0.300316000
55.251343,WATER_TO_NAPKIN_INIT_POS_SETTLE,-0.073854000,-0.535103000,0.300888000
55.261635,WATER_TO_NAPKIN_INIT_POS_SETTLE,-0.073871000,-0.535098000,0.301392000
55.272001,WATER_TO_NAPKIN_INIT_POS_SETTLE,-0.073898000,-0.535089000,0.301893000
55.282347,WATER_TO_NAPKIN_INIT_POS_SETTLE,-0.073938000,-0.535081000,0.302446000
55.292647,WATER_TO_NAPKIN_INIT_POS_SETTLE,-0.073964000,-0.535071000,0.302933000
55.302980,WATER_TO_NAPKIN_INIT_POS_SETTLE,-0.074004000,-0.535059000,0.303426000
55.313307,WATER_TO_NAPKIN_INIT_POS_SETTLE,-0.074047000,-0.535046000,0.303965000
55.323658,WATER_TO_NAPKIN_INIT_POS_SETTLE,-0.074057000,-0.535038000,0.304440000
55.334087,WATER_TO_NAPKIN_INIT_POS_SETTLE,-0.074066000,-0.535031000,0.304923000
55.344475,WATER_TO_NAPKIN_INIT_POS_SETTLE,-0.074071000,-0.535042000,0.305484000
55.354804,WATER_TO_NAPKIN_INIT_POS_SETTLE,-0.074071000,-0.535040000,0.305976000
55.365140,WATER_TO_NAPKIN_INIT_POS_SETTLE,-0.074080000,-0.535038000,0.306475000
55.375476,WATER_TO_NAPKIN_INIT_POS_SETTLE,-0.074111000,-0.535038000,0.307047000
55.385808,WATER_TO_NAPKIN_INIT_POS_SETTLE,-0.074135000,-0.535036000,0.307567000
55.396143,WATER_TO_NAPKIN_INIT_POS_SETTLE,-0.074129000,-0.535042000,0.308076000
55.406465,WATER_TO_NAPKIN_INIT_POS_SETTLE,-0.074127000,-0.535053000,0.308645000
55.416764,WATER_TO_NAPKIN_INIT_POS_SETTLE,-0.074138000,-0.535064000,0.309180000
55.427104,WATER_TO_NAPKIN_INIT_POS_SETTLE,-0.074140000,-0.535079000,0.309705000
55.437449,WATER_TO_NAPKIN_INIT_POS_SETTLE,-0.074131000,-0.535097000,0.310267000
55.447745,WATER_TO_NAPKIN_INIT_POS_SETTLE,-0.074135000,-0.535106000,0.310773000
55.457980,WATER_TO_NAPKIN_INIT_POS_SETTLE,-0.074161000,-0.535110000,0.311279000
55.468220,WATER_TO_NAPKIN_INIT_POS_SETTLE,-0.074199000,-0.535115000,0.311835000
55.478574,WATER_TO_NAPKIN_INIT_POS_SETTLE,-0.074215000,-0.535115000,0.312320000
55.488922,WATER_TO_NAPKIN_INIT_POS_SETTLE,-0.074215000,-0.535124000,0.312806000
55.499271,WATER_TO_NAPKIN_INIT_POS_SETTLE,-0.074224000,-0.535128000,0.313345000
55.509582,WATER_TO_NAPKIN_INIT_POS_SETTLE,-0.074232000,-0.535131000,0.313834000
55.519852,WATER_TO_NAPKIN_INIT_POS_SETTLE,-0.074234000,-0.535140000,0.314326000
55.530185,WATER_TO_NAPKIN_INIT_POS_SETTLE,-0.074228000,-0.535144000,0.314805000
55.540512,WATER_TO_NAPKIN_INIT_POS_SETTLE,-0.074235000,-0.535151000,0.315356000
55.550817,WATER_TO_NAPKIN_INIT_POS_SETTLE,-0.074247000,-0.535151000,0.315852000
55.561165,WATER_TO_NAPKIN_INIT_POS_SETTLE,-0.074254000,-0.535147000,0.316333000
55.571496,WATER_TO_NAPKIN_INIT_POS_SETTLE,-0.074256000,-0.535153000,0.316884000
55.581815,WATER_TO_NAPKIN_INIT_POS_SETTLE,-0.074266000,-0.535154000,0.317384000
55.592174,WATER_TO_NAPKIN_INIT_POS_SETTLE,-0.074267000,-0.535160000,0.317877000
55.602493,WATER_TO_NAPKIN_INIT_POS_SETTLE,-0.074246000,-0.535171000,0.318404000
55.612818,WATER_TO_NAPKIN_INIT_POS_SETTLE,-0.074235000,-0.535177000,0.318877000
55.623155,WATER_TO_NAPKIN_INIT_POS_SETTLE,-0.074228000,-0.535181000,0.319346000
55.633482,WATER_TO_NAPKIN_INIT_POS_SETTLE,-0.074218000,-0.535197000,0.319873000
55.643782,WATER_TO_NAPKIN_INIT_POS_SETTLE,-0.074226000,-0.535204000,0.320345000
55.654115,WATER_TO_NAPKIN_INIT_POS_SETTLE,-0.074240000,-0.535206000,0.320809000
55.664441,WATER_TO_NAPKIN_INIT_POS_SETTLE,-0.074245000,-0.535210000,0.321307000
55.674751,WATER_TO_NAPKIN_INIT_POS_SETTLE,-0.074248000,-0.535215000,0.321758000
55.685067,WATER_TO_NAPKIN_INIT_POS_SETTLE,-0.074249000,-0.535223000,0.322213000
55.695387,WATER_TO_NAPKIN_INIT_POS_SETTLE,-0.074244000,-0.535234000,0.322720000
55.705703,WATER_TO_NAPKIN_INIT_POS_SETTLE,-0.074234000,-0.535244000,0.323174000
55.716025,WATER_TO_NAPKIN_INIT_POS_SETTLE,-0.074215000,-0.535251000,0.323617000
55.726353,WATER_TO_NAPKIN_INIT_POS_SETTLE,-0.074209000,-0.535260000,0.324129000
55.736674,WATER_TO_NAPKIN_INIT_POS_SETTLE,-0.074225000,-0.535268000,0.324616000
55.747009,WATER_TO_NAPKIN_INIT_POS_SETTLE,-0.074235000,-0.535272000,0.325100000
55.757378,WATER_TO_NAPKIN_INIT_POS_SETTLE,-0.074232000,-0.535270000,0.325613000
55.767710,WATER_TO_NAPKIN_INIT_POS_SETTLE,-0.074240000,-0.535272000,0.326098000
55.778036,WATER_TO_NAPKIN_INIT_POS_SETTLE,-0.074261000,-0.535271000,0.326554000
55.788378,WATER_TO_NAPKIN_INIT_POS_SETTLE,-0.074275000,-0.535273000,0.327165000
55.798701,WATER_TO_NAPKIN_INIT_POS_SETTLE,-0.074267000,-0.535277000,0.327673000
55.809031,WATER_TO_NAPKIN_INIT_POS_SETTLE,-0.074273000,-0.535278000,0.328193000
55.819372,WATER_TO_NAPKIN_INIT_POS_SETTLE,-0.074299000,-0.535277000,0.328771000
55.829721,WATER_TO_NAPKIN_INIT_POS_SETTLE,-0.074327000,-0.535271000,0.329305000
55.840082,WATER_TO_NAPKIN_INIT_POS_SETTLE,-0.074343000,-0.535269000,0.329827000
55.850432,WATER_TO_NAPKIN_INIT_POS_SETTLE,-0.074356000,-0.535264000,0.330399000
55.860756,WATER_TO_NAPKIN_INIT_POS_SETTLE,-0.074390000,-0.535259000,0.330936000
55.871079,WATER_TO_NAPKIN_INIT_POS_SETTLE,-0.074414000,-0.535257000,0.331466000
55.881399,WATER_TO_NAPKIN_INIT_POS_SETTLE,-0.074441000,-0.535250000,0.332034000
55.891723,WATER_TO_NAPKIN_INIT_POS_SETTLE,-0.074478000,-0.535244000,0.332561000
55.902047,WATER_TO_NAPKIN_INIT_POS_SETTLE,-0.074517000,-0.535234000,0.333084000
55.912381,WATER_TO_NAPKIN_INIT_POS_SETTLE,-0.074555000,-0.535226000,0.333650000
55.922679,WATER_TO_NAPKIN_INIT_POS_SETTLE,-0.074579000,-0.535219000,0.334151000
55.932986,WATER_TO_NAPKIN_INIT_POS_SETTLE,-0.074604000,-0.535216000,0.334659000
55.943288,WATER_TO_NAPKIN_INIT_POS_SETTLE,-0.074639000,-0.535211000,0.335229000
55.953602,WATER_TO_NAPKIN_INIT_POS_SETTLE,-0.074670000,-0.535202000,0.335742000
55.963906,WATER_TO_NAPKIN_INIT_POS_SETTLE,-0.074697000,-0.535199000,0.336252000
55.974232,WATER_TO_NAPKIN_INIT_POS_SETTLE,-0.074734000,-0.535192000,0.336818000
55.984580,WATER_TO_NAPKIN_INIT_POS_SETTLE,-0.074774000,-0.535185000,0.337340000
55.994892,WATER_TO_NAPKIN_INIT_POS_SETTLE,-0.074803000,-0.535181000,0.337862000
56.005264,WATER_TO_NAPKIN_INIT_POS_SETTLE,-0.074821000,-0.535177000,0.338376000
56.015578,WATER_TO_NAPKIN_INIT_POS_SETTLE,-0.074842000,-0.535169000,0.338934000
56.025867,WATER_TO_NAPKIN_INIT_POS_SETTLE,-0.074863000,-0.535162000,0.339457000
56.036242,WATER_TO_NAPKIN_INIT_POS_SETTLE,-0.074900000,-0.535154000,0.340037000
56.046567,WATER_TO_NAPKIN_INIT_POS_SETTLE,-0.074933000,-0.535143000,0.340558000
56.056906,WATER_TO_NAPKIN_INIT_POS_SETTLE,-0.074952000,-0.535134000,0.341061000
56.067234,WATER_TO_NAPKIN_INIT_POS_SETTLE,-0.074978000,-0.535128000,0.341620000
56.077636,WATER_TO_NAPKIN_INIT_POS_SETTLE,-0.075020000,-0.535114000,0.342124000
56.087993,WATER_TO_NAPKIN_INIT_POS_SETTLE,-0.075050000,-0.535106000,0.342626000
56.098325,WATER_TO_NAPKIN_INIT_POS_SETTLE,-0.075081000,-0.535101000,0.343176000
56.108669,WATER_TO_NAPKIN_INIT_POS_SETTLE,-0.075097000,-0.535095000,0.343664000
56.118993,WATER_TO_NAPKIN_INIT_POS_SETTLE,-0.075127000,-0.535087000,0.344161000
56.129316,WATER_TO_NAPKIN_INIT_POS_SETTLE,-0.075151000,-0.535079000,0.344697000
56.139659,WATER_TO_NAPKIN_INIT_POS_SETTLE,-0.075178000,-0.535070000,0.345173000
56.150001,WATER_TO_NAPKIN_INIT_POS_SETTLE,-0.075210000,-0.535059000,0.345646000
56.160326,WATER_TO_NAPKIN_INIT_POS_SETTLE,-0.075242000,-0.535048000,0.346173000
56.170622,WATER_TO_NAPKIN_INIT_POS_SETTLE,-0.075272000,-0.535036000,0.346654000
56.180934,WATER_TO_NAPKIN_INIT_POS_SETTLE,-0.075285000,-0.535027000,0.347073000
56.191279,WATER_TO_NAPKIN_INIT_POS_SETTLE,-0.075284000,-0.535015000,0.347623000
56.201653,WATER_TO_NAPKIN_INIT_POS_SETTLE,-0.075314000,-0.534998000,0.348110000
56.211997,WATER_TO_NAPKIN_INIT_POS_SETTLE,-0.075347000,-0.534980000,0.348606000
56.222348,WATER_TO_NAPKIN_INIT_POS_SETTLE,-0.075349000,-0.534966000,0.349121000
56.232692,WATER_TO_NAPKIN_INIT_POS_SETTLE,-0.075344000,-0.534952000,0.349589000
56.243077,WATER_TO_NAPKIN_INIT_POS_SETTLE,-0.075350000,-0.534939000,0.350078000
56.253413,WATER_TO_NAPKIN_INIT_POS_SETTLE,-0.075357000,-0.534929000,0.350624000
56.263736,WATER_TO_NAPKIN_INIT_POS_SETTLE,-0.075351000,-0.534916000,0.351111000
56.274056,WATER_TO_NAPKIN_INIT_POS_SETTLE,-0.075331000,-0.534907000,0.351602000
56.284377,WATER_TO_NAPKIN_INIT_POS_SETTLE,-0.075326000,-0.534897000,0.352156000
56.294671,WATER_TO_NAPKIN_INIT_POS_SETTLE,-0.075334000,-0.534878000,0.352651000
56.304984,WATER_TO_NAPKIN_INIT_POS_SETTLE,-0.075330000,-0.534864000,0.353138000
56.315321,WATER_TO_NAPKIN_INIT_POS_SETTLE,-0.075327000,-0.534846000,0.353668000
56.325678,WATER_TO_NAPKIN_INIT_POS_SETTLE,-0.075329000,-0.534833000,0.354103000
56.336027,WATER_TO_NAPKIN_INIT_POS_SETTLE,-0.075341000,-0.534816000,0.354637000
56.346367,WATER_TO_NAPKIN_INIT_POS_SETTLE,-0.075348000,-0.534798000,0.355164000
56.356685,WATER_TO_NAPKIN_INIT_POS_SETTLE,-0.075354000,-0.534783000,0.355631000
56.367009,WATER_TO_NAPKIN_INIT_POS_SETTLE,-0.075347000,-0.534770000,0.356094000
56.377329,WATER_TO_NAPKIN_INIT_POS_SETTLE,-0.075351000,-0.534759000,0.356625000
56.387628,WATER_TO_NAPKIN_INIT_POS_SETTLE,-0.075352000,-0.534751000,0.357106000
56.397972,WATER_TO_NAPKIN_INIT_POS_SETTLE,-0.075357000,-0.534735000,0.357578000
56.408291,WATER_TO_NAPKIN_INIT_POS_SETTLE,-0.075354000,-0.534724000,0.358103000
56.418590,WATER_TO_NAPKIN_INIT_POS_SETTLE,-0.075365000,-0.534713000,0.358601000
56.428883,WATER_TO_NAPKIN_INIT_POS_SETTLE,-0.075384000,-0.534704000,0.359059000
56.439207,WATER_TO_NAPKIN_INIT_POS_SETTLE,-0.075381000,-0.534696000,0.359651000
56.449517,WATER_TO_NAPKIN_INIT_POS_SETTLE,-0.075362000,-0.534696000,0.360136000
56.459820,WATER_TO_NAPKIN_INIT_POS_SETTLE,-0.075353000,-0.534697000,0.360640000
56.470140,WATER_TO_NAPKIN_INIT_POS_SETTLE,-0.075351000,-0.534699000,0.361155000
56.480457,WATER_TO_NAPKIN_INIT_POS_SETTLE,-0.075365000,-0.534693000,0.361720000
56.490739,WATER_TO_NAPKIN_INIT_POS_SETTLE,-0.075380000,-0.534686000,0.362230000
56.761851,NAPKIN_LIFT1_POS,-0.076221000,-0.534041000,0.367980000
56.771828,NAPKIN_LIFT1_POS,-0.076230000,-0.534035000,0.368015000
56.781823,NAPKIN_LIFT1_POS,-0.076110000,-0.534057000,0.367950000
56.791804,NAPKIN_LIFT1_POS,-0.075791000,-0.534115000,0.367696000
56.801813,NAPKIN_LIFT1_POS,-0.075435000,-0.534195000,0.367405000
56.811801,NAPKIN_LIFT1_POS,-0.075103000,-0.534287000,0.367110000
56.821819,NAPKIN_LIFT1_POS,-0.074848000,-0.534336000,0.366733000
56.831821,NAPKIN_LIFT1_POS,-0.074698000,-0.534364000,0.366391000
56.841825,NAPKIN_LIFT1_POS,-0.074758000,-0.534385000,0.366207000
56.851808,NAPKIN_LIFT1_POS,-0.074753000,-0.534389000,0.365951000
56.861828,NAPKIN_LIFT1_POS,-0.074619000,-0.534408000,0.365615000
56.871810,NAPKIN_LIFT1_POS,-0.074557000,-0.534430000,0.365419000
56.881806,NAPKIN_LIFT1_POS,-0.074546000,-0.534468000,0.365305000
56.891797,NAPKIN_LIFT1_POS,-0.074619000,-0.534517000,0.365293000
56.901802,NAPKIN_LIFT1_POS,-0.074865000,-0.534553000,0.365436000
56.911798,NAPKIN_LIFT1_POS,-0.075259000,-0.534567000,0.365644000
56.921797,NAPKIN_LIFT1_POS,-0.075671000,-0.534568000,0.365796000
56.931792,NAPKIN_LIFT1_POS,-0.076195000,-0.534509000,0.365892000
56.941797,NAPKIN_LIFT1_POS,-0.076870000,-0.534397000,0.365991000
56.951796,NAPKIN_LIFT1_POS,-0.077619000,-0.534242000,0.366048000
56.961820,NAPKIN_LIFT1_POS,-0.078362000,-0.534094000,0.366088000
56.971799,NAPKIN_LIFT1_POS,-0.079044000,-0.533975000,0.366124000
56.981802,NAPKIN_LIFT1_POS,-0.079670000,-0.533884000,0.366173000
56.991791,NAPKIN_LIFT1_POS,-0.080234000,-0.533820000,0.366206000
57.001799,NAPKIN_LIFT1_POS,-0.080755000,-0.533764000,0.366206000
57.011801,NAPKIN_LIFT1_POS,-0.081266000,-0.533714000,0.366205000
57.021800,NAPKIN_LIFT1_POS,-0.081773000,-0.533668000,0.366206000
57.031802,NAPKIN_LIFT1_POS,-0.082264000,-0.533630000,0.366202000
57.041802,NAPKIN_LIFT1_POS,-0.082764000,-0.533589000,0.366193000
57.051789,NAPKIN_LIFT1_POS,-0.083283000,-0.533549000,0.366198000
57.061816,NAPKIN_LIFT1_POS,-0.083761000,-0.533512000,0.366214000
57.071808,NAPKIN_LIFT1_POS,-0.084330000,-0.533474000,0.366226000
57.081893,NAPKIN_LIFT1_POS,-0.084828000,-0.533449000,0.366231000
57.091809,NAPKIN_LIFT1_POS,-0.085323000,-0.533423000,0.366224000
57.101806,NAPKIN_LIFT1_POS,-0.085832000,-0.533393000,0.366215000
57.111808,NAPKIN_LIFT1_POS,-0.086350000,-0.533359000,0.366204000
57.121806,NAPKIN_LIFT1_POS,-0.086871000,-0.533322000,0.366191000
57.131799,NAPKIN_LIFT1_POS,-0.087385000,-0.533293000,0.366195000
57.141800,NAPKIN_LIFT1_POS,-0.087891000,-0.533262000,0.366196000
57.151788,NAPKIN_LIFT1_POS,-0.088395000,-0.533230000,0.366198000
57.161815,NAPKIN_LIFT1_POS,-0.088891000,-0.533199000,0.366197000
57.171798,NAPKIN_LIFT1_POS,-0.089389000,-0.533168000,0.366192000
57.181801,NAPKIN_LIFT1_POS,-0.089898000,-0.533140000,0.366200000
57.191789,NAPKIN_LIFT1_POS,-0.090411000,-0.533111000,0.366211000
57.201797,NAPKIN_LIFT1_POS,-0.090925000,-0.533083000,0.366224000
57.211791,NAPKIN_LIFT1_POS,-0.091449000,-0.533049000,0.366243000
57.221795,NAPKIN_LIFT1_POS,-0.091970000,-0.533007000,0.366256000
57.231820,NAPKIN_LIFT1_POS,-0.092471000,-0.532965000,0.366262000
57.241804,NAPKIN_LIFT1_POS,-0.092966000,-0.532924000,0.366272000
57.251798,NAPKIN_LIFT1_POS,-0.093466000,-0.532883000,0.366291000
57.261797,NAPKIN_LIFT1_POS,-0.093959000,-0.532843000,0.366309000
57.271792,NAPKIN_LIFT1_POS,-0.094403000,-0.532811000,0.366325000
57.281793,NAPKIN_LIFT1_POS,-0.094963000,-0.532769000,0.366352000
57.291786,NAPKIN_LIFT1_POS,-0.095469000,-0.532735000,0.366376000
57.301793,NAPKIN_LIFT1_POS,-0.095965000,-0.532697000,0.366388000
57.311788,NAPKIN_LIFT1_POS,-0.096452000,-0.532663000,0.366396000
57.321818,NAPKIN_LIFT1_POS,-0.096894000,-0.532626000,0.366406000
57.331861,NAPKIN_LIFT1_POS,-0.097420000,-0.532586000,0.366416000
57.341785,NAPKIN_LIFT1_POS,-0.097897000,-0.532551000,0.366422000
57.351819,NAPKIN_LIFT1_POS,-0.098372000,-0.532520000,0.366423000
57.361794,NAPKIN_LIFT1_POS,-0.098847000,-0.532494000,0.366416000
57.371818,NAPKIN_LIFT1_POS,-0.099326000,-0.532469000,0.366412000
57.381796,NAPKIN_LIFT1_POS,-0.099815000,-0.532443000,0.366410000
57.391830,NAPKIN_LIFT1_POS,-0.100300000,-0.532425000,0.366408000
57.401758,NAPKIN_LIFT1_POS,-0.100778000,-0.532408000,0.366399000
57.411820,NAPKIN_LIFT1_POS,-0.101265000,-0.532391000,0.366396000
57.421797,NAPKIN_LIFT1_POS,-0.101758000,-0.532374000,0.366398000
57.431811,NAPKIN_LIFT1_POS,-0.102246000,-0.532362000,0.366391000
57.441808,NAPKIN_LIFT1_POS,-0.102744000,-0.532357000,0.366395000
57.451813,NAPKIN_LIFT1_POS,-0.103257000,-0.532356000,0.366412000
57.461803,NAPKIN_LIFT1_POS,-0.103758000,-0.532355000,0.366406000
57.471795,NAPKIN_LIFT1_POS,-0.104250000,-0.532357000,0.366387000
57.481799,NAPKIN_LIFT1_POS,-0.104758000,-0.532360000,0.366379000
57.491800,NAPKIN_LIFT1_POS,-0.105278000,-0.532362000,0.366380000
57.501794,NAPKIN_LIFT1_POS,-0.105797000,-0.532366000,0.366383000
57.511806,NAPKIN_LIFT1_POS,-0.106311000,-0.532368000,0.366380000
57.521825,NAPKIN_LIFT1_POS,-0.106816000,-0.532377000,0.366374000
57.531793,NAPKIN_LIFT1_POS,-0.107316000,-0.532385000,0.366354000
57.541814,NAPKIN_LIFT1_POS,-0.107809000,-0.532388000,0.366321000
57.551806,NAPKIN_LIFT1_POS,-0.108322000,-0.532393000,0.366312000
57.561820,NAPKIN_LIFT1_POS,-0.108847000,-0.532389000,0.366307000
57.571798,NAPKIN_LIFT1_POS,-0.109359000,-0.532387000,0.366298000
57.581794,NAPKIN_LIFT1_POS,-0.109852000,-0.532387000,0.366284000
57.591795,NAPKIN_LIFT1_POS,-0.110296000,-0.532382000,0.366278000
57.601790,NAPKIN_LIFT1_POS,-0.110852000,-0.532372000,0.366285000
57.611809,NAPKIN_LIFT1_POS,-0.111358000,-0.532355000,0.366294000
57.621787,NAPKIN_LIFT1_POS,-0.111796000,-0.532344000,0.366302000
57.631799,NAPKIN_LIFT1_POS,-0.112304000,-0.532320000,0.366318000
57.641787,NAPKIN_LIFT1_POS,-0.112900000,-0.532278000,0.366356000
57.651807,NAPKIN_LIFT1_POS,-0.113420000,-0.532244000,0.366383000
57.661791,NAPKIN_LIFT1_POS,-0.113929000,-0.532212000,0.366408000
57.671803,NAPKIN_LIFT1_POS,-0.114395000,-0.532179000,0.366439000
57.681790,NAPKIN_LIFT1_POS,-0.114964000,-0.532133000,0.366482000
57.691810,NAPKIN_LIFT1_POS,-0.115485000,-0.532094000,0.366534000
57.701802,NAPKIN_LIFT1_POS,-0.116001000,-0.532049000,0.366572000
57.711790,NAPKIN_LIFT1_POS,-0.116499000,-0.532006000,0.366592000
57.721797,NAPKIN_LIFT1_POS,-0.117003000,-0.531964000,0.366619000
57.731782,NAPKIN_LIFT1_POS,-0.117501000,-0.531932000,0.366651000
57.741801,NAPKIN_LIFT1_POS,-0.118010000,-0.531894000,0.366681000
57.751780,NAPKIN_LIFT1_POS,-0.118499000,-0.531866000,0.366701000
57.761804,NAPKIN_LIFT1_POS,-0.118978000,-0.531839000,0.366714000
57.761883,NAPKIN_LIFT1_POS_SETTLE,-0.118978000,-0.531839000,0.366714000
57.772164,NAPKIN_LIFT1_POS_SETTLE,-0.119471000,-0.531811000,0.366740000
57.782447,NAPKIN_LIFT1_POS_SETTLE,-0.120008000,-0.531780000,0.366744000
57.792837,NAPKIN_LIFT1_POS_SETTLE,-0.120440000,-0.531759000,0.366738000
57.803064,NAPKIN_LIFT1_POS_SETTLE,-0.120987000,-0.531731000,0.366732000
57.813343,NAPKIN_LIFT1_POS_SETTLE,-0.121533000,-0.531715000,0.366734000
57.823680,NAPKIN_LIFT1_POS_SETTLE,-0.122025000,-0.531704000,0.366733000
57.834013,NAPKIN_LIFT1_POS_SETTLE,-0.122503000,-0.531699000,0.366720000
57.844323,NAPKIN_LIFT1_POS_SETTLE,-0.123040000,-0.531694000,0.366702000
57.854616,NAPKIN_LIFT1_POS_SETTLE,-0.123537000,-0.531689000,0.366687000
57.864933,NAPKIN_LIFT1_POS_SETTLE,-0.124053000,-0.531680000,0.366687000
57.875218,NAPKIN_LIFT1_POS_SETTLE,-0.124618000,-0.531674000,0.366691000
57.885530,NAPKIN_LIFT1_POS_SETTLE,-0.125121000,-0.531673000,0.366673000
57.895838,NAPKIN_LIFT1_POS_SETTLE,-0.125621000,-0.531671000,0.366652000
57.906128,NAPKIN_LIFT1_POS_SETTLE,-0.126129000,-0.531669000,0.366645000
57.916421,NAPKIN_LIFT1_POS_SETTLE,-0.126679000,-0.531670000,0.366642000
57.926703,NAPKIN_LIFT1_POS_SETTLE,-0.127130000,-0.531674000,0.366642000
57.936989,NAPKIN_LIFT1_POS_SETTLE,-0.127671000,-0.531682000,0.366641000
57.947265,NAPKIN_LIFT1_POS_SETTLE,-0.128206000,-0.531685000,0.366632000
57.957551,NAPKIN_LIFT1_POS_SETTLE,-0.128698000,-0.531684000,0.366633000
57.967850,NAPKIN_LIFT1_POS_SETTLE,-0.129202000,-0.531679000,0.366651000
57.978131,NAPKIN_LIFT1_POS_SETTLE,-0.129654000,-0.531667000,0.366667000
57.988420,NAPKIN_LIFT1_POS_SETTLE,-0.130240000,-0.531654000,0.366679000
57.998701,NAPKIN_LIFT1_POS_SETTLE,-0.130719000,-0.531642000,0.366683000
58.008993,NAPKIN_LIFT1_POS_SETTLE,-0.131210000,-0.531629000,0.366708000
58.019278,NAPKIN_LIFT1_POS_SETTLE,-0.131755000,-0.531611000,0.366740000
58.029540,NAPKIN_LIFT1_POS_SETTLE,-0.132236000,-0.531594000,0.366761000
58.039810,NAPKIN_LIFT1_POS_SETTLE,-0.132727000,-0.531569000,0.366788000
58.050091,NAPKIN_LIFT1_POS_SETTLE,-0.133225000,-0.531540000,0.366818000
58.060409,NAPKIN_LIFT1_POS_SETTLE,-0.133716000,-0.531512000,0.366843000
58.070695,NAPKIN_LIFT1_POS_SETTLE,-0.134278000,-0.531473000,0.366874000
58.081054,NAPKIN_LIFT1_POS_SETTLE,-0.134780000,-0.531441000,0.366903000
58.091431,NAPKIN_LIFT1_POS_SETTLE,-0.135322000,-0.531412000,0.366925000
58.101718,NAPKIN_LIFT1_POS_SETTLE,-0.135833000,-0.531380000,0.366954000
58.112010,NAPKIN_LIFT1_POS_SETTLE,-0.136367000,-0.531340000,0.366993000
58.122297,NAPKIN_LIFT1_POS_SETTLE,-0.136946000,-0.531298000,0.367030000
58.132573,NAPKIN_LIFT1_POS_SETTLE,-0.137464000,-0.531257000,0.367043000
58.142870,NAPKIN_LIFT1_POS_SETTLE,-0.137981000,-0.531221000,0.367051000
58.153175,NAPKIN_LIFT1_POS_SETTLE,-0.138507000,-0.531186000,0.367069000
58.163454,NAPKIN_LIFT1_POS_SETTLE,-0.139093000,-0.531153000,0.367097000
58.173724,NAPKIN_LIFT1_POS_SETTLE,-0.139634000,-0.531125000,0.367125000
58.184020,NAPKIN_LIFT1_POS_SETTLE,-0.140168000,-0.531097000,0.367136000
58.194323,NAPKIN_LIFT1_POS_SETTLE,-0.140749000,-0.531070000,0.367134000
58.204588,NAPKIN_LIFT1_POS_SETTLE,-0.141210000,-0.531055000,0.367128000
58.214874,NAPKIN_LIFT1_POS_SETTLE,-0.141735000,-0.531039000,0.367134000
58.225159,NAPKIN_LIFT1_POS_SETTLE,-0.142318000,-0.531023000,0.367147000
58.235454,NAPKIN_LIFT1_POS_SETTLE,-0.142903000,-0.530999000,0.367147000
58.245752,NAPKIN_LIFT1_POS_SETTLE,-0.143400000,-0.530987000,0.367117000
58.256057,NAPKIN_LIFT1_POS_SETTLE,-0.143890000,-0.530980000,0.367095000
58.266359,NAPKIN_LIFT1_POS_SETTLE,-0.144391000,-0.530971000,0.367090000
58.276662,NAPKIN_LIFT1_POS_SETTLE,-0.144947000,-0.530958000,0.367087000
58.287034,NAPKIN_LIFT1_POS_SETTLE,-0.145442000,-0.530950000,0.367082000
58.297405,NAPKIN_LIFT1_POS_SETTLE,-0.145928000,-0.530947000,0.367074000
58.307752,NAPKIN_LIFT1_POS_SETTLE,-0.146457000,-0.530944000,0.367063000
58.318098,NAPKIN_LIFT1_POS_SETTLE,-0.146924000,-0.530944000,0.367050000
58.328475,NAPKIN_LIFT1_POS_SETTLE,-0.147447000,-0.530933000,0.367042000
58.338883,NAPKIN_LIFT1_POS_SETTLE,-0.147937000,-0.530920000,0.367047000
58.349279,NAPKIN_LIFT1_POS_SETTLE,-0.148416000,-0.530911000,0.367048000
58.359654,NAPKIN_LIFT1_POS_SETTLE,-0.148926000,-0.530906000,0.367047000
58.370039,NAPKIN_LIFT1_POS_SETTLE,-0.149388000,-0.530899000,0.367044000
58.380410,NAPKIN_LIFT1_POS_SETTLE,-0.149900000,-0.530892000,0.367037000
58.390859,NAPKIN_LIFT1_POS_SETTLE,-0.150436000,-0.530873000,0.367037000
58.401283,NAPKIN_LIFT1_POS_SETTLE,-0.150924000,-0.530853000,0.367037000
58.411705,NAPKIN_LIFT1_POS_SETTLE,-0.151359000,-0.530844000,0.367032000
58.422126,NAPKIN_LIFT1_POS_SETTLE,-0.151891000,-0.530822000,0.367011000
58.432519,NAPKIN_LIFT1_POS_SETTLE,-0.152432000,-0.530803000,0.366999000
58.442978,NAPKIN_LIFT1_POS_SETTLE,-0.152937000,-0.530782000,0.366995000
58.453403,NAPKIN_LIFT1_POS_SETTLE,-0.153457000,-0.530756000,0.367002000
58.463880,NAPKIN_LIFT1_POS_SETTLE,-0.153979000,-0.530731000,0.367016000
58.474277,NAPKIN_LIFT1_POS_SETTLE,-0.154594000,-0.530708000,0.367021000
58.484626,NAPKIN_LIFT1_POS_SETTLE,-0.155102000,-0.530689000,0.367015000
58.494986,NAPKIN_LIFT1_POS_SETTLE,-0.155563000,-0.530669000,0.367012000
58.505323,NAPKIN_LIFT1_POS_SETTLE,-0.156191000,-0.530646000,0.367035000
58.515642,NAPKIN_LIFT1_POS_SETTLE,-0.156713000,-0.530629000,0.367065000
58.526010,NAPKIN_LIFT1_POS_SETTLE,-0.157231000,-0.530608000,0.367077000
58.536415,NAPKIN_LIFT1_POS_SETTLE,-0.157795000,-0.530583000,0.367087000
58.546846,NAPKIN_LIFT1_POS_SETTLE,-0.158311000,-0.530555000,0.367096000
58.557609,NAPKIN_LIFT1_POS_SETTLE,-0.158876000,-0.530524000,0.367118000
58.568000,NAPKIN_LIFT1_POS_SETTLE,-0.159392000,-0.530497000,0.367142000
58.578377,NAPKIN_LIFT1_POS_SETTLE,-0.159949000,-0.530469000,0.367164000
58.588718,NAPKIN_LIFT1_POS_SETTLE,-0.160431000,-0.530440000,0.367164000
58.599069,NAPKIN_LIFT1_POS_SETTLE,-0.160880000,-0.530412000,0.367179000
58.609427,NAPKIN_LIFT1_POS_SETTLE,-0.161503000,-0.530365000,0.367221000
58.619786,NAPKIN_LIFT1_POS_SETTLE,-0.162010000,-0.530329000,0.367251000
58.630145,NAPKIN_LIFT1_POS_SETTLE,-0.162449000,-0.530304000,0.367267000
58.640480,NAPKIN_LIFT1_POS_SETTLE,-0.163036000,-0.530269000,0.367290000
58.650707,NAPKIN_LIFT1_POS_SETTLE,-0.163539000,-0.530234000,0.367313000
58.660956,NAPKIN_LIFT1_POS_SETTLE,-0.164048000,-0.530198000,0.367338000
58.671201,NAPKIN_LIFT1_POS_SETTLE,-0.164597000,-0.530165000,0.367355000
58.681438,NAPKIN_LIFT1_POS_SETTLE,-0.165074000,-0.530146000,0.367362000
58.691652,NAPKIN_LIFT1_POS_SETTLE,-0.165571000,-0.530123000,0.367377000
58.701857,NAPKIN_LIFT1_POS_SETTLE,-0.166063000,-0.530102000,0.367383000
58.712065,NAPKIN_LIFT1_POS_SETTLE,-0.166512000,-0.530075000,0.367380000
58.722375,NAPKIN_LIFT1_POS_SETTLE,-0.167120000,-0.530044000,0.367387000
58.732723,NAPKIN_LIFT1_POS_SETTLE,-0.167632000,-0.530012000,0.367394000
58.743066,NAPKIN_LIFT1_POS_SETTLE,-0.168088000,-0.529987000,0.367387000
58.753415,NAPKIN_LIFT1_POS_SETTLE,-0.168693000,-0.529963000,0.367382000
58.763869,NAPKIN_LIFT1_POS_SETTLE,-0.169197000,-0.529946000,0.367377000
58.774242,NAPKIN_LIFT1_POS_SETTLE,-0.169748000,-0.529931000,0.367367000
58.784561,NAPKIN_LIFT1_POS_SETTLE,-0.170247000,-0.529926000,0.367372000
58.794864,NAPKIN_LIFT1_POS_SETTLE,-0.170694000,-0.529925000,0.367378000
58.805216,NAPKIN_LIFT1_POS_SETTLE,-0.171232000,-0.529925000,0.367379000
58.815543,NAPKIN_LIFT1_POS_SETTLE,-0.171782000,-0.529926000,0.367389000
58.825906,NAPKIN_LIFT1_POS_SETTLE,-0.172279000,-0.529921000,0.367386000
58.836291,NAPKIN_LIFT1_POS_SETTLE,-0.172815000,-0.529924000,0.367371000
58.846649,NAPKIN_LIFT1_POS_SETTLE,-0.173257000,-0.529927000,0.367375000
58.856932,NAPKIN_LIFT1_POS_SETTLE,-0.173776000,-0.529923000,0.367407000
58.867277,NAPKIN_LIFT1_POS_SETTLE,-0.174374000,-0.529924000,0.367420000
58.877619,NAPKIN_LIFT1_POS_SETTLE,-0.174799000,-0.529923000,0.367395000
58.887954,NAPKIN_LIFT1_POS_SETTLE,-0.175324000,-0.529922000,0.367378000
58.898294,NAPKIN_LIFT1_POS_SETTLE,-0.175831000,-0.529919000,0.367403000
58.908605,NAPKIN_LIFT1_POS_SETTLE,-0.176403000,-0.529909000,0.367441000
58.918925,NAPKIN_LIFT1_POS_SETTLE,-0.176907000,-0.529905000,0.367456000
58.929264,NAPKIN_LIFT1_POS_SETTLE,-0.177407000,-0.529902000,0.367465000
58.939571,NAPKIN_LIFT1_POS_SETTLE,-0.177918000,-0.529894000,0.367478000
58.949885,NAPKIN_LIFT1_POS_SETTLE,-0.178437000,-0.529882000,0.367501000
58.960211,NAPKIN_LIFT1_POS_SETTLE,-0.179065000,-0.529863000,0.367528000
58.970526,NAPKIN_LIFT1_POS_SETTLE,-0.179585000,-0.529843000,0.367544000
58.980848,NAPKIN_LIFT1_POS_SETTLE,-0.180054000,-0.529825000,0.367565000
58.991191,NAPKIN_LIFT1_POS_SETTLE,-0.180686000,-0.529786000,0.367575000
59.001519,NAPKIN_LIFT1_POS_SETTLE,-0.181151000,-0.529768000,0.367590000
59.011833,NAPKIN_LIFT1_POS_SETTLE,-0.181671000,-0.529741000,0.367611000
59.022166,NAPKIN_LIFT1_POS_SETTLE,-0.182190000,-0.529713000,0.367630000
59.032487,NAPKIN_LIFT1_POS_SETTLE,-0.182756000,-0.529683000,0.367643000
59.042793,NAPKIN_LIFT1_POS_SETTLE,-0.183261000,-0.529660000,0.367656000
59.053119,NAPKIN_LIFT1_POS_SETTLE,-0.183767000,-0.529634000,0.367678000
59.063475,NAPKIN_LIFT1_POS_SETTLE,-0.184335000,-0.529595000,0.367694000
59.073888,NAPKIN_LIFT1_POS_SETTLE,-0.184844000,-0.529562000,0.367707000
59.084321,NAPKIN_LIFT1_POS_SETTLE,-0.185406000,-0.529529000,0.367733000
59.094657,NAPKIN_LIFT1_POS_SETTLE,-0.185911000,-0.529498000,0.367754000
59.104984,NAPKIN_LIFT1_POS_SETTLE,-0.186406000,-0.529471000,0.367772000
59.115297,NAPKIN_LIFT1_POS_SETTLE,-0.186957000,-0.529436000,0.367787000
59.125601,NAPKIN_LIFT1_POS_SETTLE,-0.187451000,-0.529406000,0.367796000
59.135967,NAPKIN_LIFT1_POS_SETTLE,-0.187935000,-0.529391000,0.367815000
59.146339,NAPKIN_LIFT1_POS_SETTLE,-0.188483000,-0.529367000,0.367839000
59.156663,NAPKIN_LIFT1_POS_SETTLE,-0.188976000,-0.529344000,0.367842000
59.166999,NAPKIN_LIFT1_POS_SETTLE,-0.189456000,-0.529326000,0.367828000
59.177322,NAPKIN_LIFT1_POS_SETTLE,-0.189990000,-0.529308000,0.367808000
59.187615,NAPKIN_LIFT1_POS_SETTLE,-0.190485000,-0.529295000,0.367815000
59.197920,NAPKIN_LIFT1_POS_SETTLE,-0.191001000,-0.529270000,0.367822000
59.208244,NAPKIN_LIFT1_POS_SETTLE,-0.191548000,-0.529252000,0.367810000
59.218570,NAPKIN_LIFT1_POS_SETTLE,-0.192049000,-0.529227000,0.367783000
59.228875,NAPKIN_LIFT1_POS_SETTLE,-0.192545000,-0.529213000,0.367762000
59.239208,NAPKIN_LIFT1_POS_SETTLE,-0.193093000,-0.529199000,0.367758000
59.249523,NAPKIN_LIFT1_POS_SETTLE,-0.193585000,-0.529187000,0.367745000
59.259838,NAPKIN_LIFT1_POS_SETTLE,-0.194075000,-0.529174000,0.367724000
59.270174,NAPKIN_LIFT1_POS_SETTLE,-0.194566000,-0.529159000,0.367709000
59.280475,NAPKIN_LIFT1_POS_SETTLE,-0.195111000,-0.529138000,0.367703000
59.290795,NAPKIN_LIFT1_POS_SETTLE,-0.195611000,-0.529117000,0.367703000
59.301128,NAPKIN_LIFT1_POS_SETTLE,-0.196101000,-0.529095000,0.367691000
59.311438,NAPKIN_LIFT1_POS_SETTLE,-0.196634000,-0.529075000,0.367681000
59.321749,NAPKIN_LIFT1_POS_SETTLE,-0.197113000,-0.529057000,0.367668000
59.332051,NAPKIN_LIFT1_POS_SETTLE,-0.197589000,-0.529036000,0.367654000
59.342367,NAPKIN_LIFT1_POS_SETTLE,-0.198119000,-0.529014000,0.367654000
59.352703,NAPKIN_LIFT1_POS_SETTLE,-0.198604000,-0.528992000,0.367665000
59.363017,NAPKIN_LIFT1_POS_SETTLE,-0.199082000,-0.528978000,0.367677000
59.373389,NAPKIN_LIFT1_POS_SETTLE,-0.199610000,-0.528955000,0.367680000
59.383744,NAPKIN_LIFT1_POS_SETTLE,-0.200110000,-0.528921000,0.367692000
59.394059,NAPKIN_LIFT1_POS_SETTLE,-0.200628000,-0.528883000,0.367709000
59.404371,NAPKIN_LIFT1_POS_SETTLE,-0.201165000,-0.528863000,0.367711000
59.414703,NAPKIN_LIFT1_POS_SETTLE,-0.201662000,-0.528844000,0.367719000
59.425011,NAPKIN_LIFT1_POS_SETTLE,-0.202187000,-0.528816000,0.367742000
59.435325,NAPKIN_LIFT1_POS_SETTLE,-0.202770000,-0.528783000,0.367764000
59.445618,NAPKIN_LIFT1_POS_SETTLE,-0.203298000,-0.528751000,0.367780000
59.455946,NAPKIN_LIFT1_POS_SETTLE,-0.203811000,-0.528727000,0.367792000
59.466259,NAPKIN_LIFT1_POS_SETTLE,-0.204381000,-0.528702000,0.367821000
59.476563,NAPKIN_LIFT1_POS_SETTLE,-0.204911000,-0.528673000,0.367846000
59.486880,NAPKIN_LIFT1_POS_SETTLE,-0.205437000,-0.528648000,0.367879000
59.497211,NAPKIN_LIFT1_POS_SETTLE,-0.206007000,-0.528624000,0.367907000
59.507522,NAPKIN_LIFT1_POS_SETTLE,-0.206518000,-0.528601000,0.367918000
59.517864,NAPKIN_LIFT1_POS_SETTLE,-0.207032000,-0.528580000,0.367929000
59.528184,NAPKIN_LIFT1_POS_SETTLE,-0.207553000,-0.528557000,0.367955000
59.538490,NAPKIN_LIFT1_POS_SETTLE,-0.208137000,-0.528530000,0.367996000
59.548815,NAPKIN_LIFT1_POS_SETTLE,-0.208650000,-0.528506000,0.368010000
59.559143,NAPKIN_LIFT1_POS_SETTLE,-0.209151000,-0.528486000,0.368018000
59.569511,NAPKIN_LIFT1_POS_SETTLE,-0.209704000,-0.528460000,0.368014000
59.579882,NAPKIN_LIFT1_POS_SETTLE,-0.210206000,-0.528443000,0.368025000
59.590280,NAPKIN_LIFT1_POS_SETTLE,-0.210756000,-0.528428000,0.368043000
59.600632,NAPKIN_LIFT1_POS_SETTLE,-0.211264000,-0.528412000,0.368063000
59.610975,NAPKIN_LIFT1_POS_SETTLE,-0.211764000,-0.528396000,0.368071000
59.621310,NAPKIN_LIFT1_POS_SETTLE,-0.212318000,-0.528372000,0.368074000
59.631641,NAPKIN_LIFT1_POS_SETTLE,-0.212823000,-0.528351000,0.368075000
59.641963,NAPKIN_LIFT1_POS_SETTLE,-0.213324000,-0.528336000,0.368079000
59.652285,NAPKIN_LIFT1_POS_SETTLE,-0.213885000,-0.528312000,0.368076000
59.662627,NAPKIN_LIFT1_POS_SETTLE,-0.214400000,-0.528282000,0.368078000
59.672961,NAPKIN_LIFT1_POS_SETTLE,-0.214910000,-0.528258000,0.368079000
59.683327,NAPKIN_LIFT1_POS_SETTLE,-0.215449000,-0.528234000,0.368062000
59.693655,NAPKIN_LIFT1_POS_SETTLE,-0.215932000,-0.528219000,0.368043000
59.703989,NAPKIN_LIFT1_POS_SETTLE,-0.216417000,-0.528198000,0.368024000
59.714312,NAPKIN_LIFT1_POS_SETTLE,-0.216953000,-0.528172000,0.368004000
59.724616,NAPKIN_LIFT1_POS_SETTLE,-0.217443000,-0.528149000,0.367986000
59.734917,NAPKIN_LIFT1_POS_SETTLE,-0.217931000,-0.528124000,0.367974000
59.745257,NAPKIN_LIFT1_POS_SETTLE,-0.218457000,-0.528106000,0.367968000
59.755880,NAPKIN_LIFT1_POS_SETTLE,-0.218930000,-0.528085000,0.367949000
59.766215,NAPKIN_LIFT1_POS_SETTLE,-0.219449000,-0.528059000,0.367920000
59.776527,NAPKIN_LIFT1_POS_SETTLE,-0.219909000,-0.528048000,0.367894000
59.786846,NAPKIN_LIFT1_POS_SETTLE,-0.220377000,-0.528036000,0.367878000
59.797185,NAPKIN_LIFT1_POS_SETTLE,-0.220870000,-0.528016000,0.367885000
59.807491,NAPKIN_LIFT1_POS_SETTLE,-0.221413000,-0.527998000,0.367890000
59.817815,NAPKIN_LIFT1_POS_SETTLE,-0.221885000,-0.527992000,0.367873000
59.828148,NAPKIN_LIFT1_POS_SETTLE,-0.222358000,-0.527985000,0.367852000
59.838479,NAPKIN_LIFT1_POS_SETTLE,-0.222910000,-0.527965000,0.367841000
59.848799,NAPKIN_LIFT1_POS_SETTLE,-0.223417000,-0.527946000,0.367830000
59.859123,NAPKIN_LIFT1_POS_SETTLE,-0.223926000,-0.527933000,0.367831000
59.869458,NAPKIN_LIFT1_POS_SETTLE,-0.224485000,-0.527923000,0.367836000
59.879765,NAPKIN_LIFT1_POS_SETTLE,-0.224997000,-0.527909000,0.367843000
59.890104,NAPKIN_LIFT1_POS_SETTLE,-0.225502000,-0.527898000,0.367838000
59.900431,NAPKIN_LIFT1_POS_SETTLE,-0.226059000,-0.527881000,0.367834000
59.910732,NAPKIN_LIFT1_POS_SETTLE,-0.226572000,-0.527865000,0.367851000
59.921047,NAPKIN_LIFT1_POS_SETTLE,-0.227083000,-0.527856000,0.367885000
59.931374,NAPKIN_LIFT1_POS_SETTLE,-0.227640000,-0.527840000,0.367895000
59.941662,NAPKIN_LIFT1_POS_SETTLE,-0.228137000,-0.527832000,0.367900000
59.951977,NAPKIN_LIFT1_POS_SETTLE,-0.228648000,-0.527816000,0.367922000
59.962299,NAPKIN_LIFT1_POS_SETTLE,-0.229225000,-0.527794000,0.367968000
59.972606,NAPKIN_LIFT1_POS_SETTLE,-0.229724000,-0.527783000,0.367991000
59.982920,NAPKIN_LIFT1_POS_SETTLE,-0.230213000,-0.527776000,0.368011000
59.993239,NAPKIN_LIFT1_POS_SETTLE,-0.230760000,-0.527764000,0.368027000
60.003558,NAPKIN_LIFT1_POS_SETTLE,-0.231260000,-0.527747000,0.368046000
60.013863,NAPKIN_LIFT1_POS_SETTLE,-0.231739000,-0.527746000,0.368071000
60.024186,NAPKIN_LIFT1_POS_SETTLE,-0.232236000,-0.527743000,0.368113000
60.034498,NAPKIN_LIFT1_POS_SETTLE,-0.232799000,-0.527723000,0.368167000
60.044856,NAPKIN_LIFT1_POS_SETTLE,-0.233319000,-0.527698000,0.368200000
60.055126,NAPKIN_LIFT1_POS_SETTLE,-0.233831000,-0.527674000,0.368213000
60.065494,NAPKIN_LIFT1_POS_SETTLE,-0.234397000,-0.527645000,0.368236000
60.075838,NAPKIN_LIFT1_POS_SETTLE,-0.234918000,-0.527618000,0.368271000
60.086258,NAPKIN_LIFT1_POS_SETTLE,-0.235496000,-0.527582000,0.368314000
60.096612,NAPKIN_LIFT1_POS_SETTLE,-0.236021000,-0.527551000,0.368352000
60.106989,NAPKIN_LIFT1_POS_SETTLE,-0.236530000,-0.527521000,0.368374000
60.117323,NAPKIN_LIFT1_POS_SETTLE,-0.237091000,-0.527485000,0.368405000
60.127667,NAPKIN_LIFT1_POS_SETTLE,-0.237614000,-0.527439000,0.368429000
60.138012,NAPKIN_LIFT1_POS_SETTLE,-0.238104000,-0.527417000,0.368434000
60.148388,NAPKIN_LIFT1_POS_SETTLE,-0.238656000,-0.527379000,0.368433000
60.158755,NAPKIN_LIFT1_POS_SETTLE,-0.239176000,-0.527338000,0.368451000
60.169135,NAPKIN_LIFT1_POS_SETTLE,-0.239694000,-0.527299000,0.368471000
60.179503,NAPKIN_LIFT1_POS_SETTLE,-0.240228000,-0.527273000,0.368463000
60.189856,NAPKIN_LIFT1_POS_SETTLE,-0.240717000,-0.527248000,0.368455000
60.200208,NAPKIN_LIFT1_POS_SETTLE,-0.241203000,-0.527225000,0.368438000
60.210522,NAPKIN_LIFT1_POS_SETTLE,-0.241728000,-0.527207000,0.368418000
60.220847,NAPKIN_LIFT1_POS_SETTLE,-0.242198000,-0.527193000,0.368377000
60.231178,NAPKIN_LIFT1_POS_SETTLE,-0.242688000,-0.527182000,0.368362000
60.241486,NAPKIN_LIFT1_POS_SETTLE,-0.243251000,-0.527160000,0.368364000
60.251808,NAPKIN_LIFT1_POS_SETTLE,-0.243751000,-0.527144000,0.368363000
60.262149,NAPKIN_LIFT1_POS_SETTLE,-0.244228000,-0.527142000,0.368338000
60.272460,NAPKIN_LIFT1_POS_SETTLE,-0.244747000,-0.527138000,0.368307000
60.282773,NAPKIN_LIFT1_POS_SETTLE,-0.245224000,-0.527127000,0.368271000
60.293112,NAPKIN_LIFT1_POS_SETTLE,-0.245700000,-0.527124000,0.368237000
60.303473,NAPKIN_LIFT1_POS_SETTLE,-0.246228000,-0.527123000,0.368219000
60.313819,NAPKIN_LIFT1_POS_SETTLE,-0.246727000,-0.527116000,0.368226000
60.324177,NAPKIN_LIFT1_POS_SETTLE,-0.247207000,-0.527116000,0.368212000
60.334494,NAPKIN_LIFT1_POS_SETTLE,-0.247730000,-0.527109000,0.368172000
60.344821,NAPKIN_LIFT1_POS_SETTLE,-0.248207000,-0.527102000,0.368138000
60.355187,NAPKIN_LIFT1_POS_SETTLE,-0.248674000,-0.527098000,0.368107000
60.365514,NAPKIN_LIFT1_POS_SETTLE,-0.249191000,-0.527102000,0.368104000
60.375852,NAPKIN_LIFT1_POS_SETTLE,-0.249663000,-0.527107000,0.368107000
60.386202,NAPKIN_LIFT1_POS_SETTLE,-0.250146000,-0.527107000,0.368107000
60.396519,NAPKIN_LIFT1_POS_SETTLE,-0.250687000,-0.527100000,0.368105000
60.406832,NAPKIN_LIFT1_POS_SETTLE,-0.251177000,-0.527096000,0.368103000
60.417180,NAPKIN_LIFT1_POS_SETTLE,-0.251680000,-0.527079000,0.368092000
60.427505,NAPKIN_LIFT1_POS_SETTLE,-0.252226000,-0.527066000,0.368094000
60.437842,NAPKIN_LIFT1_POS_SETTLE,-0.252736000,-0.527049000,0.368107000
60.448172,NAPKIN_LIFT1_POS_SETTLE,-0.253228000,-0.527037000,0.368106000
60.458482,NAPKIN_LIFT1_POS_SETTLE,-0.253782000,-0.527021000,0.368121000
60.468785,NAPKIN_LIFT1_POS_SETTLE,-0.254291000,-0.526999000,0.368142000
60.479097,NAPKIN_LIFT1_POS_SETTLE,-0.254811000,-0.526971000,0.368168000
60.489419,NAPKIN_LIFT1_POS_SETTLE,-0.255373000,-0.526934000,0.368186000
60.499735,NAPKIN_LIFT1_POS_SETTLE,-0.255889000,-0.526894000,0.368205000
60.510037,NAPKIN_LIFT1_POS_SETTLE,-0.256401000,-0.526851000,0.368217000
60.520389,NAPKIN_LIFT1_POS_SETTLE,-0.256975000,-0.526801000,0.368243000
60.530735,NAPKIN_LIFT1_POS_SETTLE,-0.257489000,-0.526760000,0.368267000
60.541029,NAPKIN_LIFT1_POS_SETTLE,-0.257989000,-0.526729000,0.368283000
60.551395,NAPKIN_LIFT1_POS_SETTLE,-0.258552000,-0.526679000,0.368300000
60.561718,NAPKIN_LIFT1_POS_SETTLE,-0.259062000,-0.526634000,0.368312000
60.572091,NAPKIN_LIFT1_POS_SETTLE,-0.259560000,-0.526599000,0.368314000
60.582452,NAPKIN_LIFT1_POS_SETTLE,-0.260127000,-0.526545000,0.368322000
60.592793,NAPKIN_LIFT1_POS_SETTLE,-0.260654000,-0.526493000,0.368340000
60.603137,NAPKIN_LIFT1_POS_SETTLE,-0.261177000,-0.526448000,0.368350000
60.613529,NAPKIN_LIFT1_POS_SETTLE,-0.261754000,-0.526400000,0.368350000
60.623847,NAPKIN_LIFT1_POS_SETTLE,-0.262285000,-0.526357000,0.368362000
60.634183,NAPKIN_LIFT1_POS_SETTLE,-0.262800000,-0.526323000,0.368363000
60.644485,NAPKIN_LIFT1_POS_SETTLE,-0.263355000,-0.526294000,0.368360000
60.654864,NAPKIN_LIFT1_POS_SETTLE,-0.263861000,-0.526267000,0.368364000
60.665207,NAPKIN_LIFT1_POS_SETTLE,-0.264423000,-0.526233000,0.368375000
60.675498,NAPKIN_LIFT1_POS_SETTLE,-0.264934000,-0.526203000,0.368381000
60.685812,NAPKIN_LIFT1_POS_SETTLE,-0.265426000,-0.526187000,0.368385000
60.696131,NAPKIN_LIFT1_POS_SETTLE,-0.265913000,-0.526171000,0.368390000
60.706431,NAPKIN_LIFT1_POS_SETTLE,-0.266470000,-0.526144000,0.368397000
60.716731,NAPKIN_LIFT1_POS_SETTLE,-0.266965000,-0.526132000,0.368400000
60.727021,NAPKIN_LIFT1_POS_SETTLE,-0.267447000,-0.526130000,0.368404000
60.737350,NAPKIN_LIFT1_POS_SETTLE,-0.267989000,-0.526122000,0.368419000
60.747708,NAPKIN_LIFT1_POS_SETTLE,-0.268484000,-0.526118000,0.368441000
61.018822,NAPKIN_S1_POS,-0.274991000,-0.527528000,0.368386000
61.028821,NAPKIN_S1_POS,-0.274996000,-0.527528000,0.368374000
61.038816,NAPKIN_S1_POS,-0.274955000,-0.527550000,0.368293000
61.048828,NAPKIN_S1_POS,-0.274710000,-0.527707000,0.367988000
61.058823,NAPKIN_S1_POS,-0.274397000,-0.527905000,0.367598000
61.068849,NAPKIN_S1_POS,-0.274207000,-0.528011000,0.367158000
61.078835,NAPKIN_S1_POS,-0.274105000,-0.528068000,0.366669000
61.088893,NAPKIN_S1_POS,-0.274044000,-0.528121000,0.366174000
61.098841,NAPKIN_S1_POS,-0.274082000,-0.528138000,0.365819000
61.108793,NAPKIN_S1_POS,-0.274009000,-0.528177000,0.365292000
61.118903,NAPKIN_S1_POS,-0.273747000,-0.528289000,0.364557000
61.128815,NAPKIN_S1_POS,-0.273471000,-0.528401000,0.363776000
61.138892,NAPKIN_S1_POS,-0.273311000,-0.528479000,0.363145000
61.148848,NAPKIN_S1_POS,-0.273229000,-0.528548000,0.362688000
61.158814,NAPKIN_S1_POS,-0.273183000,-0.528622000,0.362354000
61.168735,NAPKIN_S1_POS,-0.273157000,-0.528689000,0.362043000
61.178822,NAPKIN_S1_POS,-0.273185000,-0.528683000,0.361658000
61.188817,NAPKIN_S1_POS,-0.273256000,-0.528620000,0.361191000
61.198873,NAPKIN_S1_POS,-0.273347000,-0.528509000,0.360701000
61.208838,NAPKIN_S1_POS,-0.273437000,-0.528407000,0.360221000
61.218821,NAPKIN_S1_POS,-0.273479000,-0.528346000,0.359719000
61.228813,NAPKIN_S1_POS,-0.273515000,-0.528317000,0.359254000
61.238822,NAPKIN_S1_POS,-0.273565000,-0.528300000,0.358830000
61.248819,NAPKIN_S1_POS,-0.273589000,-0.528299000,0.358379000
61.258805,NAPKIN_S1_POS,-0.273584000,-0.528309000,0.357920000
61.268853,NAPKIN_S1_POS,-0.273589000,-0.528310000,0.357486000
61.278889,NAPKIN_S1_POS,-0.273609000,-0.528285000,0.357034000
61.288836,NAPKIN_S1_POS,-0.273652000,-0.528235000,0.356582000
61.298818,NAPKIN_S1_POS,-0.273720000,-0.528174000,0.356142000
61.308811,NAPKIN_S1_POS,-0.273774000,-0.528121000,0.355677000
61.318771,NAPKIN_S1_POS,-0.273826000,-0.528088000,0.355242000
61.328731,NAPKIN_S1_POS,-0.273887000,-0.528062000,0.354844000
61.338717,NAPKIN_S1_POS,-0.273921000,-0.528047000,0.354401000
61.348705,NAPKIN_S1_POS,-0.273942000,-0.528036000,0.353946000
61.358713,NAPKIN_S1_POS,-0.273973000,-0.528009000,0.353508000
61.368703,NAPKIN_S1_POS,-0.274010000,-0.527973000,0.353075000
61.378719,NAPKIN_S1_POS,-0.274027000,-0.527937000,0.352621000
61.378762,NAPKIN_S1_POS_SETTLE,-0.274027000,-0.527937000,0.352621000
61.388954,NAPKIN_S1_POS_SETTLE,-0.274025000,-0.527905000,0.352144000
61.399169,NAPKIN_S1_POS_SETTLE,-0.274059000,-0.527861000,0.351654000
61.409369,NAPKIN_S1_POS_SETTLE,-0.274108000,-0.527824000,0.351223000
61.419561,NAPKIN_S1_POS_SETTLE,-0.274127000,-0.527804000,0.350756000
61.429768,NAPKIN_S1_POS_SETTLE,-0.274128000,-0.527789000,0.350260000
61.439994,NAPKIN_S1_POS_SETTLE,-0.274143000,-0.527767000,0.349767000
61.450250,NAPKIN_S1_POS_SETTLE,-0.274154000,-0.527744000,0.349229000
61.460519,NAPKIN_S1_POS_SETTLE,-0.274158000,-0.527721000,0.348729000
61.470782,NAPKIN_S1_POS_SETTLE,-0.274164000,-0.527699000,0.348244000
61.481018,NAPKIN_S1_POS_SETTLE,-0.274194000,-0.527669000,0.347774000
61.491238,NAPKIN_S1_POS_SETTLE,-0.274245000,-0.527631000,0.347267000
61.501421,NAPKIN_S1_POS_SETTLE,-0.274246000,-0.527618000,0.346747000
61.511614,NAPKIN_S1_POS_SETTLE,-0.274219000,-0.527624000,0.346183000
61.521791,NAPKIN_S1_POS_SETTLE,-0.274242000,-0.527609000,0.345677000
61.531998,NAPKIN_S1_POS_SETTLE,-0.274280000,-0.527589000,0.345195000
61.542192,NAPKIN_S1_POS_SETTLE,-0.274283000,-0.527575000,0.344615000
61.552385,NAPKIN_S1_POS_SETTLE,-0.274294000,-0.527563000,0.344111000
61.562586,NAPKIN_S1_POS_SETTLE,-0.274329000,-0.527533000,0.343607000
61.572781,NAPKIN_S1_POS_SETTLE,-0.274345000,-0.527513000,0.343077000
61.582972,NAPKIN_S1_POS_SETTLE,-0.274343000,-0.527504000,0.342527000
61.593170,NAPKIN_S1_POS_SETTLE,-0.274352000,-0.527490000,0.341949000
61.603366,NAPKIN_S1_POS_SETTLE,-0.274344000,-0.527489000,0.341416000
61.613574,NAPKIN_S1_POS_SETTLE,-0.274339000,-0.527487000,0.340896000
61.623798,NAPKIN_S1_POS_SETTLE,-0.274350000,-0.527479000,0.340392000
61.634079,NAPKIN_S1_POS_SETTLE,-0.274371000,-0.527462000,0.339888000
61.644402,NAPKIN_S1_POS_SETTLE,-0.274363000,-0.527453000,0.339285000
61.654703,NAPKIN_S1_POS_SETTLE,-0.274351000,-0.527448000,0.338742000
61.665042,NAPKIN_S1_POS_SETTLE,-0.274365000,-0.527432000,0.338212000
61.675409,NAPKIN_S1_POS_SETTLE,-0.274367000,-0.527423000,0.337612000
61.685778,NAPKIN_S1_POS_SETTLE,-0.274364000,-0.527426000,0.337080000
61.696120,NAPKIN_S1_POS_SETTLE,-0.274375000,-0.527420000,0.336537000
61.706468,NAPKIN_S1_POS_SETTLE,-0.274388000,-0.527417000,0.335936000
61.716791,NAPKIN_S1_POS_SETTLE,-0.274402000,-0.527411000,0.335386000
61.727128,NAPKIN_S1_POS_SETTLE,-0.274418000,-0.527402000,0.334851000
61.737458,NAPKIN_S1_POS_SETTLE,-0.274423000,-0.527399000,0.334286000
61.747780,NAPKIN_S1_POS_SETTLE,-0.274407000,-0.527405000,0.333756000
61.758107,NAPKIN_S1_POS_SETTLE,-0.274389000,-0.527418000,0.333190000
61.768455,NAPKIN_S1_POS_SETTLE,-0.274389000,-0.527426000,0.332706000
61.778763,NAPKIN_S1_POS_SETTLE,-0.274403000,-0.527429000,0.332241000
61.789058,NAPKIN_S1_POS_SETTLE,-0.274410000,-0.527435000,0.331761000
61.799363,NAPKIN_S1_POS_SETTLE,-0.274423000,-0.527436000,0.331227000
61.809663,NAPKIN_S1_POS_SETTLE,-0.274449000,-0.527423000,0.330757000
61.819964,NAPKIN_S1_POS_SETTLE,-0.274479000,-0.527405000,0.330288000
61.830255,NAPKIN_S1_POS_SETTLE,-0.274496000,-0.527386000,0.329735000
61.840543,NAPKIN_S1_POS_SETTLE,-0.274515000,-0.527378000,0.329278000
61.850827,NAPKIN_S1_POS_SETTLE,-0.274519000,-0.527373000,0.328788000
61.861175,NAPKIN_S1_POS_SETTLE,-0.274509000,-0.527368000,0.328256000
61.871501,NAPKIN_S1_POS_SETTLE,-0.274519000,-0.527363000,0.327711000
61.881813,NAPKIN_S1_POS_SETTLE,-0.274550000,-0.527343000,0.327222000
61.892124,NAPKIN_S1_POS_SETTLE,-0.274579000,-0.527323000,0.326731000
61.902441,NAPKIN_S1_POS_SETTLE,-0.274612000,-0.527302000,0.326205000
61.912733,NAPKIN_S1_POS_SETTLE,-0.274646000,-0.527270000,0.325712000
61.923025,NAPKIN_S1_POS_SETTLE,-0.274663000,-0.527244000,0.325204000
61.933330,NAPKIN_S1_POS_SETTLE,-0.274670000,-0.527224000,0.324665000
61.943636,NAPKIN_S1_POS_SETTLE,-0.274680000,-0.527204000,0.324180000
61.953962,NAPKIN_S1_POS_SETTLE,-0.274692000,-0.527187000,0.323704000
61.964283,NAPKIN_S1_POS_SETTLE,-0.274702000,-0.527178000,0.323193000
61.974589,NAPKIN_S1_POS_SETTLE,-0.274717000,-0.527160000,0.322721000
61.984907,NAPKIN_S1_POS_SETTLE,-0.274746000,-0.527139000,0.322262000
61.995212,NAPKIN_S1_POS_SETTLE,-0.274797000,-0.527103000,0.321780000
62.005510,NAPKIN_S1_POS_SETTLE,-0.274845000,-0.527064000,0.321316000
62.015829,NAPKIN_S1_POS_SETTLE,-0.274871000,-0.527032000,0.320831000
62.026148,NAPKIN_S1_POS_SETTLE,-0.274915000,-0.526999000,0.320371000
62.036453,NAPKIN_S1_POS_SETTLE,-0.274956000,-0.526967000,0.319868000
62.046732,NAPKIN_S1_POS_SETTLE,-0.274975000,-0.526944000,0.319377000
62.057070,NAPKIN_S1_POS_SETTLE,-0.274991000,-0.526926000,0.318896000
62.067384,NAPKIN_S1_POS_SETTLE,-0.275038000,-0.526902000,0.318418000
62.077695,NAPKIN_S1_POS_SETTLE,-0.275066000,-0.526873000,0.317944000
62.088020,NAPKIN_S1_POS_SETTLE,-0.275075000,-0.526855000,0.317468000
62.098389,NAPKIN_S1_POS_SETTLE,-0.275112000,-0.526827000,0.316983000
62.108694,NAPKIN_S1_POS_SETTLE,-0.275116000,-0.526809000,0.316513000
62.119009,NAPKIN_S1_POS_SETTLE,-0.275086000,-0.526807000,0.316003000
62.129348,NAPKIN_S1_POS_SETTLE,-0.275066000,-0.526810000,0.315473000
62.139663,NAPKIN_S1_POS_SETTLE,-0.275075000,-0.526800000,0.315015000
62.149988,NAPKIN_S1_POS_SETTLE,-0.275064000,-0.526795000,0.314523000
62.160303,NAPKIN_S1_POS_SETTLE,-0.275029000,-0.526803000,0.313959000
62.170598,NAPKIN_S1_POS_SETTLE,-0.274996000,-0.526803000,0.313426000
62.180898,NAPKIN_S1_POS_SETTLE,-0.274965000,-0.526796000,0.312887000
62.191201,NAPKIN_S1_POS_SETTLE,-0.274933000,-0.526794000,0.312311000
62.201483,NAPKIN_S1_POS_SETTLE,-0.274921000,-0.526788000,0.311794000
62.211794,NAPKIN_S1_POS_SETTLE,-0.274889000,-0.526796000,0.311266000
62.222088,NAPKIN_S1_POS_SETTLE,-0.274855000,-0.526802000,0.310721000
62.232383,NAPKIN_S1_POS_SETTLE,-0.274820000,-0.526813000,0.310132000
62.242682,NAPKIN_S1_POS_SETTLE,-0.274802000,-0.526813000,0.309594000
62.252993,NAPKIN_S1_POS_SETTLE,-0.274780000,-0.526812000,0.309042000
62.263302,NAPKIN_S1_POS_SETTLE,-0.274756000,-0.526813000,0.308430000
62.273596,NAPKIN_S1_POS_SETTLE,-0.274789000,-0.526804000,0.307950000
62.283881,NAPKIN_S1_POS_SETTLE,-0.274795000,-0.526797000,0.307423000
62.294194,NAPKIN_S1_POS_SETTLE,-0.274772000,-0.526788000,0.306789000
62.304471,NAPKIN_S1_POS_SETTLE,-0.274770000,-0.526787000,0.306259000
62.314767,NAPKIN_S1_POS_SETTLE,-0.274797000,-0.526777000,0.305769000
62.325065,NAPKIN_S1_POS_SETTLE,-0.274795000,-0.526775000,0.305254000
62.335363,NAPKIN_S1_POS_SETTLE,-0.274782000,-0.526781000,0.304680000
62.345646,NAPKIN_S1_POS_SETTLE,-0.274785000,-0.526778000,0.304174000
62.616670,NAPKIN_S2_POS_STROKE1,-0.275302000,-0.526855000,0.293704000
62.626715,NAPKIN_S2_POS_STROKE1,-0.275432000,-0.526899000,0.293894000
62.636677,NAPKIN_S2_POS_STROKE1,-0.275530000,-0.526928000,0.293959000
62.646675,NAPKIN_S2_POS_STROKE1,-0.275325000,-0.527075000,0.293682000
62.656667,NAPKIN_S2_POS_STROKE1,-0.275119000,-0.527233000,0.293450000
62.666670,NAPKIN_S2_POS_STROKE1,-0.275245000,-0.527323000,0.293669000
62.676658,NAPKIN_S2_POS_STROKE1,-0.275397000,-0.527412000,0.293848000
62.686614,NAPKIN_S2_POS_STROKE1,-0.275111000,-0.527786000,0.293678000
62.696658,NAPKIN_S2_POS_STROKE1,-0.274641000,-0.528323000,0.293394000
62.706641,NAPKIN_S2_POS_STROKE1,-0.274342000,-0.528870000,0.293361000
62.716650,NAPKIN_S2_POS_STROKE1,-0.274225000,-0.529383000,0.293524000
62.726640,NAPKIN_S2_POS_STROKE1,-0.274141000,-0.529900000,0.293718000
62.736655,NAPKIN_S2_POS_STROKE1,-0.274076000,-0.530417000,0.293890000
62.746624,NAPKIN_S2_POS_STROKE1,-0.274054000,-0.530895000,0.294005000
62.756667,NAPKIN_S2_POS_STROKE1,-0.274024000,-0.531361000,0.293977000
62.766632,NAPKIN_S2_POS_STROKE1,-0.274012000,-0.531795000,0.293873000
62.776636,NAPKIN_S2_POS_STROKE1,-0.274006000,-0.532225000,0.293760000
62.786631,NAPKIN_S2_POS_STROKE1,-0.273969000,-0.532697000,0.293665000
62.796624,NAPKIN_S2_POS_STROKE1,-0.273922000,-0.533199000,0.293611000
62.806634,NAPKIN_S2_POS_STROKE1,-0.273891000,-0.533712000,0.293586000
62.816600,NAPKIN_S2_POS_STROKE1,-0.273869000,-0.534219000,0.293563000
62.826633,NAPKIN_S2_POS_STROKE1,-0.273815000,-0.534738000,0.293508000
62.836628,NAPKIN_S2_POS_STROKE1,-0.273775000,-0.535237000,0.293446000
62.846640,NAPKIN_S2_POS_STROKE1,-0.273752000,-0.535735000,0.293392000
62.856632,NAPKIN_S2_POS_STROKE1,-0.273742000,-0.536217000,0.293307000
62.866669,NAPKIN_S2_POS_STROKE1,-0.273756000,-0.536689000,0.293251000
62.876638,NAPKIN_S2_POS_STROKE1,-0.273771000,-0.537184000,0.293232000
62.886616,NAPKIN_S2_POS_STROKE1,-0.273769000,-0.537709000,0.293236000
62.896632,NAPKIN_S2_POS_STROKE1,-0.273764000,-0.538236000,0.293243000
62.896712,NAPKIN_S2_POS_STROKE1_SETTLE,-0.273764000,-0.538236000,0.293243000
62.907007,NAPKIN_S2_POS_STROKE1_SETTLE,-0.273761000,-0.538763000,0.293249000
62.917243,NAPKIN_S2_POS_STROKE1_SETTLE,-0.273761000,-0.539328000,0.293238000
62.927435,NAPKIN_S2_POS_STROKE1_SETTLE,-0.273726000,-0.539854000,0.293197000
62.937598,NAPKIN_S2_POS_STROKE1_SETTLE,-0.273698000,-0.540386000,0.293180000
62.947753,NAPKIN_S2_POS_STROKE1_SETTLE,-0.273699000,-0.540895000,0.293168000
62.957924,NAPKIN_S2_POS_STROKE1_SETTLE,-0.273701000,-0.541413000,0.293157000
62.968109,NAPKIN_S2_POS_STROKE1_SETTLE,-0.273694000,-0.541939000,0.293143000
62.978269,NAPKIN_S2_POS_STROKE1_SETTLE,-0.273695000,-0.542514000,0.293134000
62.988434,NAPKIN_S2_POS_STROKE1_SETTLE,-0.273697000,-0.543034000,0.293144000
62.998585,NAPKIN_S2_POS_STROKE1_SETTLE,-0.273692000,-0.543547000,0.293134000
63.008735,NAPKIN_S2_POS_STROKE1_SETTLE,-0.273681000,-0.544061000,0.293132000
63.018885,NAPKIN_S2_POS_STROKE1_SETTLE,-0.273683000,-0.544559000,0.293112000
63.029043,NAPKIN_S2_POS_STROKE1_SETTLE,-0.273683000,-0.545054000,0.293090000
63.039189,NAPKIN_S2_POS_STROKE1_SETTLE,-0.273660000,-0.545610000,0.293038000
63.049361,NAPKIN_S2_POS_STROKE1_SETTLE,-0.273631000,-0.546111000,0.292968000
63.059548,NAPKIN_S2_POS_STROKE1_SETTLE,-0.273623000,-0.546616000,0.292925000
63.069729,NAPKIN_S2_POS_STROKE1_SETTLE,-0.273645000,-0.547094000,0.292901000
63.079884,NAPKIN_S2_POS_STROKE1_SETTLE,-0.273675000,-0.547571000,0.292895000
63.090124,NAPKIN_S2_POS_STROKE1_SETTLE,-0.273708000,-0.548048000,0.292881000
63.100516,NAPKIN_S2_POS_STROKE1_SETTLE,-0.273746000,-0.548555000,0.292855000
63.110853,NAPKIN_S2_POS_STROKE1_SETTLE,-0.273805000,-0.549002000,0.292847000
63.121202,NAPKIN_S2_POS_STROKE1_SETTLE,-0.273845000,-0.549493000,0.292803000
63.131538,NAPKIN_S2_POS_STROKE1_SETTLE,-0.273885000,-0.549950000,0.292771000
63.141881,NAPKIN_S2_POS_STROKE1_SETTLE,-0.273918000,-0.550409000,0.292731000
63.152216,NAPKIN_S2_POS_STROKE1_SETTLE,-0.273959000,-0.550911000,0.292693000
63.162543,NAPKIN_S2_POS_STROKE1_SETTLE,-0.273982000,-0.551385000,0.292663000
63.172850,NAPKIN_S2_POS_STROKE1_SETTLE,-0.273993000,-0.551864000,0.292628000
63.183188,NAPKIN_S2_POS_STROKE1_SETTLE,-0.274010000,-0.552383000,0.292607000
63.193501,NAPKIN_S2_POS_STROKE1_SETTLE,-0.274013000,-0.552871000,0.292599000
63.203818,NAPKIN_S2_POS_STROKE1_SETTLE,-0.274036000,-0.553351000,0.292615000
63.214124,NAPKIN_S2_POS_STROKE1_SETTLE,-0.274048000,-0.553834000,0.292623000
63.224436,NAPKIN_S2_POS_STROKE1_SETTLE,-0.274056000,-0.554379000,0.292642000
63.234742,NAPKIN_S2_POS_STROKE1_SETTLE,-0.274027000,-0.554885000,0.292620000
63.245044,NAPKIN_S2_POS_STROKE1_SETTLE,-0.273986000,-0.555414000,0.292602000
63.255354,NAPKIN_S2_POS_STROKE1_SETTLE,-0.273930000,-0.556005000,0.292588000
63.265673,NAPKIN_S2_POS_STROKE1_SETTLE,-0.273888000,-0.556536000,0.292582000
63.275986,NAPKIN_S2_POS_STROKE1_SETTLE,-0.273857000,-0.557066000,0.292590000
63.286285,NAPKIN_S2_POS_STROKE1_SETTLE,-0.273841000,-0.557632000,0.292606000
63.296590,NAPKIN_S2_POS_STROKE1_SETTLE,-0.273814000,-0.558161000,0.292617000
63.306876,NAPKIN_S2_POS_STROKE1_SETTLE,-0.273791000,-0.558680000,0.292617000
63.317182,NAPKIN_S2_POS_STROKE1_SETTLE,-0.273789000,-0.559199000,0.292633000
63.327480,NAPKIN_S2_POS_STROKE1_SETTLE,-0.273817000,-0.559759000,0.292678000
63.337769,NAPKIN_S2_POS_STROKE1_SETTLE,-0.273837000,-0.560263000,0.292713000
63.348062,NAPKIN_S2_POS_STROKE1_SETTLE,-0.273854000,-0.560772000,0.292757000
63.358406,NAPKIN_S2_POS_STROKE1_SETTLE,-0.273871000,-0.561326000,0.292805000
63.368726,NAPKIN_S2_POS_STROKE1_SETTLE,-0.273896000,-0.561807000,0.292833000
63.379024,NAPKIN_S2_POS_STROKE1_SETTLE,-0.273919000,-0.562291000,0.292851000
63.389336,NAPKIN_S2_POS_STROKE1_SETTLE,-0.273943000,-0.562809000,0.292858000
63.399649,NAPKIN_S2_POS_STROKE1_SETTLE,-0.273973000,-0.563281000,0.292872000
63.409955,NAPKIN_S2_POS_STROKE1_SETTLE,-0.274013000,-0.563737000,0.292879000
63.420243,NAPKIN_S2_POS_STROKE1_SETTLE,-0.274075000,-0.564219000,0.292881000
63.430533,NAPKIN_S2_POS_STROKE1_SETTLE,-0.274132000,-0.564663000,0.292892000
63.440842,NAPKIN_S2_POS_STROKE1_SETTLE,-0.274180000,-0.565097000,0.292889000
63.451152,NAPKIN_S2_POS_STROKE1_SETTLE,-0.274217000,-0.565546000,0.292894000
63.461454,NAPKIN_S2_POS_STROKE1_SETTLE,-0.274272000,-0.566031000,0.292903000
63.471741,NAPKIN_S2_POS_STROKE1_SETTLE,-0.274302000,-0.566488000,0.292918000
63.482037,NAPKIN_S2_POS_STROKE1_SETTLE,-0.274343000,-0.566946000,0.292943000
63.492350,NAPKIN_S2_POS_STROKE1_SETTLE,-0.274363000,-0.567454000,0.292925000
63.502641,NAPKIN_S2_POS_STROKE1_SETTLE,-0.274376000,-0.567940000,0.292936000
63.512928,NAPKIN_S2_POS_STROKE1_SETTLE,-0.274386000,-0.568423000,0.292929000
63.523236,NAPKIN_S2_POS_STROKE1_SETTLE,-0.274393000,-0.568961000,0.292909000
63.533517,NAPKIN_S2_POS_STROKE1_SETTLE,-0.274435000,-0.569450000,0.292935000
63.543759,NAPKIN_S2_POS_STROKE1_SETTLE,-0.274478000,-0.569935000,0.292947000
63.554107,NAPKIN_S2_POS_STROKE1_SETTLE,-0.274501000,-0.570424000,0.292944000
63.564575,NAPKIN_S2_POS_STROKE1_SETTLE,-0.274504000,-0.570994000,0.292951000
63.574872,NAPKIN_S2_POS_STROKE1_SETTLE,-0.274525000,-0.571492000,0.292963000
63.585189,NAPKIN_S2_POS_STROKE1_SETTLE,-0.274564000,-0.572034000,0.292983000
63.595469,NAPKIN_S2_POS_STROKE1_SETTLE,-0.274573000,-0.572537000,0.292978000
63.605746,NAPKIN_S2_POS_STROKE1_SETTLE,-0.274586000,-0.573049000,0.292995000
63.616025,NAPKIN_S2_POS_STROKE1_SETTLE,-0.274611000,-0.573545000,0.292999000
63.626362,NAPKIN_S2_POS_STROKE1_SETTLE,-0.274629000,-0.574096000,0.292980000
63.897452,NAPKIN_S1_POS_STROKE1,-0.274328000,-0.584764000,0.291953000
63.907459,NAPKIN_S1_POS_STROKE1,-0.274332000,-0.584837000,0.292031000
63.917422,NAPKIN_S1_POS_STROKE1,-0.274262000,-0.584931000,0.292022000
63.927443,NAPKIN_S1_POS_STROKE1,-0.273969000,-0.585109000,0.291753000
63.937414,NAPKIN_S1_POS_STROKE1,-0.273580000,-0.585270000,0.291316000
63.947439,NAPKIN_S1_POS_STROKE1,-0.273200000,-0.585377000,0.290847000
63.957413,NAPKIN_S1_POS_STROKE1,-0.273156000,-0.585340000,0.290778000
63.967444,NAPKIN_S1_POS_STROKE1,-0.273472000,-0.585104000,0.290969000
63.977423,NAPKIN_S1_POS_STROKE1,-0.273455000,-0.584917000,0.290754000
63.987432,NAPKIN_S1_POS_STROKE1,-0.273002000,-0.584832000,0.290127000
63.997408,NAPKIN_S1_POS_STROKE1,-0.272526000,-0.584736000,0.289600000
64.007443,NAPKIN_S1_POS_STROKE1,-0.272368000,-0.584534000,0.289500000
64.017416,NAPKIN_S1_POS_STROKE1,-0.272352000,-0.584231000,0.289537000
64.027423,NAPKIN_S1_POS_STROKE1,-0.272258000,-0.583937000,0.289552000
64.037459,NAPKIN_S1_POS_STROKE1,-0.272167000,-0.583630000,0.289595000
64.047430,NAPKIN_S1_POS_STROKE1,-0.272187000,-0.583241000,0.289668000
64.057447,NAPKIN_S1_POS_STROKE1,-0.272281000,-0.582771000,0.289713000
64.067430,NAPKIN_S1_POS_STROKE1,-0.272380000,-0.582272000,0.289721000
64.077433,NAPKIN_S1_POS_STROKE1,-0.272503000,-0.581736000,0.289740000
64.087459,NAPKIN_S1_POS_STROKE1,-0.272659000,-0.581176000,0.289789000
64.097460,NAPKIN_S1_POS_STROKE1,-0.272787000,-0.580629000,0.289851000
64.107438,NAPKIN_S1_POS_STROKE1,-0.272871000,-0.580107000,0.289908000
64.117423,NAPKIN_S1_POS_STROKE1,-0.272908000,-0.579607000,0.289973000
64.127453,NAPKIN_S1_POS_STROKE1,-0.272930000,-0.579128000,0.290064000
64.137436,NAPKIN_S1_POS_STROKE1,-0.272958000,-0.578636000,0.290133000
64.147432,NAPKIN_S1_POS_STROKE1,-0.272969000,-0.578145000,0.290172000
64.157453,NAPKIN_S1_POS_STROKE1,-0.272994000,-0.577637000,0.290216000
64.167429,NAPKIN_S1_POS_STROKE1,-0.273032000,-0.577120000,0.290267000
64.177416,NAPKIN_S1_POS_STROKE1,-0.273061000,-0.576604000,0.290314000
64.187425,NAPKIN_S1_POS_STROKE1,-0.273106000,-0.576078000,0.290357000
64.187503,NAPKIN_S1_POS_STROKE1_SETTLE,-0.273106000,-0.576078000,0.290357000
64.197794,NAPKIN_S1_POS_STROKE1_SETTLE,-0.273180000,-0.575547000,0.290433000
64.208081,NAPKIN_S1_POS_STROKE1_SETTLE,-0.273244000,-0.575020000,0.290497000
64.218384,NAPKIN_S1_POS_STROKE1_SETTLE,-0.273333000,-0.574421000,0.290544000
64.228665,NAPKIN_S1_POS_STROKE1_SETTLE,-0.273448000,-0.573868000,0.290621000
64.238946,NAPKIN_S1_POS_STROKE1_SETTLE,-0.273554000,-0.573311000,0.290685000
64.249270,NAPKIN_S1_POS_STROKE1_SETTLE,-0.273659000,-0.572696000,0.290746000
64.259635,NAPKIN_S1_POS_STROKE1_SETTLE,-0.273749000,-0.572148000,0.290806000
64.269997,NAPKIN_S1_POS_STROKE1_SETTLE,-0.273831000,-0.571587000,0.290846000
64.280330,NAPKIN_S1_POS_STROKE1_SETTLE,-0.273881000,-0.571008000,0.290886000
64.290645,NAPKIN_S1_POS_STROKE1_SETTLE,-0.273933000,-0.570474000,0.290926000
64.300952,NAPKIN_S1_POS_STROKE1_SETTLE,-0.274010000,-0.569932000,0.290980000
64.311256,NAPKIN_S1_POS_STROKE1_SETTLE,-0.274081000,-0.569338000,0.291022000
64.321560,NAPKIN_S1_POS_STROKE1_SETTLE,-0.274158000,-0.568789000,0.291053000
64.331815,NAPKIN_S1_POS_STROKE1_SETTLE,-0.274219000,-0.568241000,0.291087000
64.342114,NAPKIN_S1_POS_STROKE1_SETTLE,-0.274288000,-0.567685000,0.291130000
64.352416,NAPKIN_S1_POS_STROKE1_SETTLE,-0.274375000,-0.567077000,0.291196000
64.362692,NAPKIN_S1_POS_STROKE1_SETTLE,-0.274433000,-0.566544000,0.291253000
64.372993,NAPKIN_S1_POS_STROKE1_SETTLE,-0.274476000,-0.566026000,0.291298000
64.383297,NAPKIN_S1_POS_STROKE1_SETTLE,-0.274504000,-0.565491000,0.291351000
64.393601,NAPKIN_S1_POS_STROKE1_SETTLE,-0.274531000,-0.565002000,0.291391000
64.403888,NAPKIN_S1_POS_STROKE1_SETTLE,-0.274544000,-0.564536000,0.291426000
64.414200,NAPKIN_S1_POS_STROKE1_SETTLE,-0.274557000,-0.564019000,0.291467000
64.424503,NAPKIN_S1_POS_STROKE1_SETTLE,-0.274570000,-0.563552000,0.291511000
64.434803,NAPKIN_S1_POS_STROKE1_SETTLE,-0.274554000,-0.563102000,0.291537000
64.445105,NAPKIN_S1_POS_STROKE1_SETTLE,-0.274545000,-0.562640000,0.291551000
64.455388,NAPKIN_S1_POS_STROKE1_SETTLE,-0.274547000,-0.562122000,0.291569000
64.465692,NAPKIN_S1_POS_STROKE1_SETTLE,-0.274544000,-0.561657000,0.291578000
64.475981,NAPKIN_S1_POS_STROKE1_SETTLE,-0.274560000,-0.561174000,0.291579000
64.486275,NAPKIN_S1_POS_STROKE1_SETTLE,-0.274588000,-0.560646000,0.291585000
64.496562,NAPKIN_S1_POS_STROKE1_SETTLE,-0.274599000,-0.560161000,0.291577000
64.506849,NAPKIN_S1_POS_STROKE1_SETTLE,-0.274604000,-0.559673000,0.291561000
64.517200,NAPKIN_S1_POS_STROKE1_SETTLE,-0.274615000,-0.559172000,0.291548000
64.527485,NAPKIN_S1_POS_STROKE1_SETTLE,-0.274643000,-0.558604000,0.291546000
64.537756,NAPKIN_S1_POS_STROKE1_SETTLE,-0.274660000,-0.558093000,0.291542000
64.548043,NAPKIN_S1_POS_STROKE1_SETTLE,-0.274657000,-0.557595000,0.291526000
64.558323,NAPKIN_S1_POS_STROKE1_SETTLE,-0.274656000,-0.557043000,0.291515000
64.568615,NAPKIN_S1_POS_STROKE1_SETTLE,-0.274667000,-0.556539000,0.291514000
64.578899,NAPKIN_S1_POS_STROKE1_SETTLE,-0.274679000,-0.556024000,0.291501000
64.589199,NAPKIN_S1_POS_STROKE1_SETTLE,-0.274667000,-0.555470000,0.291478000
64.599478,NAPKIN_S1_POS_STROKE1_SETTLE,-0.274639000,-0.554976000,0.291456000
64.609737,NAPKIN_S1_POS_STROKE1_SETTLE,-0.274614000,-0.554464000,0.291423000
64.620028,NAPKIN_S1_POS_STROKE1_SETTLE,-0.274597000,-0.553955000,0.291400000
64.630352,NAPKIN_S1_POS_STROKE1_SETTLE,-0.274601000,-0.553374000,0.291372000
64.640658,NAPKIN_S1_POS_STROKE1_SETTLE,-0.274612000,-0.552849000,0.291352000
64.650950,NAPKIN_S1_POS_STROKE1_SETTLE,-0.274621000,-0.552323000,0.291320000
64.661245,NAPKIN_S1_POS_STROKE1_SETTLE,-0.274626000,-0.551752000,0.291288000
64.671547,NAPKIN_S1_POS_STROKE1_SETTLE,-0.274644000,-0.551236000,0.291287000
64.681794,NAPKIN_S1_POS_STROKE1_SETTLE,-0.274645000,-0.550736000,0.291287000
64.692098,NAPKIN_S1_POS_STROKE1_SETTLE,-0.274642000,-0.550249000,0.291293000
64.702397,NAPKIN_S1_POS_STROKE1_SETTLE,-0.274634000,-0.549721000,0.291305000
64.712674,NAPKIN_S1_POS_STROKE1_SETTLE,-0.274626000,-0.549250000,0.291321000
64.722968,NAPKIN_S1_POS_STROKE1_SETTLE,-0.274632000,-0.548793000,0.291365000
64.733241,NAPKIN_S1_POS_STROKE1_SETTLE,-0.274661000,-0.548267000,0.291417000
64.743519,NAPKIN_S1_POS_STROKE1_SETTLE,-0.274697000,-0.547794000,0.291465000
64.753794,NAPKIN_S1_POS_STROKE1_SETTLE,-0.274717000,-0.547323000,0.291493000
64.764073,NAPKIN_S1_POS_STROKE1_SETTLE,-0.274722000,-0.546855000,0.291511000
64.774359,NAPKIN_S1_POS_STROKE1_SETTLE,-0.274705000,-0.546356000,0.291534000
64.784617,NAPKIN_S1_POS_STROKE1_SETTLE,-0.274714000,-0.545880000,0.291562000
64.794895,NAPKIN_S1_POS_STROKE1_SETTLE,-0.274737000,-0.545391000,0.291586000
64.805177,NAPKIN_S1_POS_STROKE1_SETTLE,-0.274746000,-0.544908000,0.291599000
64.815453,NAPKIN_S1_POS_STROKE1_SETTLE,-0.274761000,-0.544362000,0.291598000
64.825687,NAPKIN_S1_POS_STROKE1_SETTLE,-0.274805000,-0.543847000,0.291632000
64.835965,NAPKIN_S1_POS_STROKE1_SETTLE,-0.274856000,-0.543318000,0.291646000
64.846235,NAPKIN_S1_POS_STROKE1_SETTLE,-0.274905000,-0.542728000,0.291651000
64.856505,NAPKIN_S1_POS_STROKE1_SETTLE,-0.274945000,-0.542199000,0.291670000
64.866782,NAPKIN_S1_POS_STROKE1_SETTLE,-0.274972000,-0.541673000,0.291681000
64.877056,NAPKIN_S1_POS_STROKE1_SETTLE,-0.275001000,-0.541132000,0.291680000
64.887383,NAPKIN_S1_POS_STROKE1_SETTLE,-0.275042000,-0.540546000,0.291703000
64.897678,NAPKIN_S1_POS_STROKE1_SETTLE,-0.275082000,-0.540004000,0.291716000
64.907968,NAPKIN_S1_POS_STROKE1_SETTLE,-0.275112000,-0.539464000,0.291722000
64.918238,NAPKIN_S1_POS_STROKE1_SETTLE,-0.275138000,-0.538878000,0.291735000
64.928510,NAPKIN_S1_POS_STROKE1_SETTLE,-0.275148000,-0.538345000,0.291721000
64.938743,NAPKIN_S1_POS_STROKE1_SETTLE,-0.275172000,-0.537800000,0.291713000
64.949019,NAPKIN_S1_POS_STROKE1_SETTLE,-0.275209000,-0.537249000,0.291711000
64.959291,NAPKIN_S1_POS_STROKE1_SETTLE,-0.275250000,-0.536661000,0.291732000
64.969563,NAPKIN_S1_POS_STROKE1_SETTLE,-0.275286000,-0.536120000,0.291743000
64.979842,NAPKIN_S1_POS_STROKE1_SETTLE,-0.275333000,-0.535578000,0.291765000
64.990124,NAPKIN_S1_POS_STROKE1_SETTLE,-0.275365000,-0.535047000,0.291771000
65.000396,NAPKIN_S1_POS_STROKE1_SETTLE,-0.275406000,-0.534463000,0.291790000
65.271383,NAPKIN_S2_POS_STROKE2,-0.275276000,-0.527490000,0.292646000
65.281394,NAPKIN_S2_POS_STROKE2,-0.275276000,-0.527490000,0.292660000
65.291372,NAPKIN_S2_POS_STROKE2,-0.275219000,-0.527511000,0.292582000
65.301390,NAPKIN_S2_POS_STROKE2,-0.274981000,-0.527637000,0.292319000
65.311362,NAPKIN_S2_POS_STROKE2,-0.274773000,-0.527801000,0.292155000
65.321387,NAPKIN_S2_POS_STROKE2,-0.274914000,-0.527880000,0.292404000
65.331331,NAPKIN_S2_POS_STROKE2,-0.275056000,-0.528019000,0.292643000
65.341381,NAPKIN_S2_POS_STROKE2,-0.274798000,-0.528374000,0.292467000
65.351327,NAPKIN_S2_POS_STROKE2,-0.274433000,-0.528810000,0.292211000
65.361390,NAPKIN_S2_POS_STROKE2,-0.274212000,-0.529256000,0.292182000
65.371331,NAPKIN_S2_POS_STROKE2,-0.274134000,-0.529687000,0.292326000
65.381380,NAPKIN_S2_POS_STROKE2,-0.274040000,-0.530161000,0.292473000
65.391323,NAPKIN_S2_POS_STROKE2,-0.273955000,-0.530658000,0.292608000
65.401379,NAPKIN_S2_POS_STROKE2,-0.273923000,-0.531143000,0.292710000
65.411348,NAPKIN_S2_POS_STROKE2,-0.273942000,-0.531583000,0.292748000
65.421377,NAPKIN_S2_POS_STROKE2,-0.273958000,-0.532006000,0.292722000
65.431320,NAPKIN_S2_POS_STROKE2,-0.273955000,-0.532440000,0.292663000
65.441378,NAPKIN_S2_POS_STROKE2,-0.273939000,-0.532881000,0.292605000
65.451319,NAPKIN_S2_POS_STROKE2,-0.273914000,-0.533341000,0.292560000
65.461395,NAPKIN_S2_POS_STROKE2,-0.273879000,-0.533832000,0.292543000
65.471345,NAPKIN_S2_POS_STROKE2,-0.273870000,-0.534311000,0.292532000
65.481376,NAPKIN_S2_POS_STROKE2,-0.273888000,-0.534794000,0.292560000
65.491357,NAPKIN_S2_POS_STROKE2,-0.273886000,-0.535300000,0.292554000
65.501377,NAPKIN_S2_POS_STROKE2,-0.273894000,-0.535794000,0.292538000
65.511321,NAPKIN_S2_POS_STROKE2,-0.273915000,-0.536272000,0.292504000
65.521377,NAPKIN_S2_POS_STROKE2,-0.273933000,-0.536756000,0.292488000
65.531320,NAPKIN_S2_POS_STROKE2,-0.273906000,-0.537264000,0.292449000
65.541375,NAPKIN_S2_POS_STROKE2,-0.273877000,-0.537776000,0.292415000
65.541452,NAPKIN_S2_POS_STROKE2_SETTLE,-0.273877000,-0.537776000,0.292415000
65.551753,NAPKIN_S2_POS_STROKE2_SETTLE,-0.273856000,-0.538289000,0.292401000
65.562056,NAPKIN_S2_POS_STROKE2_SETTLE,-0.273853000,-0.538806000,0.292415000
65.572344,NAPKIN_S2_POS_STROKE2_SETTLE,-0.273852000,-0.539373000,0.292433000
65.582651,NAPKIN_S2_POS_STROKE2_SETTLE,-0.273853000,-0.539891000,0.292464000
65.592936,NAPKIN_S2_POS_STROKE2_SETTLE,-0.273845000,-0.540405000,0.292483000
65.603240,NAPKIN_S2_POS_STROKE2_SETTLE,-0.273819000,-0.540974000,0.292483000
65.613529,NAPKIN_S2_POS_STROKE2_SETTLE,-0.273796000,-0.541488000,0.292467000
65.623884,NAPKIN_S2_POS_STROKE2_SETTLE,-0.273781000,-0.542003000,0.292468000
65.634221,NAPKIN_S2_POS_STROKE2_SETTLE,-0.273774000,-0.542564000,0.292478000
65.644527,NAPKIN_S2_POS_STROKE2_SETTLE,-0.273768000,-0.543077000,0.292477000
65.654990,NAPKIN_S2_POS_STROKE2_SETTLE,-0.273743000,-0.543603000,0.292457000
65.665268,NAPKIN_S2_POS_STROKE2_SETTLE,-0.273746000,-0.544162000,0.292444000
65.675552,NAPKIN_S2_POS_STROKE2_SETTLE,-0.273751000,-0.544667000,0.292435000
65.685841,NAPKIN_S2_POS_STROKE2_SETTLE,-0.273764000,-0.545172000,0.292445000
65.696147,NAPKIN_S2_POS_STROKE2_SETTLE,-0.273784000,-0.545668000,0.292457000
65.706554,NAPKIN_S2_POS_STROKE2_SETTLE,-0.273818000,-0.546213000,0.292468000
65.716862,NAPKIN_S2_POS_STROKE2_SETTLE,-0.273790000,-0.546721000,0.292410000
65.727158,NAPKIN_S2_POS_STROKE2_SETTLE,-0.273780000,-0.547215000,0.292350000
65.737537,NAPKIN_S2_POS_STROKE2_SETTLE,-0.273788000,-0.547749000,0.292288000
65.747875,NAPKIN_S2_POS_STROKE2_SETTLE,-0.273784000,-0.548234000,0.292228000
65.758219,NAPKIN_S2_POS_STROKE2_SETTLE,-0.273778000,-0.548770000,0.292167000
65.768554,NAPKIN_S2_POS_STROKE2_SETTLE,-0.273779000,-0.549247000,0.292114000
65.778845,NAPKIN_S2_POS_STROKE2_SETTLE,-0.273756000,-0.549741000,0.292055000
65.789140,NAPKIN_S2_POS_STROKE2_SETTLE,-0.273734000,-0.550234000,0.291992000
65.799476,NAPKIN_S2_POS_STROKE2_SETTLE,-0.273726000,-0.550766000,0.291931000
65.809776,NAPKIN_S2_POS_STROKE2_SETTLE,-0.273747000,-0.551248000,0.291914000
65.820081,NAPKIN_S2_POS_STROKE2_SETTLE,-0.273768000,-0.551729000,0.291888000
65.830410,NAPKIN_S2_POS_STROKE2_SETTLE,-0.273772000,-0.552275000,0.291859000
65.840723,NAPKIN_S2_POS_STROKE2_SETTLE,-0.273795000,-0.552775000,0.291866000
65.851059,NAPKIN_S2_POS_STROKE2_SETTLE,-0.273814000,-0.553273000,0.291876000
65.861383,NAPKIN_S2_POS_STROKE2_SETTLE,-0.273832000,-0.553827000,0.291882000
65.871704,NAPKIN_S2_POS_STROKE2_SETTLE,-0.273844000,-0.554332000,0.291892000
65.882020,NAPKIN_S2_POS_STROKE2_SETTLE,-0.273860000,-0.554842000,0.291910000
65.892331,NAPKIN_S2_POS_STROKE2_SETTLE,-0.273877000,-0.555414000,0.291940000
65.902665,NAPKIN_S2_POS_STROKE2_SETTLE,-0.273906000,-0.555925000,0.291978000
65.912898,NAPKIN_S2_POS_STROKE2_SETTLE,-0.273933000,-0.556431000,0.292018000
65.923127,NAPKIN_S2_POS_STROKE2_SETTLE,-0.273958000,-0.556934000,0.292054000
65.933326,NAPKIN_S2_POS_STROKE2_SETTLE,-0.273983000,-0.557492000,0.292100000
65.943644,NAPKIN_S2_POS_STROKE2_SETTLE,-0.274012000,-0.557985000,0.292140000
65.953990,NAPKIN_S2_POS_STROKE2_SETTLE,-0.274031000,-0.558496000,0.292183000
65.964332,NAPKIN_S2_POS_STROKE2_SETTLE,-0.274029000,-0.559082000,0.292234000
65.974662,NAPKIN_S2_POS_STROKE2_SETTLE,-0.274043000,-0.559592000,0.292282000
65.984986,NAPKIN_S2_POS_STROKE2_SETTLE,-0.274081000,-0.560089000,0.292342000
65.995313,NAPKIN_S2_POS_STROKE2_SETTLE,-0.274121000,-0.560640000,0.292417000
66.005634,NAPKIN_S2_POS_STROKE2_SETTLE,-0.274153000,-0.561125000,0.292463000
66.015948,NAPKIN_S2_POS_STROKE2_SETTLE,-0.274195000,-0.561607000,0.292514000
66.026286,NAPKIN_S2_POS_STROKE2_SETTLE,-0.274254000,-0.562120000,0.292567000
66.036598,NAPKIN_S2_POS_STROKE2_SETTLE,-0.274299000,-0.562585000,0.292596000
66.046908,NAPKIN_S2_POS_STROKE2_SETTLE,-0.274323000,-0.563065000,0.292620000
66.057240,NAPKIN_S2_POS_STROKE2_SETTLE,-0.274358000,-0.563569000,0.292632000
66.067539,NAPKIN_S2_POS_STROKE2_SETTLE,-0.274385000,-0.564034000,0.292643000
66.077818,NAPKIN_S2_POS_STROKE2_SETTLE,-0.274399000,-0.564503000,0.292641000
66.088116,NAPKIN_S2_POS_STROKE2_SETTLE,-0.274423000,-0.564963000,0.292636000
66.098495,NAPKIN_S2_POS_STROKE2_SETTLE,-0.274463000,-0.565474000,0.292642000
66.108827,NAPKIN_S2_POS_STROKE2_SETTLE,-0.274491000,-0.565935000,0.292632000
66.119183,NAPKIN_S2_POS_STROKE2_SETTLE,-0.274519000,-0.566406000,0.292627000
66.129505,NAPKIN_S2_POS_STROKE2_SETTLE,-0.274558000,-0.566908000,0.292611000
66.139872,NAPKIN_S2_POS_STROKE2_SETTLE,-0.274592000,-0.567368000,0.292609000
66.150221,NAPKIN_S2_POS_STROKE2_SETTLE,-0.274623000,-0.567901000,0.292635000
66.160562,NAPKIN_S2_POS_STROKE2_SETTLE,-0.274650000,-0.568380000,0.292649000
66.170900,NAPKIN_S2_POS_STROKE2_SETTLE,-0.274657000,-0.568867000,0.292649000
66.181184,NAPKIN_S2_POS_STROKE2_SETTLE,-0.274672000,-0.569368000,0.292666000
66.191482,NAPKIN_S2_POS_STROKE2_SETTLE,-0.274717000,-0.569896000,0.292699000
66.201804,NAPKIN_S2_POS_STROKE2_SETTLE,-0.274733000,-0.570394000,0.292722000
66.212124,NAPKIN_S2_POS_STROKE2_SETTLE,-0.274735000,-0.570907000,0.292746000
66.222452,NAPKIN_S2_POS_STROKE2_SETTLE,-0.274759000,-0.571448000,0.292774000
66.232752,NAPKIN_S2_POS_STROKE2_SETTLE,-0.274757000,-0.571956000,0.292791000
66.243070,NAPKIN_S2_POS_STROKE2_SETTLE,-0.274736000,-0.572468000,0.292787000
66.253398,NAPKIN_S2_POS_STROKE2_SETTLE,-0.274716000,-0.573043000,0.292810000
66.263837,NAPKIN_S2_POS_STROKE2_SETTLE,-0.274710000,-0.573556000,0.292841000
66.274143,NAPKIN_S2_POS_STROKE2_SETTLE,-0.274693000,-0.574081000,0.292863000
66.545224,NAPKIN_S1_POS_STROKE2,-0.274347000,-0.584850000,0.292042000
66.555190,NAPKIN_S1_POS_STROKE2,-0.274350000,-0.584931000,0.292112000
66.565197,NAPKIN_S1_POS_STROKE2,-0.274253000,-0.585044000,0.292068000
66.575168,NAPKIN_S1_POS_STROKE2,-0.273971000,-0.585227000,0.291824000
66.585192,NAPKIN_S1_POS_STROKE2,-0.273564000,-0.585414000,0.291372000
66.595162,NAPKIN_S1_POS_STROKE2,-0.273266000,-0.585516000,0.291018000
66.605190,NAPKIN_S1_POS_STROKE2,-0.273293000,-0.585450000,0.291000000
66.615155,NAPKIN_S1_POS_STROKE2,-0.273479000,-0.585279000,0.291094000
66.625245,NAPKIN_S1_POS_STROKE2,-0.273191000,-0.585201000,0.290746000
66.635185,NAPKIN_S1_POS_STROKE2,-0.272601000,-0.585166000,0.290140000
66.645192,NAPKIN_S1_POS_STROKE2,-0.272187000,-0.585018000,0.289756000
66.655153,NAPKIN_S1_POS_STROKE2,-0.272067000,-0.584785000,0.289718000
66.665190,NAPKIN_S1_POS_STROKE2,-0.271994000,-0.584432000,0.289755000
66.675159,NAPKIN_S1_POS_STROKE2,-0.271918000,-0.584132000,0.289785000
66.685191,NAPKIN_S1_POS_STROKE2,-0.271729000,-0.583825000,0.289819000
66.695166,NAPKIN_S1_POS_STROKE2,-0.271682000,-0.583491000,0.289868000
66.705195,NAPKIN_S1_POS_STROKE2,-0.271777000,-0.582949000,0.289938000
66.715185,NAPKIN_S1_POS_STROKE2,-0.271889000,-0.582410000,0.289983000
66.725185,NAPKIN_S1_POS_STROKE2,-0.272009000,-0.581861000,0.290027000
66.735156,NAPKIN_S1_POS_STROKE2,-0.272120000,-0.581361000,0.290071000
66.745187,NAPKIN_S1_POS_STROKE2,-0.272212000,-0.580830000,0.290112000
66.755187,NAPKIN_S1_POS_STROKE2,-0.272300000,-0.580254000,0.290157000
66.765229,NAPKIN_S1_POS_STROKE2,-0.272360000,-0.579734000,0.290195000
66.775184,NAPKIN_S1_POS_STROKE2,-0.272408000,-0.579216000,0.290238000
66.785159,NAPKIN_S1_POS_STROKE2,-0.272432000,-0.578753000,0.290285000
66.795190,NAPKIN_S1_POS_STROKE2,-0.272451000,-0.578189000,0.290350000
66.805151,NAPKIN_S1_POS_STROKE2,-0.272485000,-0.577704000,0.290396000
66.815190,NAPKIN_S1_POS_STROKE2,-0.272533000,-0.577116000,0.290462000
66.825165,NAPKIN_S1_POS_STROKE2,-0.272575000,-0.576635000,0.290518000
66.835191,NAPKIN_S1_POS_STROKE2,-0.272627000,-0.576051000,0.290577000
66.835270,NAPKIN_S1_POS_STROKE2_SETTLE,-0.272627000,-0.576051000,0.290577000
66.845554,NAPKIN_S1_POS_STROKE2_SETTLE,-0.272674000,-0.575523000,0.290614000
66.855836,NAPKIN_S1_POS_STROKE2_SETTLE,-0.272736000,-0.574990000,0.290659000
66.866122,NAPKIN_S1_POS_STROKE2_SETTLE,-0.272785000,-0.574452000,0.290687000
66.876408,NAPKIN_S1_POS_STROKE2_SETTLE,-0.272820000,-0.573869000,0.290720000
66.886692,NAPKIN_S1_POS_STROKE2_SETTLE,-0.272858000,-0.573334000,0.290760000
66.896991,NAPKIN_S1_POS_STROKE2_SETTLE,-0.272937000,-0.572784000,0.290822000
66.907278,NAPKIN_S1_POS_STROKE2_SETTLE,-0.273016000,-0.572180000,0.290879000
66.917557,NAPKIN_S1_POS_STROKE2_SETTLE,-0.273098000,-0.571623000,0.290928000
66.927821,NAPKIN_S1_POS_STROKE2_SETTLE,-0.273197000,-0.571073000,0.290998000
66.938108,NAPKIN_S1_POS_STROKE2_SETTLE,-0.273322000,-0.570501000,0.291062000
66.948394,NAPKIN_S1_POS_STROKE2_SETTLE,-0.273437000,-0.569887000,0.291126000
66.958676,NAPKIN_S1_POS_STROKE2_SETTLE,-0.273520000,-0.569332000,0.291158000
66.968967,NAPKIN_S1_POS_STROKE2_SETTLE,-0.273599000,-0.568781000,0.291192000
66.979252,NAPKIN_S1_POS_STROKE2_SETTLE,-0.273694000,-0.568165000,0.291235000
66.989528,NAPKIN_S1_POS_STROKE2_SETTLE,-0.273744000,-0.567629000,0.291262000
66.999807,NAPKIN_S1_POS_STROKE2_SETTLE,-0.273776000,-0.567107000,0.291280000
67.010025,NAPKIN_S1_POS_STROKE2_SETTLE,-0.273816000,-0.566590000,0.291323000
67.020214,NAPKIN_S1_POS_STROKE2_SETTLE,-0.273869000,-0.566029000,0.291378000
67.030533,NAPKIN_S1_POS_STROKE2_SETTLE,-0.273903000,-0.565531000,0.291421000
67.040841,NAPKIN_S1_POS_STROKE2_SETTLE,-0.273950000,-0.565032000,0.291477000
67.051165,NAPKIN_S1_POS_STROKE2_SETTLE,-0.273979000,-0.564559000,0.291543000
67.061454,NAPKIN_S1_POS_STROKE2_SETTLE,-0.274020000,-0.564027000,0.291611000
67.071781,NAPKIN_S1_POS_STROKE2_SETTLE,-0.274057000,-0.563549000,0.291671000
67.082007,NAPKIN_S1_POS_STROKE2_SETTLE,-0.274099000,-0.563063000,0.291725000
67.092214,NAPKIN_S1_POS_STROKE2_SETTLE,-0.274140000,-0.562522000,0.291765000
67.102495,NAPKIN_S1_POS_STROKE2_SETTLE,-0.274166000,-0.562045000,0.291796000
67.112754,NAPKIN_S1_POS_STROKE2_SETTLE,-0.274178000,-0.561576000,0.291812000
67.123014,NAPKIN_S1_POS_STROKE2_SETTLE,-0.274190000,-0.561100000,0.291816000
67.133350,NAPKIN_S1_POS_STROKE2_SETTLE,-0.274205000,-0.560575000,0.291818000
67.143640,NAPKIN_S1_POS_STROKE2_SETTLE,-0.274224000,-0.560080000,0.291810000
67.153961,NAPKIN_S1_POS_STROKE2_SETTLE,-0.274236000,-0.559587000,0.291795000
67.164323,NAPKIN_S1_POS_STROKE2_SETTLE,-0.274251000,-0.559033000,0.291769000
67.174735,NAPKIN_S1_POS_STROKE2_SETTLE,-0.274273000,-0.558521000,0.291749000
67.185282,NAPKIN_S1_POS_STROKE2_SETTLE,-0.274296000,-0.557963000,0.291734000
67.195751,NAPKIN_S1_POS_STROKE2_SETTLE,-0.274304000,-0.557463000,0.291715000
67.206196,NAPKIN_S1_POS_STROKE2_SETTLE,-0.274319000,-0.556960000,0.291697000
67.216551,NAPKIN_S1_POS_STROKE2_SETTLE,-0.274340000,-0.556406000,0.291691000
67.226898,NAPKIN_S1_POS_STROKE2_SETTLE,-0.274340000,-0.555904000,0.291674000
67.237248,NAPKIN_S1_POS_STROKE2_SETTLE,-0.274327000,-0.555360000,0.291642000
67.247567,NAPKIN_S1_POS_STROKE2_SETTLE,-0.274329000,-0.554847000,0.291617000
67.257898,NAPKIN_S1_POS_STROKE2_SETTLE,-0.274353000,-0.554309000,0.291589000
67.268248,NAPKIN_S1_POS_STROKE2_SETTLE,-0.274374000,-0.553733000,0.291564000
67.278579,NAPKIN_S1_POS_STROKE2_SETTLE,-0.274386000,-0.553211000,0.291536000
67.289041,NAPKIN_S1_POS_STROKE2_SETTLE,-0.274388000,-0.552703000,0.291513000
67.299512,NAPKIN_S1_POS_STROKE2_SETTLE,-0.274416000,-0.552122000,0.291497000
67.309905,NAPKIN_S1_POS_STROKE2_SETTLE,-0.274424000,-0.551609000,0.291474000
67.320273,NAPKIN_S1_POS_STROKE2_SETTLE,-0.274408000,-0.551069000,0.291449000
67.330614,NAPKIN_S1_POS_STROKE2_SETTLE,-0.274394000,-0.550584000,0.291442000
67.340967,NAPKIN_S1_POS_STROKE2_SETTLE,-0.274376000,-0.550120000,0.291442000
67.351306,NAPKIN_S1_POS_STROKE2_SETTLE,-0.274365000,-0.549609000,0.291453000
67.361615,NAPKIN_S1_POS_STROKE2_SETTLE,-0.274384000,-0.549138000,0.291490000
67.371977,NAPKIN_S1_POS_STROKE2_SETTLE,-0.274385000,-0.548685000,0.291523000
67.382332,NAPKIN_S1_POS_STROKE2_SETTLE,-0.274388000,-0.548177000,0.291549000
67.392677,NAPKIN_S1_POS_STROKE2_SETTLE,-0.274386000,-0.547733000,0.291577000
67.402998,NAPKIN_S1_POS_STROKE2_SETTLE,-0.274391000,-0.547279000,0.291598000
67.413316,NAPKIN_S1_POS_STROKE2_SETTLE,-0.274414000,-0.546765000,0.291630000
67.423670,NAPKIN_S1_POS_STROKE2_SETTLE,-0.274435000,-0.546299000,0.291653000
67.434007,NAPKIN_S1_POS_STROKE2_SETTLE,-0.274477000,-0.545812000,0.291678000
67.444368,NAPKIN_S1_POS_STROKE2_SETTLE,-0.274521000,-0.545287000,0.291700000
67.454696,NAPKIN_S1_POS_STROKE2_SETTLE,-0.274534000,-0.544810000,0.291683000
67.465033,NAPKIN_S1_POS_STROKE2_SETTLE,-0.274575000,-0.544307000,0.291676000
67.475413,NAPKIN_S1_POS_STROKE2_SETTLE,-0.274650000,-0.543744000,0.291701000
67.485784,NAPKIN_S1_POS_STROKE2_SETTLE,-0.274682000,-0.543243000,0.291695000
67.496132,NAPKIN_S1_POS_STROKE2_SETTLE,-0.274694000,-0.542749000,0.291679000
67.506490,NAPKIN_S1_POS_STROKE2_SETTLE,-0.274704000,-0.542207000,0.291666000
67.516812,NAPKIN_S1_POS_STROKE2_SETTLE,-0.274736000,-0.541697000,0.291680000
67.527238,NAPKIN_S1_POS_STROKE2_SETTLE,-0.274796000,-0.541122000,0.291719000
67.537604,NAPKIN_S1_POS_STROKE2_SETTLE,-0.274829000,-0.540613000,0.291746000
67.547918,NAPKIN_S1_POS_STROKE2_SETTLE,-0.274882000,-0.540085000,0.291787000
67.558295,NAPKIN_S1_POS_STROKE2_SETTLE,-0.274979000,-0.539473000,0.291835000
67.568636,NAPKIN_S1_POS_STROKE2_SETTLE,-0.275054000,-0.538915000,0.291850000
67.579031,NAPKIN_S1_POS_STROKE2_SETTLE,-0.275123000,-0.538355000,0.291863000
67.589370,NAPKIN_S1_POS_STROKE2_SETTLE,-0.275193000,-0.537745000,0.291888000
67.599694,NAPKIN_S1_POS_STROKE2_SETTLE,-0.275235000,-0.537200000,0.291883000
67.609984,NAPKIN_S1_POS_STROKE2_SETTLE,-0.275278000,-0.536661000,0.291892000
67.620290,NAPKIN_S1_POS_STROKE2_SETTLE,-0.275321000,-0.536071000,0.291885000
67.630611,NAPKIN_S1_POS_STROKE2_SETTLE,-0.275358000,-0.535534000,0.291881000
67.640922,NAPKIN_S1_POS_STROKE2_SETTLE,-0.275396000,-0.535010000,0.291899000
67.651296,NAPKIN_S1_POS_STROKE2_SETTLE,-0.275426000,-0.534441000,0.291905000
67.922498,NAPKIN_S2_POS_STROKE3,-0.275549000,-0.527518000,0.292874000
67.932463,NAPKIN_S2_POS_STROKE3,-0.275563000,-0.527505000,0.292890000
67.942445,NAPKIN_S2_POS_STROKE3,-0.275498000,-0.527535000,0.292818000
67.952464,NAPKIN_S2_POS_STROKE3,-0.275249000,-0.527661000,0.292544000
67.962473,NAPKIN_S2_POS_STROKE3,-0.275113000,-0.527794000,0.292446000
67.972487,NAPKIN_S2_POS_STROKE3,-0.275269000,-0.527863000,0.292699000
67.982441,NAPKIN_S2_POS_STROKE3,-0.275341000,-0.528034000,0.292864000
67.992456,NAPKIN_S2_POS_STROKE3,-0.275074000,-0.528395000,0.292687000
68.002438,NAPKIN_S2_POS_STROKE3,-0.274734000,-0.528822000,0.292456000
68.012445,NAPKIN_S2_POS_STROKE3,-0.274547000,-0.529249000,0.292431000
68.022434,NAPKIN_S2_POS_STROKE3,-0.274429000,-0.529688000,0.292503000
68.032446,NAPKIN_S2_POS_STROKE3,-0.274312000,-0.530171000,0.292606000
68.042444,NAPKIN_S2_POS_STROKE3,-0.274240000,-0.530658000,0.292731000
68.052453,NAPKIN_S2_POS_STROKE3,-0.274216000,-0.531129000,0.292814000
68.062435,NAPKIN_S2_POS_STROKE3,-0.274221000,-0.531572000,0.292828000
68.072452,NAPKIN_S2_POS_STROKE3,-0.274227000,-0.531998000,0.292797000
68.082643,NAPKIN_S2_POS_STROKE3,-0.274211000,-0.532428000,0.292732000
68.092434,NAPKIN_S2_POS_STROKE3,-0.274206000,-0.532863000,0.292698000
68.102494,NAPKIN_S2_POS_STROKE3,-0.274207000,-0.533309000,0.292691000
68.112436,NAPKIN_S2_POS_STROKE3,-0.274198000,-0.533772000,0.292679000
68.122437,NAPKIN_S2_POS_STROKE3,-0.274170000,-0.534258000,0.292686000
68.132426,NAPKIN_S2_POS_STROKE3,-0.274131000,-0.534768000,0.292689000
68.142434,NAPKIN_S2_POS_STROKE3,-0.274091000,-0.535276000,0.292662000
68.152471,NAPKIN_S2_POS_STROKE3,-0.274055000,-0.535780000,0.292622000
68.162432,NAPKIN_S2_POS_STROKE3,-0.274043000,-0.536276000,0.292607000
68.172495,NAPKIN_S2_POS_STROKE3,-0.274068000,-0.536757000,0.292636000
68.182545,NAPKIN_S2_POS_STROKE3,-0.274072000,-0.537245000,0.292669000
68.192479,NAPKIN_S2_POS_STROKE3,-0.274058000,-0.537748000,0.292686000
68.192566,NAPKIN_S2_POS_STROKE3_SETTLE,-0.274058000,-0.537748000,0.292686000
68.202888,NAPKIN_S2_POS_STROKE3_SETTLE,-0.274056000,-0.538250000,0.292711000
68.213249,NAPKIN_S2_POS_STROKE3_SETTLE,-0.274051000,-0.538815000,0.292749000
68.223571,NAPKIN_S2_POS_STROKE3_SETTLE,-0.274017000,-0.539350000,0.292767000
68.233896,NAPKIN_S2_POS_STROKE3_SETTLE,-0.273988000,-0.539881000,0.292777000
68.244241,NAPKIN_S2_POS_STROKE3_SETTLE,-0.273954000,-0.540461000,0.292760000
68.254580,NAPKIN_S2_POS_STROKE3_SETTLE,-0.273933000,-0.540977000,0.292728000
68.264906,NAPKIN_S2_POS_STROKE3_SETTLE,-0.273948000,-0.541480000,0.292733000
68.275329,NAPKIN_S2_POS_STROKE3_SETTLE,-0.273954000,-0.542048000,0.292742000
68.285851,NAPKIN_S2_POS_STROKE3_SETTLE,-0.273940000,-0.542553000,0.292697000
68.296411,NAPKIN_S2_POS_STROKE3_SETTLE,-0.273920000,-0.543130000,0.292664000
68.306867,NAPKIN_S2_POS_STROKE3_SETTLE,-0.273933000,-0.543640000,0.292654000
68.317238,NAPKIN_S2_POS_STROKE3_SETTLE,-0.273965000,-0.544194000,0.292658000
68.327606,NAPKIN_S2_POS_STROKE3_SETTLE,-0.273951000,-0.544718000,0.292626000
68.337996,NAPKIN_S2_POS_STROKE3_SETTLE,-0.273923000,-0.545244000,0.292568000
68.348397,NAPKIN_S2_POS_STROKE3_SETTLE,-0.273902000,-0.545795000,0.292486000
68.358747,NAPKIN_S2_POS_STROKE3_SETTLE,-0.273890000,-0.546299000,0.292417000
68.369123,NAPKIN_S2_POS_STROKE3_SETTLE,-0.273879000,-0.546798000,0.292357000
68.379484,NAPKIN_S2_POS_STROKE3_SETTLE,-0.273882000,-0.547335000,0.292315000
68.389847,NAPKIN_S2_POS_STROKE3_SETTLE,-0.273870000,-0.547837000,0.292285000
68.400275,NAPKIN_S2_POS_STROKE3_SETTLE,-0.273841000,-0.548390000,0.292225000
68.410639,NAPKIN_S2_POS_STROKE3_SETTLE,-0.273833000,-0.548886000,0.292198000
68.420957,NAPKIN_S2_POS_STROKE3_SETTLE,-0.273851000,-0.549360000,0.292179000
68.431311,NAPKIN_S2_POS_STROKE3_SETTLE,-0.273873000,-0.549882000,0.292155000
68.441658,NAPKIN_S2_POS_STROKE3_SETTLE,-0.273887000,-0.550356000,0.292119000
68.452021,NAPKIN_S2_POS_STROKE3_SETTLE,-0.273890000,-0.550844000,0.292080000
68.462355,NAPKIN_S2_POS_STROKE3_SETTLE,-0.273895000,-0.551376000,0.292044000
68.472715,NAPKIN_S2_POS_STROKE3_SETTLE,-0.273898000,-0.551860000,0.292010000
68.483048,NAPKIN_S2_POS_STROKE3_SETTLE,-0.273914000,-0.552348000,0.291996000
68.493428,NAPKIN_S2_POS_STROKE3_SETTLE,-0.273923000,-0.552898000,0.291989000
68.503781,NAPKIN_S2_POS_STROKE3_SETTLE,-0.273924000,-0.553402000,0.291980000
68.514162,NAPKIN_S2_POS_STROKE3_SETTLE,-0.273928000,-0.553906000,0.291982000
68.524541,NAPKIN_S2_POS_STROKE3_SETTLE,-0.273968000,-0.554444000,0.292014000
68.534888,NAPKIN_S2_POS_STROKE3_SETTLE,-0.273996000,-0.554937000,0.292037000
68.545270,NAPKIN_S2_POS_STROKE3_SETTLE,-0.274010000,-0.555501000,0.292079000
68.555622,NAPKIN_S2_POS_STROKE3_SETTLE,-0.274014000,-0.556010000,0.292111000
68.565911,NAPKIN_S2_POS_STROKE3_SETTLE,-0.274037000,-0.556518000,0.292174000
68.576276,NAPKIN_S2_POS_STROKE3_SETTLE,-0.274059000,-0.557072000,0.292235000
68.586701,NAPKIN_S2_POS_STROKE3_SETTLE,-0.274085000,-0.557575000,0.292295000
68.597108,NAPKIN_S2_POS_STROKE3_SETTLE,-0.274123000,-0.558067000,0.292360000
68.607488,NAPKIN_S2_POS_STROKE3_SETTLE,-0.274166000,-0.558603000,0.292427000
68.617839,NAPKIN_S2_POS_STROKE3_SETTLE,-0.274197000,-0.559101000,0.292493000
68.628234,NAPKIN_S2_POS_STROKE3_SETTLE,-0.274225000,-0.559636000,0.292547000
68.638588,NAPKIN_S2_POS_STROKE3_SETTLE,-0.274230000,-0.560144000,0.292601000
68.649039,NAPKIN_S2_POS_STROKE3_SETTLE,-0.274219000,-0.560703000,0.292642000
68.659437,NAPKIN_S2_POS_STROKE3_SETTLE,-0.274224000,-0.561247000,0.292668000
68.669784,NAPKIN_S2_POS_STROKE3_SETTLE,-0.274238000,-0.561736000,0.292697000
68.680151,NAPKIN_S2_POS_STROKE3_SETTLE,-0.274262000,-0.562207000,0.292714000
68.690493,NAPKIN_S2_POS_STROKE3_SETTLE,-0.274292000,-0.562729000,0.292732000
68.700827,NAPKIN_S2_POS_STROKE3_SETTLE,-0.274335000,-0.563187000,0.292746000
68.711211,NAPKIN_S2_POS_STROKE3_SETTLE,-0.274378000,-0.563635000,0.292740000
68.721549,NAPKIN_S2_POS_STROKE3_SETTLE,-0.274410000,-0.564140000,0.292734000
68.731862,NAPKIN_S2_POS_STROKE3_SETTLE,-0.274444000,-0.564593000,0.292725000
68.742204,NAPKIN_S2_POS_STROKE3_SETTLE,-0.274476000,-0.565050000,0.292718000
68.752537,NAPKIN_S2_POS_STROKE3_SETTLE,-0.274526000,-0.565534000,0.292705000
68.762854,NAPKIN_S2_POS_STROKE3_SETTLE,-0.274555000,-0.566000000,0.292701000
68.773291,NAPKIN_S2_POS_STROKE3_SETTLE,-0.274598000,-0.566504000,0.292709000
68.783703,NAPKIN_S2_POS_STROKE3_SETTLE,-0.274653000,-0.566954000,0.292725000
68.794123,NAPKIN_S2_POS_STROKE3_SETTLE,-0.274687000,-0.567419000,0.292730000
68.804486,NAPKIN_S2_POS_STROKE3_SETTLE,-0.274693000,-0.567952000,0.292721000
68.814815,NAPKIN_S2_POS_STROKE3_SETTLE,-0.274695000,-0.568437000,0.292719000
68.825149,NAPKIN_S2_POS_STROKE3_SETTLE,-0.274685000,-0.568946000,0.292738000
68.835469,NAPKIN_S2_POS_STROKE3_SETTLE,-0.274680000,-0.569494000,0.292749000
68.845848,NAPKIN_S2_POS_STROKE3_SETTLE,-0.274681000,-0.569991000,0.292758000
68.856212,NAPKIN_S2_POS_STROKE3_SETTLE,-0.274667000,-0.570565000,0.292788000
68.866566,NAPKIN_S2_POS_STROKE3_SETTLE,-0.274684000,-0.571065000,0.292825000
68.876898,NAPKIN_S2_POS_STROKE3_SETTLE,-0.274698000,-0.571562000,0.292854000
68.887244,NAPKIN_S2_POS_STROKE3_SETTLE,-0.274692000,-0.572124000,0.292875000
68.897574,NAPKIN_S2_POS_STROKE3_SETTLE,-0.274684000,-0.572636000,0.292886000
68.907893,NAPKIN_S2_POS_STROKE3_SETTLE,-0.274681000,-0.573150000,0.292919000
68.918252,NAPKIN_S2_POS_STROKE3_SETTLE,-0.274663000,-0.573720000,0.292938000
68.928573,NAPKIN_S2_POS_STROKE3_SETTLE,-0.274626000,-0.574251000,0.292938000
69.199709,NAPKIN_S1_POS_STROKE3,-0.274370000,-0.584801000,0.292261000
69.209735,NAPKIN_S1_POS_STROKE3,-0.274388000,-0.584873000,0.292319000
69.219722,NAPKIN_S1_POS_STROKE3,-0.274277000,-0.584993000,0.292233000
69.229615,NAPKIN_S1_POS_STROKE3,-0.273972000,-0.585183000,0.291930000
69.239722,NAPKIN_S1_POS_STROKE3,-0.273614000,-0.585347000,0.291509000
69.249692,NAPKIN_S1_POS_STROKE3,-0.273355000,-0.585457000,0.291258000
69.259692,NAPKIN_S1_POS_STROKE3,-0.273455000,-0.585374000,0.291320000
69.269746,NAPKIN_S1_POS_STROKE3,-0.273574000,-0.585212000,0.291316000
69.279702,NAPKIN_S1_POS_STROKE3,-0.273330000,-0.585100000,0.290876000
69.289662,NAPKIN_S1_POS_STROKE3,-0.272905000,-0.585010000,0.290318000
69.299694,NAPKIN_S1_POS_STROKE3,-0.272642000,-0.584864000,0.290048000
69.309690,NAPKIN_S1_POS_STROKE3,-0.272544000,-0.584637000,0.289998000
69.319667,NAPKIN_S1_POS_STROKE3,-0.272480000,-0.584343000,0.289982000
69.329773,NAPKIN_S1_POS_STROKE3,-0.272394000,-0.584034000,0.289973000
69.339589,NAPKIN_S1_POS_STROKE3,-0.272359000,-0.583686000,0.290006000
69.349768,NAPKIN_S1_POS_STROKE3,-0.272400000,-0.583267000,0.290049000
69.359570,NAPKIN_S1_POS_STROKE3,-0.272463000,-0.582800000,0.290053000
69.369662,NAPKIN_S1_POS_STROKE3,-0.272554000,-0.582300000,0.290068000
69.379748,NAPKIN_S1_POS_STROKE3,-0.272688000,-0.581774000,0.290117000
69.389583,NAPKIN_S1_POS_STROKE3,-0.272840000,-0.581222000,0.290171000
69.399740,NAPKIN_S1_POS_STROKE3,-0.272957000,-0.580693000,0.290238000
69.409564,NAPKIN_S1_POS_STROKE3,-0.273003000,-0.580203000,0.290291000
69.419743,NAPKIN_S1_POS_STROKE3,-0.273026000,-0.579717000,0.290345000
69.429547,NAPKIN_S1_POS_STROKE3,-0.273027000,-0.579238000,0.290386000
69.439744,NAPKIN_S1_POS_STROKE3,-0.273013000,-0.578761000,0.290412000
69.449570,NAPKIN_S1_POS_STROKE3,-0.273017000,-0.578264000,0.290444000
69.459747,NAPKIN_S1_POS_STROKE3,-0.273019000,-0.577756000,0.290465000
69.469544,NAPKIN_S1_POS_STROKE3,-0.273035000,-0.577289000,0.290501000
69.479623,NAPKIN_S1_POS_STROKE3,-0.273057000,-0.576717000,0.290562000
69.489767,NAPKIN_S1_POS_STROKE3,-0.273112000,-0.576183000,0.290637000
69.489809,NAPKIN_S1_POS_STROKE3_SETTLE,-0.273112000,-0.576183000,0.290637000
69.499978,NAPKIN_S1_POS_STROKE3_SETTLE,-0.273187000,-0.575634000,0.290707000
69.510215,NAPKIN_S1_POS_STROKE3_SETTLE,-0.273245000,-0.575037000,0.290766000
69.520574,NAPKIN_S1_POS_STROKE3_SETTLE,-0.273319000,-0.574476000,0.290825000
69.530908,NAPKIN_S1_POS_STROKE3_SETTLE,-0.273355000,-0.573929000,0.290860000
69.541254,NAPKIN_S1_POS_STROKE3_SETTLE,-0.273400000,-0.573333000,0.290918000
69.551595,NAPKIN_S1_POS_STROKE3_SETTLE,-0.273441000,-0.572786000,0.290964000
69.561955,NAPKIN_S1_POS_STROKE3_SETTLE,-0.273479000,-0.572249000,0.291013000
69.572321,NAPKIN_S1_POS_STROKE3_SETTLE,-0.273520000,-0.571653000,0.291055000
69.582638,NAPKIN_S1_POS_STROKE3_SETTLE,-0.273561000,-0.571123000,0.291093000
69.592997,NAPKIN_S1_POS_STROKE3_SETTLE,-0.273658000,-0.570557000,0.291153000
69.603433,NAPKIN_S1_POS_STROKE3_SETTLE,-0.273746000,-0.569954000,0.291204000
69.613786,NAPKIN_S1_POS_STROKE3_SETTLE,-0.273842000,-0.569385000,0.291248000
69.624111,NAPKIN_S1_POS_STROKE3_SETTLE,-0.273944000,-0.568806000,0.291302000
69.634468,NAPKIN_S1_POS_STROKE3_SETTLE,-0.274049000,-0.568177000,0.291357000
69.644793,NAPKIN_S1_POS_STROKE3_SETTLE,-0.274120000,-0.567614000,0.291391000
69.655140,NAPKIN_S1_POS_STROKE3_SETTLE,-0.274176000,-0.567074000,0.291435000
69.665490,NAPKIN_S1_POS_STROKE3_SETTLE,-0.274247000,-0.566478000,0.291481000
69.675808,NAPKIN_S1_POS_STROKE3_SETTLE,-0.274298000,-0.565956000,0.291519000
69.686136,NAPKIN_S1_POS_STROKE3_SETTLE,-0.274328000,-0.565454000,0.291559000
69.696363,NAPKIN_S1_POS_STROKE3_SETTLE,-0.274342000,-0.564920000,0.291597000
69.706559,NAPKIN_S1_POS_STROKE3_SETTLE,-0.274352000,-0.564439000,0.291644000
69.716754,NAPKIN_S1_POS_STROKE3_SETTLE,-0.274395000,-0.563942000,0.291714000
69.726914,NAPKIN_S1_POS_STROKE3_SETTLE,-0.274412000,-0.563456000,0.291758000
69.737147,NAPKIN_S1_POS_STROKE3_SETTLE,-0.274426000,-0.562980000,0.291803000
69.747455,NAPKIN_S1_POS_STROKE3_SETTLE,-0.274448000,-0.562450000,0.291849000
69.757804,NAPKIN_S1_POS_STROKE3_SETTLE,-0.274464000,-0.561973000,0.291883000
69.768177,NAPKIN_S1_POS_STROKE3_SETTLE,-0.274481000,-0.561489000,0.291905000
69.778558,NAPKIN_S1_POS_STROKE3_SETTLE,-0.274503000,-0.560950000,0.291919000
69.788971,NAPKIN_S1_POS_STROKE3_SETTLE,-0.274533000,-0.560454000,0.291945000
69.799350,NAPKIN_S1_POS_STROKE3_SETTLE,-0.274576000,-0.559888000,0.291959000
69.809686,NAPKIN_S1_POS_STROKE3_SETTLE,-0.274604000,-0.559380000,0.291955000
69.820027,NAPKIN_S1_POS_STROKE3_SETTLE,-0.274621000,-0.558878000,0.291946000
69.830400,NAPKIN_S1_POS_STROKE3_SETTLE,-0.274649000,-0.558313000,0.291928000
69.840751,NAPKIN_S1_POS_STROKE3_SETTLE,-0.274662000,-0.557810000,0.291905000
69.851086,NAPKIN_S1_POS_STROKE3_SETTLE,-0.274666000,-0.557315000,0.291882000
69.861443,NAPKIN_S1_POS_STROKE3_SETTLE,-0.274668000,-0.556765000,0.291856000
69.871786,NAPKIN_S1_POS_STROKE3_SETTLE,-0.274663000,-0.556323000,0.291838000
69.882139,NAPKIN_S1_POS_STROKE3_SETTLE,-0.274656000,-0.555769000,0.291803000
69.892514,NAPKIN_S1_POS_STROKE3_SETTLE,-0.274664000,-0.555206000,0.291770000
69.902851,NAPKIN_S1_POS_STROKE3_SETTLE,-0.274677000,-0.554683000,0.291744000
69.913195,NAPKIN_S1_POS_STROKE3_SETTLE,-0.274684000,-0.554099000,0.291685000
69.923511,NAPKIN_S1_POS_STROKE3_SETTLE,-0.274677000,-0.553584000,0.291644000
69.933818,NAPKIN_S1_POS_STROKE3_SETTLE,-0.274687000,-0.553060000,0.291626000
69.944170,NAPKIN_S1_POS_STROKE3_SETTLE,-0.274692000,-0.552545000,0.291607000
69.954579,NAPKIN_S1_POS_STROKE3_SETTLE,-0.274677000,-0.551979000,0.291562000
69.964926,NAPKIN_S1_POS_STROKE3_SETTLE,-0.274667000,-0.551471000,0.291533000
69.975309,NAPKIN_S1_POS_STROKE3_SETTLE,-0.274644000,-0.550939000,0.291525000
69.985638,NAPKIN_S1_POS_STROKE3_SETTLE,-0.274632000,-0.550452000,0.291530000
69.996000,NAPKIN_S1_POS_STROKE3_SETTLE,-0.274621000,-0.549976000,0.291540000
70.006360,NAPKIN_S1_POS_STROKE3_SETTLE,-0.274636000,-0.549440000,0.291571000
70.016670,NAPKIN_S1_POS_STROKE3_SETTLE,-0.274633000,-0.548967000,0.291589000
70.027001,NAPKIN_S1_POS_STROKE3_SETTLE,-0.274607000,-0.548521000,0.291605000
70.037338,NAPKIN_S1_POS_STROKE3_SETTLE,-0.274578000,-0.548030000,0.291632000
70.047676,NAPKIN_S1_POS_STROKE3_SETTLE,-0.274542000,-0.547592000,0.291645000
70.057992,NAPKIN_S1_POS_STROKE3_SETTLE,-0.274519000,-0.547141000,0.291656000
70.068305,NAPKIN_S1_POS_STROKE3_SETTLE,-0.274517000,-0.546635000,0.291679000
70.078617,NAPKIN_S1_POS_STROKE3_SETTLE,-0.274506000,-0.546181000,0.291694000
70.088947,NAPKIN_S1_POS_STROKE3_SETTLE,-0.274526000,-0.545703000,0.291710000
70.099372,NAPKIN_S1_POS_STROKE3_SETTLE,-0.274545000,-0.545178000,0.291723000
70.109795,NAPKIN_S1_POS_STROKE3_SETTLE,-0.274593000,-0.544683000,0.291736000
70.120187,NAPKIN_S1_POS_STROKE3_SETTLE,-0.274643000,-0.544171000,0.291730000
70.130528,NAPKIN_S1_POS_STROKE3_SETTLE,-0.274701000,-0.543616000,0.291742000
70.140900,NAPKIN_S1_POS_STROKE3_SETTLE,-0.274725000,-0.543170000,0.291735000
70.151271,NAPKIN_S1_POS_STROKE3_SETTLE,-0.274779000,-0.542564000,0.291749000
70.161623,NAPKIN_S1_POS_STROKE3_SETTLE,-0.274838000,-0.542049000,0.291770000
70.171970,NAPKIN_S1_POS_STROKE3_SETTLE,-0.274879000,-0.541546000,0.291790000
70.182303,NAPKIN_S1_POS_STROKE3_SETTLE,-0.274872000,-0.541004000,0.291765000
70.192650,NAPKIN_S1_POS_STROKE3_SETTLE,-0.274883000,-0.540505000,0.291761000
70.202992,NAPKIN_S1_POS_STROKE3_SETTLE,-0.274923000,-0.539986000,0.291780000
70.213326,NAPKIN_S1_POS_STROKE3_SETTLE,-0.274979000,-0.539403000,0.291798000
70.223626,NAPKIN_S1_POS_STROKE3_SETTLE,-0.275020000,-0.538880000,0.291818000
70.233933,NAPKIN_S1_POS_STROKE3_SETTLE,-0.275063000,-0.538347000,0.291836000
70.244263,NAPKIN_S1_POS_STROKE3_SETTLE,-0.275144000,-0.537738000,0.291861000
70.254620,NAPKIN_S1_POS_STROKE3_SETTLE,-0.275213000,-0.537178000,0.291874000
70.264976,NAPKIN_S1_POS_STROKE3_SETTLE,-0.275268000,-0.536683000,0.291886000
70.275369,NAPKIN_S1_POS_STROKE3_SETTLE,-0.275348000,-0.536029000,0.291919000
70.285738,NAPKIN_S1_POS_STROKE3_SETTLE,-0.275391000,-0.535491000,0.291921000
70.296066,NAPKIN_S1_POS_STROKE3_SETTLE,-0.275425000,-0.534970000,0.291925000
70.306375,NAPKIN_S1_POS_STROKE3_SETTLE,-0.275468000,-0.534417000,0.291959000
70.577724,NAPKIN_LIFT1_POS_FINISH,-0.275672000,-0.527589000,0.292837000
70.587703,NAPKIN_LIFT1_POS_FINISH,-0.275666000,-0.527589000,0.292835000
70.597720,NAPKIN_LIFT1_POS_FINISH,-0.275556000,-0.527641000,0.292711000
70.607727,NAPKIN_LIFT1_POS_FINISH,-0.275289000,-0.527784000,0.292430000
70.617704,NAPKIN_LIFT1_POS_FINISH,-0.275204000,-0.527945000,0.292543000
70.627683,NAPKIN_LIFT1_POS_FINISH,-0.275248000,-0.528128000,0.292996000
70.637722,NAPKIN_LIFT1_POS_FINISH,-0.274988000,-0.528355000,0.293071000
70.647624,NAPKIN_LIFT1_POS_FINISH,-0.274553000,-0.528618000,0.292964000
70.657681,NAPKIN_LIFT1_POS_FINISH,-0.274274000,-0.528825000,0.293114000
70.667577,NAPKIN_LIFT1_POS_FINISH,-0.274175000,-0.528958000,0.293497000
70.677646,NAPKIN_LIFT1_POS_FINISH,-0.274165000,-0.529107000,0.294265000
70.687629,NAPKIN_LIFT1_POS_FINISH,-0.273982000,-0.529299000,0.294753000
70.697721,NAPKIN_LIFT1_POS_FINISH,-0.273628000,-0.529569000,0.295150000
70.707622,NAPKIN_LIFT1_POS_FINISH,-0.273557000,-0.529676000,0.295688000
70.717540,NAPKIN_LIFT1_POS_FINISH,-0.273688000,-0.529663000,0.296376000
70.727551,NAPKIN_LIFT1_POS_FINISH,-0.273760000,-0.529655000,0.296960000
70.737572,NAPKIN_LIFT1_POS_FINISH,-0.273776000,-0.529671000,0.297593000
70.747541,NAPKIN_LIFT1_POS_FINISH,-0.273786000,-0.529666000,0.298078000
70.757528,NAPKIN_LIFT1_POS_FINISH,-0.273847000,-0.529612000,0.298532000
70.767542,NAPKIN_LIFT1_POS_FINISH,-0.273921000,-0.529553000,0.298990000
70.777669,NAPKIN_LIFT1_POS_FINISH,-0.273954000,-0.529525000,0.299486000
70.787593,NAPKIN_LIFT1_POS_FINISH,-0.273949000,-0.529527000,0.299998000
70.797535,NAPKIN_LIFT1_POS_FINISH,-0.273933000,-0.529548000,0.300532000
70.807546,NAPKIN_LIFT1_POS_FINISH,-0.273899000,-0.529568000,0.301038000
70.817522,NAPKIN_LIFT1_POS_FINISH,-0.273878000,-0.529562000,0.301489000
70.827533,NAPKIN_LIFT1_POS_FINISH,-0.273852000,-0.529554000,0.302058000
70.837553,NAPKIN_LIFT1_POS_FINISH,-0.273835000,-0.529538000,0.302568000
70.847528,NAPKIN_LIFT1_POS_FINISH,-0.273808000,-0.529524000,0.303033000
70.857522,NAPKIN_LIFT1_POS_FINISH,-0.273817000,-0.529493000,0.303489000
70.867508,NAPKIN_LIFT1_POS_FINISH,-0.273836000,-0.529455000,0.303957000
70.877517,NAPKIN_LIFT1_POS_FINISH,-0.273832000,-0.529432000,0.304396000
70.887531,NAPKIN_LIFT1_POS_FINISH,-0.273820000,-0.529414000,0.304859000
70.897511,NAPKIN_LIFT1_POS_FINISH,-0.273823000,-0.529393000,0.305341000
70.907561,NAPKIN_LIFT1_POS_FINISH,-0.273814000,-0.529362000,0.305809000
70.917582,NAPKIN_LIFT1_POS_FINISH,-0.273791000,-0.529333000,0.306268000
70.927576,NAPKIN_LIFT1_POS_FINISH,-0.273777000,-0.529296000,0.306729000
70.937613,NAPKIN_LIFT1_POS_FINISH,-0.273785000,-0.529257000,0.307218000
70.947590,NAPKIN_LIFT1_POS_FINISH,-0.273795000,-0.529235000,0.307741000
70.957609,NAPKIN_LIFT1_POS_FINISH,-0.273797000,-0.529224000,0.308244000
70.967590,NAPKIN_LIFT1_POS_FINISH,-0.273785000,-0.529217000,0.308716000
70.967705,NAPKIN_LIFT1_POS_FINISH_SETTLE,-0.273785000,-0.529217000,0.308716000
70.978079,NAPKIN_LIFT1_POS_FINISH_SETTLE,-0.273780000,-0.529207000,0.309199000
70.988615,NAPKIN_LIFT1_POS_FINISH_SETTLE,-0.273782000,-0.529186000,0.309730000
70.999096,NAPKIN_LIFT1_POS_FINISH_SETTLE,-0.273771000,-0.529173000,0.310219000
71.009561,NAPKIN_LIFT1_POS_FINISH_SETTLE,-0.273771000,-0.529156000,0.310720000
71.020028,NAPKIN_LIFT1_POS_FINISH_SETTLE,-0.273763000,-0.529142000,0.311273000
71.030436,NAPKIN_LIFT1_POS_FINISH_SETTLE,-0.273749000,-0.529131000,0.311817000
71.040684,NAPKIN_LIFT1_POS_FINISH_SETTLE,-0.273729000,-0.529127000,0.312286000
71.050905,NAPKIN_LIFT1_POS_FINISH_SETTLE,-0.273704000,-0.529135000,0.312775000
71.061157,NAPKIN_LIFT1_POS_FINISH_SETTLE,-0.273694000,-0.529140000,0.313229000
71.071520,NAPKIN_LIFT1_POS_FINISH_SETTLE,-0.273663000,-0.529153000,0.313813000
71.081870,NAPKIN_LIFT1_POS_FINISH_SETTLE,-0.273632000,-0.529165000,0.314271000
71.092229,NAPKIN_LIFT1_POS_FINISH_SETTLE,-0.273617000,-0.529154000,0.314759000
71.102629,NAPKIN_LIFT1_POS_FINISH_SETTLE,-0.273601000,-0.529143000,0.315197000
71.113041,NAPKIN_LIFT1_POS_FINISH_SETTLE,-0.273588000,-0.529131000,0.315572000
71.123422,NAPKIN_LIFT1_POS_FINISH_SETTLE,-0.273594000,-0.529108000,0.316116000
71.133779,NAPKIN_LIFT1_POS_FINISH_SETTLE,-0.273602000,-0.529090000,0.316572000
71.144205,NAPKIN_LIFT1_POS_FINISH_SETTLE,-0.273577000,-0.529085000,0.316992000
71.154621,NAPKIN_LIFT1_POS_FINISH_SETTLE,-0.273542000,-0.529088000,0.317472000
71.165088,NAPKIN_LIFT1_POS_FINISH_SETTLE,-0.273533000,-0.529074000,0.317923000
71.175615,NAPKIN_LIFT1_POS_FINISH_SETTLE,-0.273506000,-0.529077000,0.318433000
71.186102,NAPKIN_LIFT1_POS_FINISH_SETTLE,-0.273480000,-0.529083000,0.318906000
71.196578,NAPKIN_LIFT1_POS_FINISH_SETTLE,-0.273483000,-0.529085000,0.319461000
71.207073,NAPKIN_LIFT1_POS_FINISH_SETTLE,-0.273492000,-0.529076000,0.319963000
71.217521,NAPKIN_LIFT1_POS_FINISH_SETTLE,-0.273491000,-0.529072000,0.320492000
71.227913,NAPKIN_LIFT1_POS_FINISH_SETTLE,-0.273486000,-0.529074000,0.320970000
71.238284,NAPKIN_LIFT1_POS_FINISH_SETTLE,-0.273488000,-0.529072000,0.321510000
71.248619,NAPKIN_LIFT1_POS_FINISH_SETTLE,-0.273505000,-0.529067000,0.322012000
71.258985,NAPKIN_LIFT1_POS_FINISH_SETTLE,-0.273514000,-0.529060000,0.322504000
71.269317,NAPKIN_LIFT1_POS_FINISH_SETTLE,-0.273525000,-0.529048000,0.323044000
71.279694,NAPKIN_LIFT1_POS_FINISH_SETTLE,-0.273541000,-0.529039000,0.323559000
71.290068,NAPKIN_LIFT1_POS_FINISH_SETTLE,-0.273561000,-0.529025000,0.324074000
71.300504,NAPKIN_LIFT1_POS_FINISH_SETTLE,-0.273590000,-0.529001000,0.324643000
71.310848,NAPKIN_LIFT1_POS_FINISH_SETTLE,-0.273610000,-0.528985000,0.325116000
71.321200,NAPKIN_LIFT1_POS_FINISH_SETTLE,-0.273626000,-0.528967000,0.325682000
71.331532,NAPKIN_LIFT1_POS_FINISH_SETTLE,-0.273636000,-0.528954000,0.326249000
71.341871,NAPKIN_LIFT1_POS_FINISH_SETTLE,-0.273649000,-0.528943000,0.326766000
71.352221,NAPKIN_LIFT1_POS_FINISH_SETTLE,-0.273665000,-0.528932000,0.327331000
71.362561,NAPKIN_LIFT1_POS_FINISH_SETTLE,-0.273673000,-0.528931000,0.327801000
71.372876,NAPKIN_LIFT1_POS_FINISH_SETTLE,-0.273698000,-0.528920000,0.328325000
71.383238,NAPKIN_LIFT1_POS_FINISH_SETTLE,-0.273720000,-0.528904000,0.328943000
71.393627,NAPKIN_LIFT1_POS_FINISH_SETTLE,-0.273734000,-0.528885000,0.329429000
71.403995,NAPKIN_LIFT1_POS_FINISH_SETTLE,-0.273752000,-0.528864000,0.329923000
71.414364,NAPKIN_LIFT1_POS_FINISH_SETTLE,-0.273779000,-0.528836000,0.330422000
71.424706,NAPKIN_LIFT1_POS_FINISH_SETTLE,-0.273804000,-0.528810000,0.330967000
71.435062,NAPKIN_LIFT1_POS_FINISH_SETTLE,-0.273819000,-0.528794000,0.331465000
71.445610,NAPKIN_LIFT1_POS_FINISH_SETTLE,-0.273859000,-0.528763000,0.332039000
71.455984,NAPKIN_LIFT1_POS_FINISH_SETTLE,-0.273889000,-0.528730000,0.332544000
71.466335,NAPKIN_LIFT1_POS_FINISH_SETTLE,-0.273906000,-0.528703000,0.333092000
71.476678,NAPKIN_LIFT1_POS_FINISH_SETTLE,-0.273921000,-0.528676000,0.333602000
71.487046,NAPKIN_LIFT1_POS_FINISH_SETTLE,-0.273936000,-0.528652000,0.334124000
71.497477,NAPKIN_LIFT1_POS_FINISH_SETTLE,-0.273950000,-0.528634000,0.334648000
71.507865,NAPKIN_LIFT1_POS_FINISH_SETTLE,-0.273953000,-0.528623000,0.335117000
71.518261,NAPKIN_LIFT1_POS_FINISH_SETTLE,-0.273958000,-0.528621000,0.335747000
71.528650,NAPKIN_LIFT1_POS_FINISH_SETTLE,-0.273972000,-0.528612000,0.336281000
71.539045,NAPKIN_LIFT1_POS_FINISH_SETTLE,-0.273978000,-0.528607000,0.336794000
71.549297,NAPKIN_LIFT1_POS_FINISH_SETTLE,-0.274001000,-0.528589000,0.337416000
71.559537,NAPKIN_LIFT1_POS_FINISH_SETTLE,-0.274031000,-0.528571000,0.337888000
71.569784,NAPKIN_LIFT1_POS_FINISH_SETTLE,-0.274055000,-0.528550000,0.338449000
71.580033,NAPKIN_LIFT1_POS_FINISH_SETTLE,-0.274073000,-0.528528000,0.338941000
71.590284,NAPKIN_LIFT1_POS_FINISH_SETTLE,-0.274075000,-0.528520000,0.339479000
71.600533,NAPKIN_LIFT1_POS_FINISH_SETTLE,-0.274095000,-0.528499000,0.339983000
71.610795,NAPKIN_LIFT1_POS_FINISH_SETTLE,-0.274104000,-0.528492000,0.340485000
71.621053,NAPKIN_LIFT1_POS_FINISH_SETTLE,-0.274112000,-0.528478000,0.340930000
71.631350,NAPKIN_LIFT1_POS_FINISH_SETTLE,-0.274141000,-0.528461000,0.341570000
71.641700,NAPKIN_LIFT1_POS_FINISH_SETTLE,-0.274164000,-0.528440000,0.342089000
71.651999,NAPKIN_LIFT1_POS_FINISH_SETTLE,-0.274154000,-0.528432000,0.342518000
71.662305,NAPKIN_LIFT1_POS_FINISH_SETTLE,-0.274144000,-0.528426000,0.343109000
71.672745,NAPKIN_LIFT1_POS_FINISH_SETTLE,-0.274156000,-0.528421000,0.343618000
71.683057,NAPKIN_LIFT1_POS_FINISH_SETTLE,-0.274164000,-0.528424000,0.344128000
71.693354,NAPKIN_LIFT1_POS_FINISH_SETTLE,-0.274169000,-0.528423000,0.344622000
71.703617,NAPKIN_LIFT1_POS_FINISH_SETTLE,-0.274174000,-0.528426000,0.345103000
71.713881,NAPKIN_LIFT1_POS_FINISH_SETTLE,-0.274190000,-0.528421000,0.345574000
71.724146,NAPKIN_LIFT1_POS_FINISH_SETTLE,-0.274210000,-0.528411000,0.346097000
71.734399,NAPKIN_LIFT1_POS_FINISH_SETTLE,-0.274226000,-0.528402000,0.346568000
71.744779,NAPKIN_LIFT1_POS_FINISH_SETTLE,-0.274249000,-0.528388000,0.347039000
71.755030,NAPKIN_LIFT1_POS_FINISH_SETTLE,-0.274271000,-0.528375000,0.347561000
71.765261,NAPKIN_LIFT1_POS_FINISH_SETTLE,-0.274300000,-0.528362000,0.348055000
71.775683,NAPKIN_LIFT1_POS_FINISH_SETTLE,-0.274321000,-0.528354000,0.348540000
71.786013,NAPKIN_LIFT1_POS_FINISH_SETTLE,-0.274334000,-0.528351000,0.349076000
71.796312,NAPKIN_LIFT1_POS_FINISH_SETTLE,-0.274344000,-0.528349000,0.349558000
71.806558,NAPKIN_LIFT1_POS_FINISH_SETTLE,-0.274368000,-0.528339000,0.350104000
71.816781,NAPKIN_LIFT1_POS_FINISH_SETTLE,-0.274387000,-0.528332000,0.350558000
71.827040,NAPKIN_LIFT1_POS_FINISH_SETTLE,-0.274409000,-0.528322000,0.351106000
71.837288,NAPKIN_LIFT1_POS_FINISH_SETTLE,-0.274426000,-0.528315000,0.351603000
71.847555,NAPKIN_LIFT1_POS_FINISH_SETTLE,-0.274437000,-0.528312000,0.352086000
71.857823,NAPKIN_LIFT1_POS_FINISH_SETTLE,-0.274445000,-0.528309000,0.352611000
71.868054,NAPKIN_LIFT1_POS_FINISH_SETTLE,-0.274447000,-0.528309000,0.353027000
71.878301,NAPKIN_LIFT1_POS_FINISH_SETTLE,-0.274438000,-0.528318000,0.353528000
71.888509,NAPKIN_LIFT1_POS_FINISH_SETTLE,-0.274439000,-0.528317000,0.353976000
71.898733,NAPKIN_LIFT1_POS_FINISH_SETTLE,-0.274443000,-0.528316000,0.354425000
71.908988,NAPKIN_LIFT1_POS_FINISH_SETTLE,-0.274451000,-0.528310000,0.354874000
71.919222,NAPKIN_LIFT1_POS_FINISH_SETTLE,-0.274454000,-0.528311000,0.355362000
71.929501,NAPKIN_LIFT1_POS_FINISH_SETTLE,-0.274448000,-0.528313000,0.355791000
71.939984,NAPKIN_LIFT1_POS_FINISH_SETTLE,-0.274440000,-0.528319000,0.356234000
71.950250,NAPKIN_LIFT1_POS_FINISH_SETTLE,-0.274440000,-0.528324000,0.356746000
71.960486,NAPKIN_LIFT1_POS_FINISH_SETTLE,-0.274455000,-0.528324000,0.357238000
71.970750,NAPKIN_LIFT1_POS_FINISH_SETTLE,-0.274465000,-0.528324000,0.357728000
71.981004,NAPKIN_LIFT1_POS_FINISH_SETTLE,-0.274472000,-0.528318000,0.358214000
71.991266,NAPKIN_LIFT1_POS_FINISH_SETTLE,-0.274480000,-0.528312000,0.358761000
72.001497,NAPKIN_LIFT1_POS_FINISH_SETTLE,-0.274484000,-0.528308000,0.359258000
72.011760,NAPKIN_LIFT1_POS_FINISH_SETTLE,-0.274484000,-0.528305000,0.359769000
72.022041,NAPKIN_LIFT1_POS_FINISH_SETTLE,-0.274495000,-0.528299000,0.360289000
72.032297,NAPKIN_LIFT1_POS_FINISH_SETTLE,-0.274504000,-0.528293000,0.360858000
72.042555,NAPKIN_LIFT1_POS_FINISH_SETTLE,-0.274525000,-0.528275000,0.361374000
72.052966,NAPKIN_LIFT1_POS_FINISH_SETTLE,-0.274550000,-0.528256000,0.361888000
