t,phase,x,y,z
18.324345,P1_INIT_POS,-0.029256000,-0.541865000,0.398097000
18.334340,P1_INIT_POS,-0.028966000,-0.541894000,0.397843000
18.344297,P1_INIT_POS,-0.028731000,-0.541961000,0.397712000
18.354326,P1_INIT_POS,-0.028499000,-0.542061000,0.397653000
18.364290,P1_INIT_POS,-0.028125000,-0.542153000,0.397429000
18.374321,P1_INIT_POS,-0.027675000,-0.542211000,0.397012000
18.384285,P1_INIT_POS,-0.027262000,-0.542289000,0.396672000
18.394323,P1_INIT_POS,-0.026827000,-0.542375000,0.396341000
18.404311,P1_INIT_POS,-0.026177000,-0.542488000,0.395807000
18.414326,P1_INIT_POS,-0.025575000,-0.542617000,0.395381000
18.424285,P1_INIT_POS,-0.024971000,-0.542736000,0.394956000
18.434320,P1_INIT_POS,-0.024330000,-0.542845000,0.394481000
18.444289,P1_INIT_POS,-0.023673000,-0.542932000,0.393961000
18.454319,P1_INIT_POS,-0.023031000,-0.543000000,0.393435000
18.464277,P1_INIT_POS,-0.022424000,-0.543058000,0.392945000
18.474320,P1_INIT_POS,-0.021845000,-0.543114000,0.392455000
18.484274,P1_INIT_POS,-0.021313000,-0.543159000,0.391964000
18.494322,P1_INIT_POS,-0.020812000,-0.543195000,0.391476000
18.504284,P1_INIT_POS,-0.020303000,-0.543231000,0.390983000
18.514318,P1_INIT_POS,-0.019783000,-0.543271000,0.390501000
18.524273,P1_INIT_POS,-0.019255000,-0.543299000,0.390000000
18.534325,P1_INIT_POS,-0.018733000,-0.543319000,0.389500000
18.544271,P1_INIT_POS,-0.018204000,-0.543331000,0.388982000
18.554319,P1_INIT_POS,-0.017687000,-0.543338000,0.388477000
18.564278,P1_INIT_POS,-0.017168000,-0.543347000,0.388006000
18.574324,P1_INIT_POS,-0.016640000,-0.543354000,0.387510000
18.584278,P1_INIT_POS,-0.016102000,-0.543359000,0.387017000
18.594319,P1_INIT_POS,-0.015570000,-0.543360000,0.386542000
18.604297,P1_INIT_POS,-0.015054000,-0.543350000,0.386064000
18.614318,P1_INIT_POS,-0.014524000,-0.543340000,0.385592000
18.624273,P1_INIT_POS,-0.014005000,-0.543322000,0.385103000
18.634309,P1_INIT_POS,-0.013513000,-0.543310000,0.384667000
18.644271,P1_INIT_POS,-0.013012000,-0.543287000,0.384185000
18.654309,P1_INIT_POS,-0.012499000,-0.543269000,0.383686000
18.664276,P1_INIT_POS,-0.011997000,-0.543254000,0.383197000
18.674305,P1_INIT_POS,-0.011520000,-0.543245000,0.382736000
18.684277,P1_INIT_POS,-0.011015000,-0.543235000,0.382262000
18.694311,P1_INIT_POS,-0.010502000,-0.543225000,0.381783000
18.704295,P1_INIT_POS,-0.009979000,-0.543208000,0.381306000
18.714311,P1_INIT_POS,-0.009449000,-0.543195000,0.380844000
18.724268,P1_INIT_POS,-0.008931000,-0.543176000,0.380372000
18.734313,P1_INIT_POS,-0.008422000,-0.543154000,0.379898000
18.744289,P1_INIT_POS,-0.007932000,-0.543131000,0.379416000
18.754314,P1_INIT_POS,-0.007477000,-0.543111000,0.378964000
18.764267,P1_INIT_POS,-0.007020000,-0.543091000,0.378489000
18.774310,P1_INIT_POS,-0.006558000,-0.543076000,0.378020000
18.784272,P1_INIT_POS,-0.006093000,-0.543066000,0.377559000
18.794313,P1_INIT_POS,-0.005643000,-0.543052000,0.377112000
18.804286,P1_INIT_POS,-0.005175000,-0.543035000,0.376657000
18.814310,P1_INIT_POS,-0.004699000,-0.543020000,0.376205000
18.824276,P1_INIT_POS,-0.004202000,-0.543013000,0.375768000
18.834314,P1_INIT_POS,-0.003693000,-0.543007000,0.375315000
18.844269,P1_INIT_POS,-0.003182000,-0.543004000,0.374855000
18.854313,P1_INIT_POS,-0.002696000,-0.543002000,0.374412000
18.864266,P1_INIT_POS,-0.002236000,-0.543000000,0.373986000
18.874311,P1_INIT_POS,-0.001757000,-0.542989000,0.373517000
18.884269,P1_INIT_POS,-0.001245000,-0.542977000,0.373016000
18.894315,P1_INIT_POS,-0.000739000,-0.542968000,0.372543000
18.904289,P1_INIT_POS,-0.000263000,-0.542957000,0.372101000
18.914313,P1_INIT_POS,0.000195000,-0.542946000,0.371666000
18.924269,P1_INIT_POS,0.000678000,-0.542931000,0.371216000
18.934312,P1_INIT_POS,0.001175000,-0.542911000,0.370766000
18.944286,P1_INIT_POS,0.001638000,-0.542887000,0.370320000
18.954315,P1_INIT_POS,0.002145000,-0.542860000,0.369843000
18.964273,P1_INIT_POS,0.002664000,-0.542834000,0.369351000
18.974311,P1_INIT_POS,0.003170000,-0.542810000,0.368863000
18.984269,P1_INIT_POS,0.003699000,-0.542796000,0.368363000
18.994315,P1_INIT_POS,0.004190000,-0.542777000,0.367873000
19.004289,P1_INIT_POS,0.004685000,-0.542757000,0.367391000
19.014315,P1_INIT_POS,0.005191000,-0.542739000,0.366900000
19.024338,P1_INIT_POS,0.005681000,-0.542718000,0.366419000
19.034320,P1_INIT_POS,0.006154000,-0.542704000,0.365963000
19.044267,P1_INIT_POS,0.006610000,-0.542688000,0.365529000
19.054312,P1_INIT_POS,0.007046000,-0.542667000,0.365097000
19.064268,P1_INIT_POS,0.007512000,-0.542646000,0.364648000
19.074318,P1_INIT_POS,0.008001000,-0.542625000,0.364191000
19.084273,P1_INIT_POS,0.008447000,-0.542611000,0.363775000
19.094316,P1_INIT_POS,0.008915000,-0.542596000,0.363323000
19.104274,P1_INIT_POS,0.009404000,-0.542579000,0.362838000
19.114317,P1_INIT_POS,0.009896000,-0.542563000,0.362346000
19.124271,P1_INIT_POS,0.010375000,-0.542551000,0.361882000
19.134312,P1_INIT_POS,0.010866000,-0.542548000,0.361436000
19.144263,P1_INIT_POS,0.011362000,-0.542542000,0.360970000
19.154320,P1_INIT_POS,0.011872000,-0.542536000,0.360494000
19.164270,P1_INIT_POS,0.012378000,-0.542530000,0.360027000
19.174311,P1_INIT_POS,0.012865000,-0.542516000,0.359556000
19.184265,P1_INIT_POS,0.013359000,-0.542510000,0.359101000
19.194315,P1_INIT_POS,0.013849000,-0.542503000,0.358638000
19.204265,P1_INIT_POS,0.014342000,-0.542495000,0.358178000
19.214314,P1_INIT_POS,0.014856000,-0.542489000,0.357703000
19.224271,P1_INIT_POS,0.015343000,-0.542479000,0.357240000
19.234312,P1_INIT_POS,0.015842000,-0.542469000,0.356766000
19.244264,P1_INIT_POS,0.016346000,-0.542462000,0.356304000
19.254313,P1_INIT_POS,0.016845000,-0.542451000,0.355843000
19.264263,P1_INIT_POS,0.017348000,-0.542437000,0.355375000
19.274311,P1_INIT_POS,0.017854000,-0.542422000,0.354912000
19.284264,P1_INIT_POS,0.018361000,-0.542410000,0.354461000
19.294309,P1_INIT_POS,0.018885000,-0.542397000,0.353981000
19.294396,P1_INIT_POS_SETTLE,0.018885000,-0.542397000,0.353981000
19.304737,P1_INIT_POS_SETTLE,0.019471000,-0.542382000,0.353454000
19.315049,P1_INIT_POS_SETTLE,0.019985000,-0.542363000,0.352969000
19.325357,P1_INIT_POS_SETTLE,0.020467000,-0.542351000,0.352513000
19.335664,P1_INIT_POS_SETTLE,0.021008000,-0.542328000,0.351991000
19.345977,P1_INIT_POS_SETTLE,0.021524000,-0.542299000,0.351475000
19.356272,P1_INIT_POS_SETTLE,0.022023000,-0.542271000,0.350975000
19.366590,P1_INIT_POS_SETTLE,0.022555000,-0.542239000,0.350444000
19.376889,P1_INIT_POS_SETTLE,0.023046000,-0.542213000,0.349965000
19.387181,P1_INIT_POS_SETTLE,0.023531000,-0.542190000,0.349490000
19.397484,P1_INIT_POS_SETTLE,0.023996000,-0.542168000,0.349030000
19.407783,P1_INIT_POS_SETTLE,0.024536000,-0.542142000,0.348509000
19.418105,P1_INIT_POS_SETTLE,0.025031000,-0.542120000,0.348039000
19.428398,P1_INIT_POS_SETTLE,0.025509000,-0.542091000,0.347546000
19.438725,P1_INIT_POS_SETTLE,0.026029000,-0.542075000,0.347032000
19.449141,P1_INIT_POS_SETTLE,0.026491000,-0.542068000,0.346584000
19.459443,P1_INIT_POS_SETTLE,0.026972000,-0.542066000,0.346114000
19.469751,P1_INIT_POS_SETTLE,0.027497000,-0.542063000,0.345578000
19.480074,P1_INIT_POS_SETTLE,0.027968000,-0.542064000,0.345100000
19.490370,P1_INIT_POS_SETTLE,0.028425000,-0.542070000,0.344641000
19.500701,P1_INIT_POS_SETTLE,0.028942000,-0.542075000,0.344128000
19.511012,P1_INIT_POS_SETTLE,0.029419000,-0.542086000,0.343678000
19.521326,P1_INIT_POS_SETTLE,0.029918000,-0.542092000,0.343213000
19.531620,P1_INIT_POS_SETTLE,0.030472000,-0.542108000,0.342725000
19.541945,P1_INIT_POS_SETTLE,0.030962000,-0.542120000,0.342292000
19.552238,P1_INIT_POS_SETTLE,0.031448000,-0.542131000,0.341867000
19.562548,P1_INIT_POS_SETTLE,0.031991000,-0.542137000,0.341390000
19.572843,P1_INIT_POS_SETTLE,0.032518000,-0.542141000,0.340931000
19.583161,P1_INIT_POS_SETTLE,0.033027000,-0.542149000,0.340495000
19.593450,P1_INIT_POS_SETTLE,0.033508000,-0.542161000,0.340076000
19.603775,P1_INIT_POS_SETTLE,0.034074000,-0.542173000,0.339571000
19.614069,P1_INIT_POS_SETTLE,0.034574000,-0.542190000,0.339140000
19.624373,P1_INIT_POS_SETTLE,0.035108000,-0.542201000,0.338659000
19.634670,P1_INIT_POS_SETTLE,0.035664000,-0.542212000,0.338138000
19.645039,P1_INIT_POS_SETTLE,0.036145000,-0.542229000,0.337696000
19.655366,P1_INIT_POS_SETTLE,0.036639000,-0.542241000,0.337229000
19.665683,P1_INIT_POS_SETTLE,0.037202000,-0.542260000,0.336708000
19.676022,P1_INIT_POS_SETTLE,0.037717000,-0.542274000,0.336234000
19.686357,P1_INIT_POS_SETTLE,0.038240000,-0.542285000,0.335741000
19.696682,P1_INIT_POS_SETTLE,0.038814000,-0.542293000,0.335195000
19.707032,P1_INIT_POS_SETTLE,0.039339000,-0.542305000,0.334706000
19.717365,P1_INIT_POS_SETTLE,0.039853000,-0.542318000,0.334221000
19.727684,P1_INIT_POS_SETTLE,0.040418000,-0.542329000,0.333680000
19.738033,P1_INIT_POS_SETTLE,0.040944000,-0.542332000,0.333170000
19.748363,P1_INIT_POS_SETTLE,0.041463000,-0.542345000,0.332678000
19.758672,P1_INIT_POS_SETTLE,0.042004000,-0.542355000,0.332135000
19.769004,P1_INIT_POS_SETTLE,0.042513000,-0.542363000,0.331638000
19.779326,P1_INIT_POS_SETTLE,0.043030000,-0.542370000,0.331130000
19.789644,P1_INIT_POS_SETTLE,0.043615000,-0.542372000,0.330550000
19.799961,P1_INIT_POS_SETTLE,0.044112000,-0.542383000,0.330079000
19.810268,P1_INIT_POS_SETTLE,0.044603000,-0.542388000,0.329593000
19.820582,P1_INIT_POS_SETTLE,0.045163000,-0.542407000,0.329079000
19.830890,P1_INIT_POS_SETTLE,0.045677000,-0.542414000,0.328600000
19.841209,P1_INIT_POS_SETTLE,0.046185000,-0.542425000,0.328138000
19.851537,P1_INIT_POS_SETTLE,0.046744000,-0.542437000,0.327641000
19.861865,P1_INIT_POS_SETTLE,0.047243000,-0.542447000,0.327197000
19.872190,P1_INIT_POS_SETTLE,0.047749000,-0.542454000,0.326751000
19.882504,P1_INIT_POS_SETTLE,0.048263000,-0.542462000,0.326301000
19.892854,P1_INIT_POS_SETTLE,0.048824000,-0.542470000,0.325808000
19.903177,P1_INIT_POS_SETTLE,0.049296000,-0.542476000,0.325372000
19.913485,P1_INIT_POS_SETTLE,0.049738000,-0.542493000,0.324963000
19.923788,P1_INIT_POS_SETTLE,0.050237000,-0.542505000,0.324471000
19.934107,P1_INIT_POS_SETTLE,0.050725000,-0.542518000,0.323999000
19.944422,P1_INIT_POS_SETTLE,0.051196000,-0.542541000,0.323562000
19.954738,P1_INIT_POS_SETTLE,0.051733000,-0.542543000,0.323020000
19.965056,P1_INIT_POS_SETTLE,0.052246000,-0.542557000,0.322536000
19.975357,P1_INIT_POS_SETTLE,0.052734000,-0.542580000,0.322090000
19.985663,P1_INIT_POS_SETTLE,0.053264000,-0.542593000,0.321578000
19.995997,P1_INIT_POS_SETTLE,0.053765000,-0.542602000,0.321094000
20.006320,P1_INIT_POS_SETTLE,0.054261000,-0.542610000,0.320617000
20.016640,P1_INIT_POS_SETTLE,0.054797000,-0.542613000,0.320093000
20.027027,P1_INIT_POS_SETTLE,0.055287000,-0.542619000,0.319626000
20.037398,P1_INIT_POS_SETTLE,0.055788000,-0.542625000,0.319170000
20.047727,P1_INIT_POS_SETTLE,0.056361000,-0.542626000,0.318634000
20.058056,P1_INIT_POS_SETTLE,0.056890000,-0.542635000,0.318164000
20.068389,P1_INIT_POS_SETTLE,0.057392000,-0.542642000,0.317707000
20.078741,P1_INIT_POS_SETTLE,0.057946000,-0.542650000,0.317192000
20.089055,P1_INIT_POS_SETTLE,0.058438000,-0.542655000,0.316725000
20.099363,P1_INIT_POS_SETTLE,0.058940000,-0.542652000,0.316236000
20.109671,P1_INIT_POS_SETTLE,0.059506000,-0.542652000,0.315695000
20.119992,P1_INIT_POS_SETTLE,0.060013000,-0.542642000,0.315193000
20.130305,P1_INIT_POS_SETTLE,0.060529000,-0.542638000,0.314703000
20.140629,P1_INIT_POS_SETTLE,0.061085000,-0.542638000,0.314187000
20.150962,P1_INIT_POS_SETTLE,0.061616000,-0.542630000,0.313688000
20.161285,P1_INIT_POS_SETTLE,0.062174000,-0.542626000,0.313180000
20.171607,P1_INIT_POS_SETTLE,0.062781000,-0.542613000,0.312620000
20.181937,P1_INIT_POS_SETTLE,0.063313000,-0.542611000,0.312143000
20.192266,P1_INIT_POS_SETTLE,0.063846000,-0.542608000,0.311671000
20.202600,P1_INIT_POS_SETTLE,0.064448000,-0.542592000,0.311115000
20.212955,P1_INIT_POS_SETTLE,0.064990000,-0.542583000,0.310609000
20.223285,P1_INIT_POS_SETTLE,0.065517000,-0.542577000,0.310123000
20.233630,P1_INIT_POS_SETTLE,0.066099000,-0.542572000,0.309575000
20.243989,P1_INIT_POS_SETTLE,0.066596000,-0.542588000,0.309117000
20.254322,P1_INIT_POS_SETTLE,0.067116000,-0.542589000,0.308622000
20.264639,P1_INIT_POS_SETTLE,0.067717000,-0.542585000,0.308033000
20.274945,P1_INIT_POS_SETTLE,0.068226000,-0.542596000,0.307547000
20.285276,P1_INIT_POS_SETTLE,0.068731000,-0.542604000,0.307061000
20.295591,P1_INIT_POS_SETTLE,0.069298000,-0.542621000,0.306534000
20.305892,P1_INIT_POS_SETTLE,0.069821000,-0.542631000,0.306050000
20.316203,P1_INIT_POS_SETTLE,0.070333000,-0.542652000,0.305590000
20.326521,P1_INIT_POS_SETTLE,0.070889000,-0.542663000,0.305069000
20.336830,P1_INIT_POS_SETTLE,0.071407000,-0.542671000,0.304589000
20.347149,P1_INIT_POS_SETTLE,0.071920000,-0.542688000,0.304140000
20.357455,P1_INIT_POS_SETTLE,0.072432000,-0.542705000,0.303690000
20.367797,P1_INIT_POS_SETTLE,0.073007000,-0.542720000,0.303183000
20.378118,P1_INIT_POS_SETTLE,0.073522000,-0.542731000,0.302728000
20.388428,P1_INIT_POS_SETTLE,0.074030000,-0.542744000,0.302270000
20.398748,P1_INIT_POS_SETTLE,0.074565000,-0.542759000,0.301783000
20.409057,P1_INIT_POS_SETTLE,0.075005000,-0.542767000,0.301377000
20.419365,P1_INIT_POS_SETTLE,0.075531000,-0.542777000,0.300881000
20.429673,P1_INIT_POS_SETTLE,0.076053000,-0.542782000,0.300372000
20.439988,P1_INIT_POS_SETTLE,0.076554000,-0.542782000,0.299897000
20.450294,P1_INIT_POS_SETTLE,0.077061000,-0.542793000,0.299453000
20.460611,P1_INIT_POS_SETTLE,0.077619000,-0.542801000,0.298959000
20.470920,P1_INIT_POS_SETTLE,0.078106000,-0.542817000,0.298537000
20.481236,P1_INIT_POS_SETTLE,0.078591000,-0.542821000,0.298092000
20.491546,P1_INIT_POS_SETTLE,0.079139000,-0.542822000,0.297591000
20.501849,P1_INIT_POS_SETTLE,0.079640000,-0.542824000,0.297138000
20.512153,P1_INIT_POS_SETTLE,0.080151000,-0.542821000,0.296666000
20.522452,P1_INIT_POS_SETTLE,0.080650000,-0.542823000,0.296211000
20.532764,P1_INIT_POS_SETTLE,0.081185000,-0.542830000,0.295731000
20.543017,P1_INIT_POS_SETTLE,0.081696000,-0.542831000,0.295249000
20.553326,P1_INIT_POS_SETTLE,0.082174000,-0.542844000,0.294802000
20.563694,P1_INIT_POS_SETTLE,0.082708000,-0.542846000,0.294274000
20.574025,P1_INIT_POS_SETTLE,0.083242000,-0.542828000,0.293731000
20.584330,P1_INIT_POS_SETTLE,0.083756000,-0.542827000,0.293233000
20.594625,P1_INIT_POS_SETTLE,0.084282000,-0.542826000,0.292721000
20.604950,P1_INIT_POS_SETTLE,0.084749000,-0.542832000,0.292280000
20.615248,P1_INIT_POS_SETTLE,0.085226000,-0.542832000,0.291821000
20.625549,P1_INIT_POS_SETTLE,0.085814000,-0.542814000,0.291251000
20.635867,P1_INIT_POS_SETTLE,0.086336000,-0.542803000,0.290753000
20.646170,P1_INIT_POS_SETTLE,0.086832000,-0.542796000,0.290283000
20.656464,P1_INIT_POS_SETTLE,0.087344000,-0.542787000,0.289812000
20.666775,P1_INIT_POS_SETTLE,0.087934000,-0.542777000,0.289273000
20.677111,P1_INIT_POS_SETTLE,0.088456000,-0.542776000,0.288813000
20.687434,P1_INIT_POS_SETTLE,0.088932000,-0.542777000,0.288378000
20.697751,P1_INIT_POS_SETTLE,0.089474000,-0.542764000,0.287852000
20.708052,P1_INIT_POS_SETTLE,0.089989000,-0.542753000,0.287351000
20.718348,P1_INIT_POS_SETTLE,0.090472000,-0.542748000,0.286872000
20.728652,P1_INIT_POS_SETTLE,0.090997000,-0.542741000,0.286350000
20.738957,P1_INIT_POS_SETTLE,0.091494000,-0.542743000,0.285883000
20.749372,P1_INIT_POS_SETTLE,0.092018000,-0.542732000,0.285380000
20.759670,P1_INIT_POS_SETTLE,0.092584000,-0.542741000,0.284871000
20.769968,P1_INIT_POS_SETTLE,0.093063000,-0.542748000,0.284425000
20.780259,P1_INIT_POS_SETTLE,0.093552000,-0.542757000,0.283967000
20.790550,P1_INIT_POS_SETTLE,0.094111000,-0.542758000,0.283444000
20.800838,P1_INIT_POS_SETTLE,0.094630000,-0.542764000,0.282979000
20.811134,P1_INIT_POS_SETTLE,0.095073000,-0.542774000,0.282585000
20.821423,P1_INIT_POS_SETTLE,0.095608000,-0.542773000,0.282076000
20.831725,P1_INIT_POS_SETTLE,0.096178000,-0.542765000,0.281537000
20.842003,P1_INIT_POS_SETTLE,0.096680000,-0.542780000,0.281090000
20.852285,P1_INIT_POS_SETTLE,0.097082000,-0.542799000,0.280710000
20.862551,P1_INIT_POS_SETTLE,0.097658000,-0.542813000,0.280153000
20.872861,P1_INIT_POS_SETTLE,0.098169000,-0.542815000,0.279650000
20.883158,P1_INIT_POS_SETTLE,0.098672000,-0.542806000,0.279132000
20.893447,P1_INIT_POS_SETTLE,0.099140000,-0.542816000,0.278678000
20.903748,P1_INIT_POS_SETTLE,0.099646000,-0.542827000,0.278190000
20.914058,P1_INIT_POS_SETTLE,0.100107000,-0.542823000,0.277747000
20.924357,P1_INIT_POS_SETTLE,0.100682000,-0.542824000,0.277218000
20.934648,P1_INIT_POS_SETTLE,0.101211000,-0.542822000,0.276717000
20.944953,P1_INIT_POS_SETTLE,0.101698000,-0.542817000,0.276255000
20.955237,P1_INIT_POS_SETTLE,0.102218000,-0.542806000,0.275768000
20.965545,P1_INIT_POS_SETTLE,0.102728000,-0.542792000,0.275280000
20.975835,P1_INIT_POS_SETTLE,0.103264000,-0.542790000,0.274777000
20.986140,P1_INIT_POS_SETTLE,0.103761000,-0.542788000,0.274321000
20.996440,P1_INIT_POS_SETTLE,0.104265000,-0.542785000,0.273851000
21.006783,P1_INIT_POS_SETTLE,0.104812000,-0.542782000,0.273323000
21.017096,P1_INIT_POS_SETTLE,0.105299000,-0.542774000,0.272839000
21.027398,P1_INIT_POS_SETTLE,0.105773000,-0.542772000,0.272360000
21.037784,P1_INIT_POS_SETTLE,0.106323000,-0.542758000,0.271797000
21.308983,P1_INIT_DIVE,0.117100000,-0.543570000,0.262358000
21.318903,P1_INIT_DIVE,0.116927000,-0.543636000,0.262533000
21.328929,P1_INIT_DIVE,0.116998000,-0.543584000,0.262348000
21.338870,P1_INIT_DIVE,0.117404000,-0.543414000,0.261816000
21.348891,P1_INIT_DIVE,0.117666000,-0.543317000,0.261493000
21.358882,P1_INIT_DIVE,0.117586000,-0.543275000,0.261423000
21.368916,P1_INIT_DIVE,0.117473000,-0.543172000,0.261177000
21.378927,P1_INIT_DIVE,0.117556000,-0.543092000,0.260787000
21.388871,P1_INIT_DIVE,0.117716000,-0.543068000,0.260378000
21.398929,P1_INIT_DIVE,0.117948000,-0.542992000,0.259813000
21.408848,P1_INIT_DIVE,0.118335000,-0.542854000,0.259044000
21.418917,P1_INIT_DIVE,0.118646000,-0.542745000,0.258336000
21.428870,P1_INIT_DIVE,0.118722000,-0.542736000,0.257920000
21.439022,P1_INIT_DIVE,0.118701000,-0.542748000,0.257593000
21.448854,P1_INIT_DIVE,0.118783000,-0.542727000,0.257135000
21.458906,P1_INIT_DIVE,0.118841000,-0.542698000,0.256613000
21.468874,P1_INIT_DIVE,0.118784000,-0.542679000,0.256138000
21.478921,P1_INIT_DIVE,0.118706000,-0.542649000,0.255650000
21.488886,P1_INIT_DIVE,0.118651000,-0.542588000,0.255100000
21.498874,P1_INIT_DIVE,0.118576000,-0.542535000,0.254608000
21.508888,P1_INIT_DIVE,0.118478000,-0.542510000,0.254214000
21.518885,P1_INIT_DIVE,0.118427000,-0.542502000,0.253863000
21.528864,P1_INIT_DIVE,0.118475000,-0.542464000,0.253299000
21.539026,P1_INIT_DIVE,0.118544000,-0.542446000,0.252770000
21.548887,P1_INIT_DIVE,0.118545000,-0.542442000,0.252300000
21.558947,P1_INIT_DIVE,0.118506000,-0.542418000,0.251815000
21.568871,P1_INIT_DIVE,0.118462000,-0.542404000,0.251354000
21.578836,P1_INIT_DIVE,0.118375000,-0.542397000,0.250930000
21.588813,P1_INIT_DIVE,0.118294000,-0.542376000,0.250484000
21.598792,P1_INIT_DIVE,0.118232000,-0.542360000,0.250033000
21.608812,P1_INIT_DIVE,0.118208000,-0.542320000,0.249519000
21.618936,P1_INIT_DIVE,0.118191000,-0.542289000,0.249008000
21.628911,P1_INIT_DIVE,0.118154000,-0.542276000,0.248547000
21.638904,P1_INIT_DIVE,0.118108000,-0.542268000,0.248097000
21.648891,P1_INIT_DIVE,0.118086000,-0.542258000,0.247627000
21.658890,P1_INIT_DIVE,0.118071000,-0.542239000,0.247138000
21.668916,P1_INIT_DIVE,0.118057000,-0.542216000,0.246656000
21.678868,P1_INIT_DIVE,0.118024000,-0.542200000,0.246192000
21.688877,P1_INIT_DIVE,0.117990000,-0.542177000,0.245720000
21.698868,P1_INIT_DIVE,0.117970000,-0.542152000,0.245230000
21.708912,P1_INIT_DIVE,0.117934000,-0.542134000,0.244751000
21.718902,P1_INIT_DIVE,0.117862000,-0.542129000,0.244307000
21.718991,P1_INIT_DIVE_SETTLE,0.117862000,-0.542129000,0.244307000
21.729291,P1_INIT_DIVE_SETTLE,0.117788000,-0.542125000,0.243855000
21.739600,P1_INIT_DIVE_SETTLE,0.117740000,-0.542111000,0.243307000
21.749907,P1_INIT_DIVE_SETTLE,0.117720000,-0.542106000,0.242811000
21.760214,P1_INIT_DIVE_SETTLE,0.117661000,-0.542107000,0.242343000
21.770505,P1_INIT_DIVE_SETTLE,0.117600000,-0.542102000,0.241863000
21.780816,P1_INIT_DIVE_SETTLE,0.117551000,-0.542108000,0.241341000
21.791118,P1_INIT_DIVE_SETTLE,0.117507000,-0.542115000,0.240871000
21.801416,P1_INIT_DIVE_SETTLE,0.117452000,-0.542112000,0.240390000
21.811736,P1_INIT_DIVE_SETTLE,0.117390000,-0.542122000,0.239880000
21.821984,P1_INIT_DIVE_SETTLE,0.117374000,-0.542123000,0.239404000
21.832298,P1_INIT_DIVE_SETTLE,0.117367000,-0.542114000,0.238908000
21.842631,P1_INIT_DIVE_SETTLE,0.117308000,-0.542130000,0.238430000
21.852971,P1_INIT_DIVE_SETTLE,0.117241000,-0.542139000,0.238001000
21.863280,P1_INIT_DIVE_SETTLE,0.117234000,-0.542126000,0.237502000
21.873569,P1_INIT_DIVE_SETTLE,0.117263000,-0.542098000,0.236966000
21.883891,P1_INIT_DIVE_SETTLE,0.117231000,-0.542093000,0.236457000
21.894198,P1_INIT_DIVE_SETTLE,0.117150000,-0.542104000,0.236040000
21.904494,P1_INIT_DIVE_SETTLE,0.117121000,-0.542093000,0.235563000
21.914791,P1_INIT_DIVE_SETTLE,0.117152000,-0.542064000,0.234965000
21.925083,P1_INIT_DIVE_SETTLE,0.117140000,-0.542064000,0.234532000
21.935359,P1_INIT_DIVE_SETTLE,0.117039000,-0.542093000,0.234084000
21.945670,P1_INIT_DIVE_SETTLE,0.116993000,-0.542095000,0.233548000
21.956034,P1_INIT_DIVE_SETTLE,0.117024000,-0.542073000,0.232977000
21.966369,P1_INIT_DIVE_SETTLE,0.116971000,-0.542096000,0.232518000
21.976675,P1_INIT_DIVE_SETTLE,0.116816000,-0.542151000,0.232106000
21.986997,P1_INIT_DIVE_SETTLE,0.116814000,-0.542142000,0.231567000
21.997313,P1_INIT_DIVE_SETTLE,0.116895000,-0.542114000,0.230959000
22.007652,P1_INIT_DIVE_SETTLE,0.116810000,-0.542158000,0.230493000
22.017983,P1_INIT_DIVE_SETTLE,0.116629000,-0.542228000,0.230163000
22.028270,P1_INIT_DIVE_SETTLE,0.116636000,-0.542218000,0.229609000
22.038700,P1_INIT_DIVE_SETTLE,0.116769000,-0.542181000,0.228907000
22.049147,P1_INIT_DIVE_SETTLE,0.116702000,-0.542221000,0.228496000
22.059510,P1_INIT_DIVE_SETTLE,0.116517000,-0.542278000,0.228172000
22.069861,P1_INIT_DIVE_SETTLE,0.116533000,-0.542264000,0.227583000
22.080078,P1_INIT_DIVE_SETTLE,0.116649000,-0.542237000,0.227024000
22.090268,P1_INIT_DIVE_SETTLE,0.116603000,-0.542272000,0.226551000
22.100441,P1_INIT_DIVE_SETTLE,0.116464000,-0.542311000,0.226183000
22.110608,P1_INIT_DIVE_SETTLE,0.116524000,-0.542265000,0.225538000
22.120819,P1_INIT_DIVE_SETTLE,0.116670000,-0.542218000,0.224909000
22.130988,P1_INIT_DIVE_SETTLE,0.116606000,-0.542253000,0.224520000
22.141143,P1_INIT_DIVE_SETTLE,0.116458000,-0.542279000,0.224162000
22.151297,P1_INIT_DIVE_SETTLE,0.116519000,-0.542220000,0.223567000
22.161458,P1_INIT_DIVE_SETTLE,0.116652000,-0.542172000,0.222948000
22.171818,P1_INIT_DIVE_SETTLE,0.116564000,-0.542214000,0.222530000
22.182067,P1_INIT_DIVE_SETTLE,0.116452000,-0.542227000,0.222167000
22.192284,P1_INIT_DIVE_SETTLE,0.116570000,-0.542150000,0.221458000
22.202471,P1_INIT_DIVE_SETTLE,0.116741000,-0.542094000,0.220823000
22.212792,P1_INIT_DIVE_SETTLE,0.116667000,-0.542126000,0.220387000
22.223119,P1_INIT_DIVE_SETTLE,0.116528000,-0.542159000,0.220026000
22.233507,P1_INIT_DIVE_SETTLE,0.116600000,-0.542108000,0.219421000
22.243868,P1_INIT_DIVE_SETTLE,0.116770000,-0.542035000,0.218680000
22.254197,P1_INIT_DIVE_SETTLE,0.116685000,-0.542056000,0.218251000
22.264504,P1_INIT_DIVE_SETTLE,0.116502000,-0.542092000,0.217890000
22.274816,P1_INIT_DIVE_SETTLE,0.116549000,-0.542034000,0.217281000
22.285126,P1_INIT_DIVE_SETTLE,0.116737000,-0.541951000,0.216520000
22.295434,P1_INIT_DIVE_SETTLE,0.116672000,-0.541970000,0.216090000
22.305747,P1_INIT_DIVE_SETTLE,0.116459000,-0.542022000,0.215731000
22.316051,P1_INIT_DIVE_SETTLE,0.116557000,-0.541953000,0.215092000
22.326364,P1_INIT_DIVE_SETTLE,0.116758000,-0.541883000,0.214393000
22.336690,P1_INIT_DIVE_SETTLE,0.116672000,-0.541920000,0.213962000
22.347000,P1_INIT_DIVE_SETTLE,0.116506000,-0.541946000,0.213613000
22.357289,P1_INIT_DIVE_SETTLE,0.116577000,-0.541878000,0.213002000
22.367535,P1_INIT_DIVE_SETTLE,0.116705000,-0.541823000,0.212380000
22.377823,P1_INIT_DIVE_SETTLE,0.116611000,-0.541861000,0.211974000
22.388107,P1_INIT_DIVE_SETTLE,0.116470000,-0.541888000,0.211660000
22.398392,P1_INIT_DIVE_SETTLE,0.116539000,-0.541819000,0.210988000
22.408739,P1_INIT_DIVE_SETTLE,0.116680000,-0.541768000,0.210309000
22.419027,P1_INIT_DIVE_SETTLE,0.116580000,-0.541817000,0.209942000
22.429319,P1_INIT_DIVE_SETTLE,0.116411000,-0.541849000,0.209583000
22.439636,P1_INIT_DIVE_SETTLE,0.116502000,-0.541781000,0.208951000
22.449969,P1_INIT_DIVE_SETTLE,0.116624000,-0.541736000,0.208271000
22.460284,P1_INIT_DIVE_SETTLE,0.116482000,-0.541783000,0.207920000
22.470586,P1_INIT_DIVE_SETTLE,0.116324000,-0.541783000,0.207452000
22.480923,P1_INIT_DIVE_SETTLE,0.116391000,-0.541724000,0.206813000
22.491243,P1_INIT_DIVE_SETTLE,0.116462000,-0.541679000,0.206189000
22.501574,P1_INIT_DIVE_SETTLE,0.116396000,-0.541683000,0.205684000
22.511883,P1_INIT_DIVE_SETTLE,0.116313000,-0.541682000,0.205238000
22.522178,P1_INIT_DIVE_SETTLE,0.116364000,-0.541642000,0.204704000
22.532527,P1_INIT_DIVE_SETTLE,0.116457000,-0.541617000,0.204065000
22.542849,P1_INIT_DIVE_SETTLE,0.116405000,-0.541653000,0.203600000
22.553182,P1_INIT_DIVE_SETTLE,0.116336000,-0.541668000,0.203202000
22.563500,P1_INIT_DIVE_SETTLE,0.116425000,-0.541609000,0.202514000
22.573823,P1_INIT_DIVE_SETTLE,0.116493000,-0.541594000,0.201896000
22.584139,P1_INIT_DIVE_SETTLE,0.116389000,-0.541641000,0.201528000
22.594454,P1_INIT_DIVE_SETTLE,0.116346000,-0.541643000,0.201064000
22.604791,P1_INIT_DIVE_SETTLE,0.116443000,-0.541594000,0.200449000
22.615130,P1_INIT_DIVE_SETTLE,0.116473000,-0.541586000,0.199869000
22.625449,P1_INIT_DIVE_SETTLE,0.116390000,-0.541608000,0.199502000
22.635761,P1_INIT_DIVE_SETTLE,0.116306000,-0.541623000,0.199003000
22.646091,P1_INIT_DIVE_SETTLE,0.116363000,-0.541566000,0.198320000
22.656420,P1_INIT_DIVE_SETTLE,0.116378000,-0.541564000,0.197786000
22.666763,P1_INIT_DIVE_SETTLE,0.116271000,-0.541592000,0.197328000
22.677082,P1_INIT_DIVE_SETTLE,0.116250000,-0.541574000,0.196796000
22.687385,P1_INIT_DIVE_SETTLE,0.116330000,-0.541550000,0.196264000
22.697704,P1_INIT_DIVE_SETTLE,0.116370000,-0.541553000,0.195651000
22.708022,P1_INIT_DIVE_SETTLE,0.116318000,-0.541590000,0.195296000
22.718324,P1_INIT_DIVE_SETTLE,0.116305000,-0.541600000,0.194827000
22.728651,P1_INIT_DIVE_SETTLE,0.116366000,-0.541579000,0.194157000
22.739045,P1_INIT_DIVE_SETTLE,0.116382000,-0.541591000,0.193731000
22.749357,P1_INIT_DIVE_SETTLE,0.116302000,-0.541633000,0.193295000
22.759672,P1_INIT_DIVE_SETTLE,0.116295000,-0.541634000,0.192748000
22.770009,P1_INIT_DIVE_SETTLE,0.116357000,-0.541616000,0.192241000
22.780340,P1_INIT_DIVE_SETTLE,0.116362000,-0.541645000,0.191737000
22.790651,P1_INIT_DIVE_SETTLE,0.116247000,-0.541696000,0.191357000
22.800970,P1_INIT_DIVE_SETTLE,0.116240000,-0.541687000,0.190769000
22.811264,P1_INIT_DIVE_SETTLE,0.116302000,-0.541679000,0.190202000
22.821588,P1_INIT_DIVE_SETTLE,0.116269000,-0.541698000,0.189721000
22.831930,P1_INIT_DIVE_SETTLE,0.116155000,-0.541730000,0.189237000
22.842245,P1_INIT_DIVE_SETTLE,0.116158000,-0.541735000,0.188714000
22.852563,P1_INIT_DIVE_SETTLE,0.116238000,-0.541714000,0.188131000
24.344789,P1_INIT,0.117966000,-0.544946000,0.176278000
24.354746,P1_INIT,0.118545000,-0.545154000,0.176332000
24.364740,P1_INIT,0.119396000,-0.545068000,0.175920000
24.374782,P1_INIT,0.120146000,-0.544920000,0.175404000
24.384733,P1_INIT,0.120337000,-0.545023000,0.175483000
24.394763,P1_INIT,0.120053000,-0.545314000,0.176006000
24.404724,P1_INIT,0.119907000,-0.545514000,0.176237000
24.414773,P1_INIT,0.120303000,-0.545432000,0.175848000
24.424741,P1_INIT,0.120886000,-0.545353000,0.175490000
24.434759,P1_INIT,0.120997000,-0.545462000,0.175702000
24.444737,P1_INIT,0.120679000,-0.545698000,0.176298000
24.454752,P1_INIT,0.120499000,-0.545856000,0.176781000
24.464728,P1_INIT,0.120651000,-0.545871000,0.176995000
24.474744,P1_INIT,0.120643000,-0.545961000,0.177428000
24.484772,P1_INIT,0.120157000,-0.546234000,0.178357000
24.494698,P1_INIT,0.119675000,-0.546404000,0.179146000
24.504757,P1_INIT,0.119706000,-0.546346000,0.179441000
24.514736,P1_INIT,0.119805000,-0.546304000,0.179780000
24.524811,P1_INIT,0.119544000,-0.546404000,0.180555000
24.534778,P1_INIT,0.119244000,-0.546458000,0.181322000
24.544758,P1_INIT,0.119422000,-0.546356000,0.181686000
24.554780,P1_INIT,0.119748000,-0.546280000,0.182003000
24.564747,P1_INIT,0.119771000,-0.546372000,0.182675000
24.574780,P1_INIT,0.119617000,-0.546478000,0.183396000
24.584727,P1_INIT,0.119716000,-0.546437000,0.183765000
24.594793,P1_INIT,0.119920000,-0.546379000,0.184073000
24.604774,P1_INIT,0.119796000,-0.546434000,0.184712000
24.614770,P1_INIT,0.119450000,-0.546508000,0.185506000
24.624753,P1_INIT,0.119372000,-0.546432000,0.186001000
24.634730,P1_INIT,0.119531000,-0.546302000,0.186315000
24.644752,P1_INIT,0.119523000,-0.546273000,0.186835000
24.654764,P1_INIT,0.119313000,-0.546310000,0.187529000
24.664779,P1_INIT,0.119301000,-0.546264000,0.188018000
24.674735,P1_INIT,0.119518000,-0.546183000,0.188344000
24.684744,P1_INIT,0.119601000,-0.546181000,0.188833000
24.694735,P1_INIT,0.119433000,-0.546256000,0.189536000
24.704747,P1_INIT,0.119329000,-0.546274000,0.190135000
24.714742,P1_INIT,0.119474000,-0.546170000,0.190451000
24.724748,P1_INIT,0.119583000,-0.546099000,0.190823000
24.734748,P1_INIT,0.119404000,-0.546127000,0.191459000
24.744752,P1_INIT,0.119203000,-0.546131000,0.192078000
24.754719,P1_INIT,0.119224000,-0.546067000,0.192481000
24.764768,P1_INIT,0.119305000,-0.546023000,0.192879000
24.774675,P1_INIT,0.119222000,-0.546049000,0.193452000
24.784766,P1_INIT,0.119096000,-0.546065000,0.194023000
24.784854,P1_INIT_SETTLE,0.119096000,-0.546065000,0.194023000
24.795159,P1_INIT_SETTLE,0.119121000,-0.546018000,0.194444000
24.805465,P1_INIT_SETTLE,0.119225000,-0.545972000,0.194842000
24.815817,P1_INIT_SETTLE,0.119166000,-0.545996000,0.195470000
24.826048,P1_INIT_SETTLE,0.119023000,-0.546015000,0.196076000
24.836261,P1_INIT_SETTLE,0.119013000,-0.545975000,0.196526000
24.846491,P1_INIT_SETTLE,0.119079000,-0.545942000,0.196937000
24.856835,P1_INIT_SETTLE,0.119039000,-0.545957000,0.197504000
24.867159,P1_INIT_SETTLE,0.118932000,-0.545966000,0.198044000
24.877469,P1_INIT_SETTLE,0.118932000,-0.545937000,0.198484000
24.887807,P1_INIT_SETTLE,0.119026000,-0.545891000,0.198926000
24.898140,P1_INIT_SETTLE,0.119023000,-0.545892000,0.199440000
24.908465,P1_INIT_SETTLE,0.118920000,-0.545912000,0.200022000
24.918791,P1_INIT_SETTLE,0.118917000,-0.545877000,0.200540000
24.929102,P1_INIT_SETTLE,0.118994000,-0.545825000,0.200945000
24.939423,P1_INIT_SETTLE,0.118988000,-0.545818000,0.201459000
24.949750,P1_INIT_SETTLE,0.118909000,-0.545819000,0.202068000
24.960068,P1_INIT_SETTLE,0.118891000,-0.545774000,0.202525000
24.970377,P1_INIT_SETTLE,0.118928000,-0.545729000,0.202959000
24.980699,P1_INIT_SETTLE,0.118889000,-0.545720000,0.203517000
24.990998,P1_INIT_SETTLE,0.118776000,-0.545710000,0.204058000
25.001298,P1_INIT_SETTLE,0.118738000,-0.545674000,0.204527000
25.011603,P1_INIT_SETTLE,0.118750000,-0.545643000,0.205042000
25.021920,P1_INIT_SETTLE,0.118708000,-0.545631000,0.205568000
25.032227,P1_INIT_SETTLE,0.118638000,-0.545614000,0.206090000
25.042542,P1_INIT_SETTLE,0.118622000,-0.545581000,0.206640000
25.052934,P1_INIT_SETTLE,0.118653000,-0.545553000,0.207125000
25.063291,P1_INIT_SETTLE,0.118630000,-0.545549000,0.207665000
25.073596,P1_INIT_SETTLE,0.118560000,-0.545549000,0.208286000
25.083929,P1_INIT_SETTLE,0.118519000,-0.545514000,0.208778000
25.094229,P1_INIT_SETTLE,0.118522000,-0.545487000,0.209270000
25.104521,P1_INIT_SETTLE,0.118495000,-0.545475000,0.209785000
25.114840,P1_INIT_SETTLE,0.118438000,-0.545469000,0.210377000
25.125159,P1_INIT_SETTLE,0.118410000,-0.545448000,0.210880000
25.135489,P1_INIT_SETTLE,0.118409000,-0.545434000,0.211387000
25.145786,P1_INIT_SETTLE,0.118359000,-0.545436000,0.211992000
25.156088,P1_INIT_SETTLE,0.118306000,-0.545441000,0.212551000
25.166385,P1_INIT_SETTLE,0.118266000,-0.545429000,0.213074000
25.176703,P1_INIT_SETTLE,0.118239000,-0.545422000,0.213649000
25.187007,P1_INIT_SETTLE,0.118189000,-0.545429000,0.214203000
25.197303,P1_INIT_SETTLE,0.118104000,-0.545436000,0.214754000
25.207620,P1_INIT_SETTLE,0.118060000,-0.545424000,0.215305000
25.217922,P1_INIT_SETTLE,0.118053000,-0.545413000,0.215794000
25.228227,P1_INIT_SETTLE,0.118004000,-0.545411000,0.216295000
25.238544,P1_INIT_SETTLE,0.117940000,-0.545409000,0.216802000
25.248868,P1_INIT_SETTLE,0.117858000,-0.545414000,0.217366000
25.259157,P1_INIT_SETTLE,0.117814000,-0.545414000,0.217861000
25.269447,P1_INIT_SETTLE,0.117811000,-0.545412000,0.218341000
25.279768,P1_INIT_SETTLE,0.117810000,-0.545412000,0.218879000
25.290058,P1_INIT_SETTLE,0.117798000,-0.545421000,0.219388000
25.300344,P1_INIT_SETTLE,0.117787000,-0.545428000,0.219887000
25.310640,P1_INIT_SETTLE,0.117793000,-0.545448000,0.220450000
25.320944,P1_INIT_SETTLE,0.117796000,-0.545464000,0.220961000
25.331239,P1_INIT_SETTLE,0.117818000,-0.545456000,0.221432000
25.341543,P1_INIT_SETTLE,0.117820000,-0.545463000,0.221972000
25.351836,P1_INIT_SETTLE,0.117793000,-0.545475000,0.222486000
25.362127,P1_INIT_SETTLE,0.117796000,-0.545472000,0.222977000
25.372410,P1_INIT_SETTLE,0.117785000,-0.545463000,0.223465000
25.382704,P1_INIT_SETTLE,0.117729000,-0.545467000,0.224048000
25.393002,P1_INIT_SETTLE,0.117704000,-0.545466000,0.224565000
25.403287,P1_INIT_SETTLE,0.117716000,-0.545448000,0.225046000
25.413582,P1_INIT_SETTLE,0.117740000,-0.545427000,0.225563000
25.423904,P1_INIT_SETTLE,0.117744000,-0.545417000,0.226055000
25.434186,P1_INIT_SETTLE,0.117774000,-0.545397000,0.226528000
25.444500,P1_INIT_SETTLE,0.117806000,-0.545372000,0.226978000
25.454783,P1_INIT_SETTLE,0.117824000,-0.545343000,0.227476000
25.465094,P1_INIT_SETTLE,0.117802000,-0.545325000,0.227954000
25.475386,P1_INIT_SETTLE,0.117768000,-0.545292000,0.228413000
25.485726,P1_INIT_SETTLE,0.117749000,-0.545256000,0.228922000
25.496013,P1_INIT_SETTLE,0.117710000,-0.545228000,0.229403000
25.506308,P1_INIT_SETTLE,0.117660000,-0.545208000,0.229906000
25.516590,P1_INIT_SETTLE,0.117635000,-0.545175000,0.230441000
25.526887,P1_INIT_SETTLE,0.117638000,-0.545141000,0.230914000
25.537174,P1_INIT_SETTLE,0.117625000,-0.545119000,0.231414000
25.547465,P1_INIT_SETTLE,0.117589000,-0.545116000,0.231942000
25.557779,P1_INIT_SETTLE,0.117551000,-0.545119000,0.232524000
25.568066,P1_INIT_SETTLE,0.117554000,-0.545110000,0.233011000
25.578347,P1_INIT_SETTLE,0.117543000,-0.545112000,0.233509000
25.588643,P1_INIT_SETTLE,0.117492000,-0.545122000,0.234089000
25.598940,P1_INIT_SETTLE,0.117424000,-0.545115000,0.234599000
25.609225,P1_INIT_SETTLE,0.117409000,-0.545095000,0.235081000
25.619507,P1_INIT_SETTLE,0.117394000,-0.545080000,0.235582000
25.629778,P1_INIT_SETTLE,0.117326000,-0.545079000,0.236178000
25.640072,P1_INIT_SETTLE,0.117272000,-0.545072000,0.236707000
25.650354,P1_INIT_SETTLE,0.117256000,-0.545057000,0.237203000
25.660641,P1_INIT_SETTLE,0.117268000,-0.545045000,0.237745000
25.670925,P1_INIT_SETTLE,0.117249000,-0.545039000,0.238261000
25.681206,P1_INIT_SETTLE,0.117203000,-0.545039000,0.238796000
25.691493,P1_INIT_SETTLE,0.117179000,-0.545023000,0.239291000
25.701805,P1_INIT_SETTLE,0.117184000,-0.545000000,0.239805000
25.712090,P1_INIT_SETTLE,0.117158000,-0.544989000,0.240301000
25.722372,P1_INIT_SETTLE,0.117080000,-0.544981000,0.240812000
25.732657,P1_INIT_SETTLE,0.116996000,-0.544947000,0.241337000
25.742964,P1_INIT_SETTLE,0.116955000,-0.544912000,0.241809000
25.753251,P1_INIT_SETTLE,0.116896000,-0.544888000,0.242309000
25.763541,P1_INIT_SETTLE,0.116810000,-0.544852000,0.242864000
25.773859,P1_INIT_SETTLE,0.116740000,-0.544828000,0.243373000
25.784170,P1_INIT_SETTLE,0.116730000,-0.544786000,0.243851000
25.794478,P1_INIT_SETTLE,0.116739000,-0.544746000,0.244336000
25.804778,P1_INIT_SETTLE,0.116720000,-0.544711000,0.244899000
25.815074,P1_INIT_SETTLE,0.116678000,-0.544692000,0.245435000
25.825362,P1_INIT_SETTLE,0.116669000,-0.544651000,0.245905000
25.835657,P1_INIT_SETTLE,0.116712000,-0.544605000,0.246409000
25.845961,P1_INIT_SETTLE,0.116691000,-0.544583000,0.246921000
25.856249,P1_INIT_SETTLE,0.116639000,-0.544554000,0.247431000
25.866540,P1_INIT_SETTLE,0.116666000,-0.544491000,0.247931000
25.876834,P1_INIT_SETTLE,0.116701000,-0.544452000,0.248411000
25.887082,P1_INIT_SETTLE,0.116658000,-0.544427000,0.248936000
25.897292,P1_INIT_SETTLE,0.116637000,-0.544394000,0.249440000
25.907469,P1_INIT_SETTLE,0.116659000,-0.544362000,0.249926000
25.917775,P1_INIT_SETTLE,0.116668000,-0.544332000,0.250468000
25.928078,P1_INIT_SETTLE,0.116666000,-0.544304000,0.250969000
25.938364,P1_INIT_SETTLE,0.116665000,-0.544272000,0.251457000
25.948665,P1_INIT_SETTLE,0.116665000,-0.544258000,0.252016000
25.958991,P1_INIT_SETTLE,0.116659000,-0.544247000,0.252519000
25.969292,P1_INIT_SETTLE,0.116659000,-0.544224000,0.252986000
25.979595,P1_INIT_SETTLE,0.116655000,-0.544204000,0.253505000
25.989926,P1_INIT_SETTLE,0.116606000,-0.544194000,0.253995000
26.000211,P1_INIT_SETTLE,0.116568000,-0.544179000,0.254472000
26.010509,P1_INIT_SETTLE,0.116547000,-0.544162000,0.254944000
26.020799,P1_INIT_SETTLE,0.116521000,-0.544149000,0.255467000
26.031103,P1_INIT_SETTLE,0.116488000,-0.544140000,0.255953000
26.302232,P2_INIT_POS,0.116510000,-0.543408000,0.261795000
26.312177,P2_INIT_POS,0.116484000,-0.543400000,0.261808000
26.322186,P2_INIT_POS,0.116592000,-0.543358000,0.261725000
26.332139,P2_INIT_POS,0.117003000,-0.543227000,0.261415000
26.342181,P2_INIT_POS,0.117412000,-0.543102000,0.261090000
26.352140,P2_INIT_POS,0.117479000,-0.543028000,0.260862000
26.362178,P2_INIT_POS,0.117261000,-0.543057000,0.260829000
26.372142,P2_INIT_POS,0.116948000,-0.543146000,0.260858000
26.382173,P2_INIT_POS,0.116732000,-0.543165000,0.260686000
26.392126,P2_INIT_POS,0.116602000,-0.543165000,0.260441000
26.402174,P2_INIT_POS,0.116491000,-0.543135000,0.260180000
26.412129,P2_INIT_POS,0.116245000,-0.543164000,0.260078000
26.422178,P2_INIT_POS,0.115856000,-0.543244000,0.260132000
26.432153,P2_INIT_POS,0.115528000,-0.543322000,0.260216000
26.442175,P2_INIT_POS,0.115174000,-0.543401000,0.260298000
26.452152,P2_INIT_POS,0.114664000,-0.543462000,0.260372000
26.462170,P2_INIT_POS,0.114054000,-0.543497000,0.260416000
26.472155,P2_INIT_POS,0.113407000,-0.543505000,0.260437000
26.482152,P2_INIT_POS,0.112767000,-0.543505000,0.260473000
26.492143,P2_INIT_POS,0.112147000,-0.543496000,0.260534000
26.502159,P2_INIT_POS,0.111537000,-0.543452000,0.260592000
26.512136,P2_INIT_POS,0.110983000,-0.543382000,0.260629000
26.522162,P2_INIT_POS,0.110506000,-0.543320000,0.260659000
26.532135,P2_INIT_POS,0.110049000,-0.543286000,0.260696000
26.542168,P2_INIT_POS,0.109593000,-0.543255000,0.260710000
26.552147,P2_INIT_POS,0.109129000,-0.543230000,0.260716000
26.562166,P2_INIT_POS,0.108638000,-0.543207000,0.260732000
26.572137,P2_INIT_POS,0.108161000,-0.543181000,0.260756000
26.582170,P2_INIT_POS,0.107676000,-0.543151000,0.260793000
26.592133,P2_INIT_POS,0.107160000,-0.543110000,0.260836000
26.602170,P2_INIT_POS,0.106644000,-0.543062000,0.260875000
26.612134,P2_INIT_POS,0.106156000,-0.543006000,0.260895000
26.622198,P2_INIT_POS,0.105670000,-0.542956000,0.260916000
26.622288,P2_INIT_POS_SETTLE,0.105670000,-0.542956000,0.260916000
26.632560,P2_INIT_POS_SETTLE,0.105108000,-0.542909000,0.260946000
26.642875,P2_INIT_POS_SETTLE,0.104605000,-0.542870000,0.260962000
26.653204,P2_INIT_POS_SETTLE,0.104104000,-0.542835000,0.260989000
26.663515,P2_INIT_POS_SETTLE,0.103594000,-0.542805000,0.261028000
26.673832,P2_INIT_POS_SETTLE,0.103071000,-0.542759000,0.261054000
26.684143,P2_INIT_POS_SETTLE,0.102592000,-0.542714000,0.261081000
26.694457,P2_INIT_POS_SETTLE,0.102086000,-0.542665000,0.261109000
26.704810,P2_INIT_POS_SETTLE,0.101512000,-0.542626000,0.261155000
26.715131,P2_INIT_POS_SETTLE,0.100982000,-0.542589000,0.261191000
26.725450,P2_INIT_POS_SETTLE,0.100450000,-0.542564000,0.261234000
26.735822,P2_INIT_POS_SETTLE,0.099854000,-0.542532000,0.261273000
26.746139,P2_INIT_POS_SETTLE,0.099321000,-0.542511000,0.261317000
26.756470,P2_INIT_POS_SETTLE,0.098825000,-0.542493000,0.261359000
26.766799,P2_INIT_POS_SETTLE,0.098266000,-0.542483000,0.261419000
26.777124,P2_INIT_POS_SETTLE,0.097744000,-0.542467000,0.261466000
26.787436,P2_INIT_POS_SETTLE,0.097247000,-0.542451000,0.261498000
26.797764,P2_INIT_POS_SETTLE,0.096692000,-0.542434000,0.261531000
26.808078,P2_INIT_POS_SETTLE,0.096166000,-0.542427000,0.261576000
26.818387,P2_INIT_POS_SETTLE,0.095645000,-0.542425000,0.261622000
26.828723,P2_INIT_POS_SETTLE,0.095091000,-0.542420000,0.261661000
26.839050,P2_INIT_POS_SETTLE,0.094597000,-0.542411000,0.261685000
26.849379,P2_INIT_POS_SETTLE,0.094107000,-0.542406000,0.261718000
26.859707,P2_INIT_POS_SETTLE,0.093576000,-0.542406000,0.261749000
26.870032,P2_INIT_POS_SETTLE,0.093098000,-0.542399000,0.261763000
26.880339,P2_INIT_POS_SETTLE,0.092635000,-0.542393000,0.261771000
26.890666,P2_INIT_POS_SETTLE,0.092113000,-0.542383000,0.261787000
26.900996,P2_INIT_POS_SETTLE,0.091614000,-0.542371000,0.261807000
26.911314,P2_INIT_POS_SETTLE,0.091118000,-0.542360000,0.261822000
26.921642,P2_INIT_POS_SETTLE,0.090593000,-0.542355000,0.261831000
26.931960,P2_INIT_POS_SETTLE,0.090122000,-0.542356000,0.261837000
26.942294,P2_INIT_POS_SETTLE,0.089640000,-0.542362000,0.261847000
26.952634,P2_INIT_POS_SETTLE,0.089113000,-0.542364000,0.261852000
26.962991,P2_INIT_POS_SETTLE,0.088626000,-0.542368000,0.261859000
26.973306,P2_INIT_POS_SETTLE,0.088138000,-0.542375000,0.261864000
26.983658,P2_INIT_POS_SETTLE,0.087598000,-0.542378000,0.261870000
26.993966,P2_INIT_POS_SETTLE,0.087105000,-0.542378000,0.261877000
27.004295,P2_INIT_POS_SETTLE,0.086605000,-0.542379000,0.261888000
27.014624,P2_INIT_POS_SETTLE,0.086047000,-0.542385000,0.261899000
27.024968,P2_INIT_POS_SETTLE,0.085546000,-0.542396000,0.261905000
27.035303,P2_INIT_POS_SETTLE,0.085059000,-0.542405000,0.261899000
27.045617,P2_INIT_POS_SETTLE,0.084511000,-0.542412000,0.261896000
27.055954,P2_INIT_POS_SETTLE,0.084027000,-0.542419000,0.261895000
27.066334,P2_INIT_POS_SETTLE,0.083543000,-0.542421000,0.261887000
27.076726,P2_INIT_POS_SETTLE,0.083011000,-0.542421000,0.261871000
27.087062,P2_INIT_POS_SETTLE,0.082519000,-0.542423000,0.261863000
27.097385,P2_INIT_POS_SETTLE,0.082037000,-0.542424000,0.261855000
27.107738,P2_INIT_POS_SETTLE,0.081499000,-0.542425000,0.261851000
27.118000,P2_INIT_POS_SETTLE,0.081008000,-0.542426000,0.261845000
27.128322,P2_INIT_POS_SETTLE,0.080522000,-0.542435000,0.261846000
27.138650,P2_INIT_POS_SETTLE,0.079991000,-0.542440000,0.261850000
27.149003,P2_INIT_POS_SETTLE,0.079499000,-0.542439000,0.261855000
27.159327,P2_INIT_POS_SETTLE,0.079001000,-0.542442000,0.261870000
27.169638,P2_INIT_POS_SETTLE,0.078435000,-0.542447000,0.261898000
27.179970,P2_INIT_POS_SETTLE,0.077904000,-0.542443000,0.261928000
27.190275,P2_INIT_POS_SETTLE,0.077379000,-0.542445000,0.261967000
27.200598,P2_INIT_POS_SETTLE,0.076804000,-0.542436000,0.261996000
27.210896,P2_INIT_POS_SETTLE,0.076286000,-0.542428000,0.262021000
27.221203,P2_INIT_POS_SETTLE,0.075763000,-0.542427000,0.262058000
27.231541,P2_INIT_POS_SETTLE,0.075238000,-0.542430000,0.262100000
27.241834,P2_INIT_POS_SETTLE,0.074665000,-0.542428000,0.262138000
27.252146,P2_INIT_POS_SETTLE,0.074145000,-0.542419000,0.262168000
27.262465,P2_INIT_POS_SETTLE,0.073618000,-0.542409000,0.262206000
27.272770,P2_INIT_POS_SETTLE,0.073035000,-0.542396000,0.262249000
27.283094,P2_INIT_POS_SETTLE,0.072518000,-0.542387000,0.262289000
27.293394,P2_INIT_POS_SETTLE,0.072015000,-0.542365000,0.262312000
27.303716,P2_INIT_POS_SETTLE,0.071470000,-0.542346000,0.262339000
27.313986,P2_INIT_POS_SETTLE,0.070967000,-0.542332000,0.262377000
27.324294,P2_INIT_POS_SETTLE,0.070457000,-0.542311000,0.262401000
27.334607,P2_INIT_POS_SETTLE,0.069920000,-0.542285000,0.262406000
27.344909,P2_INIT_POS_SETTLE,0.069426000,-0.542265000,0.262418000
27.355221,P2_INIT_POS_SETTLE,0.068914000,-0.542250000,0.262454000
27.365521,P2_INIT_POS_SETTLE,0.068405000,-0.542219000,0.262475000
27.375827,P2_INIT_POS_SETTLE,0.067854000,-0.542187000,0.262490000
27.386139,P2_INIT_POS_SETTLE,0.067354000,-0.542162000,0.262508000
27.396440,P2_INIT_POS_SETTLE,0.066858000,-0.542141000,0.262526000
27.406739,P2_INIT_POS_SETTLE,0.066302000,-0.542120000,0.262548000
27.417045,P2_INIT_POS_SETTLE,0.065792000,-0.542101000,0.262570000
27.427344,P2_INIT_POS_SETTLE,0.065295000,-0.542086000,0.262591000
27.437674,P2_INIT_POS_SETTLE,0.064740000,-0.542072000,0.262616000
27.448011,P2_INIT_POS_SETTLE,0.064228000,-0.542063000,0.262645000
27.458338,P2_INIT_POS_SETTLE,0.063736000,-0.542059000,0.262668000
27.468644,P2_INIT_POS_SETTLE,0.063193000,-0.542049000,0.262685000
27.478987,P2_INIT_POS_SETTLE,0.062694000,-0.542045000,0.262712000
27.489294,P2_INIT_POS_SETTLE,0.062204000,-0.542043000,0.262733000
27.499619,P2_INIT_POS_SETTLE,0.061666000,-0.542045000,0.262753000
27.770826,P2_INIT_DIVE,0.055659000,-0.542586000,0.262962000
27.780753,P2_INIT_DIVE,0.055623000,-0.542597000,0.262977000
27.790802,P2_INIT_DIVE,0.055815000,-0.542547000,0.262799000
27.800760,P2_INIT_DIVE,0.056252000,-0.542448000,0.262440000
27.810760,P2_INIT_DIVE,0.056625000,-0.542377000,0.262146000
27.820698,P2_INIT_DIVE,0.056851000,-0.542315000,0.261908000
27.830786,P2_INIT_DIVE,0.056915000,-0.542218000,0.261584000
27.840750,P2_INIT_DIVE,0.056927000,-0.542149000,0.261208000
27.850773,P2_INIT_DIVE,0.057028000,-0.542089000,0.260764000
27.860751,P2_INIT_DIVE,0.057233000,-0.541992000,0.260162000
27.870730,P2_INIT_DIVE,0.057473000,-0.541887000,0.259500000
27.880758,P2_INIT_DIVE,0.057685000,-0.541825000,0.258904000
27.890742,P2_INIT_DIVE,0.057792000,-0.541788000,0.258395000
27.900735,P2_INIT_DIVE,0.057885000,-0.541781000,0.257933000
27.910744,P2_INIT_DIVE,0.058001000,-0.541784000,0.257442000
27.920819,P2_INIT_DIVE,0.058068000,-0.541815000,0.256968000
27.930658,P2_INIT_DIVE,0.058027000,-0.541848000,0.256507000
27.940815,P2_INIT_DIVE,0.057932000,-0.541866000,0.256016000
27.950639,P2_INIT_DIVE,0.057811000,-0.541877000,0.255530000
27.960770,P2_INIT_DIVE,0.057700000,-0.541883000,0.255054000
27.970756,P2_INIT_DIVE,0.057616000,-0.541872000,0.254579000
27.980749,P2_INIT_DIVE,0.057545000,-0.541863000,0.254125000
27.990721,P2_INIT_DIVE,0.057536000,-0.541860000,0.253647000
28.000740,P2_INIT_DIVE,0.057584000,-0.541872000,0.253125000
28.010749,P2_INIT_DIVE,0.057627000,-0.541902000,0.252611000
28.020732,P2_INIT_DIVE,0.057617000,-0.541936000,0.252116000
28.030753,P2_INIT_DIVE,0.057564000,-0.541973000,0.251637000
28.040725,P2_INIT_DIVE,0.057527000,-0.542000000,0.251146000
28.050751,P2_INIT_DIVE,0.057492000,-0.542030000,0.250674000
28.060750,P2_INIT_DIVE,0.057441000,-0.542036000,0.250182000
28.070860,P2_INIT_DIVE,0.057397000,-0.542047000,0.249707000
28.080790,P2_INIT_DIVE,0.057382000,-0.542049000,0.249211000
28.090764,P2_INIT_DIVE,0.057393000,-0.542054000,0.248703000
28.100775,P2_INIT_DIVE,0.057391000,-0.542071000,0.248217000
28.110789,P2_INIT_DIVE,0.057351000,-0.542093000,0.247745000
28.120840,P2_INIT_DIVE,0.057313000,-0.542115000,0.247281000
28.130659,P2_INIT_DIVE,0.057288000,-0.542129000,0.246804000
28.140736,P2_INIT_DIVE,0.057294000,-0.542134000,0.246305000
28.150724,P2_INIT_DIVE,0.057280000,-0.542142000,0.245831000
28.160643,P2_INIT_DIVE,0.057264000,-0.542143000,0.245349000
28.170809,P2_INIT_DIVE,0.057218000,-0.542148000,0.244870000
28.180748,P2_INIT_DIVE,0.057184000,-0.542156000,0.244395000
28.190725,P2_INIT_DIVE,0.057180000,-0.542139000,0.243855000
28.190776,P2_INIT_DIVE_SETTLE,0.057180000,-0.542139000,0.243855000
28.201030,P2_INIT_DIVE_SETTLE,0.057161000,-0.542132000,0.243334000
28.211364,P2_INIT_DIVE_SETTLE,0.057122000,-0.542132000,0.242834000
28.221689,P2_INIT_DIVE_SETTLE,0.057076000,-0.542129000,0.242291000
28.232017,P2_INIT_DIVE_SETTLE,0.057052000,-0.542128000,0.241792000
28.242321,P2_INIT_DIVE_SETTLE,0.057046000,-0.542117000,0.241272000
28.252645,P2_INIT_DIVE_SETTLE,0.057040000,-0.542097000,0.240695000
28.262986,P2_INIT_DIVE_SETTLE,0.057026000,-0.542073000,0.240164000
28.273298,P2_INIT_DIVE_SETTLE,0.057008000,-0.542050000,0.239636000
28.283617,P2_INIT_DIVE_SETTLE,0.057007000,-0.542031000,0.239063000
28.293950,P2_INIT_DIVE_SETTLE,0.057001000,-0.542006000,0.238522000
28.304252,P2_INIT_DIVE_SETTLE,0.057002000,-0.541988000,0.237991000
28.314563,P2_INIT_DIVE_SETTLE,0.056979000,-0.541972000,0.237430000
28.324882,P2_INIT_DIVE_SETTLE,0.056959000,-0.541950000,0.236898000
28.335197,P2_INIT_DIVE_SETTLE,0.056953000,-0.541930000,0.236367000
28.345493,P2_INIT_DIVE_SETTLE,0.056943000,-0.541906000,0.235821000
28.355801,P2_INIT_DIVE_SETTLE,0.056930000,-0.541886000,0.235232000
28.366098,P2_INIT_DIVE_SETTLE,0.056935000,-0.541863000,0.234687000
28.376388,P2_INIT_DIVE_SETTLE,0.056949000,-0.541852000,0.234158000
28.386675,P2_INIT_DIVE_SETTLE,0.056946000,-0.541845000,0.233596000
28.396987,P2_INIT_DIVE_SETTLE,0.056949000,-0.541841000,0.233085000
28.407284,P2_INIT_DIVE_SETTLE,0.056962000,-0.541840000,0.232576000
28.417543,P2_INIT_DIVE_SETTLE,0.056994000,-0.541834000,0.232007000
28.427839,P2_INIT_DIVE_SETTLE,0.057020000,-0.541826000,0.231496000
28.438184,P2_INIT_DIVE_SETTLE,0.057026000,-0.541821000,0.230995000
28.448492,P2_INIT_DIVE_SETTLE,0.057027000,-0.541820000,0.230497000
28.458809,P2_INIT_DIVE_SETTLE,0.057040000,-0.541820000,0.229946000
28.469111,P2_INIT_DIVE_SETTLE,0.057068000,-0.541816000,0.229416000
28.479402,P2_INIT_DIVE_SETTLE,0.057073000,-0.541831000,0.228928000
28.489716,P2_INIT_DIVE_SETTLE,0.057053000,-0.541836000,0.228385000
28.500013,P2_INIT_DIVE_SETTLE,0.057086000,-0.541814000,0.227817000
28.510310,P2_INIT_DIVE_SETTLE,0.057115000,-0.541815000,0.227295000
28.520611,P2_INIT_DIVE_SETTLE,0.057093000,-0.541827000,0.226765000
28.530913,P2_INIT_DIVE_SETTLE,0.057073000,-0.541835000,0.226276000
28.541209,P2_INIT_DIVE_SETTLE,0.057101000,-0.541833000,0.225746000
28.551514,P2_INIT_DIVE_SETTLE,0.057123000,-0.541833000,0.225168000
28.561816,P2_INIT_DIVE_SETTLE,0.057117000,-0.541837000,0.224669000
28.572113,P2_INIT_DIVE_SETTLE,0.057100000,-0.541839000,0.224181000
28.582409,P2_INIT_DIVE_SETTLE,0.057098000,-0.541844000,0.223681000
28.592720,P2_INIT_DIVE_SETTLE,0.057129000,-0.541846000,0.223114000
28.602968,P2_INIT_DIVE_SETTLE,0.057123000,-0.541854000,0.222619000
28.613276,P2_INIT_DIVE_SETTLE,0.057113000,-0.541854000,0.222110000
28.623595,P2_INIT_DIVE_SETTLE,0.057091000,-0.541862000,0.221567000
28.633927,P2_INIT_DIVE_SETTLE,0.057052000,-0.541864000,0.221080000
28.644233,P2_INIT_DIVE_SETTLE,0.057018000,-0.541860000,0.220585000
28.654548,P2_INIT_DIVE_SETTLE,0.056994000,-0.541844000,0.220012000
28.664851,P2_INIT_DIVE_SETTLE,0.056955000,-0.541857000,0.219552000
28.675173,P2_INIT_DIVE_SETTLE,0.056924000,-0.541868000,0.219083000
28.685481,P2_INIT_DIVE_SETTLE,0.056945000,-0.541867000,0.218579000
28.695801,P2_INIT_DIVE_SETTLE,0.056957000,-0.541871000,0.218049000
28.706104,P2_INIT_DIVE_SETTLE,0.056949000,-0.541884000,0.217589000
28.716416,P2_INIT_DIVE_SETTLE,0.056940000,-0.541890000,0.217119000
28.726715,P2_INIT_DIVE_SETTLE,0.056957000,-0.541895000,0.216585000
28.736970,P2_INIT_DIVE_SETTLE,0.056923000,-0.541920000,0.216142000
28.747274,P2_INIT_DIVE_SETTLE,0.056863000,-0.541947000,0.215710000
28.757577,P2_INIT_DIVE_SETTLE,0.056840000,-0.541948000,0.215162000
28.767879,P2_INIT_DIVE_SETTLE,0.056877000,-0.541921000,0.214597000
28.778171,P2_INIT_DIVE_SETTLE,0.056864000,-0.541937000,0.214133000
28.788460,P2_INIT_DIVE_SETTLE,0.056797000,-0.541964000,0.213716000
28.798777,P2_INIT_DIVE_SETTLE,0.056786000,-0.541976000,0.213197000
28.809078,P2_INIT_DIVE_SETTLE,0.056819000,-0.541962000,0.212656000
28.819368,P2_INIT_DIVE_SETTLE,0.056821000,-0.541967000,0.212164000
28.829665,P2_INIT_DIVE_SETTLE,0.056767000,-0.541957000,0.211635000
28.839986,P2_INIT_DIVE_SETTLE,0.056759000,-0.541946000,0.211121000
28.850273,P2_INIT_DIVE_SETTLE,0.056744000,-0.541939000,0.210620000
28.860555,P2_INIT_DIVE_SETTLE,0.056698000,-0.541937000,0.210086000
28.870843,P2_INIT_DIVE_SETTLE,0.056656000,-0.541931000,0.209589000
28.881130,P2_INIT_DIVE_SETTLE,0.056622000,-0.541924000,0.209074000
28.891414,P2_INIT_DIVE_SETTLE,0.056592000,-0.541911000,0.208545000
28.901724,P2_INIT_DIVE_SETTLE,0.056534000,-0.541898000,0.207986000
28.912016,P2_INIT_DIVE_SETTLE,0.056490000,-0.541882000,0.207482000
28.922304,P2_INIT_DIVE_SETTLE,0.056458000,-0.541871000,0.206979000
28.932603,P2_INIT_DIVE_SETTLE,0.056445000,-0.541853000,0.206424000
28.942888,P2_INIT_DIVE_SETTLE,0.056444000,-0.541833000,0.205908000
28.953179,P2_INIT_DIVE_SETTLE,0.056433000,-0.541821000,0.205412000
28.963468,P2_INIT_DIVE_SETTLE,0.056412000,-0.541809000,0.204918000
28.973797,P2_INIT_DIVE_SETTLE,0.056411000,-0.541786000,0.204339000
28.984083,P2_INIT_DIVE_SETTLE,0.056418000,-0.541765000,0.203807000
28.994370,P2_INIT_DIVE_SETTLE,0.056404000,-0.541757000,0.203301000
29.004672,P2_INIT_DIVE_SETTLE,0.056332000,-0.541776000,0.202802000
29.014940,P2_INIT_DIVE_SETTLE,0.056312000,-0.541765000,0.202282000
29.025225,P2_INIT_DIVE_SETTLE,0.056335000,-0.541739000,0.201719000
29.035506,P2_INIT_DIVE_SETTLE,0.056356000,-0.541710000,0.201163000
29.045800,P2_INIT_DIVE_SETTLE,0.056312000,-0.541717000,0.200644000
29.056108,P2_INIT_DIVE_SETTLE,0.056280000,-0.541720000,0.200165000
29.066410,P2_INIT_DIVE_SETTLE,0.056302000,-0.541714000,0.199640000
29.076848,P2_INIT_DIVE_SETTLE,0.056295000,-0.541711000,0.199080000
29.087226,P2_INIT_DIVE_SETTLE,0.056254000,-0.541709000,0.198592000
29.097552,P2_INIT_DIVE_SETTLE,0.056250000,-0.541697000,0.198018000
29.107960,P2_INIT_DIVE_SETTLE,0.056279000,-0.541686000,0.197483000
29.118278,P2_INIT_DIVE_SETTLE,0.056254000,-0.541701000,0.197011000
29.128586,P2_INIT_DIVE_SETTLE,0.056223000,-0.541710000,0.196464000
29.138956,P2_INIT_DIVE_SETTLE,0.056237000,-0.541717000,0.195937000
29.149316,P2_INIT_DIVE_SETTLE,0.056225000,-0.541719000,0.195405000
29.159632,P2_INIT_DIVE_SETTLE,0.056151000,-0.541747000,0.194887000
29.169949,P2_INIT_DIVE_SETTLE,0.056123000,-0.541749000,0.194376000
29.180254,P2_INIT_DIVE_SETTLE,0.056128000,-0.541754000,0.193859000
29.190557,P2_INIT_DIVE_SETTLE,0.056103000,-0.541765000,0.193326000
29.200872,P2_INIT_DIVE_SETTLE,0.056096000,-0.541791000,0.192861000
29.211178,P2_INIT_DIVE_SETTLE,0.056109000,-0.541796000,0.192355000
29.221486,P2_INIT_DIVE_SETTLE,0.056087000,-0.541817000,0.191888000
29.231799,P2_INIT_DIVE_SETTLE,0.056040000,-0.541853000,0.191387000
29.242098,P2_INIT_DIVE_SETTLE,0.056061000,-0.541857000,0.190864000
29.252395,P2_INIT_DIVE_SETTLE,0.056089000,-0.541867000,0.190346000
29.262682,P2_INIT_DIVE_SETTLE,0.056031000,-0.541901000,0.189844000
29.272978,P2_INIT_DIVE_SETTLE,0.055946000,-0.541963000,0.189439000
29.283274,P2_INIT_DIVE_SETTLE,0.055944000,-0.541964000,0.188904000
29.293538,P2_INIT_DIVE_SETTLE,0.055990000,-0.541953000,0.188273000
29.303835,P2_INIT_DIVE_SETTLE,0.055973000,-0.541957000,0.187765000
30.795773,P2_INIT,0.057017000,-0.545482000,0.176809000
30.805772,P2_INIT,0.057966000,-0.545582000,0.176451000
30.815752,P2_INIT,0.058674000,-0.545624000,0.176150000
30.825777,P2_INIT,0.059069000,-0.545638000,0.175970000
30.835725,P2_INIT,0.059417000,-0.545675000,0.175876000
30.845733,P2_INIT,0.059571000,-0.545828000,0.175997000
30.855698,P2_INIT,0.059544000,-0.545964000,0.176172000
30.865757,P2_INIT,0.059716000,-0.545981000,0.176104000
30.875740,P2_INIT,0.060109000,-0.545957000,0.175925000
30.885740,P2_INIT,0.060249000,-0.546000000,0.176029000
30.895748,P2_INIT,0.060098000,-0.546132000,0.176481000
30.905765,P2_INIT,0.059899000,-0.546282000,0.177047000
30.915725,P2_INIT,0.059929000,-0.546306000,0.177388000
30.925742,P2_INIT,0.059912000,-0.546351000,0.177836000
30.935730,P2_INIT,0.059591000,-0.546482000,0.178584000
30.945741,P2_INIT,0.059219000,-0.546570000,0.179315000
30.955749,P2_INIT,0.059099000,-0.546555000,0.179782000
30.965731,P2_INIT,0.059096000,-0.546522000,0.180202000
30.975724,P2_INIT,0.058961000,-0.546514000,0.180780000
30.985690,P2_INIT,0.058852000,-0.546486000,0.181350000
30.995707,P2_INIT,0.058950000,-0.546424000,0.181768000
31.005718,P2_INIT,0.059098000,-0.546386000,0.182185000
31.015732,P2_INIT,0.059143000,-0.546398000,0.182716000
31.025687,P2_INIT,0.059124000,-0.546408000,0.183261000
31.035733,P2_INIT,0.059123000,-0.546389000,0.183741000
31.045741,P2_INIT,0.059112000,-0.546364000,0.184231000
31.055767,P2_INIT,0.059032000,-0.546356000,0.184805000
31.065760,P2_INIT,0.058906000,-0.546327000,0.185396000
31.075741,P2_INIT,0.058837000,-0.546268000,0.185922000
31.085823,P2_INIT,0.058862000,-0.546211000,0.186403000
31.095767,P2_INIT,0.058867000,-0.546187000,0.186936000
31.105731,P2_INIT,0.058826000,-0.546188000,0.187510000
31.115749,P2_INIT,0.058838000,-0.546155000,0.187976000
31.125698,P2_INIT,0.058907000,-0.546126000,0.188410000
31.135702,P2_INIT,0.058878000,-0.546126000,0.188927000
31.145696,P2_INIT,0.058771000,-0.546128000,0.189493000
31.155742,P2_INIT,0.058712000,-0.546108000,0.190018000
31.165695,P2_INIT,0.058676000,-0.546076000,0.190516000
31.175734,P2_INIT,0.058625000,-0.546042000,0.191030000
31.185691,P2_INIT,0.058577000,-0.546011000,0.191555000
31.195696,P2_INIT,0.058569000,-0.545976000,0.192045000
31.205718,P2_INIT,0.058587000,-0.545959000,0.192547000
31.215693,P2_INIT,0.058596000,-0.545959000,0.193072000
31.225675,P2_INIT,0.058597000,-0.545960000,0.193599000
31.235692,P2_INIT,0.058603000,-0.545950000,0.194099000
31.235770,P2_INIT_SETTLE,0.058603000,-0.545950000,0.194099000
31.246070,P2_INIT_SETTLE,0.058580000,-0.545932000,0.194607000
31.256362,P2_INIT_SETTLE,0.058530000,-0.545921000,0.195143000
31.266680,P2_INIT_SETTLE,0.058469000,-0.545886000,0.195708000
31.276999,P2_INIT_SETTLE,0.058439000,-0.545854000,0.196213000
31.287292,P2_INIT_SETTLE,0.058409000,-0.545827000,0.196728000
31.297600,P2_INIT_SETTLE,0.058346000,-0.545812000,0.197337000
31.307917,P2_INIT_SETTLE,0.058310000,-0.545799000,0.197877000
31.318215,P2_INIT_SETTLE,0.058294000,-0.545779000,0.198397000
31.328535,P2_INIT_SETTLE,0.058267000,-0.545752000,0.198915000
31.338832,P2_INIT_SETTLE,0.058213000,-0.545731000,0.199513000
31.349271,P2_INIT_SETTLE,0.058166000,-0.545704000,0.200035000
31.359574,P2_INIT_SETTLE,0.058145000,-0.545655000,0.200573000
31.369893,P2_INIT_SETTLE,0.058102000,-0.545608000,0.201071000
31.380206,P2_INIT_SETTLE,0.058032000,-0.545565000,0.201584000
31.390492,P2_INIT_SETTLE,0.057998000,-0.545507000,0.202065000
31.400789,P2_INIT_SETTLE,0.057937000,-0.545476000,0.202629000
31.411108,P2_INIT_SETTLE,0.057880000,-0.545445000,0.203137000
31.421411,P2_INIT_SETTLE,0.057888000,-0.545390000,0.203585000
31.431744,P2_INIT_SETTLE,0.057914000,-0.545321000,0.204071000
31.442066,P2_INIT_SETTLE,0.057893000,-0.545281000,0.204585000
31.452387,P2_INIT_SETTLE,0.057858000,-0.545252000,0.205115000
31.462728,P2_INIT_SETTLE,0.057860000,-0.545205000,0.205644000
31.473071,P2_INIT_SETTLE,0.057866000,-0.545158000,0.206100000
31.483389,P2_INIT_SETTLE,0.057834000,-0.545119000,0.206592000
31.493744,P2_INIT_SETTLE,0.057773000,-0.545071000,0.207127000
31.504044,P2_INIT_SETTLE,0.057743000,-0.545025000,0.207599000
31.514357,P2_INIT_SETTLE,0.057707000,-0.544995000,0.208101000
31.524695,P2_INIT_SETTLE,0.057662000,-0.544963000,0.208659000
31.535015,P2_INIT_SETTLE,0.057650000,-0.544932000,0.209155000
31.545328,P2_INIT_SETTLE,0.057639000,-0.544911000,0.209663000
31.555648,P2_INIT_SETTLE,0.057591000,-0.544883000,0.210231000
31.565988,P2_INIT_SETTLE,0.057569000,-0.544862000,0.210736000
31.576303,P2_INIT_SETTLE,0.057549000,-0.544855000,0.211252000
31.586607,P2_INIT_SETTLE,0.057517000,-0.544835000,0.211792000
31.596950,P2_INIT_SETTLE,0.057469000,-0.544817000,0.212282000
31.607263,P2_INIT_SETTLE,0.057422000,-0.544803000,0.212779000
31.617574,P2_INIT_SETTLE,0.057395000,-0.544776000,0.213301000
31.627869,P2_INIT_SETTLE,0.057384000,-0.544756000,0.213776000
31.638192,P2_INIT_SETTLE,0.057363000,-0.544745000,0.214272000
31.648504,P2_INIT_SETTLE,0.057370000,-0.544729000,0.214746000
31.658809,P2_INIT_SETTLE,0.057365000,-0.544721000,0.215291000
31.669118,P2_INIT_SETTLE,0.057349000,-0.544726000,0.215805000
31.679427,P2_INIT_SETTLE,0.057342000,-0.544739000,0.216324000
31.689775,P2_INIT_SETTLE,0.057365000,-0.544754000,0.216879000
31.700020,P2_INIT_SETTLE,0.057378000,-0.544777000,0.217404000
31.710327,P2_INIT_SETTLE,0.057390000,-0.544782000,0.217895000
31.720653,P2_INIT_SETTLE,0.057382000,-0.544797000,0.218459000
31.730994,P2_INIT_SETTLE,0.057357000,-0.544812000,0.218981000
31.741311,P2_INIT_SETTLE,0.057324000,-0.544828000,0.219510000
31.751609,P2_INIT_SETTLE,0.057285000,-0.544833000,0.220075000
31.761944,P2_INIT_SETTLE,0.057260000,-0.544841000,0.220582000
31.772239,P2_INIT_SETTLE,0.057244000,-0.544842000,0.221088000
31.782551,P2_INIT_SETTLE,0.057219000,-0.544851000,0.221662000
31.792871,P2_INIT_SETTLE,0.057202000,-0.544844000,0.222165000
31.803186,P2_INIT_SETTLE,0.057206000,-0.544833000,0.222652000
31.813528,P2_INIT_SETTLE,0.057206000,-0.544817000,0.223186000
31.823845,P2_INIT_SETTLE,0.057182000,-0.544803000,0.223674000
31.834171,P2_INIT_SETTLE,0.057170000,-0.544779000,0.224127000
31.844480,P2_INIT_SETTLE,0.057179000,-0.544750000,0.224558000
31.854841,P2_INIT_SETTLE,0.057162000,-0.544720000,0.225045000
31.865171,P2_INIT_SETTLE,0.057131000,-0.544689000,0.225486000
31.875493,P2_INIT_SETTLE,0.057126000,-0.544660000,0.225936000
31.885805,P2_INIT_SETTLE,0.057088000,-0.544627000,0.226445000
31.896116,P2_INIT_SETTLE,0.057089000,-0.544583000,0.226885000
31.906424,P2_INIT_SETTLE,0.057098000,-0.544544000,0.227336000
31.916772,P2_INIT_SETTLE,0.057092000,-0.544509000,0.227857000
31.927087,P2_INIT_SETTLE,0.057084000,-0.544482000,0.228339000
31.937396,P2_INIT_SETTLE,0.057072000,-0.544465000,0.228836000
31.947725,P2_INIT_SETTLE,0.057079000,-0.544441000,0.229368000
31.958040,P2_INIT_SETTLE,0.057089000,-0.544422000,0.229855000
31.968346,P2_INIT_SETTLE,0.057085000,-0.544395000,0.230337000
31.978667,P2_INIT_SETTLE,0.057054000,-0.544369000,0.230886000
31.988973,P2_INIT_SETTLE,0.057015000,-0.544348000,0.231397000
31.999278,P2_INIT_SETTLE,0.057001000,-0.544319000,0.231872000
32.009595,P2_INIT_SETTLE,0.056973000,-0.544293000,0.232418000
32.019922,P2_INIT_SETTLE,0.056924000,-0.544275000,0.232936000
32.030236,P2_INIT_SETTLE,0.056865000,-0.544266000,0.233472000
32.040525,P2_INIT_SETTLE,0.056854000,-0.544244000,0.233975000
32.050821,P2_INIT_SETTLE,0.056839000,-0.544224000,0.234540000
32.061139,P2_INIT_SETTLE,0.056800000,-0.544214000,0.235089000
32.071450,P2_INIT_SETTLE,0.056763000,-0.544195000,0.235622000
32.081766,P2_INIT_SETTLE,0.056752000,-0.544177000,0.236188000
32.092157,P2_INIT_SETTLE,0.056716000,-0.544166000,0.236720000
32.102514,P2_INIT_SETTLE,0.056659000,-0.544151000,0.237240000
32.112844,P2_INIT_SETTLE,0.056630000,-0.544123000,0.237766000
32.123169,P2_INIT_SETTLE,0.056602000,-0.544103000,0.238252000
32.133499,P2_INIT_SETTLE,0.056531000,-0.544085000,0.238761000
32.143825,P2_INIT_SETTLE,0.056478000,-0.544049000,0.239283000
32.154150,P2_INIT_SETTLE,0.056447000,-0.544025000,0.239765000
32.164463,P2_INIT_SETTLE,0.056402000,-0.544003000,0.240264000
32.174778,P2_INIT_SETTLE,0.056365000,-0.543984000,0.240808000
32.185107,P2_INIT_SETTLE,0.056350000,-0.543972000,0.241304000
32.195416,P2_INIT_SETTLE,0.056322000,-0.543958000,0.241810000
32.205728,P2_INIT_SETTLE,0.056287000,-0.543944000,0.242371000
32.216055,P2_INIT_SETTLE,0.056265000,-0.543948000,0.242903000
32.226360,P2_INIT_SETTLE,0.056232000,-0.543953000,0.243438000
32.236672,P2_INIT_SETTLE,0.056199000,-0.543960000,0.244023000
32.246985,P2_INIT_SETTLE,0.056186000,-0.543965000,0.244535000
32.257293,P2_INIT_SETTLE,0.056188000,-0.543970000,0.245035000
32.267593,P2_INIT_SETTLE,0.056175000,-0.543981000,0.245600000
32.277896,P2_INIT_SETTLE,0.056122000,-0.543994000,0.246137000
32.288210,P2_INIT_SETTLE,0.056076000,-0.544009000,0.246660000
32.298518,P2_INIT_SETTLE,0.056042000,-0.544017000,0.247163000
32.308832,P2_INIT_SETTLE,0.056013000,-0.544031000,0.247735000
32.319145,P2_INIT_SETTLE,0.055968000,-0.544039000,0.248259000
32.329458,P2_INIT_SETTLE,0.055946000,-0.544049000,0.248784000
32.339771,P2_INIT_SETTLE,0.055918000,-0.544065000,0.249376000
32.350035,P2_INIT_SETTLE,0.055873000,-0.544077000,0.249916000
32.360349,P2_INIT_SETTLE,0.055852000,-0.544088000,0.250447000
32.370672,P2_INIT_SETTLE,0.055855000,-0.544094000,0.251001000
32.381007,P2_INIT_SETTLE,0.055837000,-0.544112000,0.251529000
32.391318,P2_INIT_SETTLE,0.055802000,-0.544135000,0.252068000
32.401630,P2_INIT_SETTLE,0.055769000,-0.544147000,0.252622000
32.411971,P2_INIT_SETTLE,0.055750000,-0.544142000,0.253097000
32.422275,P2_INIT_SETTLE,0.055718000,-0.544145000,0.253548000
32.432592,P2_INIT_SETTLE,0.055656000,-0.544147000,0.254150000
32.442886,P2_INIT_SETTLE,0.055617000,-0.544143000,0.254639000
32.453191,P2_INIT_SETTLE,0.055560000,-0.544145000,0.255141000
32.463501,P2_INIT_SETTLE,0.055512000,-0.544144000,0.255632000
32.734643,P3_INIT_POS,0.055849000,-0.543366000,0.261893000
32.744611,P3_INIT_POS,0.055798000,-0.543354000,0.261897000
32.754575,P3_INIT_POS,0.055945000,-0.543305000,0.261747000
32.764598,P3_INIT_POS,0.056336000,-0.543200000,0.261417000
32.774577,P3_INIT_POS,0.056715000,-0.543103000,0.261112000
32.784597,P3_INIT_POS,0.056783000,-0.543014000,0.260886000
32.794569,P3_INIT_POS,0.056557000,-0.543025000,0.260883000
32.804601,P3_INIT_POS,0.056298000,-0.543070000,0.260877000
32.814577,P3_INIT_POS,0.056195000,-0.543053000,0.260643000
32.824597,P3_INIT_POS,0.056173000,-0.543023000,0.260357000
32.834569,P3_INIT_POS,0.056079000,-0.543010000,0.260154000
32.844598,P3_INIT_POS,0.055822000,-0.543049000,0.260110000
32.854550,P3_INIT_POS,0.055426000,-0.543108000,0.260198000
32.864597,P3_INIT_POS,0.055091000,-0.543166000,0.260294000
32.874567,P3_INIT_POS,0.054747000,-0.543223000,0.260371000
32.884596,P3_INIT_POS,0.054232000,-0.543256000,0.260445000
32.894544,P3_INIT_POS,0.053590000,-0.543240000,0.260472000
32.904595,P3_INIT_POS,0.052947000,-0.543195000,0.260453000
32.914571,P3_INIT_POS,0.052321000,-0.543162000,0.260470000
32.924597,P3_INIT_POS,0.051690000,-0.543122000,0.260532000
32.934577,P3_INIT_POS,0.051078000,-0.543059000,0.260593000
32.944596,P3_INIT_POS,0.050532000,-0.542985000,0.260634000
32.954573,P3_INIT_POS,0.050062000,-0.542921000,0.260652000
32.964596,P3_INIT_POS,0.049626000,-0.542888000,0.260677000
32.974581,P3_INIT_POS,0.049194000,-0.542869000,0.260696000
32.984603,P3_INIT_POS,0.048733000,-0.542855000,0.260709000
32.994579,P3_INIT_POS,0.048254000,-0.542836000,0.260728000
33.004598,P3_INIT_POS,0.047764000,-0.542819000,0.260766000
33.014575,P3_INIT_POS,0.047269000,-0.542801000,0.260824000
33.024596,P3_INIT_POS,0.046757000,-0.542773000,0.260886000
33.034576,P3_INIT_POS,0.046261000,-0.542733000,0.260920000
33.044596,P3_INIT_POS,0.045783000,-0.542692000,0.260938000
33.044673,P3_INIT_POS_SETTLE,0.045783000,-0.542692000,0.260938000
33.055000,P3_INIT_POS_SETTLE,0.045299000,-0.542656000,0.260965000
33.065327,P3_INIT_POS_SETTLE,0.044799000,-0.542633000,0.261003000
33.075657,P3_INIT_POS_SETTLE,0.044242000,-0.542606000,0.261034000
33.085984,P3_INIT_POS_SETTLE,0.043740000,-0.542585000,0.261057000
33.096370,P3_INIT_POS_SETTLE,0.043256000,-0.542567000,0.261086000
33.106765,P3_INIT_POS_SETTLE,0.042724000,-0.542547000,0.261131000
33.117108,P3_INIT_POS_SETTLE,0.042232000,-0.542519000,0.261162000
33.127431,P3_INIT_POS_SETTLE,0.041748000,-0.542486000,0.261180000
33.137789,P3_INIT_POS_SETTLE,0.041194000,-0.542449000,0.261199000
33.148109,P3_INIT_POS_SETTLE,0.040684000,-0.542423000,0.261222000
33.158413,P3_INIT_POS_SETTLE,0.040163000,-0.542403000,0.261251000
33.168830,P3_INIT_POS_SETTLE,0.039600000,-0.542381000,0.261274000
33.179074,P3_INIT_POS_SETTLE,0.039066000,-0.542366000,0.261310000
33.189296,P3_INIT_POS_SETTLE,0.038553000,-0.542352000,0.261340000
33.199551,P3_INIT_POS_SETTLE,0.037998000,-0.542332000,0.261365000
33.209892,P3_INIT_POS_SETTLE,0.037490000,-0.542314000,0.261383000
33.220243,P3_INIT_POS_SETTLE,0.036971000,-0.542293000,0.261403000
33.230561,P3_INIT_POS_SETTLE,0.036396000,-0.542276000,0.261428000
33.240915,P3_INIT_POS_SETTLE,0.035888000,-0.542257000,0.261440000
33.251233,P3_INIT_POS_SETTLE,0.035372000,-0.542246000,0.261461000
33.261551,P3_INIT_POS_SETTLE,0.034796000,-0.542231000,0.261483000
33.271878,P3_INIT_POS_SETTLE,0.034275000,-0.542224000,0.261505000
33.282204,P3_INIT_POS_SETTLE,0.033770000,-0.542216000,0.261518000
33.292522,P3_INIT_POS_SETTLE,0.033273000,-0.542210000,0.261527000
33.302831,P3_INIT_POS_SETTLE,0.032718000,-0.542204000,0.261542000
33.313136,P3_INIT_POS_SETTLE,0.032210000,-0.542198000,0.261557000
33.323445,P3_INIT_POS_SETTLE,0.031717000,-0.542191000,0.261557000
33.333776,P3_INIT_POS_SETTLE,0.031160000,-0.542187000,0.261565000
33.344075,P3_INIT_POS_SETTLE,0.030657000,-0.542193000,0.261579000
33.354368,P3_INIT_POS_SETTLE,0.030144000,-0.542196000,0.261592000
33.364676,P3_INIT_POS_SETTLE,0.029598000,-0.542199000,0.261590000
33.374983,P3_INIT_POS_SETTLE,0.029099000,-0.542199000,0.261593000
33.385285,P3_INIT_POS_SETTLE,0.028645000,-0.542208000,0.261610000
33.395535,P3_INIT_POS_SETTLE,0.028051000,-0.542217000,0.261619000
33.405836,P3_INIT_POS_SETTLE,0.027562000,-0.542223000,0.261618000
33.416127,P3_INIT_POS_SETTLE,0.027072000,-0.542237000,0.261624000
33.426414,P3_INIT_POS_SETTLE,0.026572000,-0.542246000,0.261633000
33.436721,P3_INIT_POS_SETTLE,0.026015000,-0.542264000,0.261655000
33.447012,P3_INIT_POS_SETTLE,0.025512000,-0.542272000,0.261663000
33.457307,P3_INIT_POS_SETTLE,0.025011000,-0.542287000,0.261677000
33.467604,P3_INIT_POS_SETTLE,0.024471000,-0.542306000,0.261693000
33.477901,P3_INIT_POS_SETTLE,0.023971000,-0.542316000,0.261705000
33.488199,P3_INIT_POS_SETTLE,0.023475000,-0.542330000,0.261725000
33.498504,P3_INIT_POS_SETTLE,0.023005000,-0.542347000,0.261731000
33.508791,P3_INIT_POS_SETTLE,0.022484000,-0.542370000,0.261740000
33.519082,P3_INIT_POS_SETTLE,0.021998000,-0.542385000,0.261752000
33.529373,P3_INIT_POS_SETTLE,0.021494000,-0.542403000,0.261782000
33.539671,P3_INIT_POS_SETTLE,0.020962000,-0.542422000,0.261798000
33.549998,P3_INIT_POS_SETTLE,0.020473000,-0.542437000,0.261816000
33.560324,P3_INIT_POS_SETTLE,0.019980000,-0.542449000,0.261832000
33.570637,P3_INIT_POS_SETTLE,0.019451000,-0.542463000,0.261848000
33.580955,P3_INIT_POS_SETTLE,0.018964000,-0.542469000,0.261865000
33.591277,P3_INIT_POS_SETTLE,0.018488000,-0.542475000,0.261881000
33.601595,P3_INIT_POS_SETTLE,0.017971000,-0.542475000,0.261889000
33.611929,P3_INIT_POS_SETTLE,0.017481000,-0.542473000,0.261911000
33.622243,P3_INIT_POS_SETTLE,0.016986000,-0.542465000,0.261936000
33.632549,P3_INIT_POS_SETTLE,0.016439000,-0.542458000,0.261973000
33.642872,P3_INIT_POS_SETTLE,0.015932000,-0.542444000,0.262004000
33.653193,P3_INIT_POS_SETTLE,0.015435000,-0.542428000,0.262030000
33.663510,P3_INIT_POS_SETTLE,0.014923000,-0.542414000,0.262067000
33.673820,P3_INIT_POS_SETTLE,0.014350000,-0.542399000,0.262118000
33.684151,P3_INIT_POS_SETTLE,0.013837000,-0.542383000,0.262155000
33.694480,P3_INIT_POS_SETTLE,0.013323000,-0.542361000,0.262183000
33.704802,P3_INIT_POS_SETTLE,0.012757000,-0.542344000,0.262224000
33.715121,P3_INIT_POS_SETTLE,0.012235000,-0.542323000,0.262263000
33.725430,P3_INIT_POS_SETTLE,0.011712000,-0.542300000,0.262305000
33.735764,P3_INIT_POS_SETTLE,0.011138000,-0.542270000,0.262348000
33.746080,P3_INIT_POS_SETTLE,0.010618000,-0.542239000,0.262384000
33.756400,P3_INIT_POS_SETTLE,0.010105000,-0.542208000,0.262416000
33.766726,P3_INIT_POS_SETTLE,0.009536000,-0.542183000,0.262462000
33.776986,P3_INIT_POS_SETTLE,0.009025000,-0.542151000,0.262485000
33.787307,P3_INIT_POS_SETTLE,0.008517000,-0.542127000,0.262513000
33.797615,P3_INIT_POS_SETTLE,0.007968000,-0.542103000,0.262536000
33.807953,P3_INIT_POS_SETTLE,0.007460000,-0.542082000,0.262558000
33.818262,P3_INIT_POS_SETTLE,0.006958000,-0.542063000,0.262578000
33.828583,P3_INIT_POS_SETTLE,0.006411000,-0.542050000,0.262603000
33.838908,P3_INIT_POS_SETTLE,0.005908000,-0.542035000,0.262623000
33.849224,P3_INIT_POS_SETTLE,0.005407000,-0.542014000,0.262631000
33.859559,P3_INIT_POS_SETTLE,0.004864000,-0.542004000,0.262644000
33.869885,P3_INIT_POS_SETTLE,0.004362000,-0.541993000,0.262654000
33.880206,P3_INIT_POS_SETTLE,0.003862000,-0.541984000,0.262663000
33.890511,P3_INIT_POS_SETTLE,0.003355000,-0.541973000,0.262670000
34.161729,P3_INIT_DIVE,-0.002701000,-0.542762000,0.262516000
34.171671,P3_INIT_DIVE,-0.002751000,-0.542782000,0.262531000
34.181653,P3_INIT_DIVE,-0.002544000,-0.542764000,0.262339000
34.191683,P3_INIT_DIVE,-0.002117000,-0.542729000,0.261990000
34.201672,P3_INIT_DIVE,-0.001761000,-0.542724000,0.261721000
34.211671,P3_INIT_DIVE,-0.001587000,-0.542693000,0.261471000
34.221643,P3_INIT_DIVE,-0.001506000,-0.542613000,0.261094000
34.231658,P3_INIT_DIVE,-0.001461000,-0.542577000,0.260723000
34.241642,P3_INIT_DIVE,-0.001393000,-0.542539000,0.260300000
34.251645,P3_INIT_DIVE,-0.001175000,-0.542459000,0.259671000
34.261623,P3_INIT_DIVE,-0.000932000,-0.542390000,0.259029000
34.271678,P3_INIT_DIVE,-0.000735000,-0.542352000,0.258464000
34.281651,P3_INIT_DIVE,-0.000606000,-0.542337000,0.257981000
34.291651,P3_INIT_DIVE,-0.000500000,-0.542331000,0.257519000
34.301612,P3_INIT_DIVE,-0.000386000,-0.542341000,0.257052000
34.311643,P3_INIT_DIVE,-0.000333000,-0.542363000,0.256652000
34.321613,P3_INIT_DIVE,-0.000362000,-0.542369000,0.256134000
34.331622,P3_INIT_DIVE,-0.000428000,-0.542357000,0.255628000
34.341611,P3_INIT_DIVE,-0.000520000,-0.542337000,0.255128000
34.351618,P3_INIT_DIVE,-0.000622000,-0.542316000,0.254647000
34.361608,P3_INIT_DIVE,-0.000717000,-0.542297000,0.254198000
34.371658,P3_INIT_DIVE,-0.000757000,-0.542270000,0.253707000
34.381629,P3_INIT_DIVE,-0.000768000,-0.542263000,0.253213000
34.391637,P3_INIT_DIVE,-0.000751000,-0.542261000,0.252746000
34.401596,P3_INIT_DIVE,-0.000740000,-0.542290000,0.252208000
34.411657,P3_INIT_DIVE,-0.000743000,-0.542309000,0.251714000
34.421596,P3_INIT_DIVE,-0.000747000,-0.542325000,0.251222000
34.431620,P3_INIT_DIVE,-0.000764000,-0.542333000,0.250748000
34.441628,P3_INIT_DIVE,-0.000772000,-0.542343000,0.250286000
34.451631,P3_INIT_DIVE,-0.000793000,-0.542352000,0.249841000
34.461629,P3_INIT_DIVE,-0.000810000,-0.542353000,0.249372000
34.471600,P3_INIT_DIVE,-0.000803000,-0.542352000,0.248879000
34.481634,P3_INIT_DIVE,-0.000818000,-0.542349000,0.248427000
34.491625,P3_INIT_DIVE,-0.000853000,-0.542380000,0.247925000
34.501636,P3_INIT_DIVE,-0.000865000,-0.542380000,0.247405000
34.511602,P3_INIT_DIVE,-0.000868000,-0.542368000,0.246864000
34.521636,P3_INIT_DIVE,-0.000871000,-0.542368000,0.246363000
34.531616,P3_INIT_DIVE,-0.000895000,-0.542372000,0.245902000
34.541611,P3_INIT_DIVE,-0.000912000,-0.542364000,0.245424000
34.551607,P3_INIT_DIVE,-0.000924000,-0.542345000,0.244913000
34.561611,P3_INIT_DIVE,-0.000936000,-0.542321000,0.244397000
34.571605,P3_INIT_DIVE,-0.000972000,-0.542292000,0.243891000
34.571673,P3_INIT_DIVE_SETTLE,-0.000972000,-0.542292000,0.243891000
34.581993,P3_INIT_DIVE_SETTLE,-0.001010000,-0.542271000,0.243386000
34.592296,P3_INIT_DIVE_SETTLE,-0.001027000,-0.542253000,0.242868000
34.602589,P3_INIT_DIVE_SETTLE,-0.001051000,-0.542249000,0.242321000
34.612866,P3_INIT_DIVE_SETTLE,-0.001067000,-0.542243000,0.241810000
34.623165,P3_INIT_DIVE_SETTLE,-0.001072000,-0.542230000,0.241280000
34.633775,P3_INIT_DIVE_SETTLE,-0.001067000,-0.542217000,0.240686000
34.644102,P3_INIT_DIVE_SETTLE,-0.001087000,-0.542212000,0.240179000
34.654425,P3_INIT_DIVE_SETTLE,-0.001119000,-0.542212000,0.239688000
34.664780,P3_INIT_DIVE_SETTLE,-0.001178000,-0.542212000,0.239165000
34.675108,P3_INIT_DIVE_SETTLE,-0.001207000,-0.542210000,0.238722000
34.685419,P3_INIT_DIVE_SETTLE,-0.001241000,-0.542212000,0.238200000
34.695780,P3_INIT_DIVE_SETTLE,-0.001267000,-0.542218000,0.237674000
34.706105,P3_INIT_DIVE_SETTLE,-0.001285000,-0.542226000,0.237194000
34.716423,P3_INIT_DIVE_SETTLE,-0.001286000,-0.542241000,0.236707000
34.726771,P3_INIT_DIVE_SETTLE,-0.001322000,-0.542271000,0.236199000
34.737107,P3_INIT_DIVE_SETTLE,-0.001340000,-0.542298000,0.235719000
34.747416,P3_INIT_DIVE_SETTLE,-0.001333000,-0.542313000,0.235197000
34.757745,P3_INIT_DIVE_SETTLE,-0.001320000,-0.542313000,0.234600000
34.768094,P3_INIT_DIVE_SETTLE,-0.001343000,-0.542340000,0.234127000
34.778407,P3_INIT_DIVE_SETTLE,-0.001398000,-0.542369000,0.233679000
34.788722,P3_INIT_DIVE_SETTLE,-0.001423000,-0.542388000,0.233191000
34.799041,P3_INIT_DIVE_SETTLE,-0.001419000,-0.542407000,0.232619000
34.809384,P3_INIT_DIVE_SETTLE,-0.001422000,-0.542425000,0.232116000
34.819745,P3_INIT_DIVE_SETTLE,-0.001410000,-0.542433000,0.231528000
34.830071,P3_INIT_DIVE_SETTLE,-0.001380000,-0.542449000,0.230994000
34.840390,P3_INIT_DIVE_SETTLE,-0.001366000,-0.542463000,0.230467000
34.850734,P3_INIT_DIVE_SETTLE,-0.001365000,-0.542488000,0.229901000
34.860995,P3_INIT_DIVE_SETTLE,-0.001376000,-0.542506000,0.229377000
34.871307,P3_INIT_DIVE_SETTLE,-0.001387000,-0.542510000,0.228890000
34.881624,P3_INIT_DIVE_SETTLE,-0.001382000,-0.542514000,0.228241000
34.891946,P3_INIT_DIVE_SETTLE,-0.001377000,-0.542517000,0.227703000
34.902266,P3_INIT_DIVE_SETTLE,-0.001400000,-0.542540000,0.227224000
34.912593,P3_INIT_DIVE_SETTLE,-0.001416000,-0.542547000,0.226669000
34.922920,P3_INIT_DIVE_SETTLE,-0.001380000,-0.542555000,0.226196000
34.933249,P3_INIT_DIVE_SETTLE,-0.001370000,-0.542559000,0.225639000
34.943571,P3_INIT_DIVE_SETTLE,-0.001375000,-0.542562000,0.225085000
34.953934,P3_INIT_DIVE_SETTLE,-0.001362000,-0.542558000,0.224616000
34.964259,P3_INIT_DIVE_SETTLE,-0.001383000,-0.542569000,0.224080000
34.974580,P3_INIT_DIVE_SETTLE,-0.001433000,-0.542584000,0.223580000
34.984886,P3_INIT_DIVE_SETTLE,-0.001417000,-0.542568000,0.223035000
34.995219,P3_INIT_DIVE_SETTLE,-0.001364000,-0.542546000,0.222468000
35.005548,P3_INIT_DIVE_SETTLE,-0.001382000,-0.542538000,0.221982000
35.015936,P3_INIT_DIVE_SETTLE,-0.001408000,-0.542545000,0.221483000
35.026249,P3_INIT_DIVE_SETTLE,-0.001406000,-0.542536000,0.220983000
35.036564,P3_INIT_DIVE_SETTLE,-0.001405000,-0.542516000,0.220418000
35.046884,P3_INIT_DIVE_SETTLE,-0.001414000,-0.542487000,0.219908000
35.057214,P3_INIT_DIVE_SETTLE,-0.001411000,-0.542464000,0.219445000
35.067544,P3_INIT_DIVE_SETTLE,-0.001424000,-0.542429000,0.218845000
35.077868,P3_INIT_DIVE_SETTLE,-0.001431000,-0.542404000,0.218395000
35.088199,P3_INIT_DIVE_SETTLE,-0.001421000,-0.542369000,0.217817000
35.098522,P3_INIT_DIVE_SETTLE,-0.001426000,-0.542343000,0.217304000
35.108923,P3_INIT_DIVE_SETTLE,-0.001474000,-0.542307000,0.216752000
35.119289,P3_INIT_DIVE_SETTLE,-0.001493000,-0.542262000,0.216219000
35.129620,P3_INIT_DIVE_SETTLE,-0.001503000,-0.542227000,0.215652000
35.139973,P3_INIT_DIVE_SETTLE,-0.001543000,-0.542204000,0.215225000
35.150293,P3_INIT_DIVE_SETTLE,-0.001596000,-0.542182000,0.214712000
35.160614,P3_INIT_DIVE_SETTLE,-0.001604000,-0.542155000,0.214160000
35.170971,P3_INIT_DIVE_SETTLE,-0.001619000,-0.542143000,0.213736000
35.181194,P3_INIT_DIVE_SETTLE,-0.001665000,-0.542132000,0.213224000
35.191389,P3_INIT_DIVE_SETTLE,-0.001680000,-0.542115000,0.212736000
35.201584,P3_INIT_DIVE_SETTLE,-0.001689000,-0.542103000,0.212185000
35.212004,P3_INIT_DIVE_SETTLE,-0.001765000,-0.542115000,0.211755000
35.222205,P3_INIT_DIVE_SETTLE,-0.001854000,-0.542120000,0.211322000
35.232421,P3_INIT_DIVE_SETTLE,-0.001858000,-0.542078000,0.210748000
35.242608,P3_INIT_DIVE_SETTLE,-0.001846000,-0.542063000,0.210165000
35.252988,P3_INIT_DIVE_SETTLE,-0.001919000,-0.542074000,0.209738000
35.263167,P3_INIT_DIVE_SETTLE,-0.001982000,-0.542082000,0.209300000
35.273386,P3_INIT_DIVE_SETTLE,-0.001997000,-0.542077000,0.208849000
35.283578,P3_INIT_DIVE_SETTLE,-0.002035000,-0.542084000,0.208273000
35.294013,P3_INIT_DIVE_SETTLE,-0.002065000,-0.542082000,0.207783000
35.304211,P3_INIT_DIVE_SETTLE,-0.002088000,-0.542082000,0.207285000
35.314434,P3_INIT_DIVE_SETTLE,-0.002100000,-0.542084000,0.206781000
35.324721,P3_INIT_DIVE_SETTLE,-0.002128000,-0.542097000,0.206251000
35.335060,P3_INIT_DIVE_SETTLE,-0.002167000,-0.542115000,0.205773000
35.345391,P3_INIT_DIVE_SETTLE,-0.002200000,-0.542128000,0.205278000
35.355737,P3_INIT_DIVE_SETTLE,-0.002242000,-0.542130000,0.204717000
35.366072,P3_INIT_DIVE_SETTLE,-0.002267000,-0.542136000,0.204201000
35.376398,P3_INIT_DIVE_SETTLE,-0.002302000,-0.542141000,0.203754000
35.386737,P3_INIT_DIVE_SETTLE,-0.002331000,-0.542153000,0.203158000
35.397068,P3_INIT_DIVE_SETTLE,-0.002352000,-0.542166000,0.202679000
35.407391,P3_INIT_DIVE_SETTLE,-0.002354000,-0.542167000,0.202172000
35.417722,P3_INIT_DIVE_SETTLE,-0.002346000,-0.542174000,0.201622000
35.428137,P3_INIT_DIVE_SETTLE,-0.002354000,-0.542175000,0.201176000
35.438573,P3_INIT_DIVE_SETTLE,-0.002348000,-0.542175000,0.200573000
35.448955,P3_INIT_DIVE_SETTLE,-0.002331000,-0.542170000,0.200050000
35.459285,P3_INIT_DIVE_SETTLE,-0.002322000,-0.542174000,0.199553000
35.469608,P3_INIT_DIVE_SETTLE,-0.002356000,-0.542185000,0.199034000
35.479933,P3_INIT_DIVE_SETTLE,-0.002375000,-0.542186000,0.198526000
35.490258,P3_INIT_DIVE_SETTLE,-0.002376000,-0.542206000,0.198029000
35.500605,P3_INIT_DIVE_SETTLE,-0.002394000,-0.542221000,0.197540000
35.510933,P3_INIT_DIVE_SETTLE,-0.002371000,-0.542194000,0.196909000
35.521254,P3_INIT_DIVE_SETTLE,-0.002356000,-0.542189000,0.196425000
35.531585,P3_INIT_DIVE_SETTLE,-0.002385000,-0.542197000,0.195903000
35.541943,P3_INIT_DIVE_SETTLE,-0.002424000,-0.542228000,0.195417000
35.552268,P3_INIT_DIVE_SETTLE,-0.002417000,-0.542236000,0.194916000
35.562585,P3_INIT_DIVE_SETTLE,-0.002407000,-0.542224000,0.194329000
35.572905,P3_INIT_DIVE_SETTLE,-0.002396000,-0.542216000,0.193812000
35.583226,P3_INIT_DIVE_SETTLE,-0.002398000,-0.542211000,0.193314000
35.593543,P3_INIT_DIVE_SETTLE,-0.002412000,-0.542205000,0.192777000
35.603863,P3_INIT_DIVE_SETTLE,-0.002417000,-0.542205000,0.192288000
35.614186,P3_INIT_DIVE_SETTLE,-0.002422000,-0.542205000,0.191798000
35.624494,P3_INIT_DIVE_SETTLE,-0.002426000,-0.542193000,0.191286000
35.634785,P3_INIT_DIVE_SETTLE,-0.002436000,-0.542183000,0.190727000
35.645164,P3_INIT_DIVE_SETTLE,-0.002459000,-0.542180000,0.190234000
35.655519,P3_INIT_DIVE_SETTLE,-0.002496000,-0.542182000,0.189757000
35.665841,P3_INIT_DIVE_SETTLE,-0.002538000,-0.542185000,0.189276000
35.676165,P3_INIT_DIVE_SETTLE,-0.002542000,-0.542175000,0.188696000
35.686474,P3_INIT_DIVE_SETTLE,-0.002539000,-0.542192000,0.188214000
37.178393,P3_INIT,-0.001399000,-0.546081000,0.176770000
37.188378,P3_INIT,-0.000547000,-0.546293000,0.176551000
37.198378,P3_INIT,0.000164000,-0.546419000,0.176287000
37.208370,P3_INIT,0.000625000,-0.546435000,0.176023000
37.218371,P3_INIT,0.001230000,-0.546353000,0.175575000
37.228369,P3_INIT,0.001448000,-0.546477000,0.175587000
37.238363,P3_INIT,0.001008000,-0.546726000,0.176135000
37.248371,P3_INIT,0.000948000,-0.546746000,0.176076000
37.258363,P3_INIT,0.001645000,-0.546641000,0.175417000
37.268371,P3_INIT,0.001961000,-0.546680000,0.175296000
37.278359,P3_INIT,0.001556000,-0.546864000,0.175880000
37.288371,P3_INIT,0.001182000,-0.546989000,0.176406000
37.298354,P3_INIT,0.001207000,-0.547082000,0.176694000
37.308376,P3_INIT,0.001280000,-0.547181000,0.177058000
37.318359,P3_INIT,0.001092000,-0.547300000,0.177680000
37.328373,P3_INIT,0.000745000,-0.547381000,0.178370000
37.338353,P3_INIT,0.000531000,-0.547412000,0.178945000
37.348371,P3_INIT,0.000494000,-0.547430000,0.179445000
37.358364,P3_INIT,0.000417000,-0.547450000,0.180023000
37.368369,P3_INIT,0.000301000,-0.547454000,0.180631000
37.378352,P3_INIT,0.000332000,-0.547424000,0.181093000
37.388368,P3_INIT,0.000493000,-0.547423000,0.181509000
37.398354,P3_INIT,0.000584000,-0.547464000,0.182038000
37.408369,P3_INIT,0.000541000,-0.547499000,0.182620000
37.418375,P3_INIT,0.000485000,-0.547504000,0.183153000
37.428378,P3_INIT,0.000468000,-0.547479000,0.183636000
37.438358,P3_INIT,0.000408000,-0.547463000,0.184181000
37.448368,P3_INIT,0.000267000,-0.547437000,0.184782000
37.458398,P3_INIT,0.000150000,-0.547391000,0.185348000
37.468371,P3_INIT,0.000112000,-0.547331000,0.185857000
37.478355,P3_INIT,0.000105000,-0.547295000,0.186380000
37.488368,P3_INIT,0.000054000,-0.547269000,0.186942000
37.498359,P3_INIT,0.000004000,-0.547250000,0.187489000
37.508370,P3_INIT,0.000019000,-0.547213000,0.187948000
37.518375,P3_INIT,0.000042000,-0.547181000,0.188410000
37.528370,P3_INIT,-0.000018000,-0.547154000,0.188934000
37.538359,P3_INIT,-0.000112000,-0.547108000,0.189458000
37.548368,P3_INIT,-0.000186000,-0.547058000,0.189967000
37.558357,P3_INIT,-0.000235000,-0.547014000,0.190477000
37.568370,P3_INIT,-0.000272000,-0.546968000,0.190969000
37.578367,P3_INIT,-0.000289000,-0.546925000,0.191445000
37.588369,P3_INIT,-0.000298000,-0.546887000,0.191914000
37.598355,P3_INIT,-0.000312000,-0.546872000,0.192420000
37.608370,P3_INIT,-0.000323000,-0.546865000,0.192936000
37.618358,P3_INIT,-0.000321000,-0.546846000,0.193418000
37.618439,P3_INIT_SETTLE,-0.000321000,-0.546846000,0.193418000
37.628794,P3_INIT_SETTLE,-0.000338000,-0.546832000,0.193970000
37.639236,P3_INIT_SETTLE,-0.000383000,-0.546799000,0.194467000
37.649487,P3_INIT_SETTLE,-0.000421000,-0.546772000,0.194972000
37.659814,P3_INIT_SETTLE,-0.000465000,-0.546741000,0.195532000
37.670132,P3_INIT_SETTLE,-0.000514000,-0.546712000,0.196054000
37.680434,P3_INIT_SETTLE,-0.000555000,-0.546693000,0.196582000
37.690758,P3_INIT_SETTLE,-0.000558000,-0.546680000,0.197145000
37.701029,P3_INIT_SETTLE,-0.000537000,-0.546670000,0.197646000
37.711233,P3_INIT_SETTLE,-0.000530000,-0.546657000,0.198152000
37.721405,P3_INIT_SETTLE,-0.000528000,-0.546643000,0.198655000
37.731571,P3_INIT_SETTLE,-0.000507000,-0.546612000,0.199166000
37.741744,P3_INIT_SETTLE,-0.000490000,-0.546585000,0.199629000
37.751973,P3_INIT_SETTLE,-0.000494000,-0.546557000,0.200100000
37.762173,P3_INIT_SETTLE,-0.000521000,-0.546534000,0.200587000
37.772362,P3_INIT_SETTLE,-0.000557000,-0.546522000,0.201096000
37.782553,P3_INIT_SETTLE,-0.000537000,-0.546488000,0.201598000
37.792957,P3_INIT_SETTLE,-0.000489000,-0.546458000,0.202038000
37.803143,P3_INIT_SETTLE,-0.000466000,-0.546435000,0.202517000
37.813359,P3_INIT_SETTLE,-0.000473000,-0.546422000,0.203031000
37.823546,P3_INIT_SETTLE,-0.000483000,-0.546415000,0.203599000
37.833939,P3_INIT_SETTLE,-0.000485000,-0.546400000,0.204078000
37.844123,P3_INIT_SETTLE,-0.000517000,-0.546397000,0.204591000
37.854335,P3_INIT_SETTLE,-0.000564000,-0.546385000,0.205088000
37.864589,P3_INIT_SETTLE,-0.000595000,-0.546370000,0.205619000
37.874941,P3_INIT_SETTLE,-0.000628000,-0.546367000,0.206121000
37.885252,P3_INIT_SETTLE,-0.000680000,-0.546362000,0.206632000
37.895558,P3_INIT_SETTLE,-0.000704000,-0.546364000,0.207189000
37.905888,P3_INIT_SETTLE,-0.000706000,-0.546369000,0.207682000
37.916199,P3_INIT_SETTLE,-0.000721000,-0.546372000,0.208187000
37.926523,P3_INIT_SETTLE,-0.000746000,-0.546374000,0.208699000
37.936846,P3_INIT_SETTLE,-0.000772000,-0.546372000,0.209254000
37.947169,P3_INIT_SETTLE,-0.000789000,-0.546366000,0.209741000
37.957474,P3_INIT_SETTLE,-0.000815000,-0.546357000,0.210231000
37.967801,P3_INIT_SETTLE,-0.000853000,-0.546339000,0.210761000
37.978103,P3_INIT_SETTLE,-0.000887000,-0.546315000,0.211230000
37.988411,P3_INIT_SETTLE,-0.000933000,-0.546308000,0.211739000
37.998745,P3_INIT_SETTLE,-0.001004000,-0.546309000,0.212321000
38.009067,P3_INIT_SETTLE,-0.001035000,-0.546298000,0.212823000
38.019373,P3_INIT_SETTLE,-0.001058000,-0.546288000,0.213321000
38.029673,P3_INIT_SETTLE,-0.001077000,-0.546288000,0.213896000
38.039984,P3_INIT_SETTLE,-0.001100000,-0.546299000,0.214440000
38.050206,P3_INIT_SETTLE,-0.001130000,-0.546314000,0.215005000
38.060413,P3_INIT_SETTLE,-0.001148000,-0.546311000,0.215532000
38.070703,P3_INIT_SETTLE,-0.001152000,-0.546297000,0.216092000
38.081055,P3_INIT_SETTLE,-0.001187000,-0.546285000,0.216616000
38.091376,P3_INIT_SETTLE,-0.001219000,-0.546263000,0.217135000
38.101727,P3_INIT_SETTLE,-0.001231000,-0.546231000,0.217692000
38.112065,P3_INIT_SETTLE,-0.001258000,-0.546194000,0.218198000
38.122469,P3_INIT_SETTLE,-0.001285000,-0.546166000,0.218734000
38.132882,P3_INIT_SETTLE,-0.001275000,-0.546127000,0.219286000
38.143222,P3_INIT_SETTLE,-0.001238000,-0.546086000,0.219760000
38.153577,P3_INIT_SETTLE,-0.001225000,-0.546047000,0.220307000
38.163952,P3_INIT_SETTLE,-0.001248000,-0.546009000,0.220816000
38.174294,P3_INIT_SETTLE,-0.001262000,-0.545968000,0.221299000
38.184624,P3_INIT_SETTLE,-0.001255000,-0.545913000,0.221801000
38.194995,P3_INIT_SETTLE,-0.001291000,-0.545865000,0.222278000
38.205317,P3_INIT_SETTLE,-0.001362000,-0.545815000,0.222775000
38.215657,P3_INIT_SETTLE,-0.001427000,-0.545751000,0.223301000
38.225989,P3_INIT_SETTLE,-0.001459000,-0.545703000,0.223772000
38.236317,P3_INIT_SETTLE,-0.001485000,-0.545660000,0.224251000
38.246641,P3_INIT_SETTLE,-0.001538000,-0.545610000,0.224785000
38.256979,P3_INIT_SETTLE,-0.001565000,-0.545572000,0.225267000
38.267296,P3_INIT_SETTLE,-0.001571000,-0.545542000,0.225744000
38.277626,P3_INIT_SETTLE,-0.001586000,-0.545526000,0.226299000
38.288012,P3_INIT_SETTLE,-0.001618000,-0.545506000,0.226794000
38.298339,P3_INIT_SETTLE,-0.001628000,-0.545487000,0.227277000
38.308701,P3_INIT_SETTLE,-0.001646000,-0.545466000,0.227805000
38.318994,P3_INIT_SETTLE,-0.001683000,-0.545445000,0.228294000
38.329321,P3_INIT_SETTLE,-0.001701000,-0.545433000,0.228788000
38.339659,P3_INIT_SETTLE,-0.001714000,-0.545421000,0.229331000
38.349998,P3_INIT_SETTLE,-0.001732000,-0.545415000,0.229837000
38.360319,P3_INIT_SETTLE,-0.001722000,-0.545410000,0.230335000
38.370627,P3_INIT_SETTLE,-0.001691000,-0.545407000,0.230874000
38.380892,P3_INIT_SETTLE,-0.001715000,-0.545412000,0.231401000
38.391200,P3_INIT_SETTLE,-0.001752000,-0.545412000,0.231931000
38.401509,P3_INIT_SETTLE,-0.001751000,-0.545406000,0.232420000
38.411820,P3_INIT_SETTLE,-0.001758000,-0.545392000,0.232938000
38.422149,P3_INIT_SETTLE,-0.001798000,-0.545375000,0.233427000
38.432499,P3_INIT_SETTLE,-0.001844000,-0.545349000,0.233906000
38.442841,P3_INIT_SETTLE,-0.001888000,-0.545315000,0.234430000
38.453176,P3_INIT_SETTLE,-0.001927000,-0.545289000,0.234915000
38.463490,P3_INIT_SETTLE,-0.001967000,-0.545265000,0.235406000
38.473821,P3_INIT_SETTLE,-0.002009000,-0.545233000,0.235943000
38.484149,P3_INIT_SETTLE,-0.002018000,-0.545210000,0.236421000
38.494474,P3_INIT_SETTLE,-0.002023000,-0.545191000,0.236908000
38.504809,P3_INIT_SETTLE,-0.002027000,-0.545178000,0.237460000
38.515145,P3_INIT_SETTLE,-0.002039000,-0.545181000,0.237988000
38.525467,P3_INIT_SETTLE,-0.002042000,-0.545179000,0.238499000
38.535785,P3_INIT_SETTLE,-0.002026000,-0.545165000,0.239020000
38.546004,P3_INIT_SETTLE,-0.002031000,-0.545165000,0.239519000
38.556196,P3_INIT_SETTLE,-0.002048000,-0.545156000,0.240018000
38.566415,P3_INIT_SETTLE,-0.002046000,-0.545135000,0.240485000
38.576783,P3_INIT_SETTLE,-0.002037000,-0.545113000,0.241012000
38.587106,P3_INIT_SETTLE,-0.002046000,-0.545094000,0.241512000
38.597421,P3_INIT_SETTLE,-0.002068000,-0.545070000,0.242018000
38.607751,P3_INIT_SETTLE,-0.002081000,-0.545048000,0.242576000
38.618074,P3_INIT_SETTLE,-0.002076000,-0.545040000,0.243088000
38.628394,P3_INIT_SETTLE,-0.002069000,-0.545025000,0.243594000
38.638733,P3_INIT_SETTLE,-0.002055000,-0.545008000,0.244142000
38.649042,P3_INIT_SETTLE,-0.002061000,-0.544986000,0.244645000
38.659347,P3_INIT_SETTLE,-0.002066000,-0.544973000,0.245159000
38.669671,P3_INIT_SETTLE,-0.002079000,-0.544957000,0.245728000
38.679987,P3_INIT_SETTLE,-0.002093000,-0.544922000,0.246206000
38.690299,P3_INIT_SETTLE,-0.002102000,-0.544881000,0.246668000
38.700602,P3_INIT_SETTLE,-0.002120000,-0.544841000,0.247192000
38.710871,P3_INIT_SETTLE,-0.002150000,-0.544799000,0.247663000
38.721051,P3_INIT_SETTLE,-0.002190000,-0.544753000,0.248135000
38.731234,P3_INIT_SETTLE,-0.002232000,-0.544721000,0.248634000
38.741430,P3_INIT_SETTLE,-0.002269000,-0.544684000,0.249116000
38.751723,P3_INIT_SETTLE,-0.002294000,-0.544638000,0.249635000
38.762050,P3_INIT_SETTLE,-0.002298000,-0.544593000,0.250100000
38.772358,P3_INIT_SETTLE,-0.002307000,-0.544549000,0.250572000
38.782670,P3_INIT_SETTLE,-0.002320000,-0.544515000,0.251117000
38.793023,P3_INIT_SETTLE,-0.002343000,-0.544489000,0.251624000
38.803341,P3_INIT_SETTLE,-0.002379000,-0.544461000,0.252122000
38.813648,P3_INIT_SETTLE,-0.002399000,-0.544432000,0.252656000
38.823995,P3_INIT_SETTLE,-0.002392000,-0.544405000,0.253123000
38.834305,P3_INIT_SETTLE,-0.002390000,-0.544377000,0.253585000
38.844632,P3_INIT_SETTLE,-0.002396000,-0.544346000,0.254097000
38.854981,P3_INIT_SETTLE,-0.002417000,-0.544329000,0.254585000
38.865299,P3_INIT_SETTLE,-0.002423000,-0.544307000,0.255060000
38.875612,P3_INIT_SETTLE,-0.002415000,-0.544277000,0.255561000
38.885951,P3_INIT_SETTLE,-0.002411000,-0.544244000,0.256009000
39.157115,WATER_INIT_POS,-0.002673000,-0.543029000,0.261777000
39.167065,WATER_INIT_POS,-0.002684000,-0.543028000,0.261790000
39.177067,WATER_INIT_POS,-0.002518000,-0.543012000,0.261678000
39.187048,WATER_INIT_POS,-0.002082000,-0.542974000,0.261357000
39.197062,WATER_INIT_POS,-0.001641000,-0.542944000,0.261022000
39.207046,WATER_INIT_POS,-0.001434000,-0.542893000,0.260746000
39.217059,WATER_INIT_POS,-0.001585000,-0.542862000,0.260664000
39.227045,WATER_INIT_POS,-0.001895000,-0.542870000,0.260703000
39.237054,WATER_INIT_POS,-0.001976000,-0.542833000,0.260507000
39.247042,WATER_INIT_POS,-0.001908000,-0.542781000,0.260201000
39.257051,WATER_INIT_POS,-0.001896000,-0.542725000,0.259955000
39.267038,WATER_INIT_POS,-0.002046000,-0.542724000,0.259905000
39.277049,WATER_INIT_POS,-0.002356000,-0.542742000,0.259997000
39.287038,WATER_INIT_POS,-0.002734000,-0.542757000,0.260134000
39.297049,WATER_INIT_POS,-0.003033000,-0.542781000,0.260231000
39.307033,WATER_INIT_POS,-0.003446000,-0.542768000,0.260304000
39.317050,WATER_INIT_POS,-0.004073000,-0.542682000,0.260374000
39.327035,WATER_INIT_POS,-0.004767000,-0.542557000,0.260414000
39.337047,WATER_INIT_POS,-0.005447000,-0.542407000,0.260428000
39.347050,WATER_INIT_POS,-0.006100000,-0.542252000,0.260466000
39.357052,WATER_INIT_POS,-0.006721000,-0.542096000,0.260524000
39.367031,WATER_INIT_POS,-0.007293000,-0.541935000,0.260561000
39.377049,WATER_INIT_POS,-0.007803000,-0.541785000,0.260564000
39.387022,WATER_INIT_POS,-0.008264000,-0.541670000,0.260567000
39.397045,WATER_INIT_POS,-0.008735000,-0.541581000,0.260596000
39.407033,WATER_INIT_POS,-0.009218000,-0.541510000,0.260633000
39.417051,WATER_INIT_POS,-0.009702000,-0.541428000,0.260644000
39.427024,WATER_INIT_POS,-0.010205000,-0.541346000,0.260670000
39.437047,WATER_INIT_POS,-0.010712000,-0.541270000,0.260718000
39.447018,WATER_INIT_POS,-0.011220000,-0.541185000,0.260763000
39.457043,WATER_INIT_POS,-0.011715000,-0.541104000,0.260794000
39.467071,WATER_INIT_POS,-0.012221000,-0.541024000,0.260825000
39.477095,WATER_INIT_POS,-0.012713000,-0.540951000,0.260847000
39.487066,WATER_INIT_POS,-0.013204000,-0.540895000,0.260868000
39.497070,WATER_INIT_POS,-0.013699000,-0.540845000,0.260880000
39.507047,WATER_INIT_POS,-0.014205000,-0.540797000,0.260896000
39.517065,WATER_INIT_POS,-0.014675000,-0.540754000,0.260899000
39.527058,WATER_INIT_POS,-0.015118000,-0.540709000,0.260892000
39.537042,WATER_INIT_POS,-0.015577000,-0.540668000,0.260905000
39.537126,WATER_INIT_POS_SETTLE,-0.015577000,-0.540668000,0.260905000
39.547424,WATER_INIT_POS_SETTLE,-0.016064000,-0.540629000,0.260934000
39.557781,WATER_INIT_POS_SETTLE,-0.016589000,-0.540575000,0.260936000
39.568097,WATER_INIT_POS_SETTLE,-0.017073000,-0.540533000,0.260942000
39.578399,WATER_INIT_POS_SETTLE,-0.017582000,-0.540499000,0.260970000
39.588728,WATER_INIT_POS_SETTLE,-0.018158000,-0.540452000,0.260997000
39.598985,WATER_INIT_POS_SETTLE,-0.018668000,-0.540411000,0.261018000
39.609300,WATER_INIT_POS_SETTLE,-0.019187000,-0.540372000,0.261054000
39.619634,WATER_INIT_POS_SETTLE,-0.019747000,-0.540328000,0.261092000
39.629962,WATER_INIT_POS_SETTLE,-0.020241000,-0.540284000,0.261114000
39.640275,WATER_INIT_POS_SETTLE,-0.020737000,-0.540230000,0.261127000
39.650602,WATER_INIT_POS_SETTLE,-0.021307000,-0.540170000,0.261159000
39.660950,WATER_INIT_POS_SETTLE,-0.021830000,-0.540114000,0.261193000
39.671260,WATER_INIT_POS_SETTLE,-0.022348000,-0.540059000,0.261225000
39.681590,WATER_INIT_POS_SETTLE,-0.022900000,-0.540012000,0.261270000
39.691941,WATER_INIT_POS_SETTLE,-0.023390000,-0.539963000,0.261294000
39.702248,WATER_INIT_POS_SETTLE,-0.023881000,-0.539914000,0.261323000
39.712567,WATER_INIT_POS_SETTLE,-0.024426000,-0.539853000,0.261358000
39.722893,WATER_INIT_POS_SETTLE,-0.024923000,-0.539790000,0.261394000
39.733211,WATER_INIT_POS_SETTLE,-0.025427000,-0.539724000,0.261435000
39.743496,WATER_INIT_POS_SETTLE,-0.025951000,-0.539654000,0.261481000
39.753782,WATER_INIT_POS_SETTLE,-0.026528000,-0.539570000,0.261526000
39.764072,WATER_INIT_POS_SETTLE,-0.027055000,-0.539489000,0.261565000
39.774357,WATER_INIT_POS_SETTLE,-0.027581000,-0.539411000,0.261611000
39.784659,WATER_INIT_POS_SETTLE,-0.028140000,-0.539323000,0.261647000
39.795023,WATER_INIT_POS_SETTLE,-0.028650000,-0.539243000,0.261684000
39.805339,WATER_INIT_POS_SETTLE,-0.029151000,-0.539166000,0.261720000
39.815656,WATER_INIT_POS_SETTLE,-0.029696000,-0.539081000,0.261758000
39.825961,WATER_INIT_POS_SETTLE,-0.030237000,-0.538996000,0.261786000
39.836274,WATER_INIT_POS_SETTLE,-0.030687000,-0.538923000,0.261803000
39.846586,WATER_INIT_POS_SETTLE,-0.031236000,-0.538837000,0.261820000
39.856881,WATER_INIT_POS_SETTLE,-0.031718000,-0.538763000,0.261828000
39.867200,WATER_INIT_POS_SETTLE,-0.032202000,-0.538686000,0.261838000
39.877514,WATER_INIT_POS_SETTLE,-0.032701000,-0.538611000,0.261860000
39.887821,WATER_INIT_POS_SETTLE,-0.033237000,-0.538528000,0.261863000
39.898124,WATER_INIT_POS_SETTLE,-0.033706000,-0.538460000,0.261853000
39.908414,WATER_INIT_POS_SETTLE,-0.034185000,-0.538397000,0.261855000
39.918732,WATER_INIT_POS_SETTLE,-0.034738000,-0.538328000,0.261869000
39.929029,WATER_INIT_POS_SETTLE,-0.035240000,-0.538267000,0.261874000
39.939335,WATER_INIT_POS_SETTLE,-0.035730000,-0.538211000,0.261868000
39.949662,WATER_INIT_POS_SETTLE,-0.036289000,-0.538152000,0.261883000
39.959977,WATER_INIT_POS_SETTLE,-0.036804000,-0.538097000,0.261900000
39.970291,WATER_INIT_POS_SETTLE,-0.037306000,-0.538046000,0.261906000
39.980613,WATER_INIT_POS_SETTLE,-0.037850000,-0.537994000,0.261902000
39.990946,WATER_INIT_POS_SETTLE,-0.038340000,-0.537944000,0.261895000
40.001275,WATER_INIT_POS_SETTLE,-0.038828000,-0.537903000,0.261899000
40.011591,WATER_INIT_POS_SETTLE,-0.039380000,-0.537854000,0.261911000
40.021876,WATER_INIT_POS_SETTLE,-0.039882000,-0.537811000,0.261913000
40.032180,WATER_INIT_POS_SETTLE,-0.040357000,-0.537759000,0.261890000
40.042483,WATER_INIT_POS_SETTLE,-0.040856000,-0.537710000,0.261886000
40.052796,WATER_INIT_POS_SETTLE,-0.041415000,-0.537657000,0.261894000
40.063079,WATER_INIT_POS_SETTLE,-0.041911000,-0.537606000,0.261892000
40.073373,WATER_INIT_POS_SETTLE,-0.042435000,-0.537557000,0.261920000
40.083681,WATER_INIT_POS_SETTLE,-0.043029000,-0.537494000,0.261957000
40.094007,WATER_INIT_POS_SETTLE,-0.043548000,-0.537434000,0.261970000
40.104314,WATER_INIT_POS_SETTLE,-0.044077000,-0.537371000,0.261984000
40.114634,WATER_INIT_POS_SETTLE,-0.044688000,-0.537294000,0.262026000
40.124960,WATER_INIT_POS_SETTLE,-0.045237000,-0.537233000,0.262072000
40.135330,WATER_INIT_POS_SETTLE,-0.045764000,-0.537163000,0.262087000
40.145671,WATER_INIT_POS_SETTLE,-0.046343000,-0.537095000,0.262120000
40.156003,WATER_INIT_POS_SETTLE,-0.046873000,-0.537032000,0.262162000
40.166312,WATER_INIT_POS_SETTLE,-0.047374000,-0.536968000,0.262179000
40.176609,WATER_INIT_POS_SETTLE,-0.047928000,-0.536896000,0.262199000
40.186914,WATER_INIT_POS_SETTLE,-0.048440000,-0.536831000,0.262231000
40.197204,WATER_INIT_POS_SETTLE,-0.048944000,-0.536767000,0.262263000
40.207505,WATER_INIT_POS_SETTLE,-0.049433000,-0.536703000,0.262282000
40.217820,WATER_INIT_POS_SETTLE,-0.049978000,-0.536624000,0.262300000
40.228053,WATER_INIT_POS_SETTLE,-0.050464000,-0.536563000,0.262324000
40.238306,WATER_INIT_POS_SETTLE,-0.050951000,-0.536498000,0.262343000
40.248656,WATER_INIT_POS_SETTLE,-0.051492000,-0.536426000,0.262367000
40.258951,WATER_INIT_POS_SETTLE,-0.051990000,-0.536352000,0.262386000
40.269258,WATER_INIT_POS_SETTLE,-0.052501000,-0.536281000,0.262416000
40.279556,WATER_INIT_POS_SETTLE,-0.053061000,-0.536207000,0.262446000
40.289846,WATER_INIT_POS_SETTLE,-0.053559000,-0.536136000,0.262454000
40.300160,WATER_INIT_POS_SETTLE,-0.054062000,-0.536068000,0.262469000
40.310461,WATER_INIT_POS_SETTLE,-0.054570000,-0.536004000,0.262500000
40.320796,WATER_INIT_POS_SETTLE,-0.055125000,-0.535929000,0.262515000
40.331101,WATER_INIT_POS_SETTLE,-0.055609000,-0.535874000,0.262516000
40.341401,WATER_INIT_POS_SETTLE,-0.056115000,-0.535815000,0.262526000
40.351718,WATER_INIT_POS_SETTLE,-0.056651000,-0.535760000,0.262532000
40.362027,WATER_INIT_POS_SETTLE,-0.057126000,-0.535710000,0.262521000
40.372318,WATER_INIT_POS_SETTLE,-0.057605000,-0.535664000,0.262516000
40.382636,WATER_INIT_POS_SETTLE,-0.058140000,-0.535614000,0.262518000
40.392957,WATER_INIT_POS_SETTLE,-0.058621000,-0.535567000,0.262513000
40.403261,WATER_INIT_POS_SETTLE,-0.059085000,-0.535519000,0.262488000
40.413593,WATER_INIT_POS_SETTLE,-0.059612000,-0.535466000,0.262470000
40.423877,WATER_INIT_POS_SETTLE,-0.060103000,-0.535425000,0.262473000
40.434176,WATER_INIT_POS_SETTLE,-0.060580000,-0.535389000,0.262474000
40.444483,WATER_INIT_POS_SETTLE,-0.061071000,-0.535346000,0.262481000
40.454787,WATER_INIT_POS_SETTLE,-0.061618000,-0.535284000,0.262474000
40.465080,WATER_INIT_POS_SETTLE,-0.062114000,-0.535228000,0.262467000
40.475373,WATER_INIT_POS_SETTLE,-0.062617000,-0.535178000,0.262480000
40.485671,WATER_INIT_POS_SETTLE,-0.063182000,-0.535129000,0.262520000
40.495964,WATER_INIT_POS_SETTLE,-0.063698000,-0.535073000,0.262548000
40.506254,WATER_INIT_POS_SETTLE,-0.064192000,-0.535017000,0.262552000
40.516551,WATER_INIT_POS_SETTLE,-0.064751000,-0.534941000,0.262568000
40.526878,WATER_INIT_POS_SETTLE,-0.065270000,-0.534875000,0.262603000
40.537104,WATER_INIT_POS_SETTLE,-0.065791000,-0.534812000,0.262650000
40.547303,WATER_INIT_POS_SETTLE,-0.066289000,-0.534752000,0.262688000
40.557495,WATER_INIT_POS_SETTLE,-0.066784000,-0.534693000,0.262723000
40.567784,WATER_INIT_POS_SETTLE,-0.067327000,-0.534615000,0.262747000
40.578078,WATER_INIT_POS_SETTLE,-0.067806000,-0.534549000,0.262767000
40.588374,WATER_INIT_POS_SETTLE,-0.068302000,-0.534480000,0.262805000
40.598667,WATER_INIT_POS_SETTLE,-0.068858000,-0.534399000,0.262852000
40.608967,WATER_INIT_POS_SETTLE,-0.069341000,-0.534321000,0.262869000
40.619254,WATER_INIT_POS_SETTLE,-0.069850000,-0.534246000,0.262915000
40.629549,WATER_INIT_POS_SETTLE,-0.070420000,-0.534162000,0.262969000
40.900703,WATER_DIVE,-0.075978000,-0.533792000,0.262791000
40.910605,WATER_DIVE,-0.075988000,-0.533805000,0.262788000
40.920609,WATER_DIVE,-0.075822000,-0.533838000,0.262631000
40.930598,WATER_DIVE,-0.075432000,-0.533850000,0.262251000
40.940607,WATER_DIVE,-0.075038000,-0.533881000,0.261874000
40.950596,WATER_DIVE,-0.074823000,-0.533890000,0.261571000
40.960599,WATER_DIVE,-0.074729000,-0.533835000,0.261179000
40.970595,WATER_DIVE,-0.074619000,-0.533802000,0.260742000
40.980600,WATER_DIVE,-0.074509000,-0.533787000,0.260300000
40.990596,WATER_DIVE,-0.074338000,-0.533731000,0.259697000
41.000597,WATER_DIVE,-0.074091000,-0.533663000,0.259004000
41.010589,WATER_DIVE,-0.073838000,-0.533620000,0.258345000
41.020599,WATER_DIVE,-0.073651000,-0.533609000,0.257785000
41.030590,WATER_DIVE,-0.073507000,-0.533627000,0.257309000
41.040599,WATER_DIVE,-0.073402000,-0.533656000,0.256857000
41.050589,WATER_DIVE,-0.073357000,-0.533685000,0.256407000
41.060597,WATER_DIVE,-0.073375000,-0.533691000,0.255922000
41.070589,WATER_DIVE,-0.073446000,-0.533677000,0.255406000
41.080597,WATER_DIVE,-0.073548000,-0.533632000,0.254861000
41.090588,WATER_DIVE,-0.073654000,-0.533596000,0.254357000
41.100597,WATER_DIVE,-0.073747000,-0.533565000,0.253885000
41.110588,WATER_DIVE,-0.073806000,-0.533551000,0.253425000
41.120597,WATER_DIVE,-0.073814000,-0.533550000,0.252930000
41.130600,WATER_DIVE,-0.073809000,-0.533569000,0.252444000
41.140722,WATER_DIVE,-0.073820000,-0.533591000,0.251957000
41.150656,WATER_DIVE,-0.073842000,-0.533610000,0.251460000
41.160640,WATER_DIVE,-0.073861000,-0.533626000,0.250959000
41.170611,WATER_DIVE,-0.073889000,-0.533637000,0.250458000
41.180603,WATER_DIVE,-0.073959000,-0.533669000,0.250034000
41.190609,WATER_DIVE,-0.074008000,-0.533674000,0.249550000
41.200589,WATER_DIVE,-0.074027000,-0.533677000,0.249046000
41.210613,WATER_DIVE,-0.074041000,-0.533681000,0.248546000
41.220587,WATER_DIVE,-0.074073000,-0.533699000,0.248079000
41.230611,WATER_DIVE,-0.074099000,-0.533716000,0.247601000
41.240594,WATER_DIVE,-0.074125000,-0.533731000,0.247119000
41.250607,WATER_DIVE,-0.074176000,-0.533731000,0.246645000
41.260586,WATER_DIVE,-0.074228000,-0.533726000,0.246170000
41.270610,WATER_DIVE,-0.074278000,-0.533720000,0.245692000
41.280582,WATER_DIVE,-0.074295000,-0.533714000,0.245193000
41.290606,WATER_DIVE,-0.074315000,-0.533714000,0.244702000
41.300584,WATER_DIVE,-0.074354000,-0.533700000,0.244196000
41.310608,WATER_DIVE,-0.074400000,-0.533696000,0.243709000
41.310690,WATER_DIVE_SETTLE,-0.074400000,-0.533696000,0.243709000
41.320993,WATER_DIVE_SETTLE,-0.074433000,-0.533683000,0.243188000
41.331282,WATER_DIVE_SETTLE,-0.074493000,-0.533678000,0.242706000
41.341581,WATER_DIVE_SETTLE,-0.074542000,-0.533663000,0.242152000
41.351868,WATER_DIVE_SETTLE,-0.074576000,-0.533656000,0.241654000
41.362164,WATER_DIVE_SETTLE,-0.074608000,-0.533651000,0.241170000
41.372450,WATER_DIVE_SETTLE,-0.074634000,-0.533643000,0.240683000
41.382744,WATER_DIVE_SETTLE,-0.074636000,-0.533628000,0.240122000
41.393032,WATER_DIVE_SETTLE,-0.074644000,-0.533615000,0.239621000
41.403319,WATER_DIVE_SETTLE,-0.074673000,-0.533605000,0.239140000
41.413623,WATER_DIVE_SETTLE,-0.074701000,-0.533602000,0.238614000
41.423950,WATER_DIVE_SETTLE,-0.074739000,-0.533598000,0.238135000
41.434252,WATER_DIVE_SETTLE,-0.074768000,-0.533602000,0.237660000
41.444545,WATER_DIVE_SETTLE,-0.074811000,-0.533612000,0.237174000
41.454848,WATER_DIVE_SETTLE,-0.074803000,-0.533585000,0.236631000
41.465184,WATER_DIVE_SETTLE,-0.074801000,-0.533568000,0.236124000
41.475476,WATER_DIVE_SETTLE,-0.074823000,-0.533560000,0.235664000
41.485782,WATER_DIVE_SETTLE,-0.074848000,-0.533552000,0.235154000
41.496065,WATER_DIVE_SETTLE,-0.074875000,-0.533540000,0.234687000
41.506343,WATER_DIVE_SETTLE,-0.074907000,-0.533523000,0.234215000
41.516646,WATER_DIVE_SETTLE,-0.074925000,-0.533492000,0.233667000
41.526941,WATER_DIVE_SETTLE,-0.074918000,-0.533455000,0.233139000
41.537238,WATER_DIVE_SETTLE,-0.074908000,-0.533423000,0.232628000
41.547527,WATER_DIVE_SETTLE,-0.074920000,-0.533403000,0.232161000
41.557832,WATER_DIVE_SETTLE,-0.074939000,-0.533369000,0.231624000
41.568131,WATER_DIVE_SETTLE,-0.074944000,-0.533347000,0.231131000
41.578426,WATER_DIVE_SETTLE,-0.074979000,-0.533329000,0.230653000
41.588732,WATER_DIVE_SETTLE,-0.075027000,-0.533291000,0.230100000
41.599025,WATER_DIVE_SETTLE,-0.075054000,-0.533271000,0.229601000
41.609323,WATER_DIVE_SETTLE,-0.075086000,-0.533237000,0.229086000
41.619634,WATER_DIVE_SETTLE,-0.075103000,-0.533210000,0.228525000
41.629970,WATER_DIVE_SETTLE,-0.075124000,-0.533192000,0.228036000
41.640270,WATER_DIVE_SETTLE,-0.075154000,-0.533172000,0.227541000
41.650587,WATER_DIVE_SETTLE,-0.075177000,-0.533167000,0.227016000
41.660903,WATER_DIVE_SETTLE,-0.075182000,-0.533158000,0.226511000
41.671228,WATER_DIVE_SETTLE,-0.075183000,-0.533143000,0.226001000
41.681542,WATER_DIVE_SETTLE,-0.075227000,-0.533138000,0.225502000
41.691864,WATER_DIVE_SETTLE,-0.075277000,-0.533135000,0.225067000
41.702173,WATER_DIVE_SETTLE,-0.075296000,-0.533132000,0.224609000
41.712476,WATER_DIVE_SETTLE,-0.075287000,-0.533130000,0.224127000
41.722869,WATER_DIVE_SETTLE,-0.075288000,-0.533120000,0.223593000
41.733188,WATER_DIVE_SETTLE,-0.075314000,-0.533109000,0.223120000
41.743416,WATER_DIVE_SETTLE,-0.075373000,-0.533105000,0.222682000
41.753720,WATER_DIVE_SETTLE,-0.075455000,-0.533102000,0.222204000
41.764064,WATER_DIVE_SETTLE,-0.075484000,-0.533082000,0.221694000
41.774385,WATER_DIVE_SETTLE,-0.075527000,-0.533088000,0.221238000
41.784723,WATER_DIVE_SETTLE,-0.075579000,-0.533078000,0.220714000
41.794992,WATER_DIVE_SETTLE,-0.075548000,-0.533058000,0.220157000
41.805328,WATER_DIVE_SETTLE,-0.075536000,-0.533065000,0.219670000
41.815662,WATER_DIVE_SETTLE,-0.075585000,-0.533084000,0.219205000
41.825997,WATER_DIVE_SETTLE,-0.075588000,-0.533087000,0.218716000
41.836317,WATER_DIVE_SETTLE,-0.075567000,-0.533091000,0.218205000
41.846632,WATER_DIVE_SETTLE,-0.075607000,-0.533082000,0.217691000
41.856956,WATER_DIVE_SETTLE,-0.075654000,-0.533067000,0.217210000
41.867265,WATER_DIVE_SETTLE,-0.075665000,-0.533050000,0.216712000
41.877592,WATER_DIVE_SETTLE,-0.075680000,-0.533040000,0.216181000
41.887929,WATER_DIVE_SETTLE,-0.075684000,-0.533035000,0.215693000
41.898256,WATER_DIVE_SETTLE,-0.075671000,-0.533023000,0.215182000
41.908591,WATER_DIVE_SETTLE,-0.075652000,-0.533017000,0.214625000
41.918940,WATER_DIVE_SETTLE,-0.075645000,-0.533016000,0.214124000
41.929262,WATER_DIVE_SETTLE,-0.075673000,-0.533016000,0.213645000
41.939593,WATER_DIVE_SETTLE,-0.075708000,-0.533010000,0.213104000
41.949935,WATER_DIVE_SETTLE,-0.075715000,-0.533004000,0.212582000
41.960253,WATER_DIVE_SETTLE,-0.075714000,-0.533000000,0.212058000
41.970570,WATER_DIVE_SETTLE,-0.075704000,-0.532976000,0.211443000
41.980885,WATER_DIVE_SETTLE,-0.075694000,-0.532983000,0.210938000
41.991219,WATER_DIVE_SETTLE,-0.075694000,-0.532986000,0.210439000
42.001543,WATER_DIVE_SETTLE,-0.075662000,-0.532992000,0.209864000
42.011874,WATER_DIVE_SETTLE,-0.075616000,-0.532987000,0.209320000
42.022190,WATER_DIVE_SETTLE,-0.075589000,-0.532985000,0.208793000
42.032518,WATER_DIVE_SETTLE,-0.075576000,-0.532993000,0.208299000
42.042833,WATER_DIVE_SETTLE,-0.075557000,-0.532993000,0.207735000
42.053167,WATER_DIVE_SETTLE,-0.075536000,-0.532994000,0.207219000
42.063485,WATER_DIVE_SETTLE,-0.075530000,-0.533001000,0.206722000
42.073810,WATER_DIVE_SETTLE,-0.075530000,-0.533001000,0.206159000
42.084148,WATER_DIVE_SETTLE,-0.075553000,-0.533018000,0.205680000
42.094443,WATER_DIVE_SETTLE,-0.075559000,-0.533025000,0.205176000
42.104759,WATER_DIVE_SETTLE,-0.075547000,-0.533016000,0.204570000
42.114995,WATER_DIVE_SETTLE,-0.075539000,-0.533000000,0.204012000
42.125282,WATER_DIVE_SETTLE,-0.075538000,-0.532993000,0.203477000
42.135610,WATER_DIVE_SETTLE,-0.075545000,-0.532994000,0.202906000
42.146035,WATER_DIVE_SETTLE,-0.075561000,-0.533010000,0.202410000
42.156398,WATER_DIVE_SETTLE,-0.075572000,-0.533016000,0.201887000
42.166731,WATER_DIVE_SETTLE,-0.075547000,-0.533005000,0.201258000
42.177047,WATER_DIVE_SETTLE,-0.075520000,-0.533005000,0.200700000
42.187369,WATER_DIVE_SETTLE,-0.075518000,-0.533015000,0.200178000
42.197701,WATER_DIVE_SETTLE,-0.075519000,-0.533032000,0.199616000
42.208044,WATER_DIVE_SETTLE,-0.075496000,-0.533046000,0.199082000
42.218355,WATER_DIVE_SETTLE,-0.075490000,-0.533055000,0.198553000
42.228676,WATER_DIVE_SETTLE,-0.075534000,-0.533072000,0.198020000
42.238997,WATER_DIVE_SETTLE,-0.075559000,-0.533071000,0.197497000
42.249432,WATER_DIVE_SETTLE,-0.075563000,-0.533069000,0.196952000
42.259766,WATER_DIVE_SETTLE,-0.075554000,-0.533067000,0.196361000
42.270103,WATER_DIVE_SETTLE,-0.075567000,-0.533083000,0.195876000
42.280410,WATER_DIVE_SETTLE,-0.075575000,-0.533087000,0.195371000
42.290742,WATER_DIVE_SETTLE,-0.075552000,-0.533097000,0.194805000
42.301049,WATER_DIVE_SETTLE,-0.075536000,-0.533100000,0.194290000
42.311368,WATER_DIVE_SETTLE,-0.075531000,-0.533102000,0.193788000
42.321690,WATER_DIVE_SETTLE,-0.075535000,-0.533103000,0.193235000
42.331967,WATER_DIVE_SETTLE,-0.075515000,-0.533095000,0.192707000
42.342271,WATER_DIVE_SETTLE,-0.075510000,-0.533100000,0.192210000
42.352595,WATER_DIVE_SETTLE,-0.075555000,-0.533097000,0.191684000
42.362892,WATER_DIVE_SETTLE,-0.075604000,-0.533102000,0.191222000
42.373198,WATER_DIVE_SETTLE,-0.075597000,-0.533066000,0.190641000
42.383515,WATER_DIVE_SETTLE,-0.075566000,-0.533030000,0.190054000
42.393808,WATER_DIVE_SETTLE,-0.075599000,-0.533002000,0.189496000
42.404133,WATER_DIVE_SETTLE,-0.075655000,-0.532983000,0.189022000
42.414435,WATER_DIVE_SETTLE,-0.075664000,-0.532959000,0.188507000
42.424763,WATER_DIVE_SETTLE,-0.075675000,-0.532931000,0.187939000
47.165060,WATER_SWIRL_CENTER,-0.061041000,-0.538519000,0.176032000
47.175163,WATER_SWIRL_CENTER,-0.060558000,-0.538390000,0.176045000
47.185063,WATER_SWIRL_CENTER,-0.060140000,-0.538237000,0.176006000
47.195035,WATER_SWIRL_CENTER,-0.059827000,-0.538089000,0.175928000
47.205027,WATER_SWIRL_CENTER,-0.059736000,-0.538077000,0.176063000
47.215025,WATER_SWIRL_CENTER,-0.059574000,-0.538064000,0.176089000
47.225014,WATER_SWIRL_CENTER,-0.059255000,-0.538009000,0.175883000
47.235043,WATER_SWIRL_CENTER,-0.059123000,-0.537916000,0.175757000
47.245010,WATER_SWIRL_CENTER,-0.059226000,-0.537798000,0.175769000
47.255043,WATER_SWIRL_CENTER,-0.059419000,-0.537668000,0.175787000
47.255128,WATER_SWIRL_CENTER_SETTLE,-0.059419000,-0.537668000,0.175787000
47.265422,WATER_SWIRL_CENTER_SETTLE,-0.059680000,-0.537527000,0.175792000
47.275733,WATER_SWIRL_CENTER_SETTLE,-0.060121000,-0.537344000,0.175818000
47.286000,WATER_SWIRL_CENTER_SETTLE,-0.060566000,-0.537154000,0.175800000
47.296303,WATER_SWIRL_CENTER_SETTLE,-0.060984000,-0.536953000,0.175736000
47.306593,WATER_SWIRL_CENTER_SETTLE,-0.061559000,-0.536717000,0.175737000
47.316869,WATER_SWIRL_CENTER_SETTLE,-0.062151000,-0.536496000,0.175793000
47.327159,WATER_SWIRL_CENTER_SETTLE,-0.062714000,-0.536281000,0.175829000
47.337453,WATER_SWIRL_CENTER_SETTLE,-0.063218000,-0.536079000,0.175814000
47.347762,WATER_SWIRL_CENTER_SETTLE,-0.063780000,-0.535882000,0.175810000
47.358054,WATER_SWIRL_CENTER_SETTLE,-0.064307000,-0.535727000,0.175819000
47.368340,WATER_SWIRL_CENTER_SETTLE,-0.064842000,-0.535591000,0.175844000
47.378632,WATER_SWIRL_CENTER_SETTLE,-0.065440000,-0.535436000,0.175868000
47.388886,WATER_SWIRL_CENTER_SETTLE,-0.065965000,-0.535308000,0.175908000
47.399164,WATER_SWIRL_CENTER_SETTLE,-0.066489000,-0.535181000,0.175965000
47.409446,WATER_SWIRL_CENTER_SETTLE,-0.066999000,-0.535050000,0.176005000
47.419738,WATER_SWIRL_CENTER_SETTLE,-0.067534000,-0.534915000,0.176034000
47.430045,WATER_SWIRL_CENTER_SETTLE,-0.068022000,-0.534787000,0.176033000
47.440354,WATER_SWIRL_CENTER_SETTLE,-0.068520000,-0.534673000,0.176050000
47.450680,WATER_SWIRL_CENTER_SETTLE,-0.069072000,-0.534557000,0.176079000
47.460992,WATER_SWIRL_CENTER_SETTLE,-0.069573000,-0.534446000,0.176100000
47.471299,WATER_SWIRL_CENTER_SETTLE,-0.070077000,-0.534346000,0.176136000
47.481609,WATER_SWIRL_CENTER_SETTLE,-0.070634000,-0.534233000,0.176179000
47.502547,WATER_INIT,-0.071684000,-0.534015000,0.176228000
47.512523,WATER_INIT,-0.072134000,-0.533924000,0.176251000
47.522572,WATER_INIT,-0.072540000,-0.533838000,0.176161000
47.532545,WATER_INIT,-0.072742000,-0.533782000,0.176011000
47.542532,WATER_INIT,-0.073152000,-0.533798000,0.176138000
47.552544,WATER_INIT,-0.073604000,-0.533847000,0.176308000
47.562513,WATER_INIT,-0.073737000,-0.533874000,0.176293000
47.572536,WATER_INIT,-0.073766000,-0.533970000,0.176316000
47.582514,WATER_INIT,-0.073832000,-0.534142000,0.176560000
47.592527,WATER_INIT,-0.073817000,-0.534342000,0.176873000
47.602513,WATER_INIT,-0.073581000,-0.534592000,0.177214000
47.612543,WATER_INIT,-0.073416000,-0.534840000,0.177743000
47.622557,WATER_INIT,-0.073216000,-0.535030000,0.178194000
47.632541,WATER_INIT,-0.072884000,-0.535239000,0.178631000
47.642508,WATER_INIT,-0.072710000,-0.535461000,0.179190000
47.652547,WATER_INIT,-0.072658000,-0.535711000,0.179972000
47.662501,WATER_INIT,-0.072626000,-0.535872000,0.180554000
47.672543,WATER_INIT,-0.072534000,-0.535969000,0.181041000
47.682499,WATER_INIT,-0.072425000,-0.536014000,0.181452000
47.692542,WATER_INIT,-0.072330000,-0.536047000,0.181884000
47.702499,WATER_INIT,-0.072247000,-0.536079000,0.182362000
47.712525,WATER_INIT,-0.072177000,-0.536114000,0.182812000
47.722561,WATER_INIT,-0.072104000,-0.536144000,0.183404000
47.732521,WATER_INIT,-0.072125000,-0.536162000,0.183882000
47.742503,WATER_INIT,-0.072168000,-0.536176000,0.184408000
47.752539,WATER_INIT,-0.072173000,-0.536166000,0.184920000
47.762503,WATER_INIT,-0.072156000,-0.536153000,0.185323000
47.772515,WATER_INIT,-0.072166000,-0.536140000,0.185767000
47.782500,WATER_INIT,-0.072197000,-0.536127000,0.186343000
47.792516,WATER_INIT,-0.072201000,-0.536123000,0.186866000
47.802509,WATER_INIT,-0.072180000,-0.536120000,0.187356000
47.812514,WATER_INIT,-0.072171000,-0.536115000,0.187851000
47.822552,WATER_INIT,-0.072201000,-0.536103000,0.188343000
47.832517,WATER_INIT,-0.072231000,-0.536087000,0.188819000
47.842505,WATER_INIT,-0.072246000,-0.536081000,0.189307000
47.852511,WATER_INIT,-0.072282000,-0.536071000,0.189817000
47.862494,WATER_INIT,-0.072333000,-0.536060000,0.190352000
47.872504,WATER_INIT,-0.072383000,-0.536057000,0.190892000
47.882492,WATER_INIT,-0.072387000,-0.536060000,0.191406000
47.892536,WATER_INIT,-0.072391000,-0.536054000,0.191902000
47.902519,WATER_INIT,-0.072410000,-0.536057000,0.192412000
47.912496,WATER_INIT,-0.072430000,-0.536038000,0.192890000
47.922541,WATER_INIT,-0.072457000,-0.536025000,0.193374000
47.932515,WATER_INIT,-0.072499000,-0.536008000,0.193871000
47.942513,WATER_INIT,-0.072559000,-0.535989000,0.194373000
47.942593,WATER_INIT_SETTLE,-0.072565000,-0.535987000,0.194418000
47.952883,WATER_INIT_SETTLE,-0.072608000,-0.535966000,0.194908000
47.963207,WATER_INIT_SETTLE,-0.072645000,-0.535944000,0.195385000
47.973522,WATER_INIT_SETTLE,-0.072655000,-0.535916000,0.195840000
47.983781,WATER_INIT_SETTLE,-0.072660000,-0.535887000,0.196344000
47.994028,WATER_INIT_SETTLE,-0.072674000,-0.535864000,0.196822000
48.004333,WATER_INIT_SETTLE,-0.072689000,-0.535850000,0.197263000
48.014660,WATER_INIT_SETTLE,-0.072705000,-0.535850000,0.197876000
48.024993,WATER_INIT_SETTLE,-0.072725000,-0.535841000,0.198373000
48.035317,WATER_INIT_SETTLE,-0.072746000,-0.535818000,0.198839000
48.045623,WATER_INIT_SETTLE,-0.072804000,-0.535797000,0.199384000
48.055948,WATER_INIT_SETTLE,-0.072859000,-0.535765000,0.199812000
48.066250,WATER_INIT_SETTLE,-0.072891000,-0.535722000,0.200322000
48.076550,WATER_INIT_SETTLE,-0.072941000,-0.535681000,0.200864000
48.086839,WATER_INIT_SETTLE,-0.072982000,-0.535652000,0.201369000
48.097149,WATER_INIT_SETTLE,-0.073014000,-0.535622000,0.201871000
48.107428,WATER_INIT_SETTLE,-0.073036000,-0.535609000,0.202380000
48.117771,WATER_INIT_SETTLE,-0.073070000,-0.535592000,0.202939000
48.128077,WATER_INIT_SETTLE,-0.073103000,-0.535578000,0.203452000
48.138389,WATER_INIT_SETTLE,-0.073133000,-0.535568000,0.203961000
48.148738,WATER_INIT_SETTLE,-0.073148000,-0.535536000,0.204483000
48.159064,WATER_INIT_SETTLE,-0.073180000,-0.535510000,0.204975000
48.169379,WATER_INIT_SETTLE,-0.073230000,-0.535476000,0.205468000
48.179830,WATER_INIT_SETTLE,-0.073276000,-0.535443000,0.206006000
48.190189,WATER_INIT_SETTLE,-0.073312000,-0.535419000,0.206454000
48.200504,WATER_INIT_SETTLE,-0.073373000,-0.535392000,0.207004000
48.210820,WATER_INIT_SETTLE,-0.073412000,-0.535363000,0.207545000
48.221123,WATER_INIT_SETTLE,-0.073435000,-0.535338000,0.208036000
48.231438,WATER_INIT_SETTLE,-0.073451000,-0.535327000,0.208545000
48.241765,WATER_INIT_SETTLE,-0.073485000,-0.535313000,0.209110000
48.252087,WATER_INIT_SETTLE,-0.073507000,-0.535311000,0.209640000
48.262386,WATER_INIT_SETTLE,-0.073521000,-0.535322000,0.210123000
48.272726,WATER_INIT_SETTLE,-0.073542000,-0.535325000,0.210743000
48.283020,WATER_INIT_SETTLE,-0.073553000,-0.535324000,0.211241000
48.293322,WATER_INIT_SETTLE,-0.073570000,-0.535333000,0.211709000
48.303615,WATER_INIT_SETTLE,-0.073633000,-0.535334000,0.212341000
48.313906,WATER_INIT_SETTLE,-0.073660000,-0.535345000,0.212866000
48.324218,WATER_INIT_SETTLE,-0.073699000,-0.535341000,0.213382000
48.334514,WATER_INIT_SETTLE,-0.073742000,-0.535346000,0.213913000
48.344815,WATER_INIT_SETTLE,-0.073788000,-0.535359000,0.214457000
48.355106,WATER_INIT_SETTLE,-0.073827000,-0.535374000,0.215044000
48.365402,WATER_INIT_SETTLE,-0.073840000,-0.535391000,0.215563000
48.375704,WATER_INIT_SETTLE,-0.073859000,-0.535412000,0.216140000
48.386024,WATER_INIT_SETTLE,-0.073879000,-0.535432000,0.216668000
48.396313,WATER_INIT_SETTLE,-0.073911000,-0.535448000,0.217186000
48.406626,WATER_INIT_SETTLE,-0.073951000,-0.535448000,0.217734000
48.416946,WATER_INIT_SETTLE,-0.074005000,-0.535449000,0.218192000
48.427263,WATER_INIT_SETTLE,-0.074065000,-0.535443000,0.218726000
48.437609,WATER_INIT_SETTLE,-0.074118000,-0.535431000,0.219252000
48.447955,WATER_INIT_SETTLE,-0.074165000,-0.535430000,0.219693000
48.458287,WATER_INIT_SETTLE,-0.074191000,-0.535427000,0.220216000
48.468543,WATER_INIT_SETTLE,-0.074232000,-0.535422000,0.220759000
48.478878,WATER_INIT_SETTLE,-0.074251000,-0.535424000,0.221240000
48.489203,WATER_INIT_SETTLE,-0.074256000,-0.535430000,0.221727000
48.499524,WATER_INIT_SETTLE,-0.074263000,-0.535444000,0.222179000
48.509843,WATER_INIT_SETTLE,-0.074274000,-0.535470000,0.222788000
48.520150,WATER_INIT_SETTLE,-0.074292000,-0.535480000,0.223288000
48.530443,WATER_INIT_SETTLE,-0.074290000,-0.535487000,0.223764000
48.540759,WATER_INIT_SETTLE,-0.074289000,-0.535502000,0.224297000
48.551058,WATER_INIT_SETTLE,-0.074306000,-0.535505000,0.224784000
48.561351,WATER_INIT_SETTLE,-0.074321000,-0.535501000,0.225261000
48.571639,WATER_INIT_SETTLE,-0.074327000,-0.535495000,0.225773000
48.581944,WATER_INIT_SETTLE,-0.074337000,-0.535485000,0.226248000
48.592250,WATER_INIT_SETTLE,-0.074344000,-0.535482000,0.226733000
48.602543,WATER_INIT_SETTLE,-0.074345000,-0.535469000,0.227257000
48.612856,WATER_INIT_SETTLE,-0.074322000,-0.535459000,0.227725000
48.623225,WATER_INIT_SETTLE,-0.074292000,-0.535450000,0.228193000
48.633569,WATER_INIT_SETTLE,-0.074280000,-0.535437000,0.228724000
48.643938,WATER_INIT_SETTLE,-0.074267000,-0.535427000,0.229201000
48.654249,WATER_INIT_SETTLE,-0.074262000,-0.535420000,0.229683000
48.664554,WATER_INIT_SETTLE,-0.074273000,-0.535406000,0.230204000
48.674835,WATER_INIT_SETTLE,-0.074275000,-0.535385000,0.230656000
48.685134,WATER_INIT_SETTLE,-0.074278000,-0.535357000,0.231037000
48.695430,WATER_INIT_SETTLE,-0.074282000,-0.535330000,0.231512000
48.705761,WATER_INIT_SETTLE,-0.074308000,-0.535303000,0.232000000
48.716058,WATER_INIT_SETTLE,-0.074324000,-0.535275000,0.232426000
48.726360,WATER_INIT_SETTLE,-0.074340000,-0.535242000,0.232842000
48.736668,WATER_INIT_SETTLE,-0.074354000,-0.535222000,0.233282000
48.746999,WATER_INIT_SETTLE,-0.074379000,-0.535197000,0.233767000
48.757297,WATER_INIT_SETTLE,-0.074377000,-0.535173000,0.234189000
48.767606,WATER_INIT_SETTLE,-0.074363000,-0.535156000,0.234669000
48.777940,WATER_INIT_SETTLE,-0.074358000,-0.535154000,0.235137000
48.788244,WATER_INIT_SETTLE,-0.074344000,-0.535152000,0.235599000
48.798557,WATER_INIT_SETTLE,-0.074330000,-0.535150000,0.236118000
48.808867,WATER_INIT_SETTLE,-0.074339000,-0.535149000,0.236607000
48.819164,WATER_INIT_SETTLE,-0.074350000,-0.535146000,0.237090000
48.829453,WATER_INIT_SETTLE,-0.074361000,-0.535142000,0.237567000
48.839776,WATER_INIT_SETTLE,-0.074365000,-0.535132000,0.238082000
48.850137,WATER_INIT_SETTLE,-0.074354000,-0.535128000,0.238545000
48.860456,WATER_INIT_SETTLE,-0.074358000,-0.535124000,0.238967000
48.870786,WATER_INIT_SETTLE,-0.074371000,-0.535119000,0.239537000
48.881090,WATER_INIT_SETTLE,-0.074382000,-0.535119000,0.240017000
48.891406,WATER_INIT_SETTLE,-0.074373000,-0.535120000,0.240476000
48.901727,WATER_INIT_SETTLE,-0.074370000,-0.535120000,0.240987000
48.912050,WATER_INIT_SETTLE,-0.074394000,-0.535116000,0.241417000
48.922350,WATER_INIT_SETTLE,-0.074430000,-0.535114000,0.241956000
48.932679,WATER_INIT_SETTLE,-0.074452000,-0.535114000,0.242497000
48.942993,WATER_INIT_SETTLE,-0.074466000,-0.535114000,0.242995000
48.953322,WATER_INIT_SETTLE,-0.074493000,-0.535110000,0.243495000
48.963657,WATER_INIT_SETTLE,-0.074519000,-0.535100000,0.243983000
48.973985,WATER_INIT_SETTLE,-0.074521000,-0.535101000,0.244528000
48.984308,WATER_INIT_SETTLE,-0.074520000,-0.535101000,0.245030000
48.994626,WATER_INIT_SETTLE,-0.074515000,-0.535100000,0.245529000
49.004956,WATER_INIT_SETTLE,-0.074538000,-0.535095000,0.246091000
49.015269,WATER_INIT_SETTLE,-0.074563000,-0.535096000,0.246559000
49.025590,WATER_INIT_SETTLE,-0.074585000,-0.535089000,0.247161000
49.035913,WATER_INIT_SETTLE,-0.074594000,-0.535091000,0.247663000
49.046243,WATER_INIT_SETTLE,-0.074633000,-0.535087000,0.248177000
49.056560,WATER_INIT_SETTLE,-0.074667000,-0.535089000,0.248735000
49.066850,WATER_INIT_SETTLE,-0.074679000,-0.535089000,0.249178000
49.077057,WATER_INIT_SETTLE,-0.074678000,-0.535100000,0.249716000
49.087298,WATER_INIT_SETTLE,-0.074709000,-0.535102000,0.250213000
49.097631,WATER_INIT_SETTLE,-0.074764000,-0.535099000,0.250758000
49.107966,WATER_INIT_SETTLE,-0.074829000,-0.535098000,0.251265000
49.118291,WATER_INIT_SETTLE,-0.074898000,-0.535101000,0.251727000
49.128610,WATER_INIT_SETTLE,-0.074983000,-0.535091000,0.252319000
49.138961,WATER_INIT_SETTLE,-0.075050000,-0.535080000,0.252811000
49.149401,WATER_INIT_SETTLE,-0.075118000,-0.535081000,0.253325000
49.159761,WATER_INIT_SETTLE,-0.075171000,-0.535079000,0.253879000
49.170020,WATER_INIT_SETTLE,-0.075196000,-0.535080000,0.254373000
49.180460,WATER_INIT_SETTLE,-0.075221000,-0.535087000,0.254883000
49.190886,WATER_INIT_SETTLE,-0.075266000,-0.535097000,0.255469000
49.201226,WATER_INIT_SETTLE,-0.075322000,-0.535097000,0.255990000
49.211560,WATER_INIT_SETTLE,-0.075370000,-0.535092000,0.256497000
49.482672,WATER_TO_NAPKIN_INIT_POS,-0.075799000,-0.534250000,0.261386000
49.492651,WATER_TO_NAPKIN_INIT_POS,-0.075762000,-0.534255000,0.261377000
49.502652,WATER_TO_NAPKIN_INIT_POS,-0.075568000,-0.534278000,0.261242000
49.512615,WATER_TO_NAPKIN_INIT_POS,-0.075263000,-0.534300000,0.260992000
49.522668,WATER_TO_NAPKIN_INIT_POS,-0.074987000,-0.534351000,0.260832000
49.532619,WATER_TO_NAPKIN_INIT_POS,-0.074903000,-0.534471000,0.260949000
49.542646,WATER_TO_NAPKIN_INIT_POS,-0.074790000,-0.534586000,0.261063000
49.552599,WATER_TO_NAPKIN_INIT_POS,-0.074536000,-0.534674000,0.261067000
49.562642,WATER_TO_NAPKIN_INIT_POS,-0.074239000,-0.534764000,0.261098000
49.572588,WATER_TO_NAPKIN_INIT_POS,-0.073861000,-0.534939000,0.261288000
49.582647,WATER_TO_NAPKIN_INIT_POS,-0.073569000,-0.535116000,0.261585000
49.592590,WATER_TO_NAPKIN_INIT_POS,-0.073299000,-0.535328000,0.262060000
49.602641,WATER_TO_NAPKIN_INIT_POS,-0.073023000,-0.535510000,0.262539000
49.612587,WATER_TO_NAPKIN_INIT_POS,-0.072778000,-0.535662000,0.263013000
49.622645,WATER_TO_NAPKIN_INIT_POS,-0.072645000,-0.535816000,0.263602000
49.632609,WATER_TO_NAPKIN_INIT_POS,-0.072602000,-0.535940000,0.264215000
49.642642,WATER_TO_NAPKIN_INIT_POS,-0.072622000,-0.536004000,0.264782000
49.652596,WATER_TO_NAPKIN_INIT_POS,-0.072698000,-0.536020000,0.265308000
49.662646,WATER_TO_NAPKIN_INIT_POS,-0.072797000,-0.535999000,0.265795000
49.672590,WATER_TO_NAPKIN_INIT_POS,-0.072905000,-0.535979000,0.266293000
49.682639,WATER_TO_NAPKIN_INIT_POS,-0.072990000,-0.535959000,0.266786000
49.692587,WATER_TO_NAPKIN_INIT_POS,-0.073032000,-0.535957000,0.267291000
49.702640,WATER_TO_NAPKIN_INIT_POS,-0.073039000,-0.535967000,0.267790000
49.712607,WATER_TO_NAPKIN_INIT_POS,-0.073035000,-0.535976000,0.268283000
49.722619,WATER_TO_NAPKIN_INIT_POS,-0.073056000,-0.535965000,0.268764000
49.732671,WATER_TO_NAPKIN_INIT_POS,-0.073093000,-0.535943000,0.269245000
49.742703,WATER_TO_NAPKIN_INIT_POS,-0.073146000,-0.535914000,0.269741000
49.752752,WATER_TO_NAPKIN_INIT_POS,-0.073194000,-0.535892000,0.270252000
49.762646,WATER_TO_NAPKIN_INIT_POS,-0.073251000,-0.535860000,0.270756000
49.772662,WATER_TO_NAPKIN_INIT_POS,-0.073297000,-0.535829000,0.271256000
49.782623,WATER_TO_NAPKIN_INIT_POS,-0.073323000,-0.535803000,0.271762000
49.792647,WATER_TO_NAPKIN_INIT_POS,-0.073344000,-0.535786000,0.272281000
49.802615,WATER_TO_NAPKIN_INIT_POS,-0.073365000,-0.535768000,0.272799000
49.812616,WATER_TO_NAPKIN_INIT_POS,-0.073369000,-0.535751000,0.273310000
49.822668,WATER_TO_NAPKIN_INIT_POS,-0.073371000,-0.535736000,0.273821000
49.832620,WATER_TO_NAPKIN_INIT_POS,-0.073380000,-0.535719000,0.274331000
49.842646,WATER_TO_NAPKIN_INIT_POS,-0.073403000,-0.535696000,0.274835000
49.852592,WATER_TO_NAPKIN_INIT_POS,-0.073407000,-0.535674000,0.275330000
49.862644,WATER_TO_NAPKIN_INIT_POS,-0.073411000,-0.535655000,0.275812000
49.872591,WATER_TO_NAPKIN_INIT_POS,-0.073406000,-0.535639000,0.276289000
49.882645,WATER_TO_NAPKIN_INIT_POS,-0.073417000,-0.535623000,0.276778000
49.892589,WATER_TO_NAPKIN_INIT_POS,-0.073442000,-0.535603000,0.277264000
49.902643,WATER_TO_NAPKIN_INIT_POS,-0.073460000,-0.535579000,0.277735000
49.912588,WATER_TO_NAPKIN_INIT_POS,-0.073453000,-0.535559000,0.278200000
49.922645,WATER_TO_NAPKIN_INIT_POS,-0.073445000,-0.535544000,0.278677000
49.932611,WATER_TO_NAPKIN_INIT_POS,-0.073460000,-0.535524000,0.279165000
49.942642,WATER_TO_NAPKIN_INIT_POS,-0.073475000,-0.535501000,0.279655000
49.952598,WATER_TO_NAPKIN_INIT_POS,-0.073483000,-0.535490000,0.280150000
49.962643,WATER_TO_NAPKIN_INIT_POS,-0.073476000,-0.535478000,0.280638000
49.972590,WATER_TO_NAPKIN_INIT_POS,-0.073464000,-0.535471000,0.281123000
49.982634,WATER_TO_NAPKIN_INIT_POS,-0.073455000,-0.535465000,0.281616000
49.992642,WATER_TO_NAPKIN_INIT_POS,-0.073430000,-0.535464000,0.282097000
50.002597,WATER_TO_NAPKIN_INIT_POS,-0.073421000,-0.535460000,0.282586000
50.012641,WATER_TO_NAPKIN_INIT_POS,-0.073408000,-0.535465000,0.283079000
50.022596,WATER_TO_NAPKIN_INIT_POS,-0.073398000,-0.535466000,0.283566000
50.022663,WATER_TO_NAPKIN_INIT_POS_SETTLE,-0.073398000,-0.535466000,0.283566000
50.032986,WATER_TO_NAPKIN_INIT_POS_SETTLE,-0.073389000,-0.535467000,0.284049000
50.043297,WATER_TO_NAPKIN_INIT_POS_SETTLE,-0.073370000,-0.535466000,0.284510000
50.053592,WATER_TO_NAPKIN_INIT_POS_SETTLE,-0.073356000,-0.535458000,0.285012000
50.063917,WATER_TO_NAPKIN_INIT_POS_SETTLE,-0.073356000,-0.535455000,0.285486000
50.074212,WATER_TO_NAPKIN_INIT_POS_SETTLE,-0.073373000,-0.535448000,0.285964000
50.084514,WATER_TO_NAPKIN_INIT_POS_SETTLE,-0.073378000,-0.535442000,0.286435000
50.094812,WATER_TO_NAPKIN_INIT_POS_SETTLE,-0.073373000,-0.535434000,0.286947000
50.105121,WATER_TO_NAPKIN_INIT_POS_SETTLE,-0.073390000,-0.535421000,0.287422000
50.115412,WATER_TO_NAPKIN_INIT_POS_SETTLE,-0.073392000,-0.535416000,0.287904000
50.125744,WATER_TO_NAPKIN_INIT_POS_SETTLE,-0.073375000,-0.535415000,0.288485000
50.136087,WATER_TO_NAPKIN_INIT_POS_SETTLE,-0.073371000,-0.535412000,0.288934000
50.146393,WATER_TO_NAPKIN_INIT_POS_SETTLE,-0.073371000,-0.535410000,0.289438000
50.156743,WATER_TO_NAPKIN_INIT_POS_SETTLE,-0.073371000,-0.535408000,0.290001000
50.167043,WATER_TO_NAPKIN_INIT_POS_SETTLE,-0.073384000,-0.535406000,0.290521000
50.177354,WATER_TO_NAPKIN_INIT_POS_SETTLE,-0.073388000,-0.535407000,0.291041000
50.187753,WATER_TO_NAPKIN_INIT_POS_SETTLE,-0.073410000,-0.535405000,0.291620000
50.198137,WATER_TO_NAPKIN_INIT_POS_SETTLE,-0.073432000,-0.535405000,0.292156000
50.208454,WATER_TO_NAPKIN_INIT_POS_SETTLE,-0.073452000,-0.535404000,0.292681000
50.218803,WATER_TO_NAPKIN_INIT_POS_SETTLE,-0.073449000,-0.535403000,0.293242000
50.229123,WATER_TO_NAPKIN_INIT_POS_SETTLE,-0.073454000,-0.535409000,0.293769000
50.239438,WATER_TO_NAPKIN_INIT_POS_SETTLE,-0.073465000,-0.535413000,0.294294000
50.249781,WATER_TO_NAPKIN_INIT_POS_SETTLE,-0.073485000,-0.535421000,0.294871000
50.260101,WATER_TO_NAPKIN_INIT_POS_SETTLE,-0.073505000,-0.535425000,0.295386000
50.270414,WATER_TO_NAPKIN_INIT_POS_SETTLE,-0.073544000,-0.535423000,0.295897000
50.280741,WATER_TO_NAPKIN_INIT_POS_SETTLE,-0.073592000,-0.535419000,0.296461000
50.291077,WATER_TO_NAPKIN_INIT_POS_SETTLE,-0.073640000,-0.535419000,0.296981000
50.301394,WATER_TO_NAPKIN_INIT_POS_SETTLE,-0.073676000,-0.535415000,0.297486000
50.311749,WATER_TO_NAPKIN_INIT_POS_SETTLE,-0.073699000,-0.535407000,0.298024000
50.322069,WATER_TO_NAPKIN_INIT_POS_SETTLE,-0.073728000,-0.535402000,0.298527000
50.332385,WATER_TO_NAPKIN_INIT_POS_SETTLE,-0.073769000,-0.535395000,0.299043000
50.342701,WATER_TO_NAPKIN_INIT_POS_SETTLE,-0.073815000,-0.535386000,0.299604000
50.353015,WATER_TO_NAPKIN_INIT_POS_SETTLE,-0.073848000,-0.535380000,0.300111000
50.363313,WATER_TO_NAPKIN_INIT_POS_SETTLE,-0.073892000,-0.535369000,0.300627000
50.373614,WATER_TO_NAPKIN_INIT_POS_SETTLE,-0.073925000,-0.535357000,0.301183000
50.383907,WATER_TO_NAPKIN_INIT_POS_SETTLE,-0.073954000,-0.535348000,0.301691000
50.394196,WATER_TO_NAPKIN_INIT_POS_SETTLE,-0.073982000,-0.535349000,0.302217000
50.404483,WATER_TO_NAPKIN_INIT_POS_SETTLE,-0.074010000,-0.535345000,0.302731000
50.414771,WATER_TO_NAPKIN_INIT_POS_SETTLE,-0.074019000,-0.535351000,0.303288000
50.425060,WATER_TO_NAPKIN_INIT_POS_SETTLE,-0.074033000,-0.535355000,0.303790000
50.435357,WATER_TO_NAPKIN_INIT_POS_SETTLE,-0.074056000,-0.535357000,0.304289000
50.445653,WATER_TO_NAPKIN_INIT_POS_SETTLE,-0.074092000,-0.535355000,0.304824000
50.455940,WATER_TO_NAPKIN_INIT_POS_SETTLE,-0.074131000,-0.535349000,0.305309000
50.466235,WATER_TO_NAPKIN_INIT_POS_SETTLE,-0.074159000,-0.535339000,0.305784000
50.476526,WATER_TO_NAPKIN_INIT_POS_SETTLE,-0.074190000,-0.535331000,0.306267000
50.486834,WATER_TO_NAPKIN_INIT_POS_SETTLE,-0.074224000,-0.535320000,0.306792000
50.497133,WATER_TO_NAPKIN_INIT_POS_SETTLE,-0.074247000,-0.535303000,0.307259000
50.507431,WATER_TO_NAPKIN_INIT_POS_SETTLE,-0.074273000,-0.535300000,0.307756000
50.517721,WATER_TO_NAPKIN_INIT_POS_SETTLE,-0.074304000,-0.535292000,0.308297000
50.528027,WATER_TO_NAPKIN_INIT_POS_SETTLE,-0.074322000,-0.535281000,0.308778000
50.538322,WATER_TO_NAPKIN_INIT_POS_SETTLE,-0.074334000,-0.535281000,0.309280000
50.548635,WATER_TO_NAPKIN_INIT_POS_SETTLE,-0.074356000,-0.535279000,0.309845000
50.558968,WATER_TO_NAPKIN_INIT_POS_SETTLE,-0.074378000,-0.535275000,0.310348000
50.569263,WATER_TO_NAPKIN_INIT_POS_SETTLE,-0.074382000,-0.535283000,0.310857000
50.579585,WATER_TO_NAPKIN_INIT_POS_SETTLE,-0.074366000,-0.535287000,0.311399000
50.589876,WATER_TO_NAPKIN_INIT_POS_SETTLE,-0.074357000,-0.535299000,0.311897000
50.600168,WATER_TO_NAPKIN_INIT_POS_SETTLE,-0.074359000,-0.535312000,0.312402000
50.610456,WATER_TO_NAPKIN_INIT_POS_SETTLE,-0.074353000,-0.535322000,0.312891000
50.620736,WATER_TO_NAPKIN_INIT_POS_SETTLE,-0.074341000,-0.535334000,0.313414000
50.631032,WATER_TO_NAPKIN_INIT_POS_SETTLE,-0.074336000,-0.535345000,0.313888000
50.641318,WATER_TO_NAPKIN_INIT_POS_SETTLE,-0.074341000,-0.535350000,0.314364000
50.651612,WATER_TO_NAPKIN_INIT_POS_SETTLE,-0.074341000,-0.535361000,0.314892000
50.661933,WATER_TO_NAPKIN_INIT_POS_SETTLE,-0.074331000,-0.535370000,0.315360000
50.672216,WATER_TO_NAPKIN_INIT_POS_SETTLE,-0.074311000,-0.535380000,0.315825000
50.682514,WATER_TO_NAPKIN_INIT_POS_SETTLE,-0.074312000,-0.535387000,0.316307000
50.692814,WATER_TO_NAPKIN_INIT_POS_SETTLE,-0.074312000,-0.535400000,0.316847000
50.703103,WATER_TO_NAPKIN_INIT_POS_SETTLE,-0.074301000,-0.535412000,0.317326000
50.713384,WATER_TO_NAPKIN_INIT_POS_SETTLE,-0.074286000,-0.535425000,0.317812000
50.723696,WATER_TO_NAPKIN_INIT_POS_SETTLE,-0.074276000,-0.535434000,0.318348000
50.734001,WATER_TO_NAPKIN_INIT_POS_SETTLE,-0.074253000,-0.535445000,0.318832000
50.744294,WATER_TO_NAPKIN_INIT_POS_SETTLE,-0.074221000,-0.535459000,0.319308000
50.754581,WATER_TO_NAPKIN_INIT_POS_SETTLE,-0.074203000,-0.535471000,0.319847000
50.764881,WATER_TO_NAPKIN_INIT_POS_SETTLE,-0.074191000,-0.535481000,0.320334000
50.775162,WATER_TO_NAPKIN_INIT_POS_SETTLE,-0.074177000,-0.535490000,0.320810000
50.785455,WATER_TO_NAPKIN_INIT_POS_SETTLE,-0.074170000,-0.535493000,0.321282000
50.795758,WATER_TO_NAPKIN_INIT_POS_SETTLE,-0.074165000,-0.535500000,0.321806000
50.806043,WATER_TO_NAPKIN_INIT_POS_SETTLE,-0.074162000,-0.535508000,0.322290000
50.816356,WATER_TO_NAPKIN_INIT_POS_SETTLE,-0.074156000,-0.535511000,0.322762000
50.826676,WATER_TO_NAPKIN_INIT_POS_SETTLE,-0.074154000,-0.535514000,0.323281000
50.837005,WATER_TO_NAPKIN_INIT_POS_SETTLE,-0.074157000,-0.535518000,0.323756000
50.847297,WATER_TO_NAPKIN_INIT_POS_SETTLE,-0.074159000,-0.535517000,0.324225000
50.857596,WATER_TO_NAPKIN_INIT_POS_SETTLE,-0.074181000,-0.535515000,0.324748000
50.867903,WATER_TO_NAPKIN_INIT_POS_SETTLE,-0.074191000,-0.535511000,0.325221000
50.878203,WATER_TO_NAPKIN_INIT_POS_SETTLE,-0.074206000,-0.535509000,0.325704000
50.888485,WATER_TO_NAPKIN_INIT_POS_SETTLE,-0.074221000,-0.535503000,0.326183000
50.898776,WATER_TO_NAPKIN_INIT_POS_SETTLE,-0.074235000,-0.535490000,0.326710000
50.909072,WATER_TO_NAPKIN_INIT_POS_SETTLE,-0.074252000,-0.535485000,0.327210000
50.919372,WATER_TO_NAPKIN_INIT_POS_SETTLE,-0.074281000,-0.535479000,0.327728000
50.929683,WATER_TO_NAPKIN_INIT_POS_SETTLE,-0.074302000,-0.535472000,0.328297000
50.939989,WATER_TO_NAPKIN_INIT_POS_SETTLE,-0.074312000,-0.535462000,0.328806000
50.950309,WATER_TO_NAPKIN_INIT_POS_SETTLE,-0.074310000,-0.535455000,0.329314000
50.960637,WATER_TO_NAPKIN_INIT_POS_SETTLE,-0.074324000,-0.535449000,0.329897000
50.970992,WATER_TO_NAPKIN_INIT_POS_SETTLE,-0.074342000,-0.535445000,0.330434000
50.981316,WATER_TO_NAPKIN_INIT_POS_SETTLE,-0.074368000,-0.535439000,0.330976000
50.991629,WATER_TO_NAPKIN_INIT_POS_SETTLE,-0.074395000,-0.535429000,0.331559000
51.002023,WATER_TO_NAPKIN_INIT_POS_SETTLE,-0.074415000,-0.535423000,0.332083000
51.012350,WATER_TO_NAPKIN_INIT_POS_SETTLE,-0.074446000,-0.535415000,0.332609000
51.022723,WATER_TO_NAPKIN_INIT_POS_SETTLE,-0.074482000,-0.535403000,0.333178000
51.033044,WATER_TO_NAPKIN_INIT_POS_SETTLE,-0.074504000,-0.535400000,0.333696000
51.043359,WATER_TO_NAPKIN_INIT_POS_SETTLE,-0.074532000,-0.535395000,0.334211000
51.053687,WATER_TO_NAPKIN_INIT_POS_SETTLE,-0.074563000,-0.535389000,0.334774000
51.064025,WATER_TO_NAPKIN_INIT_POS_SETTLE,-0.074603000,-0.535385000,0.335289000
51.074342,WATER_TO_NAPKIN_INIT_POS_SETTLE,-0.074641000,-0.535382000,0.335801000
51.084665,WATER_TO_NAPKIN_INIT_POS_SETTLE,-0.074693000,-0.535377000,0.336361000
51.094985,WATER_TO_NAPKIN_INIT_POS_SETTLE,-0.074752000,-0.535367000,0.336868000
51.105294,WATER_TO_NAPKIN_INIT_POS_SETTLE,-0.074803000,-0.535361000,0.337361000
51.115601,WATER_TO_NAPKIN_INIT_POS_SETTLE,-0.074852000,-0.535355000,0.337913000
51.125936,WATER_TO_NAPKIN_INIT_POS_SETTLE,-0.074898000,-0.535349000,0.338466000
51.136260,WATER_TO_NAPKIN_INIT_POS_SETTLE,-0.074933000,-0.535345000,0.338917000
51.146564,WATER_TO_NAPKIN_INIT_POS_SETTLE,-0.074975000,-0.535337000,0.339467000
51.156915,WATER_TO_NAPKIN_INIT_POS_SETTLE,-0.075012000,-0.535334000,0.339976000
51.167247,WATER_TO_NAPKIN_INIT_POS_SETTLE,-0.075034000,-0.535333000,0.340479000
51.177563,WATER_TO_NAPKIN_INIT_POS_SETTLE,-0.075047000,-0.535327000,0.341018000
51.187962,WATER_TO_NAPKIN_INIT_POS_SETTLE,-0.075070000,-0.535319000,0.341523000
51.198307,WATER_TO_NAPKIN_INIT_POS_SETTLE,-0.075086000,-0.535314000,0.342029000
51.208670,WATER_TO_NAPKIN_INIT_POS_SETTLE,-0.075110000,-0.535308000,0.342598000
51.218997,WATER_TO_NAPKIN_INIT_POS_SETTLE,-0.075119000,-0.535304000,0.343104000
51.229311,WATER_TO_NAPKIN_INIT_POS_SETTLE,-0.075111000,-0.535303000,0.343600000
51.239617,WATER_TO_NAPKIN_INIT_POS_SETTLE,-0.075125000,-0.535298000,0.344154000
51.249958,WATER_TO_NAPKIN_INIT_POS_SETTLE,-0.075137000,-0.535292000,0.344657000
51.260262,WATER_TO_NAPKIN_INIT_POS_SETTLE,-0.075136000,-0.535287000,0.345147000
51.270552,WATER_TO_NAPKIN_INIT_POS_SETTLE,-0.075153000,-0.535276000,0.345698000
51.280866,WATER_TO_NAPKIN_INIT_POS_SETTLE,-0.075168000,-0.535266000,0.346202000
51.291169,WATER_TO_NAPKIN_INIT_POS_SETTLE,-0.075173000,-0.535254000,0.346681000
51.301470,WATER_TO_NAPKIN_INIT_POS_SETTLE,-0.075173000,-0.535245000,0.347152000
51.311809,WATER_TO_NAPKIN_INIT_POS_SETTLE,-0.075180000,-0.535232000,0.347671000
51.322074,WATER_TO_NAPKIN_INIT_POS_SETTLE,-0.075206000,-0.535215000,0.348154000
51.332392,WATER_TO_NAPKIN_INIT_POS_SETTLE,-0.075216000,-0.535200000,0.348628000
51.342769,WATER_TO_NAPKIN_INIT_POS_SETTLE,-0.075219000,-0.535185000,0.349137000
51.353101,WATER_TO_NAPKIN_INIT_POS_SETTLE,-0.075248000,-0.535167000,0.349620000
51.363431,WATER_TO_NAPKIN_INIT_POS_SETTLE,-0.075261000,-0.535152000,0.350102000
51.373773,WATER_TO_NAPKIN_INIT_POS_SETTLE,-0.075269000,-0.535136000,0.350629000
51.384093,WATER_TO_NAPKIN_INIT_POS_SETTLE,-0.075254000,-0.535124000,0.351102000
51.394396,WATER_TO_NAPKIN_INIT_POS_SETTLE,-0.075237000,-0.535112000,0.351586000
51.404734,WATER_TO_NAPKIN_INIT_POS_SETTLE,-0.075232000,-0.535094000,0.352130000
51.415031,WATER_TO_NAPKIN_INIT_POS_SETTLE,-0.075229000,-0.535077000,0.352630000
51.425335,WATER_TO_NAPKIN_INIT_POS_SETTLE,-0.075217000,-0.535060000,0.353121000
51.435637,WATER_TO_NAPKIN_INIT_POS_SETTLE,-0.075213000,-0.535038000,0.353667000
51.445963,WATER_TO_NAPKIN_INIT_POS_SETTLE,-0.075221000,-0.535020000,0.354166000
51.456253,WATER_TO_NAPKIN_INIT_POS_SETTLE,-0.075230000,-0.535001000,0.354661000
51.466564,WATER_TO_NAPKIN_INIT_POS_SETTLE,-0.075224000,-0.534982000,0.355185000
51.476913,WATER_TO_NAPKIN_INIT_POS_SETTLE,-0.075204000,-0.534974000,0.355655000
51.487232,WATER_TO_NAPKIN_INIT_POS_SETTLE,-0.075200000,-0.534969000,0.356138000
51.497548,WATER_TO_NAPKIN_INIT_POS_SETTLE,-0.075207000,-0.534958000,0.356662000
51.507882,WATER_TO_NAPKIN_INIT_POS_SETTLE,-0.075215000,-0.534947000,0.357125000
51.518215,WATER_TO_NAPKIN_INIT_POS_SETTLE,-0.075226000,-0.534939000,0.357590000
51.528526,WATER_TO_NAPKIN_INIT_POS_SETTLE,-0.075244000,-0.534935000,0.358111000
51.538852,WATER_TO_NAPKIN_INIT_POS_SETTLE,-0.075261000,-0.534928000,0.358575000
51.549180,WATER_TO_NAPKIN_INIT_POS_SETTLE,-0.075274000,-0.534925000,0.359045000
51.559496,WATER_TO_NAPKIN_INIT_POS_SETTLE,-0.075286000,-0.534925000,0.359521000
51.569820,WATER_TO_NAPKIN_INIT_POS_SETTLE,-0.075290000,-0.534931000,0.360047000
51.580147,WATER_TO_NAPKIN_INIT_POS_SETTLE,-0.075291000,-0.534939000,0.360528000
51.590459,WATER_TO_NAPKIN_INIT_POS_SETTLE,-0.075321000,-0.534940000,0.361026000
51.600785,WATER_TO_NAPKIN_INIT_POS_SETTLE,-0.075350000,-0.534943000,0.361570000
51.611092,WATER_TO_NAPKIN_INIT_POS_SETTLE,-0.075367000,-0.534947000,0.362059000
51.882280,NAPKIN_LIFT1_POS,-0.076135000,-0.534164000,0.368089000
51.892249,NAPKIN_LIFT1_POS,-0.076152000,-0.534156000,0.368125000
51.902225,NAPKIN_LIFT1_POS,-0.076020000,-0.534176000,0.368032000
51.912231,NAPKIN_LIFT1_POS,-0.075698000,-0.534237000,0.367762000
51.922212,NAPKIN_LIFT1_POS,-0.075348000,-0.534323000,0.367462000
51.932217,NAPKIN_LIFT1_POS,-0.075006000,-0.534432000,0.367151000
51.942206,NAPKIN_LIFT1_POS,-0.074681000,-0.534522000,0.366734000
51.952219,NAPKIN_LIFT1_POS,-0.074534000,-0.534575000,0.366391000
51.962205,NAPKIN_LIFT1_POS,-0.074586000,-0.534615000,0.366232000
51.972222,NAPKIN_LIFT1_POS,-0.074521000,-0.534633000,0.365917000
51.982200,NAPKIN_LIFT1_POS,-0.074333000,-0.534663000,0.365523000
51.992220,NAPKIN_LIFT1_POS,-0.074216000,-0.534702000,0.365299000
52.002207,NAPKIN_LIFT1_POS,-0.074164000,-0.534760000,0.365192000
52.012219,NAPKIN_LIFT1_POS,-0.074177000,-0.534833000,0.365169000
52.022195,NAPKIN_LIFT1_POS,-0.074363000,-0.534882000,0.365281000
52.032229,NAPKIN_LIFT1_POS,-0.074747000,-0.534906000,0.365500000
52.042197,NAPKIN_LIFT1_POS,-0.075207000,-0.534907000,0.365684000
52.052216,NAPKIN_LIFT1_POS,-0.075703000,-0.534863000,0.365768000
52.062197,NAPKIN_LIFT1_POS,-0.076339000,-0.534766000,0.365840000
52.072222,NAPKIN_LIFT1_POS,-0.077102000,-0.534617000,0.365923000
52.082195,NAPKIN_LIFT1_POS,-0.077873000,-0.534465000,0.365986000
52.092226,NAPKIN_LIFT1_POS,-0.078583000,-0.534335000,0.366027000
52.102188,NAPKIN_LIFT1_POS,-0.079210000,-0.534235000,0.366061000
52.112224,NAPKIN_LIFT1_POS,-0.079778000,-0.534161000,0.366095000
52.122194,NAPKIN_LIFT1_POS,-0.080296000,-0.534107000,0.366115000
52.132234,NAPKIN_LIFT1_POS,-0.080803000,-0.534051000,0.366122000
52.142196,NAPKIN_LIFT1_POS,-0.081292000,-0.534000000,0.366122000
52.152225,NAPKIN_LIFT1_POS,-0.081781000,-0.533946000,0.366122000
52.162189,NAPKIN_LIFT1_POS,-0.082281000,-0.533893000,0.366141000
52.172229,NAPKIN_LIFT1_POS,-0.082788000,-0.533844000,0.366176000
52.182189,NAPKIN_LIFT1_POS,-0.083289000,-0.533794000,0.366208000
52.192312,NAPKIN_LIFT1_POS,-0.083783000,-0.533746000,0.366239000
52.202271,NAPKIN_LIFT1_POS,-0.084289000,-0.533693000,0.366277000
52.212232,NAPKIN_LIFT1_POS,-0.084794000,-0.533640000,0.366309000
52.222210,NAPKIN_LIFT1_POS,-0.085301000,-0.533592000,0.366335000
52.232226,NAPKIN_LIFT1_POS,-0.085815000,-0.533540000,0.366352000
52.242212,NAPKIN_LIFT1_POS,-0.086326000,-0.533485000,0.366366000
52.252220,NAPKIN_LIFT1_POS,-0.086823000,-0.533440000,0.366389000
52.262208,NAPKIN_LIFT1_POS,-0.087317000,-0.533393000,0.366412000
52.272222,NAPKIN_LIFT1_POS,-0.087815000,-0.533349000,0.366435000
52.282204,NAPKIN_LIFT1_POS,-0.088312000,-0.533305000,0.366449000
52.292218,NAPKIN_LIFT1_POS,-0.088829000,-0.533253000,0.366473000
52.302204,NAPKIN_LIFT1_POS,-0.089354000,-0.533200000,0.366497000
52.312221,NAPKIN_LIFT1_POS,-0.089876000,-0.533147000,0.366514000
52.322201,NAPKIN_LIFT1_POS,-0.090380000,-0.533102000,0.366518000
52.332225,NAPKIN_LIFT1_POS,-0.090877000,-0.533059000,0.366518000
52.342203,NAPKIN_LIFT1_POS,-0.091391000,-0.533010000,0.366530000
52.352221,NAPKIN_LIFT1_POS,-0.091890000,-0.532969000,0.366539000
52.362202,NAPKIN_LIFT1_POS,-0.092380000,-0.532927000,0.366538000
52.372228,NAPKIN_LIFT1_POS,-0.092871000,-0.532887000,0.366529000
52.382230,NAPKIN_LIFT1_POS,-0.093374000,-0.532848000,0.366516000
52.392223,NAPKIN_LIFT1_POS,-0.093875000,-0.532814000,0.366497000
52.402203,NAPKIN_LIFT1_POS,-0.094384000,-0.532776000,0.366480000
52.412221,NAPKIN_LIFT1_POS,-0.094905000,-0.532735000,0.366471000
52.422210,NAPKIN_LIFT1_POS,-0.095403000,-0.532707000,0.366462000
52.432221,NAPKIN_LIFT1_POS,-0.095886000,-0.532684000,0.366446000
52.442205,NAPKIN_LIFT1_POS,-0.096382000,-0.532660000,0.366442000
52.452219,NAPKIN_LIFT1_POS,-0.096883000,-0.532635000,0.366437000
52.462201,NAPKIN_LIFT1_POS,-0.097373000,-0.532617000,0.366426000
52.472219,NAPKIN_LIFT1_POS,-0.097867000,-0.532602000,0.366417000
52.482200,NAPKIN_LIFT1_POS,-0.098364000,-0.532589000,0.366404000
52.492229,NAPKIN_LIFT1_POS,-0.098852000,-0.532580000,0.366384000
52.502216,NAPKIN_LIFT1_POS,-0.099348000,-0.532570000,0.366376000
52.512222,NAPKIN_LIFT1_POS,-0.099852000,-0.532567000,0.366386000
52.522203,NAPKIN_LIFT1_POS,-0.100344000,-0.532569000,0.366389000
52.532221,NAPKIN_LIFT1_POS,-0.100826000,-0.532569000,0.366379000
52.542216,NAPKIN_LIFT1_POS,-0.101305000,-0.532564000,0.366362000
52.552215,NAPKIN_LIFT1_POS,-0.101783000,-0.532567000,0.366353000
52.562239,NAPKIN_LIFT1_POS,-0.102271000,-0.532573000,0.366350000
52.572214,NAPKIN_LIFT1_POS,-0.102764000,-0.532577000,0.366346000
52.582233,NAPKIN_LIFT1_POS,-0.103243000,-0.532586000,0.366333000
52.592209,NAPKIN_LIFT1_POS,-0.103728000,-0.532589000,0.366330000
52.602222,NAPKIN_LIFT1_POS,-0.104222000,-0.532588000,0.366327000
52.612206,NAPKIN_LIFT1_POS,-0.104699000,-0.532589000,0.366323000
52.622224,NAPKIN_LIFT1_POS,-0.105174000,-0.532586000,0.366317000
52.632216,NAPKIN_LIFT1_POS,-0.105661000,-0.532581000,0.366328000
52.642228,NAPKIN_LIFT1_POS,-0.106154000,-0.532577000,0.366339000
52.652201,NAPKIN_LIFT1_POS,-0.106640000,-0.532572000,0.366342000
52.662224,NAPKIN_LIFT1_POS,-0.107162000,-0.532549000,0.366364000
52.672208,NAPKIN_LIFT1_POS,-0.107691000,-0.532525000,0.366399000
52.682228,NAPKIN_LIFT1_POS,-0.108202000,-0.532505000,0.366419000
52.692207,NAPKIN_LIFT1_POS,-0.108723000,-0.532480000,0.366449000
52.702226,NAPKIN_LIFT1_POS,-0.109252000,-0.532451000,0.366488000
52.712206,NAPKIN_LIFT1_POS,-0.109765000,-0.532426000,0.366517000
52.722227,NAPKIN_LIFT1_POS,-0.110287000,-0.532392000,0.366539000
52.732215,NAPKIN_LIFT1_POS,-0.110810000,-0.532360000,0.366567000
52.742229,NAPKIN_LIFT1_POS,-0.111338000,-0.532326000,0.366592000
52.752206,NAPKIN_LIFT1_POS,-0.111863000,-0.532291000,0.366609000
52.762231,NAPKIN_LIFT1_POS,-0.112397000,-0.532256000,0.366631000
52.772208,NAPKIN_LIFT1_POS,-0.112925000,-0.532224000,0.366651000
52.782227,NAPKIN_LIFT1_POS,-0.113434000,-0.532194000,0.366651000
52.792204,NAPKIN_LIFT1_POS,-0.113942000,-0.532165000,0.366660000
52.802227,NAPKIN_LIFT1_POS,-0.114452000,-0.532137000,0.366674000
52.812206,NAPKIN_LIFT1_POS,-0.114959000,-0.532111000,0.366685000
52.822226,NAPKIN_LIFT1_POS,-0.115456000,-0.532089000,0.366684000
52.832200,NAPKIN_LIFT1_POS,-0.115947000,-0.532070000,0.366679000
52.842223,NAPKIN_LIFT1_POS,-0.116445000,-0.532048000,0.366671000
52.852203,NAPKIN_LIFT1_POS,-0.116945000,-0.532029000,0.366667000
52.862221,NAPKIN_LIFT1_POS,-0.117457000,-0.532002000,0.366669000
52.872199,NAPKIN_LIFT1_POS,-0.117955000,-0.531989000,0.366682000
52.882241,NAPKIN_LIFT1_POS,-0.118460000,-0.531965000,0.366687000
52.882330,NAPKIN_LIFT1_POS_SETTLE,-0.118460000,-0.531965000,0.366687000
52.892673,NAPKIN_LIFT1_POS_SETTLE,-0.119010000,-0.531940000,0.366687000
52.903013,NAPKIN_LIFT1_POS_SETTLE,-0.119507000,-0.531917000,0.366674000
52.913314,NAPKIN_LIFT1_POS_SETTLE,-0.119994000,-0.531904000,0.366669000
52.923656,NAPKIN_LIFT1_POS_SETTLE,-0.120550000,-0.531887000,0.366681000
52.934041,NAPKIN_LIFT1_POS_SETTLE,-0.121049000,-0.531877000,0.366698000
52.944376,NAPKIN_LIFT1_POS_SETTLE,-0.121524000,-0.531875000,0.366698000
52.954704,NAPKIN_LIFT1_POS_SETTLE,-0.122054000,-0.531866000,0.366690000
52.965039,NAPKIN_LIFT1_POS_SETTLE,-0.122539000,-0.531857000,0.366690000
52.975364,NAPKIN_LIFT1_POS_SETTLE,-0.123022000,-0.531853000,0.366703000
52.985682,NAPKIN_LIFT1_POS_SETTLE,-0.123547000,-0.531856000,0.366726000
52.996016,NAPKIN_LIFT1_POS_SETTLE,-0.124036000,-0.531852000,0.366743000
53.006339,NAPKIN_LIFT1_POS_SETTLE,-0.124508000,-0.531847000,0.366734000
53.016702,NAPKIN_LIFT1_POS_SETTLE,-0.125044000,-0.531837000,0.366730000
53.027043,NAPKIN_LIFT1_POS_SETTLE,-0.125535000,-0.531829000,0.366745000
53.037376,NAPKIN_LIFT1_POS_SETTLE,-0.126019000,-0.531824000,0.366761000
53.047717,NAPKIN_LIFT1_POS_SETTLE,-0.126543000,-0.531821000,0.366774000
53.058035,NAPKIN_LIFT1_POS_SETTLE,-0.127025000,-0.531809000,0.366775000
53.068357,NAPKIN_LIFT1_POS_SETTLE,-0.127524000,-0.531791000,0.366784000
53.078665,NAPKIN_LIFT1_POS_SETTLE,-0.128084000,-0.531768000,0.366807000
53.088956,NAPKIN_LIFT1_POS_SETTLE,-0.128601000,-0.531741000,0.366822000
53.099267,NAPKIN_LIFT1_POS_SETTLE,-0.129106000,-0.531723000,0.366833000
53.109585,NAPKIN_LIFT1_POS_SETTLE,-0.129670000,-0.531697000,0.366847000
53.119823,NAPKIN_LIFT1_POS_SETTLE,-0.130199000,-0.531665000,0.366867000
53.130136,NAPKIN_LIFT1_POS_SETTLE,-0.130731000,-0.531633000,0.366881000
53.140465,NAPKIN_LIFT1_POS_SETTLE,-0.131242000,-0.531610000,0.366888000
53.150804,NAPKIN_LIFT1_POS_SETTLE,-0.131800000,-0.531585000,0.366898000
53.161129,NAPKIN_LIFT1_POS_SETTLE,-0.132315000,-0.531566000,0.366916000
53.171432,NAPKIN_LIFT1_POS_SETTLE,-0.132828000,-0.531544000,0.366931000
53.181761,NAPKIN_LIFT1_POS_SETTLE,-0.133398000,-0.531526000,0.366958000
53.192002,NAPKIN_LIFT1_POS_SETTLE,-0.133908000,-0.531507000,0.366975000
53.202430,NAPKIN_LIFT1_POS_SETTLE,-0.134413000,-0.531484000,0.366976000
53.212846,NAPKIN_LIFT1_POS_SETTLE,-0.134983000,-0.531463000,0.367001000
53.223200,NAPKIN_LIFT1_POS_SETTLE,-0.135516000,-0.531439000,0.367045000
53.233822,NAPKIN_LIFT1_POS_SETTLE,-0.136086000,-0.531418000,0.367083000
53.244177,NAPKIN_LIFT1_POS_SETTLE,-0.136601000,-0.531390000,0.367092000
53.254494,NAPKIN_LIFT1_POS_SETTLE,-0.137096000,-0.531366000,0.367090000
53.264814,NAPKIN_LIFT1_POS_SETTLE,-0.137651000,-0.531337000,0.367091000
53.275134,NAPKIN_LIFT1_POS_SETTLE,-0.138159000,-0.531316000,0.367116000
53.285451,NAPKIN_LIFT1_POS_SETTLE,-0.138658000,-0.531299000,0.367134000
53.295799,NAPKIN_LIFT1_POS_SETTLE,-0.139195000,-0.531280000,0.367136000
53.306108,NAPKIN_LIFT1_POS_SETTLE,-0.139679000,-0.531261000,0.367126000
53.316412,NAPKIN_LIFT1_POS_SETTLE,-0.140175000,-0.531238000,0.367122000
53.326755,NAPKIN_LIFT1_POS_SETTLE,-0.140714000,-0.531225000,0.367122000
53.337090,NAPKIN_LIFT1_POS_SETTLE,-0.141207000,-0.531210000,0.367122000
53.347399,NAPKIN_LIFT1_POS_SETTLE,-0.141698000,-0.531195000,0.367121000
53.357726,NAPKIN_LIFT1_POS_SETTLE,-0.142232000,-0.531186000,0.367115000
53.368039,NAPKIN_LIFT1_POS_SETTLE,-0.142731000,-0.531168000,0.367103000
53.378364,NAPKIN_LIFT1_POS_SETTLE,-0.143231000,-0.531151000,0.367088000
53.388668,NAPKIN_LIFT1_POS_SETTLE,-0.143775000,-0.531143000,0.367078000
53.399007,NAPKIN_LIFT1_POS_SETTLE,-0.144264000,-0.531144000,0.367074000
53.409312,NAPKIN_LIFT1_POS_SETTLE,-0.144751000,-0.531137000,0.367055000
53.419608,NAPKIN_LIFT1_POS_SETTLE,-0.145291000,-0.531133000,0.367046000
53.429915,NAPKIN_LIFT1_POS_SETTLE,-0.145794000,-0.531124000,0.367046000
53.440137,NAPKIN_LIFT1_POS_SETTLE,-0.146280000,-0.531120000,0.367039000
53.450332,NAPKIN_LIFT1_POS_SETTLE,-0.146752000,-0.531117000,0.367012000
53.460500,NAPKIN_LIFT1_POS_SETTLE,-0.147233000,-0.531118000,0.366998000
53.470840,NAPKIN_LIFT1_POS_SETTLE,-0.147792000,-0.531105000,0.367006000
53.481167,NAPKIN_LIFT1_POS_SETTLE,-0.148303000,-0.531093000,0.367021000
53.491497,NAPKIN_LIFT1_POS_SETTLE,-0.148797000,-0.531084000,0.367021000
53.501818,NAPKIN_LIFT1_POS_SETTLE,-0.149344000,-0.531066000,0.367017000
53.512138,NAPKIN_LIFT1_POS_SETTLE,-0.149849000,-0.531048000,0.367027000
53.522466,NAPKIN_LIFT1_POS_SETTLE,-0.150350000,-0.531024000,0.367030000
53.532802,NAPKIN_LIFT1_POS_SETTLE,-0.150900000,-0.531005000,0.367041000
53.543138,NAPKIN_LIFT1_POS_SETTLE,-0.151396000,-0.530992000,0.367056000
53.553448,NAPKIN_LIFT1_POS_SETTLE,-0.151890000,-0.530975000,0.367063000
53.563788,NAPKIN_LIFT1_POS_SETTLE,-0.152435000,-0.530953000,0.367072000
53.574102,NAPKIN_LIFT1_POS_SETTLE,-0.152938000,-0.530932000,0.367090000
53.584418,NAPKIN_LIFT1_POS_SETTLE,-0.153449000,-0.530899000,0.367102000
53.594747,NAPKIN_LIFT1_POS_SETTLE,-0.154013000,-0.530861000,0.367104000
53.605082,NAPKIN_LIFT1_POS_SETTLE,-0.154529000,-0.530832000,0.367122000
53.615391,NAPKIN_LIFT1_POS_SETTLE,-0.155067000,-0.530796000,0.367156000
53.625722,NAPKIN_LIFT1_POS_SETTLE,-0.155642000,-0.530764000,0.367186000
53.635979,NAPKIN_LIFT1_POS_SETTLE,-0.156143000,-0.530741000,0.367196000
53.646293,NAPKIN_LIFT1_POS_SETTLE,-0.156664000,-0.530706000,0.367214000
53.656604,NAPKIN_LIFT1_POS_SETTLE,-0.157259000,-0.530660000,0.367249000
53.666918,NAPKIN_LIFT1_POS_SETTLE,-0.157792000,-0.530621000,0.367271000
53.677233,NAPKIN_LIFT1_POS_SETTLE,-0.158309000,-0.530591000,0.367295000
53.687557,NAPKIN_LIFT1_POS_SETTLE,-0.158886000,-0.530549000,0.367326000
53.697915,NAPKIN_LIFT1_POS_SETTLE,-0.159408000,-0.530511000,0.367342000
53.708235,NAPKIN_LIFT1_POS_SETTLE,-0.159921000,-0.530475000,0.367350000
53.718579,NAPKIN_LIFT1_POS_SETTLE,-0.160477000,-0.530441000,0.367369000
53.728928,NAPKIN_LIFT1_POS_SETTLE,-0.160974000,-0.530414000,0.367386000
53.739245,NAPKIN_LIFT1_POS_SETTLE,-0.161468000,-0.530391000,0.367406000
53.749547,NAPKIN_LIFT1_POS_SETTLE,-0.162012000,-0.530361000,0.367423000
53.759903,NAPKIN_LIFT1_POS_SETTLE,-0.162505000,-0.530335000,0.367441000
53.770251,NAPKIN_LIFT1_POS_SETTLE,-0.163004000,-0.530302000,0.367451000
53.780586,NAPKIN_LIFT1_POS_SETTLE,-0.163540000,-0.530273000,0.367463000
53.790931,NAPKIN_LIFT1_POS_SETTLE,-0.164027000,-0.530248000,0.367470000
53.801263,NAPKIN_LIFT1_POS_SETTLE,-0.164511000,-0.530228000,0.367474000
53.811581,NAPKIN_LIFT1_POS_SETTLE,-0.165051000,-0.530205000,0.367487000
53.821907,NAPKIN_LIFT1_POS_SETTLE,-0.165534000,-0.530190000,0.367499000
53.832248,NAPKIN_LIFT1_POS_SETTLE,-0.166004000,-0.530182000,0.367500000
53.842596,NAPKIN_LIFT1_POS_SETTLE,-0.166514000,-0.530180000,0.367486000
53.852953,NAPKIN_LIFT1_POS_SETTLE,-0.166999000,-0.530168000,0.367483000
53.863272,NAPKIN_LIFT1_POS_SETTLE,-0.167497000,-0.530158000,0.367494000
53.873580,NAPKIN_LIFT1_POS_SETTLE,-0.168030000,-0.530156000,0.367487000
53.883900,NAPKIN_LIFT1_POS_SETTLE,-0.168501000,-0.530154000,0.367458000
53.894208,NAPKIN_LIFT1_POS_SETTLE,-0.168983000,-0.530153000,0.367444000
53.904534,NAPKIN_LIFT1_POS_SETTLE,-0.169503000,-0.530140000,0.367444000
53.914873,NAPKIN_LIFT1_POS_SETTLE,-0.170076000,-0.530133000,0.367450000
53.925203,NAPKIN_LIFT1_POS_SETTLE,-0.170585000,-0.530130000,0.367440000
53.935527,NAPKIN_LIFT1_POS_SETTLE,-0.171088000,-0.530126000,0.367421000
53.945834,NAPKIN_LIFT1_POS_SETTLE,-0.171652000,-0.530115000,0.367413000
53.956159,NAPKIN_LIFT1_POS_SETTLE,-0.172165000,-0.530107000,0.367408000
53.966475,NAPKIN_LIFT1_POS_SETTLE,-0.172672000,-0.530103000,0.367403000
53.976813,NAPKIN_LIFT1_POS_SETTLE,-0.173238000,-0.530092000,0.367405000
53.987112,NAPKIN_LIFT1_POS_SETTLE,-0.173753000,-0.530084000,0.367425000
53.997410,NAPKIN_LIFT1_POS_SETTLE,-0.174268000,-0.530067000,0.367435000
54.007750,NAPKIN_LIFT1_POS_SETTLE,-0.174822000,-0.530049000,0.367432000
54.018060,NAPKIN_LIFT1_POS_SETTLE,-0.175325000,-0.530030000,0.367446000
54.028357,NAPKIN_LIFT1_POS_SETTLE,-0.175835000,-0.530002000,0.367458000
54.038657,NAPKIN_LIFT1_POS_SETTLE,-0.176392000,-0.529979000,0.367487000
54.048980,NAPKIN_LIFT1_POS_SETTLE,-0.176895000,-0.529953000,0.367512000
54.059291,NAPKIN_LIFT1_POS_SETTLE,-0.177410000,-0.529925000,0.367545000
54.069585,NAPKIN_LIFT1_POS_SETTLE,-0.177970000,-0.529897000,0.367588000
54.079892,NAPKIN_LIFT1_POS_SETTLE,-0.178475000,-0.529873000,0.367632000
54.090213,NAPKIN_LIFT1_POS_SETTLE,-0.178970000,-0.529853000,0.367672000
54.100544,NAPKIN_LIFT1_POS_SETTLE,-0.179512000,-0.529825000,0.367694000
54.110845,NAPKIN_LIFT1_POS_SETTLE,-0.180016000,-0.529798000,0.367729000
54.121173,NAPKIN_LIFT1_POS_SETTLE,-0.180519000,-0.529773000,0.367765000
54.131485,NAPKIN_LIFT1_POS_SETTLE,-0.181023000,-0.529751000,0.367794000
54.141799,NAPKIN_LIFT1_POS_SETTLE,-0.181630000,-0.529725000,0.367825000
54.152104,NAPKIN_LIFT1_POS_SETTLE,-0.182099000,-0.529700000,0.367851000
54.162415,NAPKIN_LIFT1_POS_SETTLE,-0.182634000,-0.529658000,0.367865000
54.172740,NAPKIN_LIFT1_POS_SETTLE,-0.183216000,-0.529616000,0.367870000
54.183047,NAPKIN_LIFT1_POS_SETTLE,-0.183730000,-0.529591000,0.367875000
54.193347,NAPKIN_LIFT1_POS_SETTLE,-0.184244000,-0.529569000,0.367885000
54.203757,NAPKIN_LIFT1_POS_SETTLE,-0.184814000,-0.529548000,0.367900000
54.214095,NAPKIN_LIFT1_POS_SETTLE,-0.185320000,-0.529532000,0.367896000
54.224413,NAPKIN_LIFT1_POS_SETTLE,-0.185810000,-0.529523000,0.367884000
54.234716,NAPKIN_LIFT1_POS_SETTLE,-0.186361000,-0.529504000,0.367882000
54.244956,NAPKIN_LIFT1_POS_SETTLE,-0.186870000,-0.529489000,0.367892000
54.255259,NAPKIN_LIFT1_POS_SETTLE,-0.187383000,-0.529468000,0.367897000
54.265547,NAPKIN_LIFT1_POS_SETTLE,-0.187926000,-0.529450000,0.367886000
54.275841,NAPKIN_LIFT1_POS_SETTLE,-0.188405000,-0.529439000,0.367868000
54.286197,NAPKIN_LIFT1_POS_SETTLE,-0.188895000,-0.529422000,0.367856000
54.296499,NAPKIN_LIFT1_POS_SETTLE,-0.189388000,-0.529411000,0.367862000
54.306811,NAPKIN_LIFT1_POS_SETTLE,-0.189915000,-0.529402000,0.367868000
54.317113,NAPKIN_LIFT1_POS_SETTLE,-0.190390000,-0.529398000,0.367870000
54.327406,NAPKIN_LIFT1_POS_SETTLE,-0.190857000,-0.529394000,0.367860000
54.337728,NAPKIN_LIFT1_POS_SETTLE,-0.191374000,-0.529379000,0.367832000
54.348016,NAPKIN_LIFT1_POS_SETTLE,-0.191855000,-0.529371000,0.367829000
54.358300,NAPKIN_LIFT1_POS_SETTLE,-0.192336000,-0.529361000,0.367840000
54.368603,NAPKIN_LIFT1_POS_SETTLE,-0.192876000,-0.529343000,0.367847000
54.378974,NAPKIN_LIFT1_POS_SETTLE,-0.193368000,-0.529323000,0.367843000
54.389280,NAPKIN_LIFT1_POS_SETTLE,-0.193865000,-0.529298000,0.367836000
54.399603,NAPKIN_LIFT1_POS_SETTLE,-0.194406000,-0.529273000,0.367823000
54.409943,NAPKIN_LIFT1_POS_SETTLE,-0.194902000,-0.529251000,0.367820000
54.420259,NAPKIN_LIFT1_POS_SETTLE,-0.195399000,-0.529231000,0.367834000
54.430581,NAPKIN_LIFT1_POS_SETTLE,-0.195951000,-0.529199000,0.367844000
54.440885,NAPKIN_LIFT1_POS_SETTLE,-0.196451000,-0.529174000,0.367851000
54.451202,NAPKIN_LIFT1_POS_SETTLE,-0.196940000,-0.529143000,0.367842000
54.461517,NAPKIN_LIFT1_POS_SETTLE,-0.197486000,-0.529107000,0.367843000
54.471823,NAPKIN_LIFT1_POS_SETTLE,-0.197991000,-0.529073000,0.367850000
54.482119,NAPKIN_LIFT1_POS_SETTLE,-0.198492000,-0.529044000,0.367853000
54.492425,NAPKIN_LIFT1_POS_SETTLE,-0.198993000,-0.529008000,0.367858000
54.502739,NAPKIN_LIFT1_POS_SETTLE,-0.199554000,-0.528973000,0.367875000
54.513038,NAPKIN_LIFT1_POS_SETTLE,-0.200061000,-0.528935000,0.367882000
54.523336,NAPKIN_LIFT1_POS_SETTLE,-0.200555000,-0.528906000,0.367877000
54.533664,NAPKIN_LIFT1_POS_SETTLE,-0.201089000,-0.528880000,0.367869000
54.543971,NAPKIN_LIFT1_POS_SETTLE,-0.201600000,-0.528849000,0.367877000
54.554276,NAPKIN_LIFT1_POS_SETTLE,-0.202119000,-0.528822000,0.367909000
54.564558,NAPKIN_LIFT1_POS_SETTLE,-0.202679000,-0.528802000,0.367931000
54.574865,NAPKIN_LIFT1_POS_SETTLE,-0.203167000,-0.528793000,0.367933000
54.585162,NAPKIN_LIFT1_POS_SETTLE,-0.203682000,-0.528768000,0.367940000
54.595458,NAPKIN_LIFT1_POS_SETTLE,-0.204200000,-0.528737000,0.367940000
54.605744,NAPKIN_LIFT1_POS_SETTLE,-0.204802000,-0.528697000,0.367966000
54.616045,NAPKIN_LIFT1_POS_SETTLE,-0.205331000,-0.528671000,0.367987000
54.626334,NAPKIN_LIFT1_POS_SETTLE,-0.205848000,-0.528649000,0.367989000
54.636641,NAPKIN_LIFT1_POS_SETTLE,-0.206411000,-0.528626000,0.367995000
54.646989,NAPKIN_LIFT1_POS_SETTLE,-0.206932000,-0.528598000,0.368004000
54.657291,NAPKIN_LIFT1_POS_SETTLE,-0.207446000,-0.528576000,0.368007000
54.667594,NAPKIN_LIFT1_POS_SETTLE,-0.208000000,-0.528556000,0.368014000
54.677873,NAPKIN_LIFT1_POS_SETTLE,-0.208498000,-0.528544000,0.368019000
54.688158,NAPKIN_LIFT1_POS_SETTLE,-0.208999000,-0.528530000,0.368031000
54.698435,NAPKIN_LIFT1_POS_SETTLE,-0.209500000,-0.528512000,0.368036000
54.708744,NAPKIN_LIFT1_POS_SETTLE,-0.210040000,-0.528494000,0.368029000
54.719036,NAPKIN_LIFT1_POS_SETTLE,-0.210539000,-0.528477000,0.368043000
54.729328,NAPKIN_LIFT1_POS_SETTLE,-0.211025000,-0.528462000,0.368044000
54.739639,NAPKIN_LIFT1_POS_SETTLE,-0.211542000,-0.528456000,0.368037000
54.749981,NAPKIN_LIFT1_POS_SETTLE,-0.212026000,-0.528444000,0.368045000
54.760282,NAPKIN_LIFT1_POS_SETTLE,-0.212515000,-0.528427000,0.368047000
54.770601,NAPKIN_LIFT1_POS_SETTLE,-0.213052000,-0.528409000,0.368043000
54.780899,NAPKIN_LIFT1_POS_SETTLE,-0.213529000,-0.528397000,0.368037000
54.791210,NAPKIN_LIFT1_POS_SETTLE,-0.214011000,-0.528386000,0.368030000
54.801519,NAPKIN_LIFT1_POS_SETTLE,-0.214517000,-0.528365000,0.368033000
54.811818,NAPKIN_LIFT1_POS_SETTLE,-0.215070000,-0.528345000,0.368027000
54.822113,NAPKIN_LIFT1_POS_SETTLE,-0.215567000,-0.528326000,0.368012000
54.832406,NAPKIN_LIFT1_POS_SETTLE,-0.216065000,-0.528307000,0.367993000
54.842721,NAPKIN_LIFT1_POS_SETTLE,-0.216614000,-0.528287000,0.367979000
54.853024,NAPKIN_LIFT1_POS_SETTLE,-0.217112000,-0.528265000,0.367955000
54.863321,NAPKIN_LIFT1_POS_SETTLE,-0.217601000,-0.528257000,0.367948000
54.873618,NAPKIN_LIFT1_POS_SETTLE,-0.218155000,-0.528235000,0.367946000
54.883991,NAPKIN_LIFT1_POS_SETTLE,-0.218656000,-0.528215000,0.367944000
54.894209,NAPKIN_LIFT1_POS_SETTLE,-0.219151000,-0.528193000,0.367925000
54.904396,NAPKIN_LIFT1_POS_SETTLE,-0.219642000,-0.528177000,0.367911000
54.914597,NAPKIN_LIFT1_POS_SETTLE,-0.220186000,-0.528160000,0.367911000
54.924953,NAPKIN_LIFT1_POS_SETTLE,-0.220694000,-0.528138000,0.367926000
54.935142,NAPKIN_LIFT1_POS_SETTLE,-0.221184000,-0.528126000,0.367930000
54.945328,NAPKIN_LIFT1_POS_SETTLE,-0.221659000,-0.528116000,0.367917000
54.955567,NAPKIN_LIFT1_POS_SETTLE,-0.222194000,-0.528096000,0.367912000
54.965951,NAPKIN_LIFT1_POS_SETTLE,-0.222718000,-0.528061000,0.367936000
54.976271,NAPKIN_LIFT1_POS_SETTLE,-0.223222000,-0.528037000,0.367951000
54.986592,NAPKIN_LIFT1_POS_SETTLE,-0.223762000,-0.528021000,0.367960000
54.996917,NAPKIN_LIFT1_POS_SETTLE,-0.224266000,-0.527996000,0.367973000
55.007244,NAPKIN_LIFT1_POS_SETTLE,-0.224780000,-0.527963000,0.367975000
55.017558,NAPKIN_LIFT1_POS_SETTLE,-0.225334000,-0.527939000,0.367985000
55.027905,NAPKIN_LIFT1_POS_SETTLE,-0.225852000,-0.527914000,0.368013000
55.038248,NAPKIN_LIFT1_POS_SETTLE,-0.226368000,-0.527891000,0.368045000
55.048592,NAPKIN_LIFT1_POS_SETTLE,-0.226928000,-0.527866000,0.368067000
55.058928,NAPKIN_LIFT1_POS_SETTLE,-0.227432000,-0.527844000,0.368078000
55.069242,NAPKIN_LIFT1_POS_SETTLE,-0.227943000,-0.527813000,0.368091000
55.079553,NAPKIN_LIFT1_POS_SETTLE,-0.228491000,-0.527786000,0.368117000
55.089844,NAPKIN_LIFT1_POS_SETTLE,-0.229000000,-0.527760000,0.368151000
55.100147,NAPKIN_LIFT1_POS_SETTLE,-0.229509000,-0.527735000,0.368181000
55.110446,NAPKIN_LIFT1_POS_SETTLE,-0.230016000,-0.527705000,0.368214000
55.120742,NAPKIN_LIFT1_POS_SETTLE,-0.230566000,-0.527682000,0.368245000
55.131046,NAPKIN_LIFT1_POS_SETTLE,-0.231061000,-0.527659000,0.368260000
55.141341,NAPKIN_LIFT1_POS_SETTLE,-0.231546000,-0.527640000,0.368274000
55.151654,NAPKIN_LIFT1_POS_SETTLE,-0.232076000,-0.527622000,0.368290000
55.161983,NAPKIN_LIFT1_POS_SETTLE,-0.232585000,-0.527597000,0.368323000
55.172294,NAPKIN_LIFT1_POS_SETTLE,-0.233082000,-0.527575000,0.368331000
55.182588,NAPKIN_LIFT1_POS_SETTLE,-0.233628000,-0.527560000,0.368343000
55.192918,NAPKIN_LIFT1_POS_SETTLE,-0.234142000,-0.527542000,0.368365000
55.203145,NAPKIN_LIFT1_POS_SETTLE,-0.234654000,-0.527523000,0.368375000
55.213435,NAPKIN_LIFT1_POS_SETTLE,-0.235172000,-0.527501000,0.368384000
55.223774,NAPKIN_LIFT1_POS_SETTLE,-0.235732000,-0.527479000,0.368383000
55.234101,NAPKIN_LIFT1_POS_SETTLE,-0.236239000,-0.527462000,0.368389000
55.244393,NAPKIN_LIFT1_POS_SETTLE,-0.236746000,-0.527447000,0.368405000
55.254703,NAPKIN_LIFT1_POS_SETTLE,-0.237310000,-0.527434000,0.368436000
55.265003,NAPKIN_LIFT1_POS_SETTLE,-0.237812000,-0.527418000,0.368441000
55.275294,NAPKIN_LIFT1_POS_SETTLE,-0.238323000,-0.527395000,0.368442000
55.285585,NAPKIN_LIFT1_POS_SETTLE,-0.238880000,-0.527368000,0.368431000
55.295913,NAPKIN_LIFT1_POS_SETTLE,-0.239367000,-0.527354000,0.368402000
55.306207,NAPKIN_LIFT1_POS_SETTLE,-0.239859000,-0.527339000,0.368381000
55.316499,NAPKIN_LIFT1_POS_SETTLE,-0.240377000,-0.527314000,0.368395000
55.326795,NAPKIN_LIFT1_POS_SETTLE,-0.240941000,-0.527288000,0.368393000
55.337088,NAPKIN_LIFT1_POS_SETTLE,-0.241408000,-0.527287000,0.368353000
55.347374,NAPKIN_LIFT1_POS_SETTLE,-0.241888000,-0.527268000,0.368316000
55.357663,NAPKIN_LIFT1_POS_SETTLE,-0.242407000,-0.527258000,0.368271000
55.367964,NAPKIN_LIFT1_POS_SETTLE,-0.242875000,-0.527262000,0.368242000
55.378267,NAPKIN_LIFT1_POS_SETTLE,-0.243363000,-0.527261000,0.368240000
55.388583,NAPKIN_LIFT1_POS_SETTLE,-0.243907000,-0.527251000,0.368233000
55.398898,NAPKIN_LIFT1_POS_SETTLE,-0.244399000,-0.527240000,0.368215000
55.409194,NAPKIN_LIFT1_POS_SETTLE,-0.244879000,-0.527229000,0.368191000
55.419502,NAPKIN_LIFT1_POS_SETTLE,-0.245363000,-0.527220000,0.368182000
55.429779,NAPKIN_LIFT1_POS_SETTLE,-0.245900000,-0.527208000,0.368176000
55.440005,NAPKIN_LIFT1_POS_SETTLE,-0.246383000,-0.527201000,0.368177000
55.450197,NAPKIN_LIFT1_POS_SETTLE,-0.246865000,-0.527194000,0.368180000
55.460358,NAPKIN_LIFT1_POS_SETTLE,-0.247344000,-0.527187000,0.368178000
55.470548,NAPKIN_LIFT1_POS_SETTLE,-0.247871000,-0.527176000,0.368183000
55.480842,NAPKIN_LIFT1_POS_SETTLE,-0.248351000,-0.527164000,0.368193000
55.491137,NAPKIN_LIFT1_POS_SETTLE,-0.248822000,-0.527151000,0.368189000
55.501423,NAPKIN_LIFT1_POS_SETTLE,-0.249299000,-0.527132000,0.368198000
55.511757,NAPKIN_LIFT1_POS_SETTLE,-0.249845000,-0.527107000,0.368227000
55.522084,NAPKIN_LIFT1_POS_SETTLE,-0.250335000,-0.527087000,0.368248000
55.532380,NAPKIN_LIFT1_POS_SETTLE,-0.250823000,-0.527071000,0.368264000
55.542698,NAPKIN_LIFT1_POS_SETTLE,-0.251367000,-0.527045000,0.368276000
55.553019,NAPKIN_LIFT1_POS_SETTLE,-0.251857000,-0.527023000,0.368276000
55.563327,NAPKIN_LIFT1_POS_SETTLE,-0.252350000,-0.527002000,0.368277000
55.573615,NAPKIN_LIFT1_POS_SETTLE,-0.252916000,-0.526974000,0.368302000
55.583933,NAPKIN_LIFT1_POS_SETTLE,-0.253437000,-0.526942000,0.368316000
55.594233,NAPKIN_LIFT1_POS_SETTLE,-0.253957000,-0.526915000,0.368329000
55.604541,NAPKIN_LIFT1_POS_SETTLE,-0.254529000,-0.526883000,0.368336000
55.614841,NAPKIN_LIFT1_POS_SETTLE,-0.255046000,-0.526847000,0.368335000
55.625180,NAPKIN_LIFT1_POS_SETTLE,-0.255584000,-0.526807000,0.368356000
55.635477,NAPKIN_LIFT1_POS_SETTLE,-0.256113000,-0.526766000,0.368370000
55.645799,NAPKIN_LIFT1_POS_SETTLE,-0.256686000,-0.526733000,0.368393000
55.656094,NAPKIN_LIFT1_POS_SETTLE,-0.257205000,-0.526700000,0.368409000
55.666389,NAPKIN_LIFT1_POS_SETTLE,-0.257724000,-0.526665000,0.368411000
55.676679,NAPKIN_LIFT1_POS_SETTLE,-0.258299000,-0.526621000,0.368413000
55.686978,NAPKIN_LIFT1_POS_SETTLE,-0.258831000,-0.526576000,0.368422000
55.697273,NAPKIN_LIFT1_POS_SETTLE,-0.259355000,-0.526539000,0.368441000
55.707543,NAPKIN_LIFT1_POS_SETTLE,-0.259914000,-0.526506000,0.368444000
55.717831,NAPKIN_LIFT1_POS_SETTLE,-0.260419000,-0.526476000,0.368444000
55.728125,NAPKIN_LIFT1_POS_SETTLE,-0.260920000,-0.526440000,0.368431000
55.738413,NAPKIN_LIFT1_POS_SETTLE,-0.261417000,-0.526410000,0.368413000
55.748731,NAPKIN_LIFT1_POS_SETTLE,-0.261972000,-0.526379000,0.368411000
55.759027,NAPKIN_LIFT1_POS_SETTLE,-0.262502000,-0.526345000,0.368434000
55.769330,NAPKIN_LIFT1_POS_SETTLE,-0.263021000,-0.526313000,0.368439000
55.779662,NAPKIN_LIFT1_POS_SETTLE,-0.263580000,-0.526284000,0.368436000
55.789952,NAPKIN_LIFT1_POS_SETTLE,-0.264076000,-0.526261000,0.368432000
55.800252,NAPKIN_LIFT1_POS_SETTLE,-0.264580000,-0.526232000,0.368433000
55.810554,NAPKIN_LIFT1_POS_SETTLE,-0.265130000,-0.526208000,0.368443000
55.820875,NAPKIN_LIFT1_POS_SETTLE,-0.265629000,-0.526192000,0.368460000
55.831193,NAPKIN_LIFT1_POS_SETTLE,-0.266123000,-0.526174000,0.368473000
55.841513,NAPKIN_LIFT1_POS_SETTLE,-0.266606000,-0.526162000,0.368477000
55.851831,NAPKIN_LIFT1_POS_SETTLE,-0.267135000,-0.526146000,0.368474000
55.862154,NAPKIN_LIFT1_POS_SETTLE,-0.267612000,-0.526133000,0.368477000
55.872471,NAPKIN_LIFT1_POS_SETTLE,-0.268084000,-0.526119000,0.368472000
56.143592,NAPKIN_S1_POS,-0.274947000,-0.527533000,0.368367000
56.153540,NAPKIN_S1_POS,-0.274942000,-0.527554000,0.368358000
56.163496,NAPKIN_S1_POS,-0.274840000,-0.527623000,0.368206000
56.173509,NAPKIN_S1_POS,-0.274582000,-0.527797000,0.367881000
56.183484,NAPKIN_S1_POS,-0.274319000,-0.527968000,0.367508000
56.193508,NAPKIN_S1_POS,-0.274202000,-0.528035000,0.367102000
56.203471,NAPKIN_S1_POS,-0.274110000,-0.528095000,0.366597000
56.213606,NAPKIN_S1_POS,-0.274070000,-0.528152000,0.366130000
56.223496,NAPKIN_S1_POS,-0.274089000,-0.528162000,0.365784000
56.233469,NAPKIN_S1_POS,-0.273925000,-0.528239000,0.365138000
56.243485,NAPKIN_S1_POS,-0.273660000,-0.528358000,0.364396000
56.253485,NAPKIN_S1_POS,-0.273481000,-0.528452000,0.363738000
56.263482,NAPKIN_S1_POS,-0.273361000,-0.528533000,0.363181000
56.273482,NAPKIN_S1_POS,-0.273262000,-0.528612000,0.362734000
56.283484,NAPKIN_S1_POS,-0.273180000,-0.528690000,0.362341000
56.293486,NAPKIN_S1_POS,-0.273159000,-0.528725000,0.361958000
56.303478,NAPKIN_S1_POS,-0.273202000,-0.528701000,0.361524000
56.313495,NAPKIN_S1_POS,-0.273284000,-0.528618000,0.361060000
56.323498,NAPKIN_S1_POS,-0.273373000,-0.528526000,0.360592000
56.333512,NAPKIN_S1_POS,-0.273447000,-0.528448000,0.360096000
56.343492,NAPKIN_S1_POS,-0.273518000,-0.528391000,0.359644000
56.353514,NAPKIN_S1_POS,-0.273577000,-0.528361000,0.359206000
56.363486,NAPKIN_S1_POS,-0.273605000,-0.528356000,0.358745000
56.373510,NAPKIN_S1_POS,-0.273630000,-0.528349000,0.358313000
56.383487,NAPKIN_S1_POS,-0.273633000,-0.528355000,0.357866000
56.393525,NAPKIN_S1_POS,-0.273649000,-0.528341000,0.357425000
56.403518,NAPKIN_S1_POS,-0.273697000,-0.528296000,0.357002000
56.413500,NAPKIN_S1_POS,-0.273741000,-0.528244000,0.356549000
56.423512,NAPKIN_S1_POS,-0.273778000,-0.528203000,0.356111000
56.433493,NAPKIN_S1_POS,-0.273827000,-0.528158000,0.355698000
56.443515,NAPKIN_S1_POS,-0.273879000,-0.528128000,0.355295000
56.453489,NAPKIN_S1_POS,-0.273908000,-0.528109000,0.354872000
56.463511,NAPKIN_S1_POS,-0.273928000,-0.528098000,0.354441000
56.473488,NAPKIN_S1_POS,-0.273968000,-0.528071000,0.354022000
56.483513,NAPKIN_S1_POS,-0.274009000,-0.528026000,0.353593000
56.493500,NAPKIN_S1_POS,-0.274043000,-0.527976000,0.353168000
56.503515,NAPKIN_S1_POS,-0.274080000,-0.527924000,0.352745000
56.503602,NAPKIN_S1_POS_SETTLE,-0.274079000,-0.527921000,0.352701000
56.513918,NAPKIN_S1_POS_SETTLE,-0.274115000,-0.527868000,0.352272000
56.524242,NAPKIN_S1_POS_SETTLE,-0.274140000,-0.527834000,0.351829000
56.534553,NAPKIN_S1_POS_SETTLE,-0.274161000,-0.527801000,0.351304000
56.544892,NAPKIN_S1_POS_SETTLE,-0.274213000,-0.527767000,0.350876000
56.555222,NAPKIN_S1_POS_SETTLE,-0.274277000,-0.527730000,0.350466000
56.565538,NAPKIN_S1_POS_SETTLE,-0.274278000,-0.527713000,0.349908000
56.575878,NAPKIN_S1_POS_SETTLE,-0.274261000,-0.527687000,0.349357000
56.586214,NAPKIN_S1_POS_SETTLE,-0.274284000,-0.527655000,0.348883000
56.596530,NAPKIN_S1_POS_SETTLE,-0.274306000,-0.527629000,0.348410000
56.606840,NAPKIN_S1_POS_SETTLE,-0.274297000,-0.527615000,0.347852000
56.617164,NAPKIN_S1_POS_SETTLE,-0.274297000,-0.527608000,0.347360000
56.627473,NAPKIN_S1_POS_SETTLE,-0.274317000,-0.527591000,0.346870000
56.637807,NAPKIN_S1_POS_SETTLE,-0.274325000,-0.527577000,0.346298000
56.648129,NAPKIN_S1_POS_SETTLE,-0.274305000,-0.527578000,0.345757000
56.658439,NAPKIN_S1_POS_SETTLE,-0.274282000,-0.527578000,0.345228000
56.668745,NAPKIN_S1_POS_SETTLE,-0.274263000,-0.527575000,0.344651000
56.679068,NAPKIN_S1_POS_SETTLE,-0.274260000,-0.527570000,0.344150000
56.689376,NAPKIN_S1_POS_SETTLE,-0.274260000,-0.527558000,0.343646000
56.699700,NAPKIN_S1_POS_SETTLE,-0.274252000,-0.527552000,0.343077000
56.710008,NAPKIN_S1_POS_SETTLE,-0.274261000,-0.527535000,0.342563000
56.720340,NAPKIN_S1_POS_SETTLE,-0.274262000,-0.527524000,0.342017000
56.730660,NAPKIN_S1_POS_SETTLE,-0.274265000,-0.527507000,0.341418000
56.740985,NAPKIN_S1_POS_SETTLE,-0.274283000,-0.527485000,0.340907000
56.751280,NAPKIN_S1_POS_SETTLE,-0.274307000,-0.527460000,0.340394000
56.761591,NAPKIN_S1_POS_SETTLE,-0.274308000,-0.527447000,0.339817000
56.771921,NAPKIN_S1_POS_SETTLE,-0.274328000,-0.527423000,0.339317000
56.782234,NAPKIN_S1_POS_SETTLE,-0.274347000,-0.527403000,0.338796000
56.792548,NAPKIN_S1_POS_SETTLE,-0.274348000,-0.527389000,0.338189000
56.802881,NAPKIN_S1_POS_SETTLE,-0.274365000,-0.527371000,0.337675000
56.813209,NAPKIN_S1_POS_SETTLE,-0.274385000,-0.527354000,0.337155000
56.823524,NAPKIN_S1_POS_SETTLE,-0.274393000,-0.527352000,0.336653000
56.833831,NAPKIN_S1_POS_SETTLE,-0.274403000,-0.527347000,0.336099000
56.844142,NAPKIN_S1_POS_SETTLE,-0.274406000,-0.527346000,0.335590000
56.854449,NAPKIN_S1_POS_SETTLE,-0.274405000,-0.527339000,0.335077000
56.864770,NAPKIN_S1_POS_SETTLE,-0.274409000,-0.527334000,0.334511000
56.875098,NAPKIN_S1_POS_SETTLE,-0.274407000,-0.527329000,0.333991000
56.885400,NAPKIN_S1_POS_SETTLE,-0.274401000,-0.527330000,0.333488000
56.895722,NAPKIN_S1_POS_SETTLE,-0.274408000,-0.527328000,0.332931000
56.906001,NAPKIN_S1_POS_SETTLE,-0.274411000,-0.527329000,0.332429000
56.916322,NAPKIN_S1_POS_SETTLE,-0.274443000,-0.527322000,0.331953000
56.926633,NAPKIN_S1_POS_SETTLE,-0.274465000,-0.527313000,0.331415000
56.936981,NAPKIN_S1_POS_SETTLE,-0.274477000,-0.527310000,0.330916000
56.947278,NAPKIN_S1_POS_SETTLE,-0.274499000,-0.527297000,0.330419000
56.957607,NAPKIN_S1_POS_SETTLE,-0.274502000,-0.527288000,0.329831000
56.967946,NAPKIN_S1_POS_SETTLE,-0.274510000,-0.527280000,0.329327000
56.978268,NAPKIN_S1_POS_SETTLE,-0.274539000,-0.527272000,0.328845000
56.988590,NAPKIN_S1_POS_SETTLE,-0.274550000,-0.527269000,0.328296000
56.998919,NAPKIN_S1_POS_SETTLE,-0.274554000,-0.527267000,0.327797000
57.009230,NAPKIN_S1_POS_SETTLE,-0.274565000,-0.527256000,0.327288000
57.019532,NAPKIN_S1_POS_SETTLE,-0.274567000,-0.527247000,0.326770000
57.029851,NAPKIN_S1_POS_SETTLE,-0.274572000,-0.527232000,0.326212000
57.040179,NAPKIN_S1_POS_SETTLE,-0.274590000,-0.527211000,0.325718000
57.050480,NAPKIN_S1_POS_SETTLE,-0.274599000,-0.527196000,0.325222000
57.060786,NAPKIN_S1_POS_SETTLE,-0.274616000,-0.527181000,0.324701000
57.071092,NAPKIN_S1_POS_SETTLE,-0.274636000,-0.527165000,0.324223000
57.081397,NAPKIN_S1_POS_SETTLE,-0.274655000,-0.527145000,0.323737000
57.091728,NAPKIN_S1_POS_SETTLE,-0.274687000,-0.527127000,0.323231000
57.102032,NAPKIN_S1_POS_SETTLE,-0.274731000,-0.527095000,0.322768000
57.112331,NAPKIN_S1_POS_SETTLE,-0.274762000,-0.527069000,0.322294000
57.122633,NAPKIN_S1_POS_SETTLE,-0.274800000,-0.527041000,0.321778000
57.133092,NAPKIN_S1_POS_SETTLE,-0.274825000,-0.527012000,0.321279000
57.143384,NAPKIN_S1_POS_SETTLE,-0.274855000,-0.526983000,0.320798000
57.153719,NAPKIN_S1_POS_SETTLE,-0.274903000,-0.526951000,0.320297000
57.164023,NAPKIN_S1_POS_SETTLE,-0.274920000,-0.526932000,0.319816000
57.174316,NAPKIN_S1_POS_SETTLE,-0.274931000,-0.526918000,0.319342000
57.184622,NAPKIN_S1_POS_SETTLE,-0.274962000,-0.526894000,0.318842000
57.194963,NAPKIN_S1_POS_SETTLE,-0.274972000,-0.526874000,0.318363000
57.205268,NAPKIN_S1_POS_SETTLE,-0.274977000,-0.526851000,0.317877000
57.215667,NAPKIN_S1_POS_SETTLE,-0.274994000,-0.526829000,0.317380000
57.226056,NAPKIN_S1_POS_SETTLE,-0.275034000,-0.526802000,0.316953000
57.236385,NAPKIN_S1_POS_SETTLE,-0.275044000,-0.526786000,0.316489000
57.246731,NAPKIN_S1_POS_SETTLE,-0.275033000,-0.526772000,0.315946000
57.257068,NAPKIN_S1_POS_SETTLE,-0.275033000,-0.526754000,0.315456000
57.267393,NAPKIN_S1_POS_SETTLE,-0.275043000,-0.526738000,0.314980000
57.277706,NAPKIN_S1_POS_SETTLE,-0.275075000,-0.526711000,0.314475000
57.287933,NAPKIN_S1_POS_SETTLE,-0.275086000,-0.526697000,0.313992000
57.298117,NAPKIN_S1_POS_SETTLE,-0.275085000,-0.526684000,0.313486000
57.308302,NAPKIN_S1_POS_SETTLE,-0.275074000,-0.526674000,0.312952000
57.318508,NAPKIN_S1_POS_SETTLE,-0.275092000,-0.526654000,0.312400000
57.328700,NAPKIN_S1_POS_SETTLE,-0.275089000,-0.526646000,0.311890000
57.338943,NAPKIN_S1_POS_SETTLE,-0.275079000,-0.526644000,0.311353000
57.349371,NAPKIN_S1_POS_SETTLE,-0.275072000,-0.526645000,0.310834000
57.359703,NAPKIN_S1_POS_SETTLE,-0.275099000,-0.526634000,0.310307000
57.370025,NAPKIN_S1_POS_SETTLE,-0.275089000,-0.526630000,0.309765000
57.380339,NAPKIN_S1_POS_SETTLE,-0.275043000,-0.526642000,0.309193000
57.390654,NAPKIN_S1_POS_SETTLE,-0.275029000,-0.526646000,0.308615000
57.400989,NAPKIN_S1_POS_SETTLE,-0.275033000,-0.526638000,0.308091000
57.411289,NAPKIN_S1_POS_SETTLE,-0.275025000,-0.526636000,0.307563000
57.421599,NAPKIN_S1_POS_SETTLE,-0.275008000,-0.526638000,0.306975000
57.431926,NAPKIN_S1_POS_SETTLE,-0.274999000,-0.526638000,0.306443000
57.442237,NAPKIN_S1_POS_SETTLE,-0.274990000,-0.526632000,0.305904000
57.452539,NAPKIN_S1_POS_SETTLE,-0.274966000,-0.526627000,0.305301000
57.462865,NAPKIN_S1_POS_SETTLE,-0.274948000,-0.526627000,0.304763000
57.473171,NAPKIN_S1_POS_SETTLE,-0.274936000,-0.526624000,0.304236000
57.744262,NAPKIN_S2_POS_STROKE1,-0.275368000,-0.526713000,0.293791000
57.754252,NAPKIN_S2_POS_STROKE1,-0.275548000,-0.526739000,0.293991000
57.764223,NAPKIN_S2_POS_STROKE1,-0.275549000,-0.526814000,0.293953000
57.774241,NAPKIN_S2_POS_STROKE1,-0.275285000,-0.526970000,0.293583000
57.784221,NAPKIN_S2_POS_STROKE1,-0.275123000,-0.527143000,0.293449000
57.794241,NAPKIN_S2_POS_STROKE1,-0.275300000,-0.527222000,0.293701000
57.804218,NAPKIN_S2_POS_STROKE1,-0.275348000,-0.527363000,0.293772000
57.814236,NAPKIN_S2_POS_STROKE1,-0.274968000,-0.527811000,0.293544000
57.824224,NAPKIN_S2_POS_STROKE1,-0.274553000,-0.528337000,0.293302000
57.834238,NAPKIN_S2_POS_STROKE1,-0.274303000,-0.528867000,0.293284000
57.844214,NAPKIN_S2_POS_STROKE1,-0.274196000,-0.529373000,0.293456000
57.854238,NAPKIN_S2_POS_STROKE1,-0.274146000,-0.529875000,0.293706000
57.864216,NAPKIN_S2_POS_STROKE1,-0.274102000,-0.530382000,0.293917000
57.874234,NAPKIN_S2_POS_STROKE1,-0.274083000,-0.530836000,0.294009000
57.884213,NAPKIN_S2_POS_STROKE1,-0.274083000,-0.531261000,0.294011000
57.894233,NAPKIN_S2_POS_STROKE1,-0.274067000,-0.531696000,0.293941000
57.904213,NAPKIN_S2_POS_STROKE1,-0.274022000,-0.532144000,0.293839000
57.914234,NAPKIN_S2_POS_STROKE1,-0.273947000,-0.532638000,0.293764000
57.924257,NAPKIN_S2_POS_STROKE1,-0.273887000,-0.533149000,0.293725000
57.934243,NAPKIN_S2_POS_STROKE1,-0.273826000,-0.533672000,0.293697000
57.944244,NAPKIN_S2_POS_STROKE1,-0.273768000,-0.534190000,0.293669000
57.954225,NAPKIN_S2_POS_STROKE1,-0.273693000,-0.534713000,0.293625000
57.964236,NAPKIN_S2_POS_STROKE1,-0.273642000,-0.535222000,0.293579000
57.974225,NAPKIN_S2_POS_STROKE1,-0.273642000,-0.535700000,0.293541000
57.984237,NAPKIN_S2_POS_STROKE1,-0.273659000,-0.536177000,0.293505000
57.994249,NAPKIN_S2_POS_STROKE1,-0.273666000,-0.536665000,0.293463000
58.004253,NAPKIN_S2_POS_STROKE1,-0.273653000,-0.537167000,0.293397000
58.014236,NAPKIN_S2_POS_STROKE1,-0.273636000,-0.537688000,0.293347000
58.024235,NAPKIN_S2_POS_STROKE1,-0.273610000,-0.538226000,0.293313000
58.024321,NAPKIN_S2_POS_STROKE1_SETTLE,-0.273610000,-0.538226000,0.293313000
58.034624,NAPKIN_S2_POS_STROKE1_SETTLE,-0.273572000,-0.538818000,0.293252000
58.044975,NAPKIN_S2_POS_STROKE1_SETTLE,-0.273543000,-0.539357000,0.293215000
58.055291,NAPKIN_S2_POS_STROKE1_SETTLE,-0.273526000,-0.539880000,0.293182000
58.065603,NAPKIN_S2_POS_STROKE1_SETTLE,-0.273527000,-0.540452000,0.293169000
58.075937,NAPKIN_S2_POS_STROKE1_SETTLE,-0.273539000,-0.540974000,0.293175000
58.086267,NAPKIN_S2_POS_STROKE1_SETTLE,-0.273563000,-0.541492000,0.293197000
58.096597,NAPKIN_S2_POS_STROKE1_SETTLE,-0.273569000,-0.542073000,0.293192000
58.106927,NAPKIN_S2_POS_STROKE1_SETTLE,-0.273593000,-0.542580000,0.293173000
58.117249,NAPKIN_S2_POS_STROKE1_SETTLE,-0.273586000,-0.543100000,0.293140000
58.127552,NAPKIN_S2_POS_STROKE1_SETTLE,-0.273567000,-0.543672000,0.293103000
58.137871,NAPKIN_S2_POS_STROKE1_SETTLE,-0.273538000,-0.544202000,0.293086000
58.148191,NAPKIN_S2_POS_STROKE1_SETTLE,-0.273552000,-0.544707000,0.293113000
58.158497,NAPKIN_S2_POS_STROKE1_SETTLE,-0.273561000,-0.545207000,0.293127000
58.168798,NAPKIN_S2_POS_STROKE1_SETTLE,-0.273589000,-0.545762000,0.293174000
58.179076,NAPKIN_S2_POS_STROKE1_SETTLE,-0.273611000,-0.546250000,0.293192000
58.189405,NAPKIN_S2_POS_STROKE1_SETTLE,-0.273634000,-0.546732000,0.293190000
58.199744,NAPKIN_S2_POS_STROKE1_SETTLE,-0.273631000,-0.547274000,0.293161000
58.210073,NAPKIN_S2_POS_STROKE1_SETTLE,-0.273629000,-0.547750000,0.293115000
58.220476,NAPKIN_S2_POS_STROKE1_SETTLE,-0.273613000,-0.548237000,0.293064000
58.230846,NAPKIN_S2_POS_STROKE1_SETTLE,-0.273599000,-0.548774000,0.293032000
58.241179,NAPKIN_S2_POS_STROKE1_SETTLE,-0.273614000,-0.549237000,0.293014000
58.251513,NAPKIN_S2_POS_STROKE1_SETTLE,-0.273640000,-0.549698000,0.292998000
58.261835,NAPKIN_S2_POS_STROKE1_SETTLE,-0.273681000,-0.550193000,0.292971000
58.272167,NAPKIN_S2_POS_STROKE1_SETTLE,-0.273730000,-0.550638000,0.292954000
58.282483,NAPKIN_S2_POS_STROKE1_SETTLE,-0.273785000,-0.551081000,0.292930000
58.292801,NAPKIN_S2_POS_STROKE1_SETTLE,-0.273831000,-0.551581000,0.292889000
58.303142,NAPKIN_S2_POS_STROKE1_SETTLE,-0.273866000,-0.552040000,0.292845000
58.313466,NAPKIN_S2_POS_STROKE1_SETTLE,-0.273906000,-0.552503000,0.292824000
58.323813,NAPKIN_S2_POS_STROKE1_SETTLE,-0.273927000,-0.553036000,0.292798000
58.334139,NAPKIN_S2_POS_STROKE1_SETTLE,-0.273944000,-0.553518000,0.292774000
58.344464,NAPKIN_S2_POS_STROKE1_SETTLE,-0.273936000,-0.554021000,0.292753000
58.354814,NAPKIN_S2_POS_STROKE1_SETTLE,-0.273935000,-0.554577000,0.292747000
58.365137,NAPKIN_S2_POS_STROKE1_SETTLE,-0.273951000,-0.555073000,0.292745000
58.375449,NAPKIN_S2_POS_STROKE1_SETTLE,-0.273978000,-0.555567000,0.292772000
58.385770,NAPKIN_S2_POS_STROKE1_SETTLE,-0.273998000,-0.556132000,0.292812000
58.396076,NAPKIN_S2_POS_STROKE1_SETTLE,-0.274014000,-0.556630000,0.292824000
58.406383,NAPKIN_S2_POS_STROKE1_SETTLE,-0.273983000,-0.557155000,0.292809000
58.416675,NAPKIN_S2_POS_STROKE1_SETTLE,-0.273966000,-0.557729000,0.292810000
58.426999,NAPKIN_S2_POS_STROKE1_SETTLE,-0.273954000,-0.558240000,0.292812000
58.437313,NAPKIN_S2_POS_STROKE1_SETTLE,-0.273909000,-0.558778000,0.292806000
58.447616,NAPKIN_S2_POS_STROKE1_SETTLE,-0.273857000,-0.559366000,0.292785000
58.457962,NAPKIN_S2_POS_STROKE1_SETTLE,-0.273817000,-0.559903000,0.292781000
58.468262,NAPKIN_S2_POS_STROKE1_SETTLE,-0.273781000,-0.560432000,0.292787000
58.478564,NAPKIN_S2_POS_STROKE1_SETTLE,-0.273769000,-0.561011000,0.292803000
58.488886,NAPKIN_S2_POS_STROKE1_SETTLE,-0.273789000,-0.561504000,0.292816000
58.499196,NAPKIN_S2_POS_STROKE1_SETTLE,-0.273824000,-0.561997000,0.292850000
58.509512,NAPKIN_S2_POS_STROKE1_SETTLE,-0.273835000,-0.562493000,0.292862000
58.519826,NAPKIN_S2_POS_STROKE1_SETTLE,-0.273872000,-0.563008000,0.292870000
58.530137,NAPKIN_S2_POS_STROKE1_SETTLE,-0.273913000,-0.563469000,0.292879000
58.540457,NAPKIN_S2_POS_STROKE1_SETTLE,-0.273947000,-0.563930000,0.292881000
58.550771,NAPKIN_S2_POS_STROKE1_SETTLE,-0.273966000,-0.564436000,0.292869000
58.561087,NAPKIN_S2_POS_STROKE1_SETTLE,-0.273966000,-0.564915000,0.292868000
58.571401,NAPKIN_S2_POS_STROKE1_SETTLE,-0.274004000,-0.565364000,0.292877000
58.581766,NAPKIN_S2_POS_STROKE1_SETTLE,-0.274039000,-0.565847000,0.292867000
58.592088,NAPKIN_S2_POS_STROKE1_SETTLE,-0.274067000,-0.566295000,0.292869000
58.602398,NAPKIN_S2_POS_STROKE1_SETTLE,-0.274096000,-0.566748000,0.292890000
58.612735,NAPKIN_S2_POS_STROKE1_SETTLE,-0.274119000,-0.567253000,0.292906000
58.623056,NAPKIN_S2_POS_STROKE1_SETTLE,-0.274152000,-0.567706000,0.292924000
58.633459,NAPKIN_S2_POS_STROKE1_SETTLE,-0.274191000,-0.568171000,0.292963000
58.643774,NAPKIN_S2_POS_STROKE1_SETTLE,-0.274231000,-0.568684000,0.292998000
58.654098,NAPKIN_S2_POS_STROKE1_SETTLE,-0.274271000,-0.569151000,0.293013000
58.664403,NAPKIN_S2_POS_STROKE1_SETTLE,-0.274275000,-0.569649000,0.293021000
58.674741,NAPKIN_S2_POS_STROKE1_SETTLE,-0.274286000,-0.570189000,0.293023000
58.685045,NAPKIN_S2_POS_STROKE1_SETTLE,-0.274289000,-0.570684000,0.293008000
58.695352,NAPKIN_S2_POS_STROKE1_SETTLE,-0.274290000,-0.571191000,0.293002000
58.705666,NAPKIN_S2_POS_STROKE1_SETTLE,-0.274315000,-0.571737000,0.293005000
58.716012,NAPKIN_S2_POS_STROKE1_SETTLE,-0.274317000,-0.572242000,0.292999000
58.726322,NAPKIN_S2_POS_STROKE1_SETTLE,-0.274319000,-0.572752000,0.293001000
58.736655,NAPKIN_S2_POS_STROKE1_SETTLE,-0.274345000,-0.573293000,0.293005000
58.746975,NAPKIN_S2_POS_STROKE1_SETTLE,-0.274373000,-0.573784000,0.293011000
58.757304,NAPKIN_S2_POS_STROKE1_SETTLE,-0.274389000,-0.574285000,0.293020000
59.028417,NAPKIN_S1_POS_STROKE1,-0.274265000,-0.584658000,0.292118000
59.038375,NAPKIN_S1_POS_STROKE1,-0.274295000,-0.584724000,0.292196000
59.048347,NAPKIN_S1_POS_STROKE1,-0.274181000,-0.584841000,0.292105000
59.058364,NAPKIN_S1_POS_STROKE1,-0.273875000,-0.585020000,0.291780000
59.068330,NAPKIN_S1_POS_STROKE1,-0.273504000,-0.585172000,0.291329000
59.078355,NAPKIN_S1_POS_STROKE1,-0.273194000,-0.585283000,0.290992000
59.088324,NAPKIN_S1_POS_STROKE1,-0.273292000,-0.585197000,0.291057000
59.098356,NAPKIN_S1_POS_STROKE1,-0.273492000,-0.584996000,0.291109000
59.108324,NAPKIN_S1_POS_STROKE1,-0.273257000,-0.584875000,0.290648000
59.118353,NAPKIN_S1_POS_STROKE1,-0.272782000,-0.584807000,0.290025000
59.128340,NAPKIN_S1_POS_STROKE1,-0.272490000,-0.584683000,0.289728000
59.138345,NAPKIN_S1_POS_STROKE1,-0.272443000,-0.584446000,0.289716000
59.148342,NAPKIN_S1_POS_STROKE1,-0.272407000,-0.584151000,0.289718000
59.158348,NAPKIN_S1_POS_STROKE1,-0.272321000,-0.583865000,0.289735000
59.168345,NAPKIN_S1_POS_STROKE1,-0.272294000,-0.583528000,0.289784000
59.178327,NAPKIN_S1_POS_STROKE1,-0.272344000,-0.583125000,0.289856000
59.188348,NAPKIN_S1_POS_STROKE1,-0.272439000,-0.582661000,0.289898000
59.198328,NAPKIN_S1_POS_STROKE1,-0.272542000,-0.582166000,0.289918000
59.208349,NAPKIN_S1_POS_STROKE1,-0.272664000,-0.581649000,0.289957000
59.218317,NAPKIN_S1_POS_STROKE1,-0.272799000,-0.581122000,0.290017000
59.228413,NAPKIN_S1_POS_STROKE1,-0.272909000,-0.580598000,0.290075000
59.238434,NAPKIN_S1_POS_STROKE1,-0.272947000,-0.580121000,0.290137000
59.248335,NAPKIN_S1_POS_STROKE1,-0.272960000,-0.579646000,0.290197000
59.258349,NAPKIN_S1_POS_STROKE1,-0.272961000,-0.579175000,0.290240000
59.268314,NAPKIN_S1_POS_STROKE1,-0.272989000,-0.578694000,0.290298000
59.278365,NAPKIN_S1_POS_STROKE1,-0.273029000,-0.578188000,0.290349000
59.288318,NAPKIN_S1_POS_STROKE1,-0.273079000,-0.577675000,0.290412000
59.298359,NAPKIN_S1_POS_STROKE1,-0.273152000,-0.577190000,0.290488000
59.308316,NAPKIN_S1_POS_STROKE1,-0.273268000,-0.576592000,0.290601000
59.318353,NAPKIN_S1_POS_STROKE1,-0.273361000,-0.576047000,0.290669000
59.318439,NAPKIN_S1_POS_STROKE1_SETTLE,-0.273361000,-0.576047000,0.290669000
59.328763,NAPKIN_S1_POS_STROKE1_SETTLE,-0.273448000,-0.575454000,0.290721000
59.339232,NAPKIN_S1_POS_STROKE1_SETTLE,-0.273520000,-0.574917000,0.290772000
59.349559,NAPKIN_S1_POS_STROKE1_SETTLE,-0.273594000,-0.574311000,0.290789000
59.359863,NAPKIN_S1_POS_STROKE1_SETTLE,-0.273636000,-0.573771000,0.290803000
59.370168,NAPKIN_S1_POS_STROKE1_SETTLE,-0.273690000,-0.573222000,0.290836000
59.380484,NAPKIN_S1_POS_STROKE1_SETTLE,-0.273757000,-0.572668000,0.290891000
59.390804,NAPKIN_S1_POS_STROKE1_SETTLE,-0.273811000,-0.572060000,0.290938000
59.401122,NAPKIN_S1_POS_STROKE1_SETTLE,-0.273855000,-0.571517000,0.290988000
59.411420,NAPKIN_S1_POS_STROKE1_SETTLE,-0.273907000,-0.570974000,0.291050000
59.421763,NAPKIN_S1_POS_STROKE1_SETTLE,-0.273985000,-0.570359000,0.291101000
59.432077,NAPKIN_S1_POS_STROKE1_SETTLE,-0.274060000,-0.569799000,0.291142000
59.442388,NAPKIN_S1_POS_STROKE1_SETTLE,-0.274130000,-0.569239000,0.291180000
59.452721,NAPKIN_S1_POS_STROKE1_SETTLE,-0.274183000,-0.568634000,0.291208000
59.463032,NAPKIN_S1_POS_STROKE1_SETTLE,-0.274202000,-0.568096000,0.291221000
59.473334,NAPKIN_S1_POS_STROKE1_SETTLE,-0.274217000,-0.567568000,0.291236000
59.483648,NAPKIN_S1_POS_STROKE1_SETTLE,-0.274237000,-0.566995000,0.291260000
59.493986,NAPKIN_S1_POS_STROKE1_SETTLE,-0.274256000,-0.566486000,0.291293000
59.504306,NAPKIN_S1_POS_STROKE1_SETTLE,-0.274266000,-0.565994000,0.291334000
59.514614,NAPKIN_S1_POS_STROKE1_SETTLE,-0.274289000,-0.565451000,0.291366000
59.524947,NAPKIN_S1_POS_STROKE1_SETTLE,-0.274321000,-0.564962000,0.291413000
59.535257,NAPKIN_S1_POS_STROKE1_SETTLE,-0.274351000,-0.564485000,0.291460000
59.545560,NAPKIN_S1_POS_STROKE1_SETTLE,-0.274377000,-0.563958000,0.291512000
59.555883,NAPKIN_S1_POS_STROKE1_SETTLE,-0.274382000,-0.563498000,0.291551000
59.566193,NAPKIN_S1_POS_STROKE1_SETTLE,-0.274377000,-0.563042000,0.291589000
59.576487,NAPKIN_S1_POS_STROKE1_SETTLE,-0.274384000,-0.562576000,0.291619000
59.586789,NAPKIN_S1_POS_STROKE1_SETTLE,-0.274388000,-0.562060000,0.291643000
59.597100,NAPKIN_S1_POS_STROKE1_SETTLE,-0.274405000,-0.561583000,0.291673000
59.607399,NAPKIN_S1_POS_STROKE1_SETTLE,-0.274420000,-0.561098000,0.291682000
59.617741,NAPKIN_S1_POS_STROKE1_SETTLE,-0.274418000,-0.560561000,0.291670000
59.628050,NAPKIN_S1_POS_STROKE1_SETTLE,-0.274410000,-0.560070000,0.291661000
59.638353,NAPKIN_S1_POS_STROKE1_SETTLE,-0.274401000,-0.559572000,0.291651000
59.648676,NAPKIN_S1_POS_STROKE1_SETTLE,-0.274383000,-0.559021000,0.291629000
59.659028,NAPKIN_S1_POS_STROKE1_SETTLE,-0.274353000,-0.558533000,0.291611000
59.669361,NAPKIN_S1_POS_STROKE1_SETTLE,-0.274337000,-0.558043000,0.291606000
59.679685,NAPKIN_S1_POS_STROKE1_SETTLE,-0.274330000,-0.557483000,0.291585000
59.689956,NAPKIN_S1_POS_STROKE1_SETTLE,-0.274346000,-0.556970000,0.291584000
59.700273,NAPKIN_S1_POS_STROKE1_SETTLE,-0.274365000,-0.556448000,0.291580000
59.710540,NAPKIN_S1_POS_STROKE1_SETTLE,-0.274374000,-0.555875000,0.291558000
59.720846,NAPKIN_S1_POS_STROKE1_SETTLE,-0.274372000,-0.555358000,0.291535000
59.731171,NAPKIN_S1_POS_STROKE1_SETTLE,-0.274386000,-0.554827000,0.291519000
59.741483,NAPKIN_S1_POS_STROKE1_SETTLE,-0.274399000,-0.554295000,0.291505000
59.751800,NAPKIN_S1_POS_STROKE1_SETTLE,-0.274414000,-0.553714000,0.291488000
59.762110,NAPKIN_S1_POS_STROKE1_SETTLE,-0.274443000,-0.553183000,0.291477000
59.772414,NAPKIN_S1_POS_STROKE1_SETTLE,-0.274475000,-0.552646000,0.291457000
59.782741,NAPKIN_S1_POS_STROKE1_SETTLE,-0.274500000,-0.552068000,0.291437000
59.793058,NAPKIN_S1_POS_STROKE1_SETTLE,-0.274526000,-0.551548000,0.291424000
59.803358,NAPKIN_S1_POS_STROKE1_SETTLE,-0.274558000,-0.551026000,0.291422000
59.813678,NAPKIN_S1_POS_STROKE1_SETTLE,-0.274567000,-0.550484000,0.291426000
59.824020,NAPKIN_S1_POS_STROKE1_SETTLE,-0.274560000,-0.550001000,0.291409000
59.834332,NAPKIN_S1_POS_STROKE1_SETTLE,-0.274557000,-0.549525000,0.291416000
59.844647,NAPKIN_S1_POS_STROKE1_SETTLE,-0.274552000,-0.549020000,0.291452000
59.854942,NAPKIN_S1_POS_STROKE1_SETTLE,-0.274542000,-0.548559000,0.291475000
59.865246,NAPKIN_S1_POS_STROKE1_SETTLE,-0.274553000,-0.548082000,0.291500000
59.875549,NAPKIN_S1_POS_STROKE1_SETTLE,-0.274591000,-0.547552000,0.291559000
59.885858,NAPKIN_S1_POS_STROKE1_SETTLE,-0.274609000,-0.547075000,0.291597000
59.896163,NAPKIN_S1_POS_STROKE1_SETTLE,-0.274618000,-0.546598000,0.291629000
59.906483,NAPKIN_S1_POS_STROKE1_SETTLE,-0.274635000,-0.546105000,0.291661000
59.916809,NAPKIN_S1_POS_STROKE1_SETTLE,-0.274659000,-0.545559000,0.291688000
59.927132,NAPKIN_S1_POS_STROKE1_SETTLE,-0.274690000,-0.545054000,0.291714000
59.937440,NAPKIN_S1_POS_STROKE1_SETTLE,-0.274716000,-0.544542000,0.291736000
59.947783,NAPKIN_S1_POS_STROKE1_SETTLE,-0.274741000,-0.543981000,0.291748000
59.958103,NAPKIN_S1_POS_STROKE1_SETTLE,-0.274764000,-0.543459000,0.291737000
59.968412,NAPKIN_S1_POS_STROKE1_SETTLE,-0.274804000,-0.542923000,0.291738000
59.978721,NAPKIN_S1_POS_STROKE1_SETTLE,-0.274826000,-0.542354000,0.291725000
59.989003,NAPKIN_S1_POS_STROKE1_SETTLE,-0.274848000,-0.541833000,0.291712000
59.999318,NAPKIN_S1_POS_STROKE1_SETTLE,-0.274879000,-0.541299000,0.291705000
60.009638,NAPKIN_S1_POS_STROKE1_SETTLE,-0.274918000,-0.540721000,0.291708000
60.019948,NAPKIN_S1_POS_STROKE1_SETTLE,-0.274960000,-0.540183000,0.291706000
60.030270,NAPKIN_S1_POS_STROKE1_SETTLE,-0.275002000,-0.539652000,0.291719000
60.040553,NAPKIN_S1_POS_STROKE1_SETTLE,-0.275024000,-0.539076000,0.291698000
60.050867,NAPKIN_S1_POS_STROKE1_SETTLE,-0.275052000,-0.538551000,0.291700000
60.061183,NAPKIN_S1_POS_STROKE1_SETTLE,-0.275102000,-0.538024000,0.291717000
60.071511,NAPKIN_S1_POS_STROKE1_SETTLE,-0.275150000,-0.537485000,0.291725000
60.081810,NAPKIN_S1_POS_STROKE1_SETTLE,-0.275207000,-0.536905000,0.291736000
60.092117,NAPKIN_S1_POS_STROKE1_SETTLE,-0.275249000,-0.536370000,0.291727000
60.102442,NAPKIN_S1_POS_STROKE1_SETTLE,-0.275288000,-0.535840000,0.291709000
60.112772,NAPKIN_S1_POS_STROKE1_SETTLE,-0.275329000,-0.535274000,0.291706000
60.123089,NAPKIN_S1_POS_STROKE1_SETTLE,-0.275337000,-0.534770000,0.291689000
60.394197,NAPKIN_S2_POS_STROKE2,-0.275354000,-0.527687000,0.292494000
60.404146,NAPKIN_S2_POS_STROKE2,-0.275354000,-0.527686000,0.292497000
60.414148,NAPKIN_S2_POS_STROKE2,-0.275250000,-0.527734000,0.292381000
60.424140,NAPKIN_S2_POS_STROKE2,-0.275002000,-0.527865000,0.292098000
60.434149,NAPKIN_S2_POS_STROKE2,-0.274890000,-0.527992000,0.292010000
60.444137,NAPKIN_S2_POS_STROKE2,-0.275107000,-0.528055000,0.292319000
60.454148,NAPKIN_S2_POS_STROKE2,-0.275180000,-0.528248000,0.292495000
60.464136,NAPKIN_S2_POS_STROKE2,-0.274898000,-0.528624000,0.292310000
60.474140,NAPKIN_S2_POS_STROKE2,-0.274568000,-0.529067000,0.292100000
60.484134,NAPKIN_S2_POS_STROKE2,-0.274383000,-0.529501000,0.292091000
60.494141,NAPKIN_S2_POS_STROKE2,-0.274289000,-0.529936000,0.292222000
60.504140,NAPKIN_S2_POS_STROKE2,-0.274189000,-0.530420000,0.292382000
60.514141,NAPKIN_S2_POS_STROKE2,-0.274127000,-0.530909000,0.292556000
60.524116,NAPKIN_S2_POS_STROKE2,-0.274103000,-0.531373000,0.292667000
60.534126,NAPKIN_S2_POS_STROKE2,-0.274103000,-0.531804000,0.292692000
60.544139,NAPKIN_S2_POS_STROKE2,-0.274084000,-0.532222000,0.292642000
60.554148,NAPKIN_S2_POS_STROKE2,-0.274050000,-0.532648000,0.292592000
60.564144,NAPKIN_S2_POS_STROKE2,-0.274007000,-0.533091000,0.292576000
60.574128,NAPKIN_S2_POS_STROKE2,-0.273969000,-0.533554000,0.292589000
60.584142,NAPKIN_S2_POS_STROKE2,-0.273907000,-0.534045000,0.292610000
60.594125,NAPKIN_S2_POS_STROKE2,-0.273841000,-0.534553000,0.292630000
60.604142,NAPKIN_S2_POS_STROKE2,-0.273784000,-0.535058000,0.292642000
60.614128,NAPKIN_S2_POS_STROKE2,-0.273722000,-0.535584000,0.292643000
60.624139,NAPKIN_S2_POS_STROKE2,-0.273702000,-0.536080000,0.292629000
60.634125,NAPKIN_S2_POS_STROKE2,-0.273694000,-0.536563000,0.292596000
60.644150,NAPKIN_S2_POS_STROKE2,-0.273678000,-0.537063000,0.292574000
60.654135,NAPKIN_S2_POS_STROKE2,-0.273682000,-0.537554000,0.292559000
60.664146,NAPKIN_S2_POS_STROKE2,-0.273687000,-0.538003000,0.292561000
60.664225,NAPKIN_S2_POS_STROKE2_SETTLE,-0.273687000,-0.538003000,0.292561000
60.674505,NAPKIN_S2_POS_STROKE2_SETTLE,-0.273684000,-0.538567000,0.292556000
60.684784,NAPKIN_S2_POS_STROKE2_SETTLE,-0.273677000,-0.539150000,0.292565000
60.695072,NAPKIN_S2_POS_STROKE2_SETTLE,-0.273681000,-0.539664000,0.292562000
60.705354,NAPKIN_S2_POS_STROKE2_SETTLE,-0.273687000,-0.540177000,0.292549000
60.715653,NAPKIN_S2_POS_STROKE2_SETTLE,-0.273691000,-0.540736000,0.292520000
60.725968,NAPKIN_S2_POS_STROKE2_SETTLE,-0.273689000,-0.541247000,0.292491000
60.736265,NAPKIN_S2_POS_STROKE2_SETTLE,-0.273681000,-0.541748000,0.292448000
60.746589,NAPKIN_S2_POS_STROKE2_SETTLE,-0.273665000,-0.542307000,0.292402000
60.756936,NAPKIN_S2_POS_STROKE2_SETTLE,-0.273654000,-0.542816000,0.292370000
60.767261,NAPKIN_S2_POS_STROKE2_SETTLE,-0.273642000,-0.543321000,0.292334000
60.777581,NAPKIN_S2_POS_STROKE2_SETTLE,-0.273623000,-0.543895000,0.292310000
60.787887,NAPKIN_S2_POS_STROKE2_SETTLE,-0.273635000,-0.544397000,0.292311000
60.798195,NAPKIN_S2_POS_STROKE2_SETTLE,-0.273648000,-0.544891000,0.292313000
60.808496,NAPKIN_S2_POS_STROKE2_SETTLE,-0.273658000,-0.545390000,0.292314000
60.818807,NAPKIN_S2_POS_STROKE2_SETTLE,-0.273672000,-0.545931000,0.292309000
60.829107,NAPKIN_S2_POS_STROKE2_SETTLE,-0.273694000,-0.546416000,0.292310000
60.839409,NAPKIN_S2_POS_STROKE2_SETTLE,-0.273695000,-0.546916000,0.292289000
60.849731,NAPKIN_S2_POS_STROKE2_SETTLE,-0.273695000,-0.547444000,0.292236000
60.859995,NAPKIN_S2_POS_STROKE2_SETTLE,-0.273703000,-0.547930000,0.292212000
60.870320,NAPKIN_S2_POS_STROKE2_SETTLE,-0.273722000,-0.548399000,0.292190000
60.880638,NAPKIN_S2_POS_STROKE2_SETTLE,-0.273757000,-0.548907000,0.292182000
60.890981,NAPKIN_S2_POS_STROKE2_SETTLE,-0.273777000,-0.549366000,0.292160000
60.901296,NAPKIN_S2_POS_STROKE2_SETTLE,-0.273785000,-0.549827000,0.292123000
60.911585,NAPKIN_S2_POS_STROKE2_SETTLE,-0.273808000,-0.550335000,0.292117000
60.921933,NAPKIN_S2_POS_STROKE2_SETTLE,-0.273828000,-0.550794000,0.292108000
60.932258,NAPKIN_S2_POS_STROKE2_SETTLE,-0.273824000,-0.551271000,0.292097000
60.942607,NAPKIN_S2_POS_STROKE2_SETTLE,-0.273813000,-0.551802000,0.292081000
60.952940,NAPKIN_S2_POS_STROKE2_SETTLE,-0.273788000,-0.552295000,0.292063000
60.963255,NAPKIN_S2_POS_STROKE2_SETTLE,-0.273759000,-0.552799000,0.292064000
60.973576,NAPKIN_S2_POS_STROKE2_SETTLE,-0.273746000,-0.553353000,0.292094000
60.983888,NAPKIN_S2_POS_STROKE2_SETTLE,-0.273708000,-0.553866000,0.292088000
60.994212,NAPKIN_S2_POS_STROKE2_SETTLE,-0.273675000,-0.554382000,0.292081000
61.004548,NAPKIN_S2_POS_STROKE2_SETTLE,-0.273670000,-0.554939000,0.292108000
61.014862,NAPKIN_S2_POS_STROKE2_SETTLE,-0.273675000,-0.555433000,0.292114000
61.025170,NAPKIN_S2_POS_STROKE2_SETTLE,-0.273667000,-0.555951000,0.292135000
61.035480,NAPKIN_S2_POS_STROKE2_SETTLE,-0.273669000,-0.556461000,0.292152000
61.045785,NAPKIN_S2_POS_STROKE2_SETTLE,-0.273645000,-0.557033000,0.292147000
61.056114,NAPKIN_S2_POS_STROKE2_SETTLE,-0.273642000,-0.557553000,0.292172000
61.066431,NAPKIN_S2_POS_STROKE2_SETTLE,-0.273662000,-0.558062000,0.292213000
61.076784,NAPKIN_S2_POS_STROKE2_SETTLE,-0.273691000,-0.558617000,0.292247000
61.087109,NAPKIN_S2_POS_STROKE2_SETTLE,-0.273713000,-0.559123000,0.292271000
61.097414,NAPKIN_S2_POS_STROKE2_SETTLE,-0.273734000,-0.559639000,0.292311000
61.107740,NAPKIN_S2_POS_STROKE2_SETTLE,-0.273760000,-0.560198000,0.292353000
61.118053,NAPKIN_S2_POS_STROKE2_SETTLE,-0.273792000,-0.560704000,0.292407000
61.128355,NAPKIN_S2_POS_STROKE2_SETTLE,-0.273828000,-0.561198000,0.292453000
61.138679,NAPKIN_S2_POS_STROKE2_SETTLE,-0.273844000,-0.561750000,0.292485000
61.149038,NAPKIN_S2_POS_STROKE2_SETTLE,-0.273857000,-0.562249000,0.292511000
61.159347,NAPKIN_S2_POS_STROKE2_SETTLE,-0.273866000,-0.562743000,0.292533000
61.169650,NAPKIN_S2_POS_STROKE2_SETTLE,-0.273896000,-0.563260000,0.292549000
61.179962,NAPKIN_S2_POS_STROKE2_SETTLE,-0.273940000,-0.563726000,0.292579000
61.190262,NAPKIN_S2_POS_STROKE2_SETTLE,-0.273992000,-0.564173000,0.292597000
61.200560,NAPKIN_S2_POS_STROKE2_SETTLE,-0.274051000,-0.564663000,0.292627000
61.210869,NAPKIN_S2_POS_STROKE2_SETTLE,-0.274106000,-0.565100000,0.292648000
61.221181,NAPKIN_S2_POS_STROKE2_SETTLE,-0.274155000,-0.565540000,0.292658000
61.231479,NAPKIN_S2_POS_STROKE2_SETTLE,-0.274195000,-0.565989000,0.292668000
61.241856,NAPKIN_S2_POS_STROKE2_SETTLE,-0.274237000,-0.566437000,0.292693000
61.252217,NAPKIN_S2_POS_STROKE2_SETTLE,-0.274283000,-0.566940000,0.292731000
61.262571,NAPKIN_S2_POS_STROKE2_SETTLE,-0.274291000,-0.567457000,0.292727000
61.272946,NAPKIN_S2_POS_STROKE2_SETTLE,-0.274291000,-0.567947000,0.292737000
61.283282,NAPKIN_S2_POS_STROKE2_SETTLE,-0.274318000,-0.568423000,0.292763000
61.293607,NAPKIN_S2_POS_STROKE2_SETTLE,-0.274339000,-0.568955000,0.292772000
61.303930,NAPKIN_S2_POS_STROKE2_SETTLE,-0.274356000,-0.569445000,0.292781000
61.314244,NAPKIN_S2_POS_STROKE2_SETTLE,-0.274398000,-0.569925000,0.292800000
61.324538,NAPKIN_S2_POS_STROKE2_SETTLE,-0.274417000,-0.570413000,0.292793000
61.334848,NAPKIN_S2_POS_STROKE2_SETTLE,-0.274408000,-0.570976000,0.292784000
61.345152,NAPKIN_S2_POS_STROKE2_SETTLE,-0.274430000,-0.571477000,0.292805000
61.355453,NAPKIN_S2_POS_STROKE2_SETTLE,-0.274459000,-0.571973000,0.292832000
61.365793,NAPKIN_S2_POS_STROKE2_SETTLE,-0.274483000,-0.572525000,0.292854000
61.376091,NAPKIN_S2_POS_STROKE2_SETTLE,-0.274474000,-0.573037000,0.292844000
61.386389,NAPKIN_S2_POS_STROKE2_SETTLE,-0.274461000,-0.573555000,0.292852000
61.396719,NAPKIN_S2_POS_STROKE2_SETTLE,-0.274525000,-0.574083000,0.292895000
61.667762,NAPKIN_S1_POS_STROKE2,-0.274268000,-0.584732000,0.292062000
61.677774,NAPKIN_S1_POS_STROKE2,-0.274283000,-0.584800000,0.292140000
61.687776,NAPKIN_S1_POS_STROKE2,-0.274161000,-0.584929000,0.292081000
61.697794,NAPKIN_S1_POS_STROKE2,-0.273844000,-0.585112000,0.291774000
61.707721,NAPKIN_S1_POS_STROKE2,-0.273463000,-0.585273000,0.291334000
61.717732,NAPKIN_S1_POS_STROKE2,-0.273165000,-0.585369000,0.290984000
61.727736,NAPKIN_S1_POS_STROKE2,-0.273281000,-0.585271000,0.291072000
61.737663,NAPKIN_S1_POS_STROKE2,-0.273503000,-0.585063000,0.291148000
61.747730,NAPKIN_S1_POS_STROKE2,-0.273272000,-0.584935000,0.290684000
61.757603,NAPKIN_S1_POS_STROKE2,-0.272797000,-0.584857000,0.290046000
61.767666,NAPKIN_S1_POS_STROKE2,-0.272513000,-0.584716000,0.289734000
61.777590,NAPKIN_S1_POS_STROKE2,-0.272440000,-0.584519000,0.289710000
61.787632,NAPKIN_S1_POS_STROKE2,-0.272362000,-0.584215000,0.289690000
61.797616,NAPKIN_S1_POS_STROKE2,-0.272253000,-0.583928000,0.289672000
61.807606,NAPKIN_S1_POS_STROKE2,-0.272245000,-0.583579000,0.289724000
61.817591,NAPKIN_S1_POS_STROKE2,-0.272302000,-0.583169000,0.289795000
61.827671,NAPKIN_S1_POS_STROKE2,-0.272373000,-0.582721000,0.289829000
61.837634,NAPKIN_S1_POS_STROKE2,-0.272494000,-0.582211000,0.289857000
61.847796,NAPKIN_S1_POS_STROKE2,-0.272644000,-0.581675000,0.289902000
61.857758,NAPKIN_S1_POS_STROKE2,-0.272784000,-0.581138000,0.289958000
61.867736,NAPKIN_S1_POS_STROKE2,-0.272890000,-0.580617000,0.290029000
61.877767,NAPKIN_S1_POS_STROKE2,-0.272949000,-0.580172000,0.290103000
61.887727,NAPKIN_S1_POS_STROKE2,-0.272971000,-0.579650000,0.290178000
61.897801,NAPKIN_S1_POS_STROKE2,-0.272955000,-0.579189000,0.290210000
61.907715,NAPKIN_S1_POS_STROKE2,-0.272947000,-0.578765000,0.290243000
61.917788,NAPKIN_S1_POS_STROKE2,-0.272972000,-0.578222000,0.290300000
61.927743,NAPKIN_S1_POS_STROKE2,-0.273017000,-0.577707000,0.290348000
61.937756,NAPKIN_S1_POS_STROKE2,-0.273092000,-0.577180000,0.290432000
61.947760,NAPKIN_S1_POS_STROKE2,-0.273168000,-0.576646000,0.290498000
61.957780,NAPKIN_S1_POS_STROKE2,-0.273243000,-0.576163000,0.290567000
61.957869,NAPKIN_S1_POS_STROKE2_SETTLE,-0.273243000,-0.576163000,0.290567000
61.968177,NAPKIN_S1_POS_STROKE2_SETTLE,-0.273358000,-0.575564000,0.290658000
61.978480,NAPKIN_S1_POS_STROKE2_SETTLE,-0.273441000,-0.575022000,0.290707000
61.988792,NAPKIN_S1_POS_STROKE2_SETTLE,-0.273527000,-0.574421000,0.290745000
61.999104,NAPKIN_S1_POS_STROKE2_SETTLE,-0.273597000,-0.573876000,0.290774000
62.009406,NAPKIN_S1_POS_STROKE2_SETTLE,-0.273680000,-0.573314000,0.290807000
62.019737,NAPKIN_S1_POS_STROKE2_SETTLE,-0.273736000,-0.572774000,0.290838000
62.030059,NAPKIN_S1_POS_STROKE2_SETTLE,-0.273791000,-0.572179000,0.290873000
62.040386,NAPKIN_S1_POS_STROKE2_SETTLE,-0.273848000,-0.571627000,0.290915000
62.050750,NAPKIN_S1_POS_STROKE2_SETTLE,-0.273916000,-0.571027000,0.290965000
62.061109,NAPKIN_S1_POS_STROKE2_SETTLE,-0.273953000,-0.570496000,0.291001000
62.071430,NAPKIN_S1_POS_STROKE2_SETTLE,-0.274019000,-0.570002000,0.291056000
62.081758,NAPKIN_S1_POS_STROKE2_SETTLE,-0.274133000,-0.569319000,0.291127000
62.092086,NAPKIN_S1_POS_STROKE2_SETTLE,-0.274211000,-0.568753000,0.291169000
62.102408,NAPKIN_S1_POS_STROKE2_SETTLE,-0.274248000,-0.568261000,0.291189000
62.112722,NAPKIN_S1_POS_STROKE2_SETTLE,-0.274301000,-0.567610000,0.291221000
62.123149,NAPKIN_S1_POS_STROKE2_SETTLE,-0.274321000,-0.567086000,0.291246000
62.133434,NAPKIN_S1_POS_STROKE2_SETTLE,-0.274337000,-0.566573000,0.291280000
62.143779,NAPKIN_S1_POS_STROKE2_SETTLE,-0.274351000,-0.566029000,0.291320000
62.154095,NAPKIN_S1_POS_STROKE2_SETTLE,-0.274358000,-0.565542000,0.291350000
62.164403,NAPKIN_S1_POS_STROKE2_SETTLE,-0.274371000,-0.565058000,0.291391000
62.174730,NAPKIN_S1_POS_STROKE2_SETTLE,-0.274378000,-0.564537000,0.291437000
62.185045,NAPKIN_S1_POS_STROKE2_SETTLE,-0.274382000,-0.564108000,0.291474000
62.195351,NAPKIN_S1_POS_STROKE2_SETTLE,-0.274392000,-0.563585000,0.291522000
62.205674,NAPKIN_S1_POS_STROKE2_SETTLE,-0.274401000,-0.563065000,0.291564000
62.215988,NAPKIN_S1_POS_STROKE2_SETTLE,-0.274416000,-0.562593000,0.291612000
62.226300,NAPKIN_S1_POS_STROKE2_SETTLE,-0.274428000,-0.562122000,0.291654000
62.236606,NAPKIN_S1_POS_STROKE2_SETTLE,-0.274454000,-0.561593000,0.291679000
62.246993,NAPKIN_S1_POS_STROKE2_SETTLE,-0.274472000,-0.561107000,0.291691000
62.257346,NAPKIN_S1_POS_STROKE2_SETTLE,-0.274488000,-0.560612000,0.291689000
62.267679,NAPKIN_S1_POS_STROKE2_SETTLE,-0.274493000,-0.560067000,0.291685000
62.278019,NAPKIN_S1_POS_STROKE2_SETTLE,-0.274481000,-0.559576000,0.291673000
62.288337,NAPKIN_S1_POS_STROKE2_SETTLE,-0.274476000,-0.559080000,0.291667000
62.298667,NAPKIN_S1_POS_STROKE2_SETTLE,-0.274468000,-0.558535000,0.291655000
62.309012,NAPKIN_S1_POS_STROKE2_SETTLE,-0.274438000,-0.558053000,0.291630000
62.319330,NAPKIN_S1_POS_STROKE2_SETTLE,-0.274431000,-0.557607000,0.291618000
62.329647,NAPKIN_S1_POS_STROKE2_SETTLE,-0.274464000,-0.556988000,0.291631000
62.339979,NAPKIN_S1_POS_STROKE2_SETTLE,-0.274468000,-0.556524000,0.291618000
62.350202,NAPKIN_S1_POS_STROKE2_SETTLE,-0.274471000,-0.555954000,0.291594000
62.360403,NAPKIN_S1_POS_STROKE2_SETTLE,-0.274488000,-0.555439000,0.291607000
62.370609,NAPKIN_S1_POS_STROKE2_SETTLE,-0.274481000,-0.554866000,0.291582000
62.380967,NAPKIN_S1_POS_STROKE2_SETTLE,-0.274480000,-0.554348000,0.291563000
62.391169,NAPKIN_S1_POS_STROKE2_SETTLE,-0.274490000,-0.553873000,0.291551000
62.401383,NAPKIN_S1_POS_STROKE2_SETTLE,-0.274499000,-0.553349000,0.291534000
62.411602,NAPKIN_S1_POS_STROKE2_SETTLE,-0.274539000,-0.552757000,0.291517000
62.421949,NAPKIN_S1_POS_STROKE2_SETTLE,-0.274591000,-0.552161000,0.291512000
62.432269,NAPKIN_S1_POS_STROKE2_SETTLE,-0.274612000,-0.551639000,0.291489000
62.442603,NAPKIN_S1_POS_STROKE2_SETTLE,-0.274611000,-0.551130000,0.291461000
62.453024,NAPKIN_S1_POS_STROKE2_SETTLE,-0.274619000,-0.550581000,0.291446000
62.463354,NAPKIN_S1_POS_STROKE2_SETTLE,-0.274631000,-0.550088000,0.291456000
62.473679,NAPKIN_S1_POS_STROKE2_SETTLE,-0.274634000,-0.549563000,0.291460000
62.484000,NAPKIN_S1_POS_STROKE2_SETTLE,-0.274616000,-0.549110000,0.291468000
62.494327,NAPKIN_S1_POS_STROKE2_SETTLE,-0.274593000,-0.548705000,0.291470000
62.504639,NAPKIN_S1_POS_STROKE2_SETTLE,-0.274587000,-0.548151000,0.291493000
62.514995,NAPKIN_S1_POS_STROKE2_SETTLE,-0.274615000,-0.547671000,0.291529000
62.525307,NAPKIN_S1_POS_STROKE2_SETTLE,-0.274647000,-0.547184000,0.291566000
62.535616,NAPKIN_S1_POS_STROKE2_SETTLE,-0.274664000,-0.546663000,0.291616000
62.545941,NAPKIN_S1_POS_STROKE2_SETTLE,-0.274682000,-0.546177000,0.291649000
62.556255,NAPKIN_S1_POS_STROKE2_SETTLE,-0.274707000,-0.545679000,0.291684000
62.566587,NAPKIN_S1_POS_STROKE2_SETTLE,-0.274719000,-0.545183000,0.291704000
62.576929,NAPKIN_S1_POS_STROKE2_SETTLE,-0.274744000,-0.544623000,0.291724000
62.587240,NAPKIN_S1_POS_STROKE2_SETTLE,-0.274779000,-0.544112000,0.291764000
62.597561,NAPKIN_S1_POS_STROKE2_SETTLE,-0.274809000,-0.543545000,0.291794000
62.607881,NAPKIN_S1_POS_STROKE2_SETTLE,-0.274842000,-0.543013000,0.291794000
62.618214,NAPKIN_S1_POS_STROKE2_SETTLE,-0.274873000,-0.542538000,0.291794000
62.628541,NAPKIN_S1_POS_STROKE2_SETTLE,-0.274898000,-0.541964000,0.291789000
62.639026,NAPKIN_S1_POS_STROKE2_SETTLE,-0.274942000,-0.541370000,0.291787000
62.649340,NAPKIN_S1_POS_STROKE2_SETTLE,-0.274970000,-0.540844000,0.291790000
62.659639,NAPKIN_S1_POS_STROKE2_SETTLE,-0.275006000,-0.540256000,0.291790000
62.669970,NAPKIN_S1_POS_STROKE2_SETTLE,-0.275045000,-0.539717000,0.291791000
62.680274,NAPKIN_S1_POS_STROKE2_SETTLE,-0.275078000,-0.539186000,0.291799000
62.690580,NAPKIN_S1_POS_STROKE2_SETTLE,-0.275104000,-0.538601000,0.291784000
62.700887,NAPKIN_S1_POS_STROKE2_SETTLE,-0.275143000,-0.538120000,0.291795000
62.711229,NAPKIN_S1_POS_STROKE2_SETTLE,-0.275205000,-0.537514000,0.291805000
62.721556,NAPKIN_S1_POS_STROKE2_SETTLE,-0.275249000,-0.536981000,0.291803000
62.731902,NAPKIN_S1_POS_STROKE2_SETTLE,-0.275309000,-0.536381000,0.291803000
62.742126,NAPKIN_S1_POS_STROKE2_SETTLE,-0.275339000,-0.535848000,0.291781000
62.752366,NAPKIN_S1_POS_STROKE2_SETTLE,-0.275368000,-0.535333000,0.291771000
62.762583,NAPKIN_S1_POS_STROKE2_SETTLE,-0.275399000,-0.534818000,0.291773000
63.033671,NAPKIN_S2_POS_STROKE3,-0.275334000,-0.527690000,0.292501000
63.043694,NAPKIN_S2_POS_STROKE3,-0.275327000,-0.527694000,0.292503000
63.053657,NAPKIN_S2_POS_STROKE3,-0.275221000,-0.527745000,0.292391000
63.063680,NAPKIN_S2_POS_STROKE3,-0.274964000,-0.527885000,0.292104000
63.073644,NAPKIN_S2_POS_STROKE3,-0.274851000,-0.528012000,0.292001000
63.083662,NAPKIN_S2_POS_STROKE3,-0.275075000,-0.528070000,0.292292000
63.093697,NAPKIN_S2_POS_STROKE3,-0.275173000,-0.528256000,0.292483000
63.103632,NAPKIN_S2_POS_STROKE3,-0.274888000,-0.528651000,0.292307000
63.113686,NAPKIN_S2_POS_STROKE3,-0.274540000,-0.529108000,0.292084000
63.123777,NAPKIN_S2_POS_STROKE3,-0.274328000,-0.529561000,0.292057000
63.133680,NAPKIN_S2_POS_STROKE3,-0.274210000,-0.530017000,0.292177000
63.143656,NAPKIN_S2_POS_STROKE3,-0.274107000,-0.530504000,0.292336000
63.153688,NAPKIN_S2_POS_STROKE3,-0.274052000,-0.530997000,0.292535000
63.163678,NAPKIN_S2_POS_STROKE3,-0.274041000,-0.531460000,0.292672000
63.173675,NAPKIN_S2_POS_STROKE3,-0.274052000,-0.531888000,0.292700000
63.183646,NAPKIN_S2_POS_STROKE3,-0.274053000,-0.532299000,0.292667000
63.193666,NAPKIN_S2_POS_STROKE3,-0.274036000,-0.532709000,0.292617000
63.203643,NAPKIN_S2_POS_STROKE3,-0.274001000,-0.533145000,0.292598000
63.213666,NAPKIN_S2_POS_STROKE3,-0.273946000,-0.533603000,0.292582000
63.223750,NAPKIN_S2_POS_STROKE3,-0.273871000,-0.534105000,0.292594000
63.233624,NAPKIN_S2_POS_STROKE3,-0.273807000,-0.534612000,0.292623000
63.243723,NAPKIN_S2_POS_STROKE3,-0.273749000,-0.535124000,0.292631000
63.253753,NAPKIN_S2_POS_STROKE3,-0.273704000,-0.535636000,0.292625000
63.263700,NAPKIN_S2_POS_STROKE3,-0.273675000,-0.536137000,0.292601000
63.273646,NAPKIN_S2_POS_STROKE3,-0.273664000,-0.536626000,0.292563000
63.283672,NAPKIN_S2_POS_STROKE3,-0.273663000,-0.537116000,0.292530000
63.293649,NAPKIN_S2_POS_STROKE3,-0.273681000,-0.537596000,0.292515000
63.303666,NAPKIN_S2_POS_STROKE3,-0.273697000,-0.538091000,0.292517000
63.303772,NAPKIN_S2_POS_STROKE3_SETTLE,-0.273697000,-0.538091000,0.292517000
63.314083,NAPKIN_S2_POS_STROKE3_SETTLE,-0.273691000,-0.538612000,0.292512000
63.324393,NAPKIN_S2_POS_STROKE3_SETTLE,-0.273691000,-0.539136000,0.292515000
63.334726,NAPKIN_S2_POS_STROKE3_SETTLE,-0.273700000,-0.539704000,0.292505000
63.345056,NAPKIN_S2_POS_STROKE3_SETTLE,-0.273701000,-0.540226000,0.292494000
63.355367,NAPKIN_S2_POS_STROKE3_SETTLE,-0.273692000,-0.540739000,0.292460000
63.365701,NAPKIN_S2_POS_STROKE3_SETTLE,-0.273679000,-0.541305000,0.292420000
63.376025,NAPKIN_S2_POS_STROKE3_SETTLE,-0.273656000,-0.541824000,0.292371000
63.386328,NAPKIN_S2_POS_STROKE3_SETTLE,-0.273647000,-0.542330000,0.292348000
63.396652,NAPKIN_S2_POS_STROKE3_SETTLE,-0.273636000,-0.542891000,0.292322000
63.406952,NAPKIN_S2_POS_STROKE3_SETTLE,-0.273624000,-0.543405000,0.292299000
63.417263,NAPKIN_S2_POS_STROKE3_SETTLE,-0.273621000,-0.543926000,0.292303000
63.427561,NAPKIN_S2_POS_STROKE3_SETTLE,-0.273645000,-0.544468000,0.292308000
63.437914,NAPKIN_S2_POS_STROKE3_SETTLE,-0.273661000,-0.544963000,0.292308000
63.448230,NAPKIN_S2_POS_STROKE3_SETTLE,-0.273679000,-0.545453000,0.292309000
63.458548,NAPKIN_S2_POS_STROKE3_SETTLE,-0.273687000,-0.545945000,0.292299000
63.468882,NAPKIN_S2_POS_STROKE3_SETTLE,-0.273700000,-0.546487000,0.292294000
63.479185,NAPKIN_S2_POS_STROKE3_SETTLE,-0.273683000,-0.546991000,0.292259000
63.489483,NAPKIN_S2_POS_STROKE3_SETTLE,-0.273683000,-0.547473000,0.292208000
63.499814,NAPKIN_S2_POS_STROKE3_SETTLE,-0.273691000,-0.548009000,0.292186000
63.510113,NAPKIN_S2_POS_STROKE3_SETTLE,-0.273716000,-0.548477000,0.292176000
63.520418,NAPKIN_S2_POS_STROKE3_SETTLE,-0.273749000,-0.548934000,0.292163000
63.530744,NAPKIN_S2_POS_STROKE3_SETTLE,-0.273767000,-0.549451000,0.292150000
63.541059,NAPKIN_S2_POS_STROKE3_SETTLE,-0.273800000,-0.549896000,0.292133000
63.551364,NAPKIN_S2_POS_STROKE3_SETTLE,-0.273813000,-0.550360000,0.292116000
63.561676,NAPKIN_S2_POS_STROKE3_SETTLE,-0.273826000,-0.550871000,0.292107000
63.572020,NAPKIN_S2_POS_STROKE3_SETTLE,-0.273837000,-0.551346000,0.292110000
63.582349,NAPKIN_S2_POS_STROKE3_SETTLE,-0.273805000,-0.551838000,0.292084000
63.592684,NAPKIN_S2_POS_STROKE3_SETTLE,-0.273769000,-0.552389000,0.292072000
63.603016,NAPKIN_S2_POS_STROKE3_SETTLE,-0.273747000,-0.552890000,0.292084000
63.613328,NAPKIN_S2_POS_STROKE3_SETTLE,-0.273710000,-0.553396000,0.292085000
63.623655,NAPKIN_S2_POS_STROKE3_SETTLE,-0.273673000,-0.553961000,0.292086000
63.634010,NAPKIN_S2_POS_STROKE3_SETTLE,-0.273658000,-0.554462000,0.292089000
63.644367,NAPKIN_S2_POS_STROKE3_SETTLE,-0.273654000,-0.554966000,0.292107000
63.654799,NAPKIN_S2_POS_STROKE3_SETTLE,-0.273668000,-0.555510000,0.292119000
63.665168,NAPKIN_S2_POS_STROKE3_SETTLE,-0.273671000,-0.556028000,0.292145000
63.675529,NAPKIN_S2_POS_STROKE3_SETTLE,-0.273665000,-0.556541000,0.292154000
63.685902,NAPKIN_S2_POS_STROKE3_SETTLE,-0.273668000,-0.557106000,0.292175000
63.696251,NAPKIN_S2_POS_STROKE3_SETTLE,-0.273669000,-0.557622000,0.292197000
63.706598,NAPKIN_S2_POS_STROKE3_SETTLE,-0.273679000,-0.558187000,0.292227000
63.716993,NAPKIN_S2_POS_STROKE3_SETTLE,-0.273714000,-0.558689000,0.292266000
63.727323,NAPKIN_S2_POS_STROKE3_SETTLE,-0.273731000,-0.559206000,0.292302000
63.737667,NAPKIN_S2_POS_STROKE3_SETTLE,-0.273742000,-0.559769000,0.292335000
63.748023,NAPKIN_S2_POS_STROKE3_SETTLE,-0.273779000,-0.560265000,0.292374000
63.758362,NAPKIN_S2_POS_STROKE3_SETTLE,-0.273813000,-0.560769000,0.292424000
63.768672,NAPKIN_S2_POS_STROKE3_SETTLE,-0.273833000,-0.561326000,0.292459000
63.779029,NAPKIN_S2_POS_STROKE3_SETTLE,-0.273854000,-0.561820000,0.292488000
63.789348,NAPKIN_S2_POS_STROKE3_SETTLE,-0.273867000,-0.562319000,0.292522000
63.799707,NAPKIN_S2_POS_STROKE3_SETTLE,-0.273879000,-0.562855000,0.292539000
63.810045,NAPKIN_S2_POS_STROKE3_SETTLE,-0.273900000,-0.563332000,0.292553000
63.820369,NAPKIN_S2_POS_STROKE3_SETTLE,-0.273955000,-0.563789000,0.292596000
63.830682,NAPKIN_S2_POS_STROKE3_SETTLE,-0.274033000,-0.564271000,0.292641000
63.840959,NAPKIN_S2_POS_STROKE3_SETTLE,-0.274083000,-0.564723000,0.292666000
63.851282,NAPKIN_S2_POS_STROKE3_SETTLE,-0.274141000,-0.565165000,0.292694000
63.861608,NAPKIN_S2_POS_STROKE3_SETTLE,-0.274195000,-0.565649000,0.292709000
63.871949,NAPKIN_S2_POS_STROKE3_SETTLE,-0.274229000,-0.566101000,0.292714000
63.882262,NAPKIN_S2_POS_STROKE3_SETTLE,-0.274276000,-0.566551000,0.292739000
63.892585,NAPKIN_S2_POS_STROKE3_SETTLE,-0.274303000,-0.567063000,0.292757000
63.902841,NAPKIN_S2_POS_STROKE3_SETTLE,-0.274309000,-0.567540000,0.292750000
63.913151,NAPKIN_S2_POS_STROKE3_SETTLE,-0.274321000,-0.568023000,0.292762000
63.923459,NAPKIN_S2_POS_STROKE3_SETTLE,-0.274324000,-0.568512000,0.292759000
63.933808,NAPKIN_S2_POS_STROKE3_SETTLE,-0.274346000,-0.569044000,0.292756000
63.944132,NAPKIN_S2_POS_STROKE3_SETTLE,-0.274381000,-0.569529000,0.292774000
63.954484,NAPKIN_S2_POS_STROKE3_SETTLE,-0.274419000,-0.570013000,0.292787000
63.964786,NAPKIN_S2_POS_STROKE3_SETTLE,-0.274434000,-0.570559000,0.292780000
63.975094,NAPKIN_S2_POS_STROKE3_SETTLE,-0.274448000,-0.571068000,0.292796000
63.985390,NAPKIN_S2_POS_STROKE3_SETTLE,-0.274470000,-0.571563000,0.292809000
63.995696,NAPKIN_S2_POS_STROKE3_SETTLE,-0.274508000,-0.572106000,0.292849000
64.006007,NAPKIN_S2_POS_STROKE3_SETTLE,-0.274508000,-0.572619000,0.292868000
64.016297,NAPKIN_S2_POS_STROKE3_SETTLE,-0.274511000,-0.573126000,0.292886000
64.026549,NAPKIN_S2_POS_STROKE3_SETTLE,-0.274544000,-0.573668000,0.292927000
64.036841,NAPKIN_S2_POS_STROKE3_SETTLE,-0.274564000,-0.574160000,0.292933000
64.307990,NAPKIN_S1_POS_STROKE3,-0.274269000,-0.584810000,0.292010000
64.317934,NAPKIN_S1_POS_STROKE3,-0.274275000,-0.584882000,0.292092000
64.327931,NAPKIN_S1_POS_STROKE3,-0.274175000,-0.584998000,0.292058000
64.337949,NAPKIN_S1_POS_STROKE3,-0.273867000,-0.585196000,0.291783000
64.347911,NAPKIN_S1_POS_STROKE3,-0.273490000,-0.585361000,0.291354000
64.357914,NAPKIN_S1_POS_STROKE3,-0.273149000,-0.585471000,0.290953000
64.367932,NAPKIN_S1_POS_STROKE3,-0.273198000,-0.585403000,0.290976000
64.377883,NAPKIN_S1_POS_STROKE3,-0.273455000,-0.585187000,0.291096000
64.387882,NAPKIN_S1_POS_STROKE3,-0.273318000,-0.585031000,0.290747000
64.397919,NAPKIN_S1_POS_STROKE3,-0.272826000,-0.584967000,0.290088000
64.407912,NAPKIN_S1_POS_STROKE3,-0.272440000,-0.584855000,0.289685000
64.417896,NAPKIN_S1_POS_STROKE3,-0.272345000,-0.584634000,0.289648000
64.427906,NAPKIN_S1_POS_STROKE3,-0.272294000,-0.584350000,0.289654000
64.437896,NAPKIN_S1_POS_STROKE3,-0.272190000,-0.584059000,0.289645000
64.447909,NAPKIN_S1_POS_STROKE3,-0.272152000,-0.583715000,0.289694000
64.457921,NAPKIN_S1_POS_STROKE3,-0.272194000,-0.583313000,0.289763000
64.467900,NAPKIN_S1_POS_STROKE3,-0.272289000,-0.582842000,0.289811000
64.477923,NAPKIN_S1_POS_STROKE3,-0.272389000,-0.582335000,0.289827000
64.487920,NAPKIN_S1_POS_STROKE3,-0.272543000,-0.581788000,0.289865000
64.497923,NAPKIN_S1_POS_STROKE3,-0.272714000,-0.581226000,0.289938000
64.507910,NAPKIN_S1_POS_STROKE3,-0.272846000,-0.580684000,0.290009000
64.517934,NAPKIN_S1_POS_STROKE3,-0.272911000,-0.580175000,0.290082000
64.527912,NAPKIN_S1_POS_STROKE3,-0.272931000,-0.579694000,0.290149000
64.537923,NAPKIN_S1_POS_STROKE3,-0.272953000,-0.579211000,0.290215000
64.547912,NAPKIN_S1_POS_STROKE3,-0.272965000,-0.578731000,0.290262000
64.557947,NAPKIN_S1_POS_STROKE3,-0.272959000,-0.578249000,0.290294000
64.567914,NAPKIN_S1_POS_STROKE3,-0.272994000,-0.577742000,0.290354000
64.577896,NAPKIN_S1_POS_STROKE3,-0.273047000,-0.577218000,0.290409000
64.587861,NAPKIN_S1_POS_STROKE3,-0.273106000,-0.576694000,0.290468000
64.597847,NAPKIN_S1_POS_STROKE3,-0.273171000,-0.576171000,0.290537000
64.597885,NAPKIN_S1_POS_STROKE3_SETTLE,-0.273171000,-0.576171000,0.290537000
64.608078,NAPKIN_S1_POS_STROKE3_SETTLE,-0.273248000,-0.575642000,0.290602000
64.618283,NAPKIN_S1_POS_STROKE3_SETTLE,-0.273332000,-0.575107000,0.290671000
64.628456,NAPKIN_S1_POS_STROKE3_SETTLE,-0.273448000,-0.574550000,0.290749000
64.638772,NAPKIN_S1_POS_STROKE3_SETTLE,-0.273551000,-0.573940000,0.290794000
64.649114,NAPKIN_S1_POS_STROKE3_SETTLE,-0.273629000,-0.573386000,0.290823000
64.659410,NAPKIN_S1_POS_STROKE3_SETTLE,-0.273714000,-0.572826000,0.290859000
64.669713,NAPKIN_S1_POS_STROKE3_SETTLE,-0.273780000,-0.572231000,0.290893000
64.680019,NAPKIN_S1_POS_STROKE3_SETTLE,-0.273819000,-0.571690000,0.290913000
64.690305,NAPKIN_S1_POS_STROKE3_SETTLE,-0.273869000,-0.571154000,0.290944000
64.700594,NAPKIN_S1_POS_STROKE3_SETTLE,-0.273935000,-0.570560000,0.290990000
64.710882,NAPKIN_S1_POS_STROKE3_SETTLE,-0.273990000,-0.570030000,0.291037000
64.721163,NAPKIN_S1_POS_STROKE3_SETTLE,-0.274048000,-0.569480000,0.291066000
64.731463,NAPKIN_S1_POS_STROKE3_SETTLE,-0.274130000,-0.568924000,0.291120000
64.741819,NAPKIN_S1_POS_STROKE3_SETTLE,-0.274225000,-0.568299000,0.291181000
64.752123,NAPKIN_S1_POS_STROKE3_SETTLE,-0.274286000,-0.567747000,0.291212000
64.762428,NAPKIN_S1_POS_STROKE3_SETTLE,-0.274313000,-0.567217000,0.291236000
64.772763,NAPKIN_S1_POS_STROKE3_SETTLE,-0.274340000,-0.566649000,0.291271000
64.783065,NAPKIN_S1_POS_STROKE3_SETTLE,-0.274376000,-0.566142000,0.291315000
64.793351,NAPKIN_S1_POS_STROKE3_SETTLE,-0.274393000,-0.565649000,0.291345000
64.803648,NAPKIN_S1_POS_STROKE3_SETTLE,-0.274383000,-0.565125000,0.291358000
64.813949,NAPKIN_S1_POS_STROKE3_SETTLE,-0.274385000,-0.564658000,0.291399000
64.824260,NAPKIN_S1_POS_STROKE3_SETTLE,-0.274389000,-0.564185000,0.291437000
64.834559,NAPKIN_S1_POS_STROKE3_SETTLE,-0.274382000,-0.563670000,0.291472000
64.844905,NAPKIN_S1_POS_STROKE3_SETTLE,-0.274392000,-0.563203000,0.291523000
64.855218,NAPKIN_S1_POS_STROKE3_SETTLE,-0.274410000,-0.562728000,0.291562000
64.865517,NAPKIN_S1_POS_STROKE3_SETTLE,-0.274420000,-0.562265000,0.291600000
64.875830,NAPKIN_S1_POS_STROKE3_SETTLE,-0.274462000,-0.561726000,0.291638000
64.886122,NAPKIN_S1_POS_STROKE3_SETTLE,-0.274494000,-0.561239000,0.291659000
64.896425,NAPKIN_S1_POS_STROKE3_SETTLE,-0.274506000,-0.560749000,0.291652000
64.906726,NAPKIN_S1_POS_STROKE3_SETTLE,-0.274530000,-0.560200000,0.291654000
64.917025,NAPKIN_S1_POS_STROKE3_SETTLE,-0.274538000,-0.559703000,0.291654000
64.927318,NAPKIN_S1_POS_STROKE3_SETTLE,-0.274537000,-0.559206000,0.291657000
64.937639,NAPKIN_S1_POS_STROKE3_SETTLE,-0.274525000,-0.558665000,0.291644000
64.947955,NAPKIN_S1_POS_STROKE3_SETTLE,-0.274517000,-0.558174000,0.291638000
64.958248,NAPKIN_S1_POS_STROKE3_SETTLE,-0.274510000,-0.557677000,0.291621000
64.968548,NAPKIN_S1_POS_STROKE3_SETTLE,-0.274508000,-0.557127000,0.291613000
64.978840,NAPKIN_S1_POS_STROKE3_SETTLE,-0.274507000,-0.556627000,0.291605000
64.989136,NAPKIN_S1_POS_STROKE3_SETTLE,-0.274515000,-0.556106000,0.291598000
64.999422,NAPKIN_S1_POS_STROKE3_SETTLE,-0.274509000,-0.555596000,0.291586000
65.009758,NAPKIN_S1_POS_STROKE3_SETTLE,-0.274496000,-0.555028000,0.291560000
65.020048,NAPKIN_S1_POS_STROKE3_SETTLE,-0.274497000,-0.554508000,0.291544000
65.030344,NAPKIN_S1_POS_STROKE3_SETTLE,-0.274504000,-0.553982000,0.291524000
65.040642,NAPKIN_S1_POS_STROKE3_SETTLE,-0.274525000,-0.553399000,0.291510000
65.050972,NAPKIN_S1_POS_STROKE3_SETTLE,-0.274564000,-0.552862000,0.291510000
65.061264,NAPKIN_S1_POS_STROKE3_SETTLE,-0.274602000,-0.552319000,0.291487000
65.071583,NAPKIN_S1_POS_STROKE3_SETTLE,-0.274651000,-0.551724000,0.291474000
65.081884,NAPKIN_S1_POS_STROKE3_SETTLE,-0.274670000,-0.551208000,0.291469000
65.092172,NAPKIN_S1_POS_STROKE3_SETTLE,-0.274673000,-0.550712000,0.291465000
65.102454,NAPKIN_S1_POS_STROKE3_SETTLE,-0.274674000,-0.550225000,0.291480000
65.112763,NAPKIN_S1_POS_STROKE3_SETTLE,-0.274686000,-0.549695000,0.291510000
65.123046,NAPKIN_S1_POS_STROKE3_SETTLE,-0.274683000,-0.549222000,0.291520000
65.133332,NAPKIN_S1_POS_STROKE3_SETTLE,-0.274662000,-0.548769000,0.291526000
65.143613,NAPKIN_S1_POS_STROKE3_SETTLE,-0.274661000,-0.548262000,0.291554000
65.153930,NAPKIN_S1_POS_STROKE3_SETTLE,-0.274676000,-0.547789000,0.291597000
65.164233,NAPKIN_S1_POS_STROKE3_SETTLE,-0.274708000,-0.547303000,0.291632000
65.174537,NAPKIN_S1_POS_STROKE3_SETTLE,-0.274735000,-0.546766000,0.291661000
65.184829,NAPKIN_S1_POS_STROKE3_SETTLE,-0.274742000,-0.546301000,0.291702000
65.195113,NAPKIN_S1_POS_STROKE3_SETTLE,-0.274749000,-0.545811000,0.291718000
65.205393,NAPKIN_S1_POS_STROKE3_SETTLE,-0.274763000,-0.545318000,0.291748000
65.215671,NAPKIN_S1_POS_STROKE3_SETTLE,-0.274789000,-0.544762000,0.291771000
65.225987,NAPKIN_S1_POS_STROKE3_SETTLE,-0.274826000,-0.544243000,0.291800000
65.236264,NAPKIN_S1_POS_STROKE3_SETTLE,-0.274862000,-0.543726000,0.291842000
65.246550,NAPKIN_S1_POS_STROKE3_SETTLE,-0.274894000,-0.543153000,0.291862000
65.256854,NAPKIN_S1_POS_STROKE3_SETTLE,-0.274922000,-0.542620000,0.291857000
65.267191,NAPKIN_S1_POS_STROKE3_SETTLE,-0.274967000,-0.542087000,0.291874000
65.277492,NAPKIN_S1_POS_STROKE3_SETTLE,-0.274989000,-0.541560000,0.291873000
65.287808,NAPKIN_S1_POS_STROKE3_SETTLE,-0.275011000,-0.540976000,0.291861000
65.298105,NAPKIN_S1_POS_STROKE3_SETTLE,-0.275034000,-0.540456000,0.291876000
65.308391,NAPKIN_S1_POS_STROKE3_SETTLE,-0.275062000,-0.539915000,0.291866000
65.318666,NAPKIN_S1_POS_STROKE3_SETTLE,-0.275094000,-0.539328000,0.291855000
65.328949,NAPKIN_S1_POS_STROKE3_SETTLE,-0.275130000,-0.538788000,0.291854000
65.339238,NAPKIN_S1_POS_STROKE3_SETTLE,-0.275152000,-0.538256000,0.291835000
65.349548,NAPKIN_S1_POS_STROKE3_SETTLE,-0.275182000,-0.537666000,0.291807000
65.359853,NAPKIN_S1_POS_STROKE3_SETTLE,-0.275240000,-0.537115000,0.291814000
65.370138,NAPKIN_S1_POS_STROKE3_SETTLE,-0.275297000,-0.536573000,0.291818000
65.380426,NAPKIN_S1_POS_STROKE3_SETTLE,-0.275358000,-0.536024000,0.291816000
65.390761,NAPKIN_S1_POS_STROKE3_SETTLE,-0.275389000,-0.535448000,0.291802000
65.401064,NAPKIN_S1_POS_STROKE3_SETTLE,-0.275404000,-0.534939000,0.291792000
65.411357,NAPKIN_S1_POS_STROKE3_SETTLE,-0.275423000,-0.534430000,0.291792000
65.682374,NAPKIN_LIFT1_POS_FINISH,-0.275328000,-0.527679000,0.292554000
65.692350,NAPKIN_LIFT1_POS_FINISH,-0.275337000,-0.527678000,0.292565000
65.702337,NAPKIN_LIFT1_POS_FINISH,-0.275263000,-0.527707000,0.292459000
65.712341,NAPKIN_LIFT1_POS_FINISH,-0.275025000,-0.527837000,0.292186000
65.722336,NAPKIN_LIFT1_POS_FINISH,-0.274924000,-0.528003000,0.292232000
65.732335,NAPKIN_LIFT1_POS_FINISH,-0.274960000,-0.528163000,0.292593000
65.742329,NAPKIN_LIFT1_POS_FINISH,-0.274775000,-0.528361000,0.292746000
65.752345,NAPKIN_LIFT1_POS_FINISH,-0.274378000,-0.528605000,0.292694000
65.762331,NAPKIN_LIFT1_POS_FINISH,-0.274082000,-0.528822000,0.292871000
65.772332,NAPKIN_LIFT1_POS_FINISH,-0.274006000,-0.528958000,0.293398000
65.782334,NAPKIN_LIFT1_POS_FINISH,-0.273919000,-0.529114000,0.294065000
65.792330,NAPKIN_LIFT1_POS_FINISH,-0.273715000,-0.529319000,0.294633000
65.802325,NAPKIN_LIFT1_POS_FINISH,-0.273383000,-0.529574000,0.295005000
65.812328,NAPKIN_LIFT1_POS_FINISH,-0.273243000,-0.529728000,0.295531000
65.822323,NAPKIN_LIFT1_POS_FINISH,-0.273351000,-0.529741000,0.296273000
65.832328,NAPKIN_LIFT1_POS_FINISH,-0.273440000,-0.529734000,0.296973000
65.842324,NAPKIN_LIFT1_POS_FINISH,-0.273432000,-0.529743000,0.297511000
65.852323,NAPKIN_LIFT1_POS_FINISH,-0.273447000,-0.529715000,0.297955000
65.862324,NAPKIN_LIFT1_POS_FINISH,-0.273494000,-0.529644000,0.298344000
65.872326,NAPKIN_LIFT1_POS_FINISH,-0.273513000,-0.529586000,0.298733000
65.882322,NAPKIN_LIFT1_POS_FINISH,-0.273506000,-0.529570000,0.299198000
65.892329,NAPKIN_LIFT1_POS_FINISH,-0.273469000,-0.529595000,0.299703000
65.902322,NAPKIN_LIFT1_POS_FINISH,-0.273412000,-0.529624000,0.300201000
65.912323,NAPKIN_LIFT1_POS_FINISH,-0.273342000,-0.529655000,0.300700000
65.922321,NAPKIN_LIFT1_POS_FINISH,-0.273289000,-0.529673000,0.301217000
65.932327,NAPKIN_LIFT1_POS_FINISH,-0.273268000,-0.529667000,0.301767000
65.942322,NAPKIN_LIFT1_POS_FINISH,-0.273240000,-0.529656000,0.302294000
65.952325,NAPKIN_LIFT1_POS_FINISH,-0.273209000,-0.529626000,0.302752000
65.962326,NAPKIN_LIFT1_POS_FINISH,-0.273199000,-0.529598000,0.303235000
65.972324,NAPKIN_LIFT1_POS_FINISH,-0.273226000,-0.529555000,0.303744000
65.982321,NAPKIN_LIFT1_POS_FINISH,-0.273232000,-0.529539000,0.304268000
65.992353,NAPKIN_LIFT1_POS_FINISH,-0.273221000,-0.529529000,0.304772000
66.002333,NAPKIN_LIFT1_POS_FINISH,-0.273197000,-0.529522000,0.305274000
66.012347,NAPKIN_LIFT1_POS_FINISH,-0.273172000,-0.529511000,0.305764000
66.022339,NAPKIN_LIFT1_POS_FINISH,-0.273158000,-0.529483000,0.306247000
66.032328,NAPKIN_LIFT1_POS_FINISH,-0.273130000,-0.529464000,0.306719000
66.042330,NAPKIN_LIFT1_POS_FINISH,-0.273108000,-0.529446000,0.307204000
66.052323,NAPKIN_LIFT1_POS_FINISH,-0.273099000,-0.529425000,0.307679000
66.062339,NAPKIN_LIFT1_POS_FINISH,-0.273091000,-0.529417000,0.308157000
66.072278,NAPKIN_LIFT1_POS_FINISH,-0.273092000,-0.529400000,0.308607000
66.072320,NAPKIN_LIFT1_POS_FINISH_SETTLE,-0.273092000,-0.529400000,0.308607000
66.082540,NAPKIN_LIFT1_POS_FINISH_SETTLE,-0.273104000,-0.529374000,0.309103000
66.092844,NAPKIN_LIFT1_POS_FINISH_SETTLE,-0.273148000,-0.529330000,0.309592000
66.103148,NAPKIN_LIFT1_POS_FINISH_SETTLE,-0.273175000,-0.529293000,0.310076000
66.113436,NAPKIN_LIFT1_POS_FINISH_SETTLE,-0.273194000,-0.529253000,0.310558000
66.123761,NAPKIN_LIFT1_POS_FINISH_SETTLE,-0.273188000,-0.529216000,0.311068000
66.134056,NAPKIN_LIFT1_POS_FINISH_SETTLE,-0.273189000,-0.529195000,0.311561000
66.144357,NAPKIN_LIFT1_POS_FINISH_SETTLE,-0.273197000,-0.529183000,0.312070000
66.154693,NAPKIN_LIFT1_POS_FINISH_SETTLE,-0.273212000,-0.529188000,0.312652000
66.165048,NAPKIN_LIFT1_POS_FINISH_SETTLE,-0.273223000,-0.529189000,0.313148000
66.175356,NAPKIN_LIFT1_POS_FINISH_SETTLE,-0.273234000,-0.529190000,0.313638000
66.185688,NAPKIN_LIFT1_POS_FINISH_SETTLE,-0.273275000,-0.529166000,0.314165000
66.196011,NAPKIN_LIFT1_POS_FINISH_SETTLE,-0.273309000,-0.529138000,0.314655000
66.206317,NAPKIN_LIFT1_POS_FINISH_SETTLE,-0.273340000,-0.529114000,0.315157000
66.216634,NAPKIN_LIFT1_POS_FINISH_SETTLE,-0.273362000,-0.529098000,0.315718000
66.226961,NAPKIN_LIFT1_POS_FINISH_SETTLE,-0.273364000,-0.529096000,0.316220000
66.237254,NAPKIN_LIFT1_POS_FINISH_SETTLE,-0.273364000,-0.529096000,0.316711000
66.247551,NAPKIN_LIFT1_POS_FINISH_SETTLE,-0.273371000,-0.529103000,0.317271000
66.257844,NAPKIN_LIFT1_POS_FINISH_SETTLE,-0.273398000,-0.529094000,0.317784000
66.268228,NAPKIN_LIFT1_POS_FINISH_SETTLE,-0.273419000,-0.529088000,0.318295000
66.278546,NAPKIN_LIFT1_POS_FINISH_SETTLE,-0.273430000,-0.529082000,0.318780000
66.288848,NAPKIN_LIFT1_POS_FINISH_SETTLE,-0.273453000,-0.529057000,0.319298000
66.299156,NAPKIN_LIFT1_POS_FINISH_SETTLE,-0.273472000,-0.529038000,0.319769000
66.309446,NAPKIN_LIFT1_POS_FINISH_SETTLE,-0.273499000,-0.529013000,0.320238000
66.319748,NAPKIN_LIFT1_POS_FINISH_SETTLE,-0.273536000,-0.528980000,0.320757000
66.330039,NAPKIN_LIFT1_POS_FINISH_SETTLE,-0.273574000,-0.528956000,0.321242000
66.340333,NAPKIN_LIFT1_POS_FINISH_SETTLE,-0.273604000,-0.528929000,0.321707000
66.350636,NAPKIN_LIFT1_POS_FINISH_SETTLE,-0.273620000,-0.528904000,0.322200000
66.360941,NAPKIN_LIFT1_POS_FINISH_SETTLE,-0.273635000,-0.528885000,0.322687000
66.371492,NAPKIN_LIFT1_POS_FINISH_SETTLE,-0.273649000,-0.528864000,0.323182000
66.381911,NAPKIN_LIFT1_POS_FINISH_SETTLE,-0.273650000,-0.528854000,0.323741000
66.392274,NAPKIN_LIFT1_POS_FINISH_SETTLE,-0.273642000,-0.528854000,0.324249000
66.402609,NAPKIN_LIFT1_POS_FINISH_SETTLE,-0.273642000,-0.528846000,0.324797000
66.412965,NAPKIN_LIFT1_POS_FINISH_SETTLE,-0.273655000,-0.528836000,0.325291000
66.423303,NAPKIN_LIFT1_POS_FINISH_SETTLE,-0.273686000,-0.528816000,0.325807000
66.433641,NAPKIN_LIFT1_POS_FINISH_SETTLE,-0.273720000,-0.528792000,0.326360000
66.443975,NAPKIN_LIFT1_POS_FINISH_SETTLE,-0.273744000,-0.528771000,0.326857000
66.454199,NAPKIN_LIFT1_POS_FINISH_SETTLE,-0.273751000,-0.528754000,0.327357000
66.464387,NAPKIN_LIFT1_POS_FINISH_SETTLE,-0.273767000,-0.528737000,0.327863000
66.474575,NAPKIN_LIFT1_POS_FINISH_SETTLE,-0.273763000,-0.528725000,0.328416000
66.484952,NAPKIN_LIFT1_POS_FINISH_SETTLE,-0.273753000,-0.528723000,0.328939000
66.495132,NAPKIN_LIFT1_POS_FINISH_SETTLE,-0.273749000,-0.528721000,0.329462000
66.505341,NAPKIN_LIFT1_POS_FINISH_SETTLE,-0.273732000,-0.528724000,0.329964000
66.515561,NAPKIN_LIFT1_POS_FINISH_SETTLE,-0.273723000,-0.528722000,0.330519000
66.525920,NAPKIN_LIFT1_POS_FINISH_SETTLE,-0.273728000,-0.528717000,0.331035000
66.536225,NAPKIN_LIFT1_POS_FINISH_SETTLE,-0.273748000,-0.528700000,0.331553000
66.546515,NAPKIN_LIFT1_POS_FINISH_SETTLE,-0.273738000,-0.528695000,0.332031000
66.556823,NAPKIN_LIFT1_POS_FINISH_SETTLE,-0.273720000,-0.528687000,0.332536000
66.567111,NAPKIN_LIFT1_POS_FINISH_SETTLE,-0.273718000,-0.528672000,0.333008000
66.577396,NAPKIN_LIFT1_POS_FINISH_SETTLE,-0.273723000,-0.528653000,0.333473000
66.587722,NAPKIN_LIFT1_POS_FINISH_SETTLE,-0.273720000,-0.528645000,0.334004000
66.598011,NAPKIN_LIFT1_POS_FINISH_SETTLE,-0.273717000,-0.528635000,0.334483000
66.608299,NAPKIN_LIFT1_POS_FINISH_SETTLE,-0.273710000,-0.528631000,0.334967000
66.618593,NAPKIN_LIFT1_POS_FINISH_SETTLE,-0.273706000,-0.528615000,0.335498000
66.628895,NAPKIN_LIFT1_POS_FINISH_SETTLE,-0.273704000,-0.528603000,0.335991000
66.639181,NAPKIN_LIFT1_POS_FINISH_SETTLE,-0.273706000,-0.528589000,0.336489000
66.649471,NAPKIN_LIFT1_POS_FINISH_SETTLE,-0.273701000,-0.528582000,0.336991000
66.659793,NAPKIN_LIFT1_POS_FINISH_SETTLE,-0.273691000,-0.528585000,0.337555000
66.670112,NAPKIN_LIFT1_POS_FINISH_SETTLE,-0.273685000,-0.528582000,0.338054000
66.680418,NAPKIN_LIFT1_POS_FINISH_SETTLE,-0.273679000,-0.528581000,0.338544000
66.690732,NAPKIN_LIFT1_POS_FINISH_SETTLE,-0.273688000,-0.528571000,0.339088000
66.701028,NAPKIN_LIFT1_POS_FINISH_SETTLE,-0.273705000,-0.528559000,0.339592000
66.711322,NAPKIN_LIFT1_POS_FINISH_SETTLE,-0.273716000,-0.528548000,0.340083000
66.721626,NAPKIN_LIFT1_POS_FINISH_SETTLE,-0.273740000,-0.528527000,0.340621000
66.731948,NAPKIN_LIFT1_POS_FINISH_SETTLE,-0.273771000,-0.528500000,0.341127000
66.742243,NAPKIN_LIFT1_POS_FINISH_SETTLE,-0.273794000,-0.528479000,0.341622000
66.752540,NAPKIN_LIFT1_POS_FINISH_SETTLE,-0.273796000,-0.528468000,0.342159000
66.762875,NAPKIN_LIFT1_POS_FINISH_SETTLE,-0.273807000,-0.528457000,0.342675000
66.773171,NAPKIN_LIFT1_POS_FINISH_SETTLE,-0.273821000,-0.528447000,0.343191000
66.783475,NAPKIN_LIFT1_POS_FINISH_SETTLE,-0.273829000,-0.528443000,0.343704000
66.793805,NAPKIN_LIFT1_POS_FINISH_SETTLE,-0.273823000,-0.528446000,0.344253000
66.804114,NAPKIN_LIFT1_POS_FINISH_SETTLE,-0.273834000,-0.528443000,0.344760000
66.814439,NAPKIN_LIFT1_POS_FINISH_SETTLE,-0.273845000,-0.528442000,0.345268000
66.824761,NAPKIN_LIFT1_POS_FINISH_SETTLE,-0.273867000,-0.528431000,0.345817000
66.835055,NAPKIN_LIFT1_POS_FINISH_SETTLE,-0.273884000,-0.528425000,0.346300000
66.845341,NAPKIN_LIFT1_POS_FINISH_SETTLE,-0.273900000,-0.528419000,0.346774000
66.855635,NAPKIN_LIFT1_POS_FINISH_SETTLE,-0.273917000,-0.528413000,0.347293000
66.865948,NAPKIN_LIFT1_POS_FINISH_SETTLE,-0.273936000,-0.528406000,0.347756000
66.876229,NAPKIN_LIFT1_POS_FINISH_SETTLE,-0.273945000,-0.528404000,0.348206000
66.886517,NAPKIN_LIFT1_POS_FINISH_SETTLE,-0.273957000,-0.528403000,0.348655000
66.896812,NAPKIN_LIFT1_POS_FINISH_SETTLE,-0.273988000,-0.528388000,0.349164000
66.907101,NAPKIN_LIFT1_POS_FINISH_SETTLE,-0.274010000,-0.528378000,0.349624000
66.917393,NAPKIN_LIFT1_POS_FINISH_SETTLE,-0.274028000,-0.528371000,0.350076000
66.927694,NAPKIN_LIFT1_POS_FINISH_SETTLE,-0.274039000,-0.528369000,0.350578000
66.937961,NAPKIN_LIFT1_POS_FINISH_SETTLE,-0.274049000,-0.528367000,0.351033000
66.948174,NAPKIN_LIFT1_POS_FINISH_SETTLE,-0.274047000,-0.528376000,0.351488000
66.958389,NAPKIN_LIFT1_POS_FINISH_SETTLE,-0.274052000,-0.528384000,0.351962000
66.968599,NAPKIN_LIFT1_POS_FINISH_SETTLE,-0.274043000,-0.528400000,0.352484000
66.978911,NAPKIN_LIFT1_POS_FINISH_SETTLE,-0.274039000,-0.528413000,0.352956000
66.989218,NAPKIN_LIFT1_POS_FINISH_SETTLE,-0.274039000,-0.528421000,0.353433000
66.999549,NAPKIN_LIFT1_POS_FINISH_SETTLE,-0.274046000,-0.528425000,0.353904000
67.009870,NAPKIN_LIFT1_POS_FINISH_SETTLE,-0.274051000,-0.528433000,0.354417000
67.020161,NAPKIN_LIFT1_POS_FINISH_SETTLE,-0.274054000,-0.528445000,0.354877000
67.030463,NAPKIN_LIFT1_POS_FINISH_SETTLE,-0.274064000,-0.528453000,0.355341000
67.040792,NAPKIN_LIFT1_POS_FINISH_SETTLE,-0.274085000,-0.528457000,0.355856000
67.051094,NAPKIN_LIFT1_POS_FINISH_SETTLE,-0.274101000,-0.528464000,0.356317000
67.061387,NAPKIN_LIFT1_POS_FINISH_SETTLE,-0.274130000,-0.528464000,0.356789000
67.071701,NAPKIN_LIFT1_POS_FINISH_SETTLE,-0.274157000,-0.528465000,0.357322000
67.082025,NAPKIN_LIFT1_POS_FINISH_SETTLE,-0.274180000,-0.528463000,0.357801000
67.092327,NAPKIN_LIFT1_POS_FINISH_SETTLE,-0.274187000,-0.528466000,0.358273000
67.102619,NAPKIN_LIFT1_POS_FINISH_SETTLE,-0.274203000,-0.528467000,0.358812000
67.112986,NAPKIN_LIFT1_POS_FINISH_SETTLE,-0.274233000,-0.528462000,0.359322000
67.123207,NAPKIN_LIFT1_POS_FINISH_SETTLE,-0.274261000,-0.528459000,0.359843000
67.133397,NAPKIN_LIFT1_POS_FINISH_SETTLE,-0.274279000,-0.528453000,0.360347000
67.143586,NAPKIN_LIFT1_POS_FINISH_SETTLE,-0.274306000,-0.528442000,0.360910000
67.153996,NAPKIN_LIFT1_POS_FINISH_SETTLE,-0.274334000,-0.528430000,0.361438000
67.164173,NAPKIN_LIFT1_POS_FINISH_SETTLE,-0.274352000,-0.528419000,0.361948000
