t,phase,x,y,z
17.206856,P1_INIT_POS,-0.014161000,-0.584577000,0.532525000
17.216772,P1_INIT_POS,-0.014161000,-0.584577000,0.532525000
17.226790,P1_INIT_POS,-0.014161000,-0.584577000,0.532525000
17.236772,P1_INIT_POS,-0.014161000,-0.584577000,0.532525000
17.246803,P1_INIT_POS,-0.014161000,-0.584577000,0.532525000
17.256755,P1_INIT_POS,-0.014161000,-0.584577000,0.532525000
17.266767,P1_INIT_POS,-0.014161000,-0.584577000,0.532525000
17.276735,P1_INIT_POS,-0.014161000,-0.584577000,0.532525000
17.286761,P1_INIT_POS,-0.014161000,-0.584577000,0.532525000
17.296743,P1_INIT_POS,-0.014161000,-0.584577000,0.532525000
17.306772,P1_INIT_POS,-0.014161000,-0.584577000,0.532525000
17.316755,P1_INIT_POS,-0.014161000,-0.584577000,0.532525000
17.326756,P1_INIT_POS,-0.014161000,-0.584577000,0.532525000
17.336734,P1_INIT_POS,-0.014161000,-0.584577000,0.532525000
17.346758,P1_INIT_POS,-0.014161000,-0.584577000,0.532525000
17.356760,P1_INIT_POS,-0.014161000,-0.584577000,0.532525000
17.366769,P1_INIT_POS,-0.014161000,-0.584577000,0.532525000
17.376735,P1_INIT_POS,-0.014161000,-0.584577000,0.532525000
17.386752,P1_INIT_POS,-0.014161000,-0.584577000,0.532525000
17.396745,P1_INIT_POS,-0.014161000,-0.584577000,0.532525000
17.406767,P1_INIT_POS,-0.014161000,-0.584577000,0.532525000
17.416763,P1_INIT_POS,-0.014161000,-0.584577000,0.532525000
17.426751,P1_INIT_POS,-0.014161000,-0.584577000,0.532525000
17.436734,P1_INIT_POS,-0.014161000,-0.584577000,0.532525000
17.446866,P1_INIT_POS,-0.014161000,-0.584577000,0.532525000
17.456754,P1_INIT_POS,-0.014161000,-0.584577000,0.532525000
17.466757,P1_INIT_POS,-0.014161000,-0.584577000,0.532525000
17.476735,P1_INIT_POS,-0.014161000,-0.584577000,0.532525000
17.486764,P1_INIT_POS,-0.014161000,-0.584577000,0.532525000
17.496762,P1_INIT_POS,-0.014161000,-0.584577000,0.532525000
17.506764,P1_INIT_POS,-0.014161000,-0.584577000,0.532525000
17.516779,P1_INIT_POS,-0.014161000,-0.584577000,0.532525000
17.526757,P1_INIT_POS,-0.014161000,-0.584577000,0.532525000
17.536765,P1_INIT_POS,-0.014161000,-0.584577000,0.532525000
17.546755,P1_INIT_POS,-0.014161000,-0.584577000,0.532525000
17.556770,P1_INIT_POS,-0.014161000,-0.584577000,0.532525000
17.566757,P1_INIT_POS,-0.014161000,-0.584577000,0.532525000
17.576764,P1_INIT_POS,-0.014161000,-0.584577000,0.532525000
17.586754,P1_INIT_POS,-0.014161000,-0.584577000,0.532525000
17.596771,P1_INIT_POS,-0.014161000,-0.584577000,0.532525000
17.606771,P1_INIT_POS,-0.014161000,-0.584577000,0.532525000
17.616790,P1_INIT_POS,-0.014161000,-0.584577000,0.532525000
17.626768,P1_INIT_POS,-0.014161000,-0.584577000,0.532525000
17.636771,P1_INIT_POS,-0.014161000,-0.584577000,0.532525000
17.646781,P1_INIT_POS,-0.014161000,-0.584577000,0.532525000
17.656762,P1_INIT_POS,-0.014161000,-0.584577000,0.532525000
17.666771,P1_INIT_POS,-0.014161000,-0.584577000,0.532525000
17.676757,P1_INIT_POS,-0.014161000,-0.584577000,0.532525000
17.686783,P1_INIT_POS,-0.014161000,-0.584577000,0.532525000
17.696758,P1_INIT_POS,-0.014161000,-0.584577000,0.532525000
17.706799,P1_INIT_POS,-0.014161000,-0.584577000,0.532525000
17.716777,P1_INIT_POS,-0.014161000,-0.584577000,0.532525000
17.726789,P1_INIT_POS,-0.014161000,-0.584577000,0.532525000
17.736761,P1_INIT_POS,-0.014161000,-0.584577000,0.532525000
17.746787,P1_INIT_POS,-0.014161000,-0.584577000,0.532525000
17.756759,P1_INIT_POS,-0.014161000,-0.584577000,0.532525000
17.766786,P1_INIT_POS,-0.014161000,-0.584577000,0.532525000
17.776762,P1_INIT_POS,-0.014161000,-0.584577000,0.532525000
17.786784,P1_INIT_POS,-0.014161000,-0.584577000,0.532525000
17.796766,P1_INIT_POS,-0.014161000,-0.584577000,0.532525000
17.806778,P1_INIT_POS,-0.014161000,-0.584577000,0.532525000
17.816774,P1_INIT_POS,-0.014161000,-0.584577000,0.532525000
17.826787,P1_INIT_POS,-0.014161000,-0.584577000,0.532525000
17.836765,P1_INIT_POS,-0.014161000,-0.584577000,0.532525000
17.846765,P1_INIT_POS,-0.014161000,-0.584577000,0.532525000
17.856761,P1_INIT_POS,-0.014161000,-0.584577000,0.532525000
17.866750,P1_INIT_POS,-0.014161000,-0.584577000,0.532525000
17.876758,P1_INIT_POS,-0.014161000,-0.584577000,0.532525000
17.886746,P1_INIT_POS,-0.014161000,-0.584577000,0.532525000
17.896763,P1_INIT_POS,-0.014161000,-0.584577000,0.532525000
17.906754,P1_INIT_POS,-0.014161000,-0.584577000,0.532525000
17.916779,P1_INIT_POS,-0.014161000,-0.584577000,0.532525000
17.926770,P1_INIT_POS,-0.014161000,-0.584577000,0.532525000
17.936774,P1_INIT_POS,-0.014161000,-0.584577000,0.532525000
17.946770,P1_INIT_POS,-0.014161000,-0.584577000,0.532525000
17.956784,P1_INIT_POS,-0.014161000,-0.584577000,0.532525000
17.966784,P1_INIT_POS,-0.014161000,-0.584577000,0.532525000
17.976776,P1_INIT_POS,-0.014161000,-0.584577000,0.532525000
17.986766,P1_INIT_POS,-0.014161000,-0.584577000,0.532525000
17.996776,P1_INIT_POS,-0.014161000,-0.584577000,0.532525000
18.006792,P1_INIT_POS,-0.014161000,-0.584577000,0.532525000
18.016788,P1_INIT_POS,-0.014161000,-0.584577000,0.532525000
18.026776,P1_INIT_POS,-0.014161000,-0.584577000,0.532525000
18.036790,P1_INIT_POS,-0.014161000,-0.584577000,0.532525000
18.046752,P1_INIT_POS,-0.014161000,-0.584577000,0.532525000
18.056786,P1_INIT_POS,-0.014161000,-0.584577000,0.532525000
18.066748,P1_INIT_POS,-0.014161000,-0.584577000,0.532525000
18.076779,P1_INIT_POS,-0.014161000,-0.584577000,0.532525000
18.086758,P1_INIT_POS,-0.014161000,-0.584577000,0.532525000
18.096783,P1_INIT_POS,-0.014161000,-0.584577000,0.532525000
18.106820,P1_INIT_POS,-0.014161000,-0.584577000,0.532525000
18.116793,P1_INIT_POS,-0.014161000,-0.584577000,0.532525000
18.126802,P1_INIT_POS,-0.014161000,-0.584577000,0.532525000
18.136766,P1_INIT_POS,-0.014161000,-0.584577000,0.532525000
18.146786,P1_INIT_POS,-0.014161000,-0.584577000,0.532525000
18.156759,P1_INIT_POS,-0.014161000,-0.584577000,0.532525000
18.166770,P1_INIT_POS,-0.014161000,-0.584577000,0.532525000
18.176753,P1_INIT_POS,-0.014161000,-0.584577000,0.532525000
18.186767,P1_INIT_POS,-0.014161000,-0.584577000,0.532525000
18.196748,P1_INIT_POS,-0.014161000,-0.584577000,0.532525000
18.206794,P1_INIT_POS,-0.014161000,-0.584577000,0.532525000
18.216772,P1_INIT_POS,-0.014161000,-0.584577000,0.532525000
18.226780,P1_INIT_POS,-0.014161000,-0.584577000,0.532525000
18.236774,P1_INIT_POS,-0.014161000,-0.584577000,0.532525000
18.246760,P1_INIT_POS,-0.014161000,-0.584577000,0.532525000
18.256770,P1_INIT_POS,-0.014161000,-0.584577000,0.532525000
18.266766,P1_INIT_POS,-0.014161000,-0.584577000,0.532525000
18.276773,P1_INIT_POS,-0.014161000,-0.584577000,0.532525000
18.286765,P1_INIT_POS,-0.014161000,-0.584577000,0.532525000
18.296763,P1_INIT_POS,-0.014161000,-0.584577000,0.532525000
18.306810,P1_INIT_POS,-0.014161000,-0.584577000,0.532525000
18.316773,P1_INIT_POS,-0.014161000,-0.584577000,0.532525000
18.326802,P1_INIT_POS,-0.014161000,-0.584577000,0.532525000
18.336751,P1_INIT_POS,-0.014161000,-0.584577000,0.532525000
18.346781,P1_INIT_POS,-0.014161000,-0.584577000,0.532525000
18.356747,P1_INIT_POS,-0.014161000,-0.584577000,0.532525000
18.366775,P1_INIT_POS,-0.014161000,-0.584577000,0.532525000
18.376746,P1_INIT_POS,-0.014161000,-0.584577000,0.532525000
18.386771,P1_INIT_POS,-0.014161000,-0.584577000,0.532525000
18.396749,P1_INIT_POS,-0.014161000,-0.584577000,0.532525000
18.406773,P1_INIT_POS,-0.014161000,-0.584577000,0.532525000
18.416771,P1_INIT_POS,-0.014161000,-0.584577000,0.532525000
18.426784,P1_INIT_POS,-0.014161000,-0.584577000,0.532525000
18.436764,P1_INIT_POS,-0.014161000,-0.584577000,0.532525000
18.446890,P1_INIT_POS,-0.014161000,-0.584577000,0.532525000
18.456796,P1_INIT_POS,-0.014161000,-0.584577000,0.532525000
18.466788,P1_INIT_POS,-0.014161000,-0.584577000,0.532525000
18.476759,P1_INIT_POS,-0.014161000,-0.584577000,0.532525000
18.486783,P1_INIT_POS,-0.014161000,-0.584577000,0.532525000
18.496759,P1_INIT_POS,-0.014161000,-0.584577000,0.532525000
18.506787,P1_INIT_POS,-0.014161000,-0.584577000,0.532525000
18.516834,P1_INIT_POS,-0.014161000,-0.584577000,0.532525000
18.526797,P1_INIT_POS,-0.014161000,-0.584577000,0.532525000
18.536771,P1_INIT_POS,-0.014161000,-0.584577000,0.532525000
18.546762,P1_INIT_POS,-0.014161000,-0.584577000,0.532525000
18.556764,P1_INIT_POS,-0.014161000,-0.584577000,0.532525000
18.566754,P1_INIT_POS,-0.014161000,-0.584577000,0.532525000
18.576759,P1_INIT_POS,-0.014161000,-0.584577000,0.532525000
18.576861,P1_INIT_POS_SETTLE,-0.014161000,-0.584577000,0.532525000
18.587172,P1_INIT_POS_SETTLE,-0.014161000,-0.584577000,0.532525000
18.597487,P1_INIT_POS_SETTLE,-0.014161000,-0.584577000,0.532525000
18.607807,P1_INIT_POS_SETTLE,-0.014161000,-0.584577000,0.532525000
18.618141,P1_INIT_POS_SETTLE,-0.014161000,-0.584577000,0.532525000
18.628478,P1_INIT_POS_SETTLE,-0.014161000,-0.584577000,0.532525000
18.638809,P1_INIT_POS_SETTLE,-0.014161000,-0.584577000,0.532525000
18.649134,P1_INIT_POS_SETTLE,-0.014161000,-0.584577000,0.532525000
18.659472,P1_INIT_POS_SETTLE,-0.014161000,-0.584577000,0.532525000
18.669799,P1_INIT_POS_SETTLE,-0.014161000,-0.584577000,0.532525000
18.680121,P1_INIT_POS_SETTLE,-0.014161000,-0.584577000,0.532525000
18.690444,P1_INIT_POS_SETTLE,-0.014161000,-0.584577000,0.532525000
18.700770,P1_INIT_POS_SETTLE,-0.014161000,-0.584577000,0.532525000
18.711109,P1_INIT_POS_SETTLE,-0.014161000,-0.584577000,0.532525000
18.721558,P1_INIT_POS_SETTLE,-0.014161000,-0.584577000,0.532525000
18.731987,P1_INIT_POS_SETTLE,-0.014161000,-0.584577000,0.532525000
18.742335,P1_INIT_POS_SETTLE,-0.014161000,-0.584577000,0.532525000
18.752691,P1_INIT_POS_SETTLE,-0.014161000,-0.584577000,0.532525000
18.763011,P1_INIT_POS_SETTLE,-0.014161000,-0.584577000,0.532525000
18.773348,P1_INIT_POS_SETTLE,-0.014161000,-0.584577000,0.532525000
18.783682,P1_INIT_POS_SETTLE,-0.014161000,-0.584577000,0.532525000
18.794010,P1_INIT_POS_SETTLE,-0.014161000,-0.584577000,0.532525000
18.804328,P1_INIT_POS_SETTLE,-0.014161000,-0.584577000,0.532525000
18.814685,P1_INIT_POS_SETTLE,-0.014161000,-0.584577000,0.532525000
18.825036,P1_INIT_POS_SETTLE,-0.014161000,-0.584577000,0.532525000
18.835377,P1_INIT_POS_SETTLE,-0.014161000,-0.584577000,0.532525000
18.845707,P1_INIT_POS_SETTLE,-0.014161000,-0.584577000,0.532525000
18.856045,P1_INIT_POS_SETTLE,-0.014161000,-0.584577000,0.532525000
18.866363,P1_INIT_POS_SETTLE,-0.014161000,-0.584577000,0.532525000
18.876709,P1_INIT_POS_SETTLE,-0.014161000,-0.584577000,0.532525000
18.887045,P1_INIT_POS_SETTLE,-0.014161000,-0.584577000,0.532525000
18.897373,P1_INIT_POS_SETTLE,-0.014161000,-0.584577000,0.532525000
18.907729,P1_INIT_POS_SETTLE,-0.014161000,-0.584577000,0.532525000
18.918075,P1_INIT_POS_SETTLE,-0.014161000,-0.584577000,0.532525000
18.928415,P1_INIT_POS_SETTLE,-0.014161000,-0.584577000,0.532525000
18.938762,P1_INIT_POS_SETTLE,-0.014161000,-0.584577000,0.532525000
18.949125,P1_INIT_POS_SETTLE,-0.014161000,-0.584577000,0.532525000
18.959467,P1_INIT_POS_SETTLE,-0.014161000,-0.584577000,0.532525000
18.969851,P1_INIT_POS_SETTLE,-0.014161000,-0.584577000,0.532525000
18.980183,P1_INIT_POS_SETTLE,-0.014161000,-0.584577000,0.532525000
18.990531,P1_INIT_POS_SETTLE,-0.014161000,-0.584577000,0.532525000
19.000862,P1_INIT_POS_SETTLE,-0.014161000,-0.584577000,0.532525000
19.011197,P1_INIT_POS_SETTLE,-0.014161000,-0.584577000,0.532525000
19.021551,P1_INIT_POS_SETTLE,-0.014161000,-0.584577000,0.532525000
19.031915,P1_INIT_POS_SETTLE,-0.014161000,-0.584577000,0.532525000
19.042263,P1_INIT_POS_SETTLE,-0.014161000,-0.584577000,0.532525000
19.052607,P1_INIT_POS_SETTLE,-0.014161000,-0.584577000,0.532525000
19.062961,P1_INIT_POS_SETTLE,-0.014161000,-0.584577000,0.532525000
19.073310,P1_INIT_POS_SETTLE,-0.014161000,-0.584577000,0.532525000
19.083672,P1_INIT_POS_SETTLE,-0.014161000,-0.584577000,0.532525000
19.094023,P1_INIT_POS_SETTLE,-0.014161000,-0.584577000,0.532525000
19.104357,P1_INIT_POS_SETTLE,-0.014161000,-0.584577000,0.532525000
19.114737,P1_INIT_POS_SETTLE,-0.014161000,-0.584577000,0.532525000
19.125109,P1_INIT_POS_SETTLE,-0.014161000,-0.584577000,0.532525000
19.135446,P1_INIT_POS_SETTLE,-0.014161000,-0.584577000,0.532525000
19.145800,P1_INIT_POS_SETTLE,-0.014161000,-0.584577000,0.532525000
19.156151,P1_INIT_POS_SETTLE,-0.014161000,-0.584577000,0.532525000
19.166504,P1_INIT_POS_SETTLE,-0.014161000,-0.584577000,0.532525000
19.176856,P1_INIT_POS_SETTLE,-0.014161000,-0.584577000,0.532525000
19.187198,P1_INIT_POS_SETTLE,-0.014161000,-0.584577000,0.532525000
19.197552,P1_INIT_POS_SETTLE,-0.014161000,-0.584577000,0.532525000
19.207895,P1_INIT_POS_SETTLE,-0.014161000,-0.584577000,0.532525000
19.218240,P1_INIT_POS_SETTLE,-0.014161000,-0.584577000,0.532525000
19.228600,P1_INIT_POS_SETTLE,-0.014161000,-0.584577000,0.532525000
19.238951,P1_INIT_POS_SETTLE,-0.014161000,-0.584577000,0.532525000
19.249294,P1_INIT_POS_SETTLE,-0.014161000,-0.584577000,0.532525000
19.259654,P1_INIT_POS_SETTLE,-0.014161000,-0.584577000,0.532525000
19.270005,P1_INIT_POS_SETTLE,-0.014161000,-0.584577000,0.532525000
19.280364,P1_INIT_POS_SETTLE,-0.014161000,-0.584577000,0.532525000
19.290712,P1_INIT_POS_SETTLE,-0.014161000,-0.584577000,0.532525000
19.301099,P1_INIT_POS_SETTLE,-0.014161000,-0.584577000,0.532525000
19.311448,P1_INIT_POS_SETTLE,-0.014161000,-0.584577000,0.532525000
19.321817,P1_INIT_POS_SETTLE,-0.014161000,-0.584577000,0.532525000
19.332157,P1_INIT_POS_SETTLE,-0.014161000,-0.584577000,0.532525000
19.342504,P1_INIT_POS_SETTLE,-0.014161000,-0.584577000,0.532525000
19.352852,P1_INIT_POS_SETTLE,-0.014161000,-0.584577000,0.532525000
19.363184,P1_INIT_POS_SETTLE,-0.014161000,-0.584577000,0.532525000
19.373539,P1_INIT_POS_SETTLE,-0.014161000,-0.584577000,0.532525000
19.383878,P1_INIT_POS_SETTLE,-0.014161000,-0.584577000,0.532525000
19.394212,P1_INIT_POS_SETTLE,-0.014161000,-0.584577000,0.532525000
19.404566,P1_INIT_POS_SETTLE,-0.014161000,-0.584577000,0.532525000
19.414910,P1_INIT_POS_SETTLE,-0.014161000,-0.584577000,0.532525000
19.425256,P1_INIT_POS_SETTLE,-0.014161000,-0.584577000,0.532525000
19.435600,P1_INIT_POS_SETTLE,-0.014161000,-0.584577000,0.532525000
19.445976,P1_INIT_POS_SETTLE,-0.014161000,-0.584577000,0.532525000
19.456350,P1_INIT_POS_SETTLE,-0.014161000,-0.584577000,0.532525000
19.466715,P1_INIT_POS_SETTLE,-0.014161000,-0.584577000,0.532525000
19.477052,P1_INIT_POS_SETTLE,-0.014161000,-0.584577000,0.532525000
19.487374,P1_INIT_POS_SETTLE,-0.014161000,-0.584577000,0.532525000
19.497729,P1_INIT_POS_SETTLE,-0.014161000,-0.584577000,0.532525000
19.508131,P1_INIT_POS_SETTLE,-0.014161000,-0.584577000,0.532525000
19.518478,P1_INIT_POS_SETTLE,-0.014161000,-0.584577000,0.532525000
19.528822,P1_INIT_POS_SETTLE,-0.014161000,-0.584577000,0.532525000
19.539152,P1_INIT_POS_SETTLE,-0.014161000,-0.584577000,0.532525000
19.549480,P1_INIT_POS_SETTLE,-0.014161000,-0.584577000,0.532525000
19.559815,P1_INIT_POS_SETTLE,-0.014161000,-0.584577000,0.532525000
19.570133,P1_INIT_POS_SETTLE,-0.014161000,-0.584577000,0.532525000
19.580452,P1_INIT_POS_SETTLE,-0.014161000,-0.584577000,0.532525000
19.590791,P1_INIT_POS_SETTLE,-0.014161000,-0.584577000,0.532525000
19.601158,P1_INIT_POS_SETTLE,-0.014161000,-0.584577000,0.532525000
19.611521,P1_INIT_POS_SETTLE,-0.014161000,-0.584577000,0.532525000
19.621879,P1_INIT_POS_SETTLE,-0.014161000,-0.584577000,0.532525000
19.632218,P1_INIT_POS_SETTLE,-0.014161000,-0.584577000,0.532525000
19.642560,P1_INIT_POS_SETTLE,-0.014161000,-0.584577000,0.532525000
19.652916,P1_INIT_POS_SETTLE,-0.014161000,-0.584577000,0.532525000
19.663245,P1_INIT_POS_SETTLE,-0.014161000,-0.584577000,0.532525000
19.673575,P1_INIT_POS_SETTLE,-0.014161000,-0.584577000,0.532525000
19.683930,P1_INIT_POS_SETTLE,-0.014161000,-0.584577000,0.532525000
19.694271,P1_INIT_POS_SETTLE,-0.014161000,-0.584577000,0.532525000
19.704585,P1_INIT_POS_SETTLE,-0.014161000,-0.584577000,0.532525000
19.714894,P1_INIT_POS_SETTLE,-0.014161000,-0.584577000,0.532525000
19.725236,P1_INIT_POS_SETTLE,-0.014161000,-0.584577000,0.532525000
19.735577,P1_INIT_POS_SETTLE,-0.014161000,-0.584577000,0.532525000
19.745921,P1_INIT_POS_SETTLE,-0.014161000,-0.584577000,0.532525000
19.756259,P1_INIT_POS_SETTLE,-0.014161000,-0.584577000,0.532525000
19.766605,P1_INIT_POS_SETTLE,-0.014161000,-0.584577000,0.532525000
19.776948,P1_INIT_POS_SETTLE,-0.014161000,-0.584577000,0.532525000
19.787283,P1_INIT_POS_SETTLE,-0.014161000,-0.584577000,0.532525000
19.797636,P1_INIT_POS_SETTLE,-0.014161000,-0.584577000,0.532525000
19.807978,P1_INIT_POS_SETTLE,-0.014161000,-0.584577000,0.532525000
19.818325,P1_INIT_POS_SETTLE,-0.014161000,-0.584577000,0.532525000
19.828669,P1_INIT_POS_SETTLE,-0.014161000,-0.584577000,0.532525000
19.839014,P1_INIT_POS_SETTLE,-0.014161000,-0.584577000,0.532525000
19.849332,P1_INIT_POS_SETTLE,-0.014161000,-0.584577000,0.532525000
19.859682,P1_INIT_POS_SETTLE,-0.014161000,-0.584577000,0.532525000
19.870041,P1_INIT_POS_SETTLE,-0.014161000,-0.584577000,0.532525000
19.880365,P1_INIT_POS_SETTLE,-0.014161000,-0.584577000,0.532525000
19.890703,P1_INIT_POS_SETTLE,-0.014161000,-0.584577000,0.532525000
19.901025,P1_INIT_POS_SETTLE,-0.014161000,-0.584577000,0.532525000
19.911374,P1_INIT_POS_SETTLE,-0.014161000,-0.584577000,0.532525000
19.921723,P1_INIT_POS_SETTLE,-0.014161000,-0.584577000,0.532525000
19.932062,P1_INIT_POS_SETTLE,-0.014161000,-0.584577000,0.532525000
19.942371,P1_INIT_POS_SETTLE,-0.014161000,-0.584577000,0.532525000
19.952704,P1_INIT_POS_SETTLE,-0.014161000,-0.584577000,0.532525000
19.963017,P1_INIT_POS_SETTLE,-0.014161000,-0.584577000,0.532525000
19.973328,P1_INIT_POS_SETTLE,-0.014161000,-0.584577000,0.532525000
19.983639,P1_INIT_POS_SETTLE,-0.014161000,-0.584577000,0.532525000
19.993972,P1_INIT_POS_SETTLE,-0.014161000,-0.584577000,0.532525000
20.004305,P1_INIT_POS_SETTLE,-0.014161000,-0.584577000,0.532525000
20.018502,P1_INIT_POS_SETTLE,-0.014161000,-0.584577000,0.532525000
20.028870,P1_INIT_POS_SETTLE,-0.014161000,-0.584577000,0.532525000
20.039200,P1_INIT_POS_SETTLE,-0.014161000,-0.584577000,0.532525000
20.049545,P1_INIT_POS_SETTLE,-0.014161000,-0.584577000,0.532525000
20.059883,P1_INIT_POS_SETTLE,-0.014161000,-0.584577000,0.532525000
20.070204,P1_INIT_POS_SETTLE,-0.014161000,-0.584577000,0.532525000
20.080531,P1_INIT_POS_SETTLE,-0.014161000,-0.584577000,0.532525000
20.090877,P1_INIT_POS_SETTLE,-0.014161000,-0.584577000,0.532525000
20.101192,P1_INIT_POS_SETTLE,-0.014161000,-0.584577000,0.532525000
20.111550,P1_INIT_POS_SETTLE,-0.014161000,-0.584577000,0.532525000
20.121934,P1_INIT_POS_SETTLE,-0.014161000,-0.584577000,0.532525000
20.132278,P1_INIT_POS_SETTLE,-0.014161000,-0.584577000,0.532525000
20.142645,P1_INIT_POS_SETTLE,-0.014161000,-0.584577000,0.532525000
20.152999,P1_INIT_POS_SETTLE,-0.014161000,-0.584577000,0.532525000
20.163340,P1_INIT_POS_SETTLE,-0.014161000,-0.584577000,0.532525000
20.173700,P1_INIT_POS_SETTLE,-0.014161000,-0.584577000,0.532525000
20.184085,P1_INIT_POS_SETTLE,-0.014161000,-0.584577000,0.532525000
20.194428,P1_INIT_POS_SETTLE,-0.014161000,-0.584577000,0.532525000
20.204796,P1_INIT_POS_SETTLE,-0.014161000,-0.584577000,0.532525000
20.215167,P1_INIT_POS_SETTLE,-0.014161000,-0.584577000,0.532525000
20.225518,P1_INIT_POS_SETTLE,-0.014161000,-0.584577000,0.532525000
20.235866,P1_INIT_POS_SETTLE,-0.014161000,-0.584577000,0.532525000
20.246195,P1_INIT_POS_SETTLE,-0.014161000,-0.584577000,0.532525000
20.256528,P1_INIT_POS_SETTLE,-0.014161000,-0.584577000,0.532525000
20.266848,P1_INIT_POS_SETTLE,-0.014161000,-0.584577000,0.532525000
20.277170,P1_INIT_POS_SETTLE,-0.014161000,-0.584577000,0.532525000
20.287500,P1_INIT_POS_SETTLE,-0.014161000,-0.584577000,0.532525000
20.297820,P1_INIT_POS_SETTLE,-0.014161000,-0.584577000,0.532525000
20.308144,P1_INIT_POS_SETTLE,-0.014161000,-0.584577000,0.532525000
20.318477,P1_INIT_POS_SETTLE,-0.014161000,-0.584577000,0.532525000
20.328853,P1_INIT_POS_SETTLE,-0.014161000,-0.584577000,0.532525000
20.339172,P1_INIT_POS_SETTLE,-0.014161000,-0.584577000,0.532525000
20.349498,P1_INIT_POS_SETTLE,-0.014161000,-0.584577000,0.532525000
20.359836,P1_INIT_POS_SETTLE,-0.014161000,-0.584577000,0.532525000
20.370155,P1_INIT_POS_SETTLE,-0.014161000,-0.584577000,0.532525000
20.380484,P1_INIT_POS_SETTLE,-0.014161000,-0.584577000,0.532525000
20.390816,P1_INIT_POS_SETTLE,-0.014161000,-0.584577000,0.532525000
20.401141,P1_INIT_POS_SETTLE,-0.014161000,-0.584577000,0.532525000
20.411464,P1_INIT_POS_SETTLE,-0.014161000,-0.584577000,0.532525000
20.421828,P1_INIT_POS_SETTLE,-0.014161000,-0.584577000,0.532525000
20.432173,P1_INIT_POS_SETTLE,-0.014161000,-0.584577000,0.532525000
20.442521,P1_INIT_POS_SETTLE,-0.014161000,-0.584577000,0.532525000
20.452925,P1_INIT_POS_SETTLE,-0.014161000,-0.584577000,0.532525000
20.463296,P1_INIT_POS_SETTLE,-0.014161000,-0.584577000,0.532525000
20.473651,P1_INIT_POS_SETTLE,-0.014161000,-0.584577000,0.532525000
20.483997,P1_INIT_POS_SETTLE,-0.014161000,-0.584577000,0.532525000
20.494340,P1_INIT_POS_SETTLE,-0.014161000,-0.584577000,0.532525000
20.504687,P1_INIT_POS_SETTLE,-0.014161000,-0.584577000,0.532525000
20.515058,P1_INIT_POS_SETTLE,-0.014161000,-0.584577000,0.532525000
20.525407,P1_INIT_POS_SETTLE,-0.014161000,-0.584577000,0.532525000
20.535770,P1_INIT_POS_SETTLE,-0.014161000,-0.584577000,0.532525000
20.546106,P1_INIT_POS_SETTLE,-0.014161000,-0.584577000,0.532525000
20.556429,P1_INIT_POS_SETTLE,-0.014161000,-0.584577000,0.532525000
20.566762,P1_INIT_POS_SETTLE,-0.014161000,-0.584577000,0.532525000
20.577087,P1_INIT_POS_SETTLE,-0.014161000,-0.584577000,0.532525000
20.587402,P1_INIT_POS_SETTLE,-0.014161000,-0.584577000,0.532525000
20.597729,P1_INIT_POS_SETTLE,-0.014161000,-0.584577000,0.532525000
20.608052,P1_INIT_POS_SETTLE,-0.014161000,-0.584577000,0.532525000
20.618386,P1_INIT_POS_SETTLE,-0.014161000,-0.584577000,0.532525000
20.628720,P1_INIT_POS_SETTLE,-0.014161000,-0.584577000,0.532525000
20.639044,P1_INIT_POS_SETTLE,-0.014161000,-0.584577000,0.532525000
20.649353,P1_INIT_POS_SETTLE,-0.014161000,-0.584577000,0.532525000
20.659680,P1_INIT_POS_SETTLE,-0.014161000,-0.584577000,0.532525000
20.670019,P1_INIT_POS_SETTLE,-0.014161000,-0.584577000,0.532525000
20.680328,P1_INIT_POS_SETTLE,-0.014161000,-0.584577000,0.532525000
20.690661,P1_INIT_POS_SETTLE,-0.014161000,-0.584577000,0.532525000
20.700995,P1_INIT_POS_SETTLE,-0.014161000,-0.584577000,0.532525000
20.711312,P1_INIT_POS_SETTLE,-0.014161000,-0.584577000,0.532525000
20.721644,P1_INIT_POS_SETTLE,-0.014161000,-0.584577000,0.532525000
20.731991,P1_INIT_POS_SETTLE,-0.014161000,-0.584577000,0.532525000
20.742327,P1_INIT_POS_SETTLE,-0.014161000,-0.584577000,0.532525000
20.752657,P1_INIT_POS_SETTLE,-0.014161000,-0.584577000,0.532525000
20.763007,P1_INIT_POS_SETTLE,-0.014161000,-0.584577000,0.532525000
20.773329,P1_INIT_POS_SETTLE,-0.014161000,-0.584577000,0.532525000
20.783659,P1_INIT_POS_SETTLE,-0.014161000,-0.584577000,0.532525000
20.793933,P1_INIT_POS_SETTLE,-0.014161000,-0.584577000,0.532525000
20.804275,P1_INIT_POS_SETTLE,-0.014161000,-0.584577000,0.532525000
20.814631,P1_INIT_POS_SETTLE,-0.014161000,-0.584577000,0.532525000
20.824982,P1_INIT_POS_SETTLE,-0.014161000,-0.584577000,0.532525000
20.835306,P1_INIT_POS_SETTLE,-0.014161000,-0.584577000,0.532525000
20.845646,P1_INIT_POS_SETTLE,-0.014161000,-0.584577000,0.532525000
20.855972,P1_INIT_POS_SETTLE,-0.014161000,-0.584577000,0.532525000
20.866288,P1_INIT_POS_SETTLE,-0.014161000,-0.584577000,0.532525000
20.876615,P1_INIT_POS_SETTLE,-0.014161000,-0.584577000,0.532525000
20.886921,P1_INIT_POS_SETTLE,-0.014161000,-0.584577000,0.532525000
20.897231,P1_INIT_POS_SETTLE,-0.014161000,-0.584577000,0.532525000
20.907561,P1_INIT_POS_SETTLE,-0.014161000,-0.584577000,0.532525000
20.917911,P1_INIT_POS_SETTLE,-0.014161000,-0.584577000,0.532525000
20.928240,P1_INIT_POS_SETTLE,-0.014161000,-0.584577000,0.532525000
20.938569,P1_INIT_POS_SETTLE,-0.014161000,-0.584577000,0.532525000
20.948910,P1_INIT_POS_SETTLE,-0.014161000,-0.584577000,0.532525000
20.959256,P1_INIT_POS_SETTLE,-0.014161000,-0.584577000,0.532525000
20.969576,P1_INIT_POS_SETTLE,-0.014161000,-0.584577000,0.532525000
20.979909,P1_INIT_POS_SETTLE,-0.014161000,-0.584577000,0.532525000
20.990225,P1_INIT_POS_SETTLE,-0.014161000,-0.584577000,0.532525000
21.000555,P1_INIT_POS_SETTLE,-0.014161000,-0.584577000,0.532525000
21.010913,P1_INIT_POS_SETTLE,-0.014161000,-0.584577000,0.532525000
21.021239,P1_INIT_POS_SETTLE,-0.014161000,-0.584577000,0.532525000
21.031565,P1_INIT_POS_SETTLE,-0.014161000,-0.584577000,0.532525000
21.041913,P1_INIT_POS_SETTLE,-0.014161000,-0.584577000,0.532525000
21.052232,P1_INIT_POS_SETTLE,-0.014161000,-0.584577000,0.532525000
21.062554,P1_INIT_POS_SETTLE,-0.014161000,-0.584577000,0.532525000
21.072874,P1_INIT_POS_SETTLE,-0.014161000,-0.584577000,0.532525000
21.083192,P1_INIT_POS_SETTLE,-0.014161000,-0.584577000,0.532525000
21.093534,P1_INIT_POS_SETTLE,-0.014161000,-0.584577000,0.532525000
21.103870,P1_INIT_POS_SETTLE,-0.014161000,-0.584577000,0.532525000
21.114216,P1_INIT_POS_SETTLE,-0.014161000,-0.584577000,0.532525000
21.124566,P1_INIT_POS_SETTLE,-0.014161000,-0.584577000,0.532525000
21.134927,P1_INIT_POS_SETTLE,-0.014161000,-0.584577000,0.532525000
21.145256,P1_INIT_POS_SETTLE,-0.014161000,-0.584577000,0.532525000
21.155596,P1_INIT_POS_SETTLE,-0.014161000,-0.584577000,0.532525000
21.165930,P1_INIT_POS_SETTLE,-0.014161000,-0.584577000,0.532525000
21.176255,P1_INIT_POS_SETTLE,-0.014161000,-0.584577000,0.532525000
21.186582,P1_INIT_POS_SETTLE,-0.014161000,-0.584577000,0.532525000
21.196905,P1_INIT_POS_SETTLE,-0.014161000,-0.584577000,0.532525000
21.207240,P1_INIT_POS_SETTLE,-0.014161000,-0.584577000,0.532525000
21.217577,P1_INIT_POS_SETTLE,-0.014161000,-0.584577000,0.532525000
21.227917,P1_INIT_POS_SETTLE,-0.014161000,-0.584577000,0.532525000
21.238243,P1_INIT_POS_SETTLE,-0.014161000,-0.584577000,0.532525000
21.248567,P1_INIT_POS_SETTLE,-0.014161000,-0.584577000,0.532525000
21.258908,P1_INIT_POS_SETTLE,-0.014161000,-0.584577000,0.532525000
21.269244,P1_INIT_POS_SETTLE,-0.014161000,-0.584577000,0.532525000
21.279573,P1_INIT_POS_SETTLE,-0.014161000,-0.584577000,0.532525000
21.289916,P1_INIT_POS_SETTLE,-0.014161000,-0.584577000,0.532525000
21.300246,P1_INIT_POS_SETTLE,-0.014161000,-0.584577000,0.532525000
21.310575,P1_INIT_POS_SETTLE,-0.014161000,-0.584577000,0.532525000
21.320921,P1_INIT_POS_SETTLE,-0.014161000,-0.584577000,0.532525000
21.331265,P1_INIT_POS_SETTLE,-0.014161000,-0.584577000,0.532525000
21.341610,P1_INIT_POS_SETTLE,-0.014161000,-0.584577000,0.532525000
21.351941,P1_INIT_POS_SETTLE,-0.014161000,-0.584577000,0.532525000
21.362267,P1_INIT_POS_SETTLE,-0.014161000,-0.584577000,0.532525000
21.372594,P1_INIT_POS_SETTLE,-0.014161000,-0.584577000,0.532525000
21.382923,P1_INIT_POS_SETTLE,-0.014161000,-0.584577000,0.532525000
21.393246,P1_INIT_POS_SETTLE,-0.014161000,-0.584577000,0.532525000
21.403582,P1_INIT_POS_SETTLE,-0.014161000,-0.584577000,0.532525000
21.413930,P1_INIT_POS_SETTLE,-0.014161000,-0.584577000,0.532525000
21.424264,P1_INIT_POS_SETTLE,-0.014161000,-0.584577000,0.532525000
21.434606,P1_INIT_POS_SETTLE,-0.014161000,-0.584577000,0.532525000
21.444946,P1_INIT_POS_SETTLE,-0.014161000,-0.584577000,0.532525000
21.455362,P1_INIT_POS_SETTLE,-0.014161000,-0.584577000,0.532525000
21.465740,P1_INIT_POS_SETTLE,-0.014161000,-0.584577000,0.532525000
21.476085,P1_INIT_POS_SETTLE,-0.014161000,-0.584577000,0.532525000
21.486414,P1_INIT_POS_SETTLE,-0.014161000,-0.584577000,0.532525000
21.496809,P1_INIT_POS_SETTLE,-0.014161000,-0.584577000,0.532525000
21.507156,P1_INIT_POS_SETTLE,-0.014161000,-0.584577000,0.532525000
21.517524,P1_INIT_POS_SETTLE,-0.014161000,-0.584577000,0.532525000
21.527885,P1_INIT_POS_SETTLE,-0.014161000,-0.584577000,0.532525000
21.538229,P1_INIT_POS_SETTLE,-0.014161000,-0.584577000,0.532525000
21.548552,P1_INIT_POS_SETTLE,-0.014161000,-0.584577000,0.532525000
21.558910,P1_INIT_POS_SETTLE,-0.014161000,-0.584577000,0.532525000
21.569247,P1_INIT_POS_SETTLE,-0.014161000,-0.584577000,0.532525000
21.579590,P1_INIT_POS_SETTLE,-0.014161000,-0.584577000,0.532525000
21.589970,P1_INIT_POS_SETTLE,-0.014161000,-0.584577000,0.532525000
21.600303,P1_INIT_POS_SETTLE,-0.014161000,-0.584577000,0.532525000
21.610691,P1_INIT_POS_SETTLE,-0.014161000,-0.584577000,0.532525000
21.621055,P1_INIT_POS_SETTLE,-0.014161000,-0.584577000,0.532525000
21.631392,P1_INIT_POS_SETTLE,-0.014161000,-0.584577000,0.532525000
21.641751,P1_INIT_POS_SETTLE,-0.014161000,-0.584577000,0.532525000
21.652104,P1_INIT_POS_SETTLE,-0.014161000,-0.584577000,0.532525000
21.662434,P1_INIT_POS_SETTLE,-0.014161000,-0.584577000,0.532525000
21.672781,P1_INIT_POS_SETTLE,-0.014161000,-0.584577000,0.532525000
21.683117,P1_INIT_POS_SETTLE,-0.014161000,-0.584577000,0.532525000
21.693439,P1_INIT_POS_SETTLE,-0.014161000,-0.584577000,0.532525000
21.703760,P1_INIT_POS_SETTLE,-0.014161000,-0.584577000,0.532525000
21.714094,P1_INIT_POS_SETTLE,-0.014161000,-0.584577000,0.532525000
21.724438,P1_INIT_POS_SETTLE,-0.014161000,-0.584577000,0.532525000
21.734790,P1_INIT_POS_SETTLE,-0.014161000,-0.584577000,0.532525000
21.745118,P1_INIT_POS_SETTLE,-0.014161000,-0.584577000,0.532525000
21.755432,P1_INIT_POS_SETTLE,-0.014161000,-0.584577000,0.532525000
21.765754,P1_INIT_POS_SETTLE,-0.014161000,-0.584577000,0.532525000
21.776071,P1_INIT_POS_SETTLE,-0.014161000,-0.584577000,0.532525000
21.786368,P1_INIT_POS_SETTLE,-0.014161000,-0.584577000,0.532525000
21.796682,P1_INIT_POS_SETTLE,-0.014161000,-0.584577000,0.532525000
21.807031,P1_INIT_POS_SETTLE,-0.014161000,-0.584577000,0.532525000
21.817389,P1_INIT_POS_SETTLE,-0.014161000,-0.584577000,0.532525000
21.827743,P1_INIT_POS_SETTLE,-0.014161000,-0.584577000,0.532525000
21.838090,P1_INIT_POS_SETTLE,-0.014161000,-0.584577000,0.532525000
21.848419,P1_INIT_POS_SETTLE,-0.014161000,-0.584577000,0.532525000
21.858772,P1_INIT_POS_SETTLE,-0.014161000,-0.584577000,0.532525000
21.869096,P1_INIT_POS_SETTLE,-0.014161000,-0.584577000,0.532525000
21.879426,P1_INIT_POS_SETTLE,-0.014161000,-0.584577000,0.532525000
21.889769,P1_INIT_POS_SETTLE,-0.014161000,-0.584577000,0.532525000
21.900099,P1_INIT_POS_SETTLE,-0.014161000,-0.584577000,0.532525000
21.910429,P1_INIT_POS_SETTLE,-0.014161000,-0.584577000,0.532525000
21.920779,P1_INIT_POS_SETTLE,-0.014161000,-0.584577000,0.532525000
21.931128,P1_INIT_POS_SETTLE,-0.014161000,-0.584577000,0.532525000
21.941450,P1_INIT_POS_SETTLE,-0.014161000,-0.584577000,0.532525000
21.951798,P1_INIT_POS_SETTLE,-0.014161000,-0.584577000,0.532525000
21.962120,P1_INIT_POS_SETTLE,-0.014161000,-0.584577000,0.532525000
21.972442,P1_INIT_POS_SETTLE,-0.014161000,-0.584577000,0.532525000
21.982787,P1_INIT_POS_SETTLE,-0.014161000,-0.584577000,0.532525000
21.993119,P1_INIT_POS_SETTLE,-0.014161000,-0.584577000,0.532525000
22.003438,P1_INIT_POS_SETTLE,-0.014161000,-0.584577000,0.532525000
22.013820,P1_INIT_POS_SETTLE,-0.014161000,-0.584577000,0.532525000
22.024245,P1_INIT_POS_SETTLE,-0.014161000,-0.584577000,0.532525000
22.034606,P1_INIT_POS_SETTLE,-0.014161000,-0.584577000,0.532525000
22.044952,P1_INIT_POS_SETTLE,-0.014161000,-0.584577000,0.532525000
22.055280,P1_INIT_POS_SETTLE,-0.014161000,-0.584577000,0.532525000
22.065620,P1_INIT_POS_SETTLE,-0.014161000,-0.584577000,0.532525000
22.075971,P1_INIT_POS_SETTLE,-0.014161000,-0.584577000,0.532525000
22.086304,P1_INIT_POS_SETTLE,-0.014161000,-0.584577000,0.532525000
22.096639,P1_INIT_POS_SETTLE,-0.014161000,-0.584577000,0.532525000
22.106980,P1_INIT_POS_SETTLE,-0.014161000,-0.584577000,0.532525000
22.117303,P1_INIT_POS_SETTLE,-0.014161000,-0.584577000,0.532525000
22.127641,P1_INIT_POS_SETTLE,-0.014161000,-0.584577000,0.532525000
22.137956,P1_INIT_POS_SETTLE,-0.014161000,-0.584577000,0.532525000
22.148298,P1_INIT_POS_SETTLE,-0.014161000,-0.584577000,0.532525000
22.158613,P1_INIT_POS_SETTLE,-0.014161000,-0.584577000,0.532525000
22.168915,P1_INIT_POS_SETTLE,-0.014161000,-0.584577000,0.532525000
22.179224,P1_INIT_POS_SETTLE,-0.014161000,-0.584577000,0.532525000
22.189534,P1_INIT_POS_SETTLE,-0.014161000,-0.584577000,0.532525000
22.199824,P1_INIT_POS_SETTLE,-0.014161000,-0.584577000,0.532525000
22.210116,P1_INIT_POS_SETTLE,-0.014161000,-0.584577000,0.532525000
22.220413,P1_INIT_POS_SETTLE,-0.014161000,-0.584577000,0.532525000
22.230732,P1_INIT_POS_SETTLE,-0.014161000,-0.584577000,0.532525000
22.241087,P1_INIT_POS_SETTLE,-0.014161000,-0.584577000,0.532525000
22.251447,P1_INIT_POS_SETTLE,-0.014161000,-0.584577000,0.532525000
22.261828,P1_INIT_POS_SETTLE,-0.014161000,-0.584577000,0.532525000
22.272171,P1_INIT_POS_SETTLE,-0.014161000,-0.584577000,0.532525000
22.282506,P1_INIT_POS_SETTLE,-0.014161000,-0.584577000,0.532525000
22.292871,P1_INIT_POS_SETTLE,-0.014161000,-0.584577000,0.532525000
22.303196,P1_INIT_POS_SETTLE,-0.014161000,-0.584577000,0.532525000
22.313536,P1_INIT_POS_SETTLE,-0.014161000,-0.584577000,0.532525000
22.323922,P1_INIT_POS_SETTLE,-0.014161000,-0.584577000,0.532525000
22.334253,P1_INIT_POS_SETTLE,-0.014161000,-0.584577000,0.532525000
22.344599,P1_INIT_POS_SETTLE,-0.014161000,-0.584577000,0.532525000
22.354935,P1_INIT_POS_SETTLE,-0.014161000,-0.584577000,0.532525000
22.365272,P1_INIT_POS_SETTLE,-0.014161000,-0.584577000,0.532525000
22.375600,P1_INIT_POS_SETTLE,-0.014161000,-0.584577000,0.532525000
22.385947,P1_INIT_POS_SETTLE,-0.014161000,-0.584577000,0.532525000
22.396281,P1_INIT_POS_SETTLE,-0.014161000,-0.584577000,0.532525000
22.406612,P1_INIT_POS_SETTLE,-0.014161000,-0.584577000,0.532525000
22.416972,P1_INIT_POS_SETTLE,-0.014161000,-0.584577000,0.532525000
22.427328,P1_INIT_POS_SETTLE,-0.014161000,-0.584577000,0.532525000
22.437674,P1_INIT_POS_SETTLE,-0.014161000,-0.584577000,0.532525000
22.448006,P1_INIT_POS_SETTLE,-0.014161000,-0.584577000,0.532525000
22.458407,P1_INIT_POS_SETTLE,-0.014161000,-0.584577000,0.532525000
22.468795,P1_INIT_POS_SETTLE,-0.014161000,-0.584577000,0.532525000
22.479145,P1_INIT_POS_SETTLE,-0.014161000,-0.584577000,0.532525000
22.489486,P1_INIT_POS_SETTLE,-0.014161000,-0.584577000,0.532525000
22.499816,P1_INIT_POS_SETTLE,-0.014161000,-0.584577000,0.532525000
22.510152,P1_INIT_POS_SETTLE,-0.014161000,-0.584577000,0.532525000
22.520487,P1_INIT_POS_SETTLE,-0.014161000,-0.584577000,0.532525000
22.530833,P1_INIT_POS_SETTLE,-0.014161000,-0.584577000,0.532525000
22.541164,P1_INIT_POS_SETTLE,-0.014161000,-0.584577000,0.532525000
22.551485,P1_INIT_POS_SETTLE,-0.014161000,-0.584577000,0.532525000
22.561813,P1_INIT_POS_SETTLE,-0.014161000,-0.584577000,0.532525000
22.572124,P1_INIT_POS_SETTLE,-0.014161000,-0.584577000,0.532525000
22.582434,P1_INIT_POS_SETTLE,-0.014161000,-0.584577000,0.532525000
22.592765,P1_INIT_POS_SETTLE,-0.014161000,-0.584577000,0.532525000
22.603084,P1_INIT_POS_SETTLE,-0.014161000,-0.584577000,0.532525000
22.613416,P1_INIT_POS_SETTLE,-0.014161000,-0.584577000,0.532525000
22.623809,P1_INIT_POS_SETTLE,-0.014161000,-0.584577000,0.532525000
22.634146,P1_INIT_POS_SETTLE,-0.014161000,-0.584577000,0.532525000
22.644492,P1_INIT_POS_SETTLE,-0.014161000,-0.584577000,0.532525000
22.654830,P1_INIT_POS_SETTLE,-0.014161000,-0.584577000,0.532525000
22.665163,P1_INIT_POS_SETTLE,-0.014161000,-0.584577000,0.532525000
22.675491,P1_INIT_POS_SETTLE,-0.014161000,-0.584577000,0.532525000
22.685827,P1_INIT_POS_SETTLE,-0.014161000,-0.584577000,0.532525000
22.696147,P1_INIT_POS_SETTLE,-0.014161000,-0.584577000,0.532525000
22.706485,P1_INIT_POS_SETTLE,-0.014161000,-0.584577000,0.532525000
22.716843,P1_INIT_POS_SETTLE,-0.014161000,-0.584577000,0.532525000
22.727191,P1_INIT_POS_SETTLE,-0.014161000,-0.584577000,0.532525000
22.737541,P1_INIT_POS_SETTLE,-0.014161000,-0.584577000,0.532525000
22.747885,P1_INIT_POS_SETTLE,-0.014161000,-0.584577000,0.532525000
22.758211,P1_INIT_POS_SETTLE,-0.014161000,-0.584577000,0.532525000
22.768545,P1_INIT_POS_SETTLE,-0.014161000,-0.584577000,0.532525000
22.778874,P1_INIT_POS_SETTLE,-0.014161000,-0.584577000,0.532525000
22.789186,P1_INIT_POS_SETTLE,-0.014161000,-0.584577000,0.532525000
22.799503,P1_INIT_POS_SETTLE,-0.014161000,-0.584577000,0.532525000
22.809849,P1_INIT_POS_SETTLE,-0.014161000,-0.584577000,0.532525000
22.820185,P1_INIT_POS_SETTLE,-0.014161000,-0.584577000,0.532525000
22.830525,P1_INIT_POS_SETTLE,-0.014161000,-0.584577000,0.532525000
22.840846,P1_INIT_POS_SETTLE,-0.014161000,-0.584577000,0.532525000
22.851170,P1_INIT_POS_SETTLE,-0.014161000,-0.584577000,0.532525000
22.861499,P1_INIT_POS_SETTLE,-0.014161000,-0.584577000,0.532525000
22.871821,P1_INIT_POS_SETTLE,-0.014161000,-0.584577000,0.532525000
22.882146,P1_INIT_POS_SETTLE,-0.014161000,-0.584577000,0.532525000
22.892471,P1_INIT_POS_SETTLE,-0.014161000,-0.584577000,0.532525000
22.902809,P1_INIT_POS_SETTLE,-0.014161000,-0.584577000,0.532525000
22.913176,P1_INIT_POS_SETTLE,-0.014161000,-0.584577000,0.532525000
22.923507,P1_INIT_POS_SETTLE,-0.014161000,-0.584577000,0.532525000
22.933861,P1_INIT_POS_SETTLE,-0.014161000,-0.584577000,0.532525000
22.944178,P1_INIT_POS_SETTLE,-0.014161000,-0.584577000,0.532525000
22.954518,P1_INIT_POS_SETTLE,-0.014161000,-0.584577000,0.532525000
22.964845,P1_INIT_POS_SETTLE,-0.014161000,-0.584577000,0.532525000
22.975169,P1_INIT_POS_SETTLE,-0.014161000,-0.584577000,0.532525000
22.985506,P1_INIT_POS_SETTLE,-0.014161000,-0.584577000,0.532525000
22.995859,P1_INIT_POS_SETTLE,-0.014161000,-0.584577000,0.532525000
23.006198,P1_INIT_POS_SETTLE,-0.014161000,-0.584577000,0.532525000
23.016546,P1_INIT_POS_SETTLE,-0.014161000,-0.584577000,0.532525000
23.026934,P1_INIT_POS_SETTLE,-0.014161000,-0.584577000,0.532525000
23.037270,P1_INIT_POS_SETTLE,-0.014161000,-0.584577000,0.532525000
23.047607,P1_INIT_POS_SETTLE,-0.014161000,-0.584577000,0.532525000
23.057938,P1_INIT_POS_SETTLE,-0.014161000,-0.584577000,0.532525000
23.068268,P1_INIT_POS_SETTLE,-0.014161000,-0.584577000,0.532525000
23.078616,P1_INIT_POS_SETTLE,-0.014161000,-0.584577000,0.532525000
23.088990,P1_INIT_POS_SETTLE,-0.014161000,-0.584577000,0.532525000
23.099315,P1_INIT_POS_SETTLE,-0.014161000,-0.584577000,0.532525000
23.109674,P1_INIT_POS_SETTLE,-0.014161000,-0.584577000,0.532525000
23.119987,P1_INIT_POS_SETTLE,-0.014161000,-0.584577000,0.532525000
23.130221,P1_INIT_POS_SETTLE,-0.014161000,-0.584577000,0.532525000
23.140471,P1_INIT_POS_SETTLE,-0.014161000,-0.584577000,0.532525000
23.150851,P1_INIT_POS_SETTLE,-0.014161000,-0.584577000,0.532525000
23.161194,P1_INIT_POS_SETTLE,-0.014161000,-0.584577000,0.532525000
23.171531,P1_INIT_POS_SETTLE,-0.014161000,-0.584577000,0.532525000
23.181777,P1_INIT_POS_SETTLE,-0.014161000,-0.584577000,0.532525000
23.192115,P1_INIT_POS_SETTLE,-0.014161000,-0.584577000,0.532525000
23.202451,P1_INIT_POS_SETTLE,-0.014161000,-0.584577000,0.532525000
23.212805,P1_INIT_POS_SETTLE,-0.014161000,-0.584577000,0.532525000
23.223150,P1_INIT_POS_SETTLE,-0.014161000,-0.584577000,0.532525000
23.233484,P1_INIT_POS_SETTLE,-0.014161000,-0.584577000,0.532525000
23.243797,P1_INIT_POS_SETTLE,-0.014161000,-0.584577000,0.532525000
23.254116,P1_INIT_POS_SETTLE,-0.014161000,-0.584577000,0.532525000
23.264423,P1_INIT_POS_SETTLE,-0.014161000,-0.584577000,0.532525000
23.274743,P1_INIT_POS_SETTLE,-0.014161000,-0.584577000,0.532525000
23.285059,P1_INIT_POS_SETTLE,-0.014161000,-0.584577000,0.532525000
23.295369,P1_INIT_POS_SETTLE,-0.014161000,-0.584577000,0.532525000
23.305715,P1_INIT_POS_SETTLE,-0.014161000,-0.584577000,0.532525000
23.316051,P1_INIT_POS_SETTLE,-0.014161000,-0.584577000,0.532525000
23.326377,P1_INIT_POS_SETTLE,-0.014161000,-0.584577000,0.532525000
23.336710,P1_INIT_POS_SETTLE,-0.014161000,-0.584577000,0.532525000
23.347024,P1_INIT_POS_SETTLE,-0.014161000,-0.584577000,0.532525000
23.357337,P1_INIT_POS_SETTLE,-0.014161000,-0.584577000,0.532525000
23.367651,P1_INIT_POS_SETTLE,-0.014161000,-0.584577000,0.532525000
23.377965,P1_INIT_POS_SETTLE,-0.014161000,-0.584577000,0.532525000
23.388266,P1_INIT_POS_SETTLE,-0.014161000,-0.584577000,0.532525000
23.398564,P1_INIT_POS_SETTLE,-0.014161000,-0.584577000,0.532525000
23.408876,P1_INIT_POS_SETTLE,-0.014161000,-0.584577000,0.532525000
23.419209,P1_INIT_POS_SETTLE,-0.014161000,-0.584577000,0.532525000
23.429546,P1_INIT_POS_SETTLE,-0.014161000,-0.584577000,0.532525000
23.439857,P1_INIT_POS_SETTLE,-0.014161000,-0.584577000,0.532525000
23.450162,P1_INIT_POS_SETTLE,-0.014161000,-0.584577000,0.532525000
23.460559,P1_INIT_POS_SETTLE,-0.014161000,-0.584577000,0.532525000
23.470911,P1_INIT_POS_SETTLE,-0.014161000,-0.584577000,0.532525000
23.481257,P1_INIT_POS_SETTLE,-0.014161000,-0.584577000,0.532525000
23.491581,P1_INIT_POS_SETTLE,-0.014161000,-0.584577000,0.532525000
23.501905,P1_INIT_POS_SETTLE,-0.014161000,-0.584577000,0.532525000
23.512215,P1_INIT_POS_SETTLE,-0.014161000,-0.584577000,0.532525000
23.522554,P1_INIT_POS_SETTLE,-0.014161000,-0.584577000,0.532525000
23.532872,P1_INIT_POS_SETTLE,-0.014161000,-0.584577000,0.532525000
23.543188,P1_INIT_POS_SETTLE,-0.014161000,-0.584577000,0.532525000
23.553503,P1_INIT_POS_SETTLE,-0.014161000,-0.584577000,0.532525000
23.563831,P1_INIT_POS_SETTLE,-0.014161000,-0.584577000,0.532525000
23.574138,P1_INIT_POS_SETTLE,-0.014161000,-0.584577000,0.532525000
23.584449,P1_INIT_POS_SETTLE,-0.014161000,-0.584577000,0.532525000
23.594763,P1_INIT_POS_SETTLE,-0.014161000,-0.584577000,0.532525000
23.605087,P1_INIT_POS_SETTLE,-0.014161000,-0.584577000,0.532525000
23.615474,P1_INIT_POS_SETTLE,-0.014161000,-0.584577000,0.532525000
23.625850,P1_INIT_POS_SETTLE,-0.014161000,-0.584577000,0.532525000
23.636178,P1_INIT_POS_SETTLE,-0.014161000,-0.584577000,0.532525000
23.646523,P1_INIT_POS_SETTLE,-0.014161000,-0.584577000,0.532525000
23.656871,P1_INIT_POS_SETTLE,-0.014161000,-0.584577000,0.532525000
23.667204,P1_INIT_POS_SETTLE,-0.014161000,-0.584577000,0.532525000
23.677525,P1_INIT_POS_SETTLE,-0.014161000,-0.584577000,0.532525000
23.687864,P1_INIT_POS_SETTLE,-0.014161000,-0.584577000,0.532525000
23.698180,P1_INIT_POS_SETTLE,-0.014161000,-0.584577000,0.532525000
23.708504,P1_INIT_POS_SETTLE,-0.014161000,-0.584577000,0.532525000
23.718849,P1_INIT_POS_SETTLE,-0.014161000,-0.584577000,0.532525000
23.729181,P1_INIT_POS_SETTLE,-0.014161000,-0.584577000,0.532525000
23.739521,P1_INIT_POS_SETTLE,-0.014161000,-0.584577000,0.532525000
23.749840,P1_INIT_POS_SETTLE,-0.014161000,-0.584577000,0.532525000
23.760158,P1_INIT_POS_SETTLE,-0.014161000,-0.584577000,0.532525000
23.770476,P1_INIT_POS_SETTLE,-0.014161000,-0.584577000,0.532525000
23.780841,P1_INIT_POS_SETTLE,-0.014161000,-0.584577000,0.532525000
23.791157,P1_INIT_POS_SETTLE,-0.014161000,-0.584577000,0.532525000
23.801479,P1_INIT_POS_SETTLE,-0.014161000,-0.584577000,0.532525000
23.811798,P1_INIT_POS_SETTLE,-0.014161000,-0.584577000,0.532525000
23.822137,P1_INIT_POS_SETTLE,-0.014161000,-0.584577000,0.532525000
23.832475,P1_INIT_POS_SETTLE,-0.014161000,-0.584577000,0.532525000
23.842802,P1_INIT_POS_SETTLE,-0.014161000,-0.584577000,0.532525000
23.853133,P1_INIT_POS_SETTLE,-0.014161000,-0.584577000,0.532525000
23.863452,P1_INIT_POS_SETTLE,-0.014161000,-0.584577000,0.532525000
23.873802,P1_INIT_POS_SETTLE,-0.014161000,-0.584577000,0.532525000
23.884120,P1_INIT_POS_SETTLE,-0.014161000,-0.584577000,0.532525000
23.894438,P1_INIT_POS_SETTLE,-0.014161000,-0.584577000,0.532525000
23.904774,P1_INIT_POS_SETTLE,-0.014161000,-0.584577000,0.532525000
23.915108,P1_INIT_POS_SETTLE,-0.014161000,-0.584577000,0.532525000
23.925444,P1_INIT_POS_SETTLE,-0.014161000,-0.584577000,0.532525000
23.935812,P1_INIT_POS_SETTLE,-0.014161000,-0.584577000,0.532525000
23.946145,P1_INIT_POS_SETTLE,-0.014161000,-0.584577000,0.532525000
23.956487,P1_INIT_POS_SETTLE,-0.014161000,-0.584577000,0.532525000
23.966835,P1_INIT_POS_SETTLE,-0.014161000,-0.584577000,0.532525000
23.977166,P1_INIT_POS_SETTLE,-0.014161000,-0.584577000,0.532525000
23.987509,P1_INIT_POS_SETTLE,-0.014161000,-0.584577000,0.532525000
23.997798,P1_INIT_POS_SETTLE,-0.014161000,-0.584577000,0.532525000
24.008151,P1_INIT_POS_SETTLE,-0.014161000,-0.584577000,0.532525000
24.018501,P1_INIT_POS_SETTLE,-0.014161000,-0.584577000,0.532525000
24.028874,P1_INIT_POS_SETTLE,-0.014161000,-0.584577000,0.532525000
24.039219,P1_INIT_POS_SETTLE,-0.014161000,-0.584577000,0.532525000
24.049573,P1_INIT_POS_SETTLE,-0.014161000,-0.584577000,0.532525000
24.059928,P1_INIT_POS_SETTLE,-0.014161000,-0.584577000,0.532525000
24.070268,P1_INIT_POS_SETTLE,-0.014161000,-0.584577000,0.532525000
24.080608,P1_INIT_POS_SETTLE,-0.014161000,-0.584577000,0.532525000
24.090950,P1_INIT_POS_SETTLE,-0.014161000,-0.584577000,0.532525000
24.101276,P1_INIT_POS_SETTLE,-0.014161000,-0.584577000,0.532525000
24.111611,P1_INIT_POS_SETTLE,-0.014161000,-0.584577000,0.532525000
24.121956,P1_INIT_POS_SETTLE,-0.014161000,-0.584577000,0.532525000
24.132295,P1_INIT_POS_SETTLE,-0.014161000,-0.584577000,0.532525000
24.142657,P1_INIT_POS_SETTLE,-0.014161000,-0.584577000,0.532525000
24.152984,P1_INIT_POS_SETTLE,-0.014161000,-0.584577000,0.532525000
24.163306,P1_INIT_POS_SETTLE,-0.014161000,-0.584577000,0.532525000
24.173632,P1_INIT_POS_SETTLE,-0.014161000,-0.584577000,0.532525000
24.183956,P1_INIT_POS_SETTLE,-0.014161000,-0.584577000,0.532525000
24.194271,P1_INIT_POS_SETTLE,-0.014161000,-0.584577000,0.532525000
24.204602,P1_INIT_POS_SETTLE,-0.014161000,-0.584577000,0.532525000
24.214987,P1_INIT_POS_SETTLE,-0.014161000,-0.584577000,0.532525000
24.225330,P1_INIT_POS_SETTLE,-0.014161000,-0.584577000,0.532525000
24.235670,P1_INIT_POS_SETTLE,-0.014161000,-0.584577000,0.532525000
24.246007,P1_INIT_POS_SETTLE,-0.014161000,-0.584577000,0.532525000
24.256326,P1_INIT_POS_SETTLE,-0.014161000,-0.584577000,0.532525000
24.266660,P1_INIT_POS_SETTLE,-0.014161000,-0.584577000,0.532525000
24.276999,P1_INIT_POS_SETTLE,-0.014161000,-0.584577000,0.532525000
24.287310,P1_INIT_POS_SETTLE,-0.014161000,-0.584577000,0.532525000
24.297628,P1_INIT_POS_SETTLE,-0.014161000,-0.584577000,0.532525000
24.307945,P1_INIT_POS_SETTLE,-0.014161000,-0.584577000,0.532525000
24.318271,P1_INIT_POS_SETTLE,-0.014161000,-0.584577000,0.532525000
24.328602,P1_INIT_POS_SETTLE,-0.014161000,-0.584577000,0.532525000
24.338948,P1_INIT_POS_SETTLE,-0.014161000,-0.584577000,0.532525000
24.349292,P1_INIT_POS_SETTLE,-0.014161000,-0.584577000,0.532525000
24.359644,P1_INIT_POS_SETTLE,-0.014161000,-0.584577000,0.532525000
24.369996,P1_INIT_POS_SETTLE,-0.014161000,-0.584577000,0.532525000
24.380323,P1_INIT_POS_SETTLE,-0.014161000,-0.584577000,0.532525000
24.390676,P1_INIT_POS_SETTLE,-0.014161000,-0.584577000,0.532525000
24.401007,P1_INIT_POS_SETTLE,-0.014161000,-0.584577000,0.532525000
24.411349,P1_INIT_POS_SETTLE,-0.014161000,-0.584577000,0.532525000
24.421708,P1_INIT_POS_SETTLE,-0.014161000,-0.584577000,0.532525000
24.432061,P1_INIT_POS_SETTLE,-0.014161000,-0.584577000,0.532525000
24.442393,P1_INIT_POS_SETTLE,-0.014161000,-0.584577000,0.532525000
24.452746,P1_INIT_POS_SETTLE,-0.014161000,-0.584577000,0.532525000
24.463158,P1_INIT_POS_SETTLE,-0.014161000,-0.584577000,0.532525000
24.473550,P1_INIT_POS_SETTLE,-0.014161000,-0.584577000,0.532525000
24.483890,P1_INIT_POS_SETTLE,-0.014161000,-0.584577000,0.532525000
24.494217,P1_INIT_POS_SETTLE,-0.014161000,-0.584577000,0.532525000
24.504553,P1_INIT_POS_SETTLE,-0.014161000,-0.584577000,0.532525000
24.514926,P1_INIT_POS_SETTLE,-0.014161000,-0.584577000,0.532525000
24.525269,P1_INIT_POS_SETTLE,-0.014161000,-0.584577000,0.532525000
24.535597,P1_INIT_POS_SETTLE,-0.014161000,-0.584577000,0.532525000
24.545972,P1_INIT_POS_SETTLE,-0.014161000,-0.584577000,0.532525000
24.556318,P1_INIT_POS_SETTLE,-0.014161000,-0.584577000,0.532525000
24.566654,P1_INIT_POS_SETTLE,-0.014161000,-0.584577000,0.532525000
24.576985,P1_INIT_POS_SETTLE,-0.014161000,-0.584577000,0.532525000
24.587307,P1_INIT_POS_SETTLE,-0.014161000,-0.584577000,0.532525000
24.597626,P1_INIT_POS_SETTLE,-0.014161000,-0.584577000,0.532525000
24.607882,P1_INIT_POS_SETTLE,-0.014161000,-0.584577000,0.532525000
24.618244,P1_INIT_POS_SETTLE,-0.014161000,-0.584577000,0.532525000
24.628579,P1_INIT_POS_SETTLE,-0.014161000,-0.584577000,0.532525000
24.638912,P1_INIT_POS_SETTLE,-0.014161000,-0.584577000,0.532525000
24.649237,P1_INIT_POS_SETTLE,-0.014161000,-0.584577000,0.532525000
24.659563,P1_INIT_POS_SETTLE,-0.014161000,-0.584577000,0.532525000
24.669910,P1_INIT_POS_SETTLE,-0.014161000,-0.584577000,0.532525000
24.680232,P1_INIT_POS_SETTLE,-0.014161000,-0.584577000,0.532525000
24.690553,P1_INIT_POS_SETTLE,-0.014161000,-0.584577000,0.532525000
24.700888,P1_INIT_POS_SETTLE,-0.014161000,-0.584577000,0.532525000
24.711240,P1_INIT_POS_SETTLE,-0.014161000,-0.584577000,0.532525000
24.721701,P1_INIT_POS_SETTLE,-0.014161000,-0.584577000,0.532525000
24.732068,P1_INIT_POS_SETTLE,-0.014161000,-0.584577000,0.532525000
24.742403,P1_INIT_POS_SETTLE,-0.014161000,-0.584577000,0.532525000
24.752762,P1_INIT_POS_SETTLE,-0.014161000,-0.584577000,0.532525000
24.763093,P1_INIT_POS_SETTLE,-0.014161000,-0.584577000,0.532525000
24.773422,P1_INIT_POS_SETTLE,-0.014161000,-0.584577000,0.532525000
24.783778,P1_INIT_POS_SETTLE,-0.014161000,-0.584577000,0.532525000
24.794118,P1_INIT_POS_SETTLE,-0.014161000,-0.584577000,0.532525000
24.804434,P1_INIT_POS_SETTLE,-0.014161000,-0.584577000,0.532525000
24.814825,P1_INIT_POS_SETTLE,-0.014161000,-0.584577000,0.532525000
24.825163,P1_INIT_POS_SETTLE,-0.014161000,-0.584577000,0.532525000
24.835505,P1_INIT_POS_SETTLE,-0.014161000,-0.584577000,0.532525000
24.845835,P1_INIT_POS_SETTLE,-0.014161000,-0.584577000,0.532525000
24.856169,P1_INIT_POS_SETTLE,-0.014161000,-0.584577000,0.532525000
24.866494,P1_INIT_POS_SETTLE,-0.014161000,-0.584577000,0.532525000
24.876820,P1_INIT_POS_SETTLE,-0.014161000,-0.584577000,0.532525000
24.887134,P1_INIT_POS_SETTLE,-0.014161000,-0.584577000,0.532525000
24.897451,P1_INIT_POS_SETTLE,-0.014161000,-0.584577000,0.532525000
24.907806,P1_INIT_POS_SETTLE,-0.014161000,-0.584577000,0.532525000
24.918166,P1_INIT_POS_SETTLE,-0.014161000,-0.584577000,0.532525000
24.928505,P1_INIT_POS_SETTLE,-0.014161000,-0.584577000,0.532525000
24.938846,P1_INIT_POS_SETTLE,-0.014161000,-0.584577000,0.532525000
24.949164,P1_INIT_POS_SETTLE,-0.014161000,-0.584577000,0.532525000
24.959498,P1_INIT_POS_SETTLE,-0.014161000,-0.584577000,0.532525000
24.969820,P1_INIT_POS_SETTLE,-0.014161000,-0.584577000,0.532525000
24.980149,P1_INIT_POS_SETTLE,-0.014161000,-0.584577000,0.532525000
24.990476,P1_INIT_POS_SETTLE,-0.014161000,-0.584577000,0.532525000
25.000806,P1_INIT_POS_SETTLE,-0.014161000,-0.584577000,0.532525000
25.011136,P1_INIT_POS_SETTLE,-0.014161000,-0.584577000,0.532525000
25.021489,P1_INIT_POS_SETTLE,-0.014161000,-0.584577000,0.532525000
25.031837,P1_INIT_POS_SETTLE,-0.014161000,-0.584577000,0.532525000
25.042172,P1_INIT_POS_SETTLE,-0.014161000,-0.584577000,0.532525000
25.052493,P1_INIT_POS_SETTLE,-0.014161000,-0.584577000,0.532525000
25.062820,P1_INIT_POS_SETTLE,-0.014161000,-0.584577000,0.532525000
25.073146,P1_INIT_POS_SETTLE,-0.014161000,-0.584577000,0.532525000
25.083480,P1_INIT_POS_SETTLE,-0.014161000,-0.584577000,0.532525000
25.093822,P1_INIT_POS_SETTLE,-0.014161000,-0.584577000,0.532525000
25.104144,P1_INIT_POS_SETTLE,-0.014161000,-0.584577000,0.532525000
25.114489,P1_INIT_POS_SETTLE,-0.014161000,-0.584577000,0.532525000
25.124856,P1_INIT_POS_SETTLE,-0.014161000,-0.584577000,0.532525000
25.135194,P1_INIT_POS_SETTLE,-0.014161000,-0.584577000,0.532525000
25.145550,P1_INIT_POS_SETTLE,-0.014161000,-0.584577000,0.532525000
25.155926,P1_INIT_POS_SETTLE,-0.014161000,-0.584577000,0.532525000
25.166251,P1_INIT_POS_SETTLE,-0.014161000,-0.584577000,0.532525000
25.176575,P1_INIT_POS_SETTLE,-0.014161000,-0.584577000,0.532525000
25.186913,P1_INIT_POS_SETTLE,-0.014161000,-0.584577000,0.532525000
25.197226,P1_INIT_POS_SETTLE,-0.014161000,-0.584577000,0.532525000
25.207579,P1_INIT_POS_SETTLE,-0.014161000,-0.584577000,0.532525000
25.217958,P1_INIT_POS_SETTLE,-0.014161000,-0.584577000,0.532525000
25.228297,P1_INIT_POS_SETTLE,-0.014161000,-0.584577000,0.532525000
25.238671,P1_INIT_POS_SETTLE,-0.014161000,-0.584577000,0.532525000
25.249023,P1_INIT_POS_SETTLE,-0.014161000,-0.584577000,0.532525000
25.259369,P1_INIT_POS_SETTLE,-0.014161000,-0.584577000,0.532525000
25.269712,P1_INIT_POS_SETTLE,-0.014161000,-0.584577000,0.532525000
25.280062,P1_INIT_POS_SETTLE,-0.014161000,-0.584577000,0.532525000
25.290389,P1_INIT_POS_SETTLE,-0.014161000,-0.584577000,0.532525000
25.300731,P1_INIT_POS_SETTLE,-0.014161000,-0.584577000,0.532525000
25.311068,P1_INIT_POS_SETTLE,-0.014161000,-0.584577000,0.532525000
25.321411,P1_INIT_POS_SETTLE,-0.014161000,-0.584577000,0.532525000
25.331753,P1_INIT_POS_SETTLE,-0.014161000,-0.584577000,0.532525000
25.342095,P1_INIT_POS_SETTLE,-0.014161000,-0.584577000,0.532525000
25.352418,P1_INIT_POS_SETTLE,-0.014161000,-0.584577000,0.532525000
25.362771,P1_INIT_POS_SETTLE,-0.014161000,-0.584577000,0.532525000
25.373099,P1_INIT_POS_SETTLE,-0.014161000,-0.584577000,0.532525000
25.383410,P1_INIT_POS_SETTLE,-0.014161000,-0.584577000,0.532525000
25.393750,P1_INIT_POS_SETTLE,-0.014161000,-0.584577000,0.532525000
25.404085,P1_INIT_POS_SETTLE,-0.014161000,-0.584577000,0.532525000
25.414415,P1_INIT_POS_SETTLE,-0.014161000,-0.584577000,0.532525000
25.424771,P1_INIT_POS_SETTLE,-0.014161000,-0.584577000,0.532525000
25.435127,P1_INIT_POS_SETTLE,-0.014161000,-0.584577000,0.532525000
25.445474,P1_INIT_POS_SETTLE,-0.014161000,-0.584577000,0.532525000
25.455746,P1_INIT_POS_SETTLE,-0.014161000,-0.584577000,0.532525000
25.466034,P1_INIT_POS_SETTLE,-0.014161000,-0.584577000,0.532525000
25.476261,P1_INIT_POS_SETTLE,-0.014161000,-0.584577000,0.532525000
25.486472,P1_INIT_POS_SETTLE,-0.014161000,-0.584577000,0.532525000
25.496665,P1_INIT_POS_SETTLE,-0.014161000,-0.584577000,0.532525000
25.506884,P1_INIT_POS_SETTLE,-0.014161000,-0.584577000,0.532525000
25.517262,P1_INIT_POS_SETTLE,-0.014161000,-0.584577000,0.532525000
25.527641,P1_INIT_POS_SETTLE,-0.014161000,-0.584577000,0.532525000
25.537990,P1_INIT_POS_SETTLE,-0.014161000,-0.584577000,0.532525000
25.548337,P1_INIT_POS_SETTLE,-0.014161000,-0.584577000,0.532525000
25.558676,P1_INIT_POS_SETTLE,-0.014161000,-0.584577000,0.532525000
25.569008,P1_INIT_POS_SETTLE,-0.014161000,-0.584577000,0.532525000
25.579324,P1_INIT_POS_SETTLE,-0.014161000,-0.584577000,0.532525000
25.589661,P1_INIT_POS_SETTLE,-0.014161000,-0.584577000,0.532525000
25.599977,P1_INIT_POS_SETTLE,-0.014161000,-0.584577000,0.532525000
25.610304,P1_INIT_POS_SETTLE,-0.014161000,-0.584577000,0.532525000
25.620661,P1_INIT_POS_SETTLE,-0.014161000,-0.584577000,0.532525000
25.631016,P1_INIT_POS_SETTLE,-0.014161000,-0.584577000,0.532525000
25.641339,P1_INIT_POS_SETTLE,-0.014161000,-0.584577000,0.532525000
25.651684,P1_INIT_POS_SETTLE,-0.014161000,-0.584577000,0.532525000
25.662023,P1_INIT_POS_SETTLE,-0.014161000,-0.584577000,0.532525000
25.672351,P1_INIT_POS_SETTLE,-0.014161000,-0.584577000,0.532525000
25.682718,P1_INIT_POS_SETTLE,-0.014161000,-0.584577000,0.532525000
25.693087,P1_INIT_POS_SETTLE,-0.014161000,-0.584577000,0.532525000
25.703427,P1_INIT_POS_SETTLE,-0.014161000,-0.584577000,0.532525000
25.713800,P1_INIT_POS_SETTLE,-0.014161000,-0.584577000,0.532525000
25.724160,P1_INIT_POS_SETTLE,-0.014161000,-0.584577000,0.532525000
25.734520,P1_INIT_POS_SETTLE,-0.014161000,-0.584577000,0.532525000
25.744870,P1_INIT_POS_SETTLE,-0.014161000,-0.584577000,0.532525000
25.755205,P1_INIT_POS_SETTLE,-0.014161000,-0.584577000,0.532525000
25.765536,P1_INIT_POS_SETTLE,-0.014161000,-0.584577000,0.532525000
25.775872,P1_INIT_POS_SETTLE,-0.014161000,-0.584577000,0.532525000
25.786191,P1_INIT_POS_SETTLE,-0.014161000,-0.584577000,0.532525000
25.796527,P1_INIT_POS_SETTLE,-0.014161000,-0.584577000,0.532525000
25.806875,P1_INIT_POS_SETTLE,-0.014161000,-0.584577000,0.532525000
25.817214,P1_INIT_POS_SETTLE,-0.014161000,-0.584577000,0.532525000
25.827561,P1_INIT_POS_SETTLE,-0.014161000,-0.584577000,0.532525000
25.837915,P1_INIT_POS_SETTLE,-0.014161000,-0.584577000,0.532525000
25.848244,P1_INIT_POS_SETTLE,-0.014161000,-0.584577000,0.532525000
25.858582,P1_INIT_POS_SETTLE,-0.014161000,-0.584577000,0.532525000
25.868925,P1_INIT_POS_SETTLE,-0.014161000,-0.584577000,0.532525000
25.879254,P1_INIT_POS_SETTLE,-0.014161000,-0.584577000,0.532525000
25.889584,P1_INIT_POS_SETTLE,-0.014161000,-0.584577000,0.532525000
25.899945,P1_INIT_POS_SETTLE,-0.014161000,-0.584577000,0.532525000
25.910281,P1_INIT_POS_SETTLE,-0.014161000,-0.584577000,0.532525000
25.920642,P1_INIT_POS_SETTLE,-0.014161000,-0.584577000,0.532525000
25.930987,P1_INIT_POS_SETTLE,-0.014161000,-0.584577000,0.532525000
25.941307,P1_INIT_POS_SETTLE,-0.014161000,-0.584577000,0.532525000
25.951640,P1_INIT_POS_SETTLE,-0.014161000,-0.584577000,0.532525000
25.961973,P1_INIT_POS_SETTLE,-0.014161000,-0.584577000,0.532525000
25.972284,P1_INIT_POS_SETTLE,-0.014161000,-0.584577000,0.532525000
25.982619,P1_INIT_POS_SETTLE,-0.014161000,-0.584577000,0.532525000
25.992927,P1_INIT_POS_SETTLE,-0.014161000,-0.584577000,0.532525000
26.003241,P1_INIT_POS_SETTLE,-0.014161000,-0.584577000,0.532525000
26.013566,P1_INIT_POS_SETTLE,-0.014161000,-0.584577000,0.532525000
26.023879,P1_INIT_POS_SETTLE,-0.014161000,-0.584577000,0.532525000
26.034209,P1_INIT_POS_SETTLE,-0.014161000,-0.584577000,0.532525000
26.044554,P1_INIT_POS_SETTLE,-0.014161000,-0.584577000,0.532525000
26.054926,P1_INIT_POS_SETTLE,-0.014161000,-0.584577000,0.532525000
26.065261,P1_INIT_POS_SETTLE,-0.014161000,-0.584577000,0.532525000
26.075585,P1_INIT_POS_SETTLE,-0.014161000,-0.584577000,0.532525000
26.085911,P1_INIT_POS_SETTLE,-0.014161000,-0.584577000,0.532525000
26.096229,P1_INIT_POS_SETTLE,-0.014161000,-0.584577000,0.532525000
26.106584,P1_INIT_POS_SETTLE,-0.014161000,-0.584577000,0.532525000
26.116958,P1_INIT_POS_SETTLE,-0.014161000,-0.584577000,0.532525000
26.127308,P1_INIT_POS_SETTLE,-0.014161000,-0.584577000,0.532525000
26.137666,P1_INIT_POS_SETTLE,-0.014161000,-0.584577000,0.532525000
26.148016,P1_INIT_POS_SETTLE,-0.014161000,-0.584577000,0.532525000
26.158348,P1_INIT_POS_SETTLE,-0.014161000,-0.584577000,0.532525000
26.168693,P1_INIT_POS_SETTLE,-0.014161000,-0.584577000,0.532525000
26.179024,P1_INIT_POS_SETTLE,-0.014161000,-0.584577000,0.532525000
26.189352,P1_INIT_POS_SETTLE,-0.014161000,-0.584577000,0.532525000
26.199684,P1_INIT_POS_SETTLE,-0.014161000,-0.584577000,0.532525000
26.210057,P1_INIT_POS_SETTLE,-0.014161000,-0.584577000,0.532525000
26.220395,P1_INIT_POS_SETTLE,-0.014161000,-0.584577000,0.532525000
26.230750,P1_INIT_POS_SETTLE,-0.014161000,-0.584577000,0.532525000
26.241084,P1_INIT_POS_SETTLE,-0.014161000,-0.584577000,0.532525000
26.251419,P1_INIT_POS_SETTLE,-0.014161000,-0.584577000,0.532525000
26.261771,P1_INIT_POS_SETTLE,-0.014161000,-0.584577000,0.532525000
26.272104,P1_INIT_POS_SETTLE,-0.014161000,-0.584577000,0.532525000
26.282425,P1_INIT_POS_SETTLE,-0.014161000,-0.584577000,0.532525000
26.292763,P1_INIT_POS_SETTLE,-0.014161000,-0.584577000,0.532525000
26.303081,P1_INIT_POS_SETTLE,-0.014161000,-0.584577000,0.532525000
26.313411,P1_INIT_POS_SETTLE,-0.014161000,-0.584577000,0.532525000
26.323784,P1_INIT_POS_SETTLE,-0.014161000,-0.584577000,0.532525000
26.334138,P1_INIT_POS_SETTLE,-0.014161000,-0.584577000,0.532525000
26.344486,P1_INIT_POS_SETTLE,-0.014161000,-0.584577000,0.532525000
26.354841,P1_INIT_POS_SETTLE,-0.014161000,-0.584577000,0.532525000
26.365178,P1_INIT_POS_SETTLE,-0.014161000,-0.584577000,0.532525000
26.375535,P1_INIT_POS_SETTLE,-0.014161000,-0.584577000,0.532525000
26.385898,P1_INIT_POS_SETTLE,-0.014161000,-0.584577000,0.532525000
26.396250,P1_INIT_POS_SETTLE,-0.014161000,-0.584577000,0.532525000
26.406601,P1_INIT_POS_SETTLE,-0.014161000,-0.584577000,0.532525000
26.416951,P1_INIT_POS_SETTLE,-0.014161000,-0.584577000,0.532525000
26.427299,P1_INIT_POS_SETTLE,-0.014161000,-0.584577000,0.532525000
26.437653,P1_INIT_POS_SETTLE,-0.014161000,-0.584577000,0.532525000
26.447998,P1_INIT_POS_SETTLE,-0.014161000,-0.584577000,0.532525000
26.458321,P1_INIT_POS_SETTLE,-0.014161000,-0.584577000,0.532525000
26.468734,P1_INIT_POS_SETTLE,-0.014161000,-0.584577000,0.532525000
26.479092,P1_INIT_POS_SETTLE,-0.014161000,-0.584577000,0.532525000
26.489419,P1_INIT_POS_SETTLE,-0.014161000,-0.584577000,0.532525000
26.499768,P1_INIT_POS_SETTLE,-0.014161000,-0.584577000,0.532525000
26.510095,P1_INIT_POS_SETTLE,-0.014161000,-0.584577000,0.532525000
26.520438,P1_INIT_POS_SETTLE,-0.014161000,-0.584577000,0.532525000
26.530730,P1_INIT_POS_SETTLE,-0.014161000,-0.584577000,0.532525000
26.540951,P1_INIT_POS_SETTLE,-0.014161000,-0.584577000,0.532525000
26.551121,P1_INIT_POS_SETTLE,-0.014161000,-0.584577000,0.532525000
26.561318,P1_INIT_POS_SETTLE,-0.014161000,-0.584577000,0.532525000
26.571514,P1_INIT_POS_SETTLE,-0.014161000,-0.584577000,0.532525000
26.581677,P1_INIT_POS_SETTLE,-0.014161000,-0.584577000,0.532525000
26.591888,P1_INIT_POS_SETTLE,-0.014161000,-0.584577000,0.532525000
26.602255,P1_INIT_POS_SETTLE,-0.014161000,-0.584577000,0.532525000
26.612681,P1_INIT_POS_SETTLE,-0.014161000,-0.584577000,0.532525000
26.623274,P1_INIT_POS_SETTLE,-0.014161000,-0.584577000,0.532525000
26.633642,P1_INIT_POS_SETTLE,-0.014161000,-0.584577000,0.532525000
26.643993,P1_INIT_POS_SETTLE,-0.014161000,-0.584577000,0.532525000
26.654327,P1_INIT_POS_SETTLE,-0.014161000,-0.584577000,0.532525000
26.664669,P1_INIT_POS_SETTLE,-0.014161000,-0.584577000,0.532525000
26.675012,P1_INIT_POS_SETTLE,-0.014161000,-0.584577000,0.532525000
26.685333,P1_INIT_POS_SETTLE,-0.014161000,-0.584577000,0.532525000
26.695647,P1_INIT_POS_SETTLE,-0.014161000,-0.584577000,0.532525000
26.705962,P1_INIT_POS_SETTLE,-0.014161000,-0.584577000,0.532525000
26.716549,P1_INIT_POS_SETTLE,-0.014161000,-0.584577000,0.532525000
26.726889,P1_INIT_POS_SETTLE,-0.014161000,-0.584577000,0.532525000
26.737223,P1_INIT_POS_SETTLE,-0.014161000,-0.584577000,0.532525000
26.747560,P1_INIT_POS_SETTLE,-0.014161000,-0.584577000,0.532525000
26.757923,P1_INIT_POS_SETTLE,-0.014161000,-0.584577000,0.532525000
26.768274,P1_INIT_POS_SETTLE,-0.014161000,-0.584577000,0.532525000
26.778623,P1_INIT_POS_SETTLE,-0.014161000,-0.584577000,0.532525000
26.788990,P1_INIT_POS_SETTLE,-0.014161000,-0.584577000,0.532525000
26.799335,P1_INIT_POS_SETTLE,-0.014161000,-0.584577000,0.532525000
26.809700,P1_INIT_POS_SETTLE,-0.014161000,-0.584577000,0.532525000
26.820072,P1_INIT_POS_SETTLE,-0.014161000,-0.584577000,0.532525000
26.830424,P1_INIT_POS_SETTLE,-0.014161000,-0.584577000,0.532525000
26.840784,P1_INIT_POS_SETTLE,-0.014161000,-0.584577000,0.532525000
26.851125,P1_INIT_POS_SETTLE,-0.014161000,-0.584577000,0.532525000
26.861467,P1_INIT_POS_SETTLE,-0.014161000,-0.584577000,0.532525000
26.871805,P1_INIT_POS_SETTLE,-0.014161000,-0.584577000,0.532525000
26.882124,P1_INIT_POS_SETTLE,-0.014161000,-0.584577000,0.532525000
26.892445,P1_INIT_POS_SETTLE,-0.014161000,-0.584577000,0.532525000
26.902768,P1_INIT_POS_SETTLE,-0.014161000,-0.584577000,0.532525000
26.913272,P1_INIT_POS_SETTLE,-0.014161000,-0.584577000,0.532525000
26.923648,P1_INIT_POS_SETTLE,-0.014161000,-0.584577000,0.532525000
26.934000,P1_INIT_POS_SETTLE,-0.014161000,-0.584577000,0.532525000
26.944348,P1_INIT_POS_SETTLE,-0.014161000,-0.584577000,0.532525000
26.954696,P1_INIT_POS_SETTLE,-0.014161000,-0.584577000,0.532525000
26.965053,P1_INIT_POS_SETTLE,-0.014161000,-0.584577000,0.532525000
26.975404,P1_INIT_POS_SETTLE,-0.014161000,-0.584577000,0.532525000
26.985782,P1_INIT_POS_SETTLE,-0.014161000,-0.584577000,0.532525000
26.996141,P1_INIT_POS_SETTLE,-0.014161000,-0.584577000,0.532525000
27.006498,P1_INIT_POS_SETTLE,-0.014161000,-0.584577000,0.532525000
27.016890,P1_INIT_POS_SETTLE,-0.014161000,-0.584577000,0.532525000
27.027245,P1_INIT_POS_SETTLE,-0.014161000,-0.584577000,0.532525000
27.037577,P1_INIT_POS_SETTLE,-0.014161000,-0.584577000,0.532525000
27.047921,P1_INIT_POS_SETTLE,-0.014161000,-0.584577000,0.532525000
27.058254,P1_INIT_POS_SETTLE,-0.014161000,-0.584577000,0.532525000
27.068596,P1_INIT_POS_SETTLE,-0.014161000,-0.584577000,0.532525000
27.078949,P1_INIT_POS_SETTLE,-0.014161000,-0.584577000,0.532525000
27.089297,P1_INIT_POS_SETTLE,-0.014161000,-0.584577000,0.532525000
27.099646,P1_INIT_POS_SETTLE,-0.014161000,-0.584577000,0.532525000
27.109999,P1_INIT_POS_SETTLE,-0.014161000,-0.584577000,0.532525000
27.120347,P1_INIT_POS_SETTLE,-0.014161000,-0.584577000,0.532525000
27.130658,P1_INIT_POS_SETTLE,-0.014161000,-0.584577000,0.532525000
27.140992,P1_INIT_POS_SETTLE,-0.014161000,-0.584577000,0.532525000
27.151312,P1_INIT_POS_SETTLE,-0.014161000,-0.584577000,0.532525000
27.161635,P1_INIT_POS_SETTLE,-0.014161000,-0.584577000,0.532525000
27.171964,P1_INIT_POS_SETTLE,-0.014161000,-0.584577000,0.532525000
27.182280,P1_INIT_POS_SETTLE,-0.014161000,-0.584577000,0.532525000
27.192587,P1_INIT_POS_SETTLE,-0.014161000,-0.584577000,0.532525000
27.202919,P1_INIT_POS_SETTLE,-0.014161000,-0.584577000,0.532525000
27.213244,P1_INIT_POS_SETTLE,-0.014161000,-0.584577000,0.532525000
27.223591,P1_INIT_POS_SETTLE,-0.014161000,-0.584577000,0.532525000
27.233928,P1_INIT_POS_SETTLE,-0.014161000,-0.584577000,0.532525000
27.244258,P1_INIT_POS_SETTLE,-0.014161000,-0.584577000,0.532525000
27.254602,P1_INIT_POS_SETTLE,-0.014161000,-0.584577000,0.532525000
27.264940,P1_INIT_POS_SETTLE,-0.014161000,-0.584577000,0.532525000
27.275273,P1_INIT_POS_SETTLE,-0.014161000,-0.584577000,0.532525000
27.285609,P1_INIT_POS_SETTLE,-0.014161000,-0.584577000,0.532525000
27.295942,P1_INIT_POS_SETTLE,-0.014161000,-0.584577000,0.532525000
27.306274,P1_INIT_POS_SETTLE,-0.014161000,-0.584577000,0.532525000
27.316614,P1_INIT_POS_SETTLE,-0.014161000,-0.584577000,0.532525000
27.326971,P1_INIT_POS_SETTLE,-0.014161000,-0.584577000,0.532525000
27.337308,P1_INIT_POS_SETTLE,-0.014161000,-0.584577000,0.532525000
27.347654,P1_INIT_POS_SETTLE,-0.014161000,-0.584577000,0.532525000
27.358025,P1_INIT_POS_SETTLE,-0.014161000,-0.584577000,0.532525000
27.368362,P1_INIT_POS_SETTLE,-0.014161000,-0.584577000,0.532525000
27.378700,P1_INIT_POS_SETTLE,-0.014161000,-0.584577000,0.532525000
27.389054,P1_INIT_POS_SETTLE,-0.014161000,-0.584577000,0.532525000
27.399384,P1_INIT_POS_SETTLE,-0.014161000,-0.584577000,0.532525000
27.409769,P1_INIT_POS_SETTLE,-0.014161000,-0.584577000,0.532525000
27.420147,P1_INIT_POS_SETTLE,-0.014161000,-0.584577000,0.532525000
27.430492,P1_INIT_POS_SETTLE,-0.014161000,-0.584577000,0.532525000
27.440868,P1_INIT_POS_SETTLE,-0.014161000,-0.584577000,0.532525000
27.451203,P1_INIT_POS_SETTLE,-0.014161000,-0.584577000,0.532525000
27.461551,P1_INIT_POS_SETTLE,-0.014161000,-0.584577000,0.532525000
27.472008,P1_INIT_POS_SETTLE,-0.014161000,-0.584577000,0.532525000
27.482403,P1_INIT_POS_SETTLE,-0.014161000,-0.584577000,0.532525000
27.492782,P1_INIT_POS_SETTLE,-0.014161000,-0.584577000,0.532525000
27.503131,P1_INIT_POS_SETTLE,-0.014161000,-0.584577000,0.532525000
27.513480,P1_INIT_POS_SETTLE,-0.014161000,-0.584577000,0.532525000
27.523863,P1_INIT_POS_SETTLE,-0.014161000,-0.584577000,0.532525000
27.534208,P1_INIT_POS_SETTLE,-0.014161000,-0.584577000,0.532525000
27.544553,P1_INIT_POS_SETTLE,-0.014161000,-0.584577000,0.532525000
27.554921,P1_INIT_POS_SETTLE,-0.014161000,-0.584577000,0.532525000
27.565251,P1_INIT_POS_SETTLE,-0.014161000,-0.584577000,0.532525000
27.575596,P1_INIT_POS_SETTLE,-0.014161000,-0.584577000,0.532525000
27.585929,P1_INIT_POS_SETTLE,-0.014161000,-0.584577000,0.532525000
27.596259,P1_INIT_POS_SETTLE,-0.014161000,-0.584577000,0.532525000
27.606588,P1_INIT_POS_SETTLE,-0.014161000,-0.584577000,0.532525000
27.616949,P1_INIT_POS_SETTLE,-0.014161000,-0.584577000,0.532525000
27.627298,P1_INIT_POS_SETTLE,-0.014161000,-0.584577000,0.532525000
27.637626,P1_INIT_POS_SETTLE,-0.014161000,-0.584577000,0.532525000
27.647963,P1_INIT_POS_SETTLE,-0.014161000,-0.584577000,0.532525000
27.658295,P1_INIT_POS_SETTLE,-0.014161000,-0.584577000,0.532525000
27.668628,P1_INIT_POS_SETTLE,-0.014161000,-0.584577000,0.532525000
27.678974,P1_INIT_POS_SETTLE,-0.014161000,-0.584577000,0.532525000
27.689285,P1_INIT_POS_SETTLE,-0.014161000,-0.584577000,0.532525000
27.699610,P1_INIT_POS_SETTLE,-0.014161000,-0.584577000,0.532525000
27.709948,P1_INIT_POS_SETTLE,-0.014161000,-0.584577000,0.532525000
27.720347,P1_INIT_POS_SETTLE,-0.014161000,-0.584577000,0.532525000
27.730677,P1_INIT_POS_SETTLE,-0.014161000,-0.584577000,0.532525000
27.741022,P1_INIT_POS_SETTLE,-0.014161000,-0.584577000,0.532525000
27.751356,P1_INIT_POS_SETTLE,-0.014161000,-0.584577000,0.532525000
27.761714,P1_INIT_POS_SETTLE,-0.014161000,-0.584577000,0.532525000
27.772071,P1_INIT_POS_SETTLE,-0.014161000,-0.584577000,0.532525000
27.782404,P1_INIT_POS_SETTLE,-0.014161000,-0.584577000,0.532525000
27.792757,P1_INIT_POS_SETTLE,-0.014161000,-0.584577000,0.532525000
27.803080,P1_INIT_POS_SETTLE,-0.014161000,-0.584577000,0.532525000
27.813423,P1_INIT_POS_SETTLE,-0.014161000,-0.584577000,0.532525000
27.823804,P1_INIT_POS_SETTLE,-0.014161000,-0.584577000,0.532525000
27.834151,P1_INIT_POS_SETTLE,-0.014161000,-0.584577000,0.532525000
27.844498,P1_INIT_POS_SETTLE,-0.014161000,-0.584577000,0.532525000
27.854874,P1_INIT_POS_SETTLE,-0.014161000,-0.584577000,0.532525000
27.865210,P1_INIT_POS_SETTLE,-0.014161000,-0.584577000,0.532525000
27.875560,P1_INIT_POS_SETTLE,-0.014161000,-0.584577000,0.532525000
27.885925,P1_INIT_POS_SETTLE,-0.014161000,-0.584577000,0.532525000
27.896262,P1_INIT_POS_SETTLE,-0.014161000,-0.584577000,0.532525000
27.906606,P1_INIT_POS_SETTLE,-0.014161000,-0.584577000,0.532525000
27.916963,P1_INIT_POS_SETTLE,-0.014161000,-0.584577000,0.532525000
27.927308,P1_INIT_POS_SETTLE,-0.014161000,-0.584577000,0.532525000
27.937659,P1_INIT_POS_SETTLE,-0.014161000,-0.584577000,0.532525000
27.948000,P1_INIT_POS_SETTLE,-0.014161000,-0.584577000,0.532525000
27.958323,P1_INIT_POS_SETTLE,-0.014161000,-0.584577000,0.532525000
27.968672,P1_INIT_POS_SETTLE,-0.014161000,-0.584577000,0.532525000
27.979010,P1_INIT_POS_SETTLE,-0.014161000,-0.584577000,0.532525000
27.989332,P1_INIT_POS_SETTLE,-0.014161000,-0.584577000,0.532525000
27.999663,P1_INIT_POS_SETTLE,-0.014161000,-0.584577000,0.532525000
28.010001,P1_INIT_POS_SETTLE,-0.014161000,-0.584577000,0.532525000
28.020340,P1_INIT_POS_SETTLE,-0.014161000,-0.584577000,0.532525000
28.030694,P1_INIT_POS_SETTLE,-0.014161000,-0.584577000,0.532525000
28.041035,P1_INIT_POS_SETTLE,-0.014161000,-0.584577000,0.532525000
28.051360,P1_INIT_POS_SETTLE,-0.014161000,-0.584577000,0.532525000
28.061722,P1_INIT_POS_SETTLE,-0.014161000,-0.584577000,0.532525000
28.072068,P1_INIT_POS_SETTLE,-0.014161000,-0.584577000,0.532525000
28.082385,P1_INIT_POS_SETTLE,-0.014161000,-0.584577000,0.532525000
28.092730,P1_INIT_POS_SETTLE,-0.014161000,-0.584577000,0.532525000
28.103048,P1_INIT_POS_SETTLE,-0.014161000,-0.584577000,0.532525000
28.113385,P1_INIT_POS_SETTLE,-0.014161000,-0.584577000,0.532525000
28.123744,P1_INIT_POS_SETTLE,-0.014161000,-0.584577000,0.532525000
28.134096,P1_INIT_POS_SETTLE,-0.014161000,-0.584577000,0.532525000
28.144426,P1_INIT_POS_SETTLE,-0.014161000,-0.584577000,0.532525000
28.154786,P1_INIT_POS_SETTLE,-0.014161000,-0.584577000,0.532525000
28.165137,P1_INIT_POS_SETTLE,-0.014161000,-0.584577000,0.532525000
28.175451,P1_INIT_POS_SETTLE,-0.014161000,-0.584577000,0.532525000
28.185807,P1_INIT_POS_SETTLE,-0.014161000,-0.584577000,0.532525000
28.196130,P1_INIT_POS_SETTLE,-0.014161000,-0.584577000,0.532525000
28.206483,P1_INIT_POS_SETTLE,-0.014161000,-0.584577000,0.532525000
28.216848,P1_INIT_POS_SETTLE,-0.014161000,-0.584577000,0.532525000
28.227196,P1_INIT_POS_SETTLE,-0.014161000,-0.584577000,0.532525000
28.237538,P1_INIT_POS_SETTLE,-0.014161000,-0.584577000,0.532525000
28.247880,P1_INIT_POS_SETTLE,-0.014161000,-0.584577000,0.532525000
28.258211,P1_INIT_POS_SETTLE,-0.014161000,-0.584577000,0.532525000
28.268556,P1_INIT_POS_SETTLE,-0.014161000,-0.584577000,0.532525000
28.278887,P1_INIT_POS_SETTLE,-0.014161000,-0.584577000,0.532525000
28.289207,P1_INIT_POS_SETTLE,-0.014161000,-0.584577000,0.532525000
28.299553,P1_INIT_POS_SETTLE,-0.014161000,-0.584577000,0.532525000
28.309902,P1_INIT_POS_SETTLE,-0.014161000,-0.584577000,0.532525000
28.320231,P1_INIT_POS_SETTLE,-0.014161000,-0.584577000,0.532525000
28.330576,P1_INIT_POS_SETTLE,-0.014161000,-0.584577000,0.532525000
28.340913,P1_INIT_POS_SETTLE,-0.014161000,-0.584577000,0.532525000
28.351241,P1_INIT_POS_SETTLE,-0.014161000,-0.584577000,0.532525000
28.361570,P1_INIT_POS_SETTLE,-0.014161000,-0.584577000,0.532525000
28.371904,P1_INIT_POS_SETTLE,-0.014161000,-0.584577000,0.532525000
28.382223,P1_INIT_POS_SETTLE,-0.014161000,-0.584577000,0.532525000
28.392558,P1_INIT_POS_SETTLE,-0.014161000,-0.584577000,0.532525000
28.402883,P1_INIT_POS_SETTLE,-0.014161000,-0.584577000,0.532525000
28.413233,P1_INIT_POS_SETTLE,-0.014161000,-0.584577000,0.532525000
28.423583,P1_INIT_POS_SETTLE,-0.014161000,-0.584577000,0.532525000
28.433926,P1_INIT_POS_SETTLE,-0.014161000,-0.584577000,0.532525000
28.444263,P1_INIT_POS_SETTLE,-0.014161000,-0.584577000,0.532525000
28.454621,P1_INIT_POS_SETTLE,-0.014161000,-0.584577000,0.532525000
28.465021,P1_INIT_POS_SETTLE,-0.014161000,-0.584577000,0.532525000
28.475449,P1_INIT_POS_SETTLE,-0.014161000,-0.584577000,0.532525000
28.485844,P1_INIT_POS_SETTLE,-0.014161000,-0.584577000,0.532525000
28.496192,P1_INIT_POS_SETTLE,-0.014161000,-0.584577000,0.532525000
28.506536,P1_INIT_POS_SETTLE,-0.014161000,-0.584577000,0.532525000
28.516922,P1_INIT_POS_SETTLE,-0.014161000,-0.584577000,0.532525000
28.527260,P1_INIT_POS_SETTLE,-0.014161000,-0.584577000,0.532525000
28.537605,P1_INIT_POS_SETTLE,-0.014161000,-0.584577000,0.532525000
28.547940,P1_INIT_POS_SETTLE,-0.014161000,-0.584577000,0.532525000
28.558264,P1_INIT_POS_SETTLE,-0.014161000,-0.584577000,0.532525000
28.568596,P1_INIT_POS_SETTLE,-0.014161000,-0.584577000,0.532525000
28.578917,P1_INIT_POS_SETTLE,-0.014161000,-0.584577000,0.532525000
28.589233,P1_INIT_POS_SETTLE,-0.014161000,-0.584577000,0.532525000
28.599542,P1_INIT_POS_SETTLE,-0.014161000,-0.584577000,0.532525000
28.609869,P1_INIT_POS_SETTLE,-0.014161000,-0.584577000,0.532525000
28.620205,P1_INIT_POS_SETTLE,-0.014161000,-0.584577000,0.532525000
28.630540,P1_INIT_POS_SETTLE,-0.014161000,-0.584577000,0.532525000
28.640886,P1_INIT_POS_SETTLE,-0.014161000,-0.584577000,0.532525000
28.651215,P1_INIT_POS_SETTLE,-0.014161000,-0.584577000,0.532525000
28.661556,P1_INIT_POS_SETTLE,-0.014161000,-0.584577000,0.532525000
28.671891,P1_INIT_POS_SETTLE,-0.014161000,-0.584577000,0.532525000
28.682218,P1_INIT_POS_SETTLE,-0.014161000,-0.584577000,0.532525000
28.692559,P1_INIT_POS_SETTLE,-0.014161000,-0.584577000,0.532525000
28.702911,P1_INIT_POS_SETTLE,-0.014161000,-0.584577000,0.532525000
28.713250,P1_INIT_POS_SETTLE,-0.014161000,-0.584577000,0.532525000
28.723611,P1_INIT_POS_SETTLE,-0.014161000,-0.584577000,0.532525000
28.733967,P1_INIT_POS_SETTLE,-0.014161000,-0.584577000,0.532525000
28.744296,P1_INIT_POS_SETTLE,-0.014161000,-0.584577000,0.532525000
28.754655,P1_INIT_POS_SETTLE,-0.014161000,-0.584577000,0.532525000
28.765003,P1_INIT_POS_SETTLE,-0.014161000,-0.584577000,0.532525000
28.775334,P1_INIT_POS_SETTLE,-0.014161000,-0.584577000,0.532525000
28.785663,P1_INIT_POS_SETTLE,-0.014161000,-0.584577000,0.532525000
28.795991,P1_INIT_POS_SETTLE,-0.014161000,-0.584577000,0.532525000
28.806322,P1_INIT_POS_SETTLE,-0.014161000,-0.584577000,0.532525000
28.816677,P1_INIT_POS_SETTLE,-0.014161000,-0.584577000,0.532525000
28.827021,P1_INIT_POS_SETTLE,-0.014161000,-0.584577000,0.532525000
28.837356,P1_INIT_POS_SETTLE,-0.014161000,-0.584577000,0.532525000
28.847710,P1_INIT_POS_SETTLE,-0.014161000,-0.584577000,0.532525000
28.858057,P1_INIT_POS_SETTLE,-0.014161000,-0.584577000,0.532525000
28.868390,P1_INIT_POS_SETTLE,-0.014161000,-0.584577000,0.532525000
28.878733,P1_INIT_POS_SETTLE,-0.014161000,-0.584577000,0.532525000
28.889062,P1_INIT_POS_SETTLE,-0.014161000,-0.584577000,0.532525000
28.899387,P1_INIT_POS_SETTLE,-0.014161000,-0.584577000,0.532525000
28.909731,P1_INIT_POS_SETTLE,-0.014161000,-0.584577000,0.532525000
28.920065,P1_INIT_POS_SETTLE,-0.014161000,-0.584577000,0.532525000
28.930409,P1_INIT_POS_SETTLE,-0.014161000,-0.584577000,0.532525000
28.940747,P1_INIT_POS_SETTLE,-0.014161000,-0.584577000,0.532525000
28.951103,P1_INIT_POS_SETTLE,-0.014161000,-0.584577000,0.532525000
28.961416,P1_INIT_POS_SETTLE,-0.014161000,-0.584577000,0.532525000
28.971749,P1_INIT_POS_SETTLE,-0.014161000,-0.584577000,0.532525000
28.982068,P1_INIT_POS_SETTLE,-0.014161000,-0.584577000,0.532525000
28.992379,P1_INIT_POS_SETTLE,-0.014161000,-0.584577000,0.532525000
29.002701,P1_INIT_POS_SETTLE,-0.014161000,-0.584577000,0.532525000
29.013038,P1_INIT_POS_SETTLE,-0.014161000,-0.584577000,0.532525000
29.023378,P1_INIT_POS_SETTLE,-0.014161000,-0.584577000,0.532525000
29.033718,P1_INIT_POS_SETTLE,-0.014161000,-0.584577000,0.532525000
29.044060,P1_INIT_POS_SETTLE,-0.014161000,-0.584577000,0.532525000
29.054389,P1_INIT_POS_SETTLE,-0.014161000,-0.584577000,0.532525000
29.064730,P1_INIT_POS_SETTLE,-0.014161000,-0.584577000,0.532525000
29.075058,P1_INIT_POS_SETTLE,-0.014161000,-0.584577000,0.532525000
29.085380,P1_INIT_POS_SETTLE,-0.014161000,-0.584577000,0.532525000
29.095696,P1_INIT_POS_SETTLE,-0.014161000,-0.584577000,0.532525000
29.106158,P1_INIT_POS_SETTLE,-0.014161000,-0.584577000,0.532525000
29.116516,P1_INIT_POS_SETTLE,-0.014161000,-0.584577000,0.532525000
29.126852,P1_INIT_POS_SETTLE,-0.014161000,-0.584577000,0.532525000
29.137192,P1_INIT_POS_SETTLE,-0.014161000,-0.584577000,0.532525000
29.147516,P1_INIT_POS_SETTLE,-0.014161000,-0.584577000,0.532525000
29.157859,P1_INIT_POS_SETTLE,-0.014161000,-0.584577000,0.532525000
29.168181,P1_INIT_POS_SETTLE,-0.014161000,-0.584577000,0.532525000
29.178518,P1_INIT_POS_SETTLE,-0.014161000,-0.584577000,0.532525000
29.188848,P1_INIT_POS_SETTLE,-0.014161000,-0.584577000,0.532525000
29.199162,P1_INIT_POS_SETTLE,-0.014161000,-0.584577000,0.532525000
29.209501,P1_INIT_POS_SETTLE,-0.014161000,-0.584577000,0.532525000
29.219850,P1_INIT_POS_SETTLE,-0.014161000,-0.584577000,0.532525000
29.230181,P1_INIT_POS_SETTLE,-0.014161000,-0.584577000,0.532525000
29.240513,P1_INIT_POS_SETTLE,-0.014161000,-0.584577000,0.532525000
29.250835,P1_INIT_POS_SETTLE,-0.014161000,-0.584577000,0.532525000
29.261158,P1_INIT_POS_SETTLE,-0.014161000,-0.584577000,0.532525000
29.271484,P1_INIT_POS_SETTLE,-0.014161000,-0.584577000,0.532525000
29.281834,P1_INIT_POS_SETTLE,-0.014161000,-0.584577000,0.532525000
29.292143,P1_INIT_POS_SETTLE,-0.014161000,-0.584577000,0.532525000
29.302478,P1_INIT_POS_SETTLE,-0.014161000,-0.584577000,0.532525000
29.313040,P1_INIT_POS_SETTLE,-0.014161000,-0.584577000,0.532525000
29.323393,P1_INIT_POS_SETTLE,-0.014161000,-0.584577000,0.532525000
29.333746,P1_INIT_POS_SETTLE,-0.014161000,-0.584577000,0.532525000
29.344095,P1_INIT_POS_SETTLE,-0.014161000,-0.584577000,0.532525000
29.354423,P1_INIT_POS_SETTLE,-0.014161000,-0.584577000,0.532525000
29.364785,P1_INIT_POS_SETTLE,-0.014161000,-0.584577000,0.532525000
29.375122,P1_INIT_POS_SETTLE,-0.014161000,-0.584577000,0.532525000
29.385447,P1_INIT_POS_SETTLE,-0.014161000,-0.584577000,0.532525000
29.395762,P1_INIT_POS_SETTLE,-0.014161000,-0.584577000,0.532525000
29.406103,P1_INIT_POS_SETTLE,-0.014161000,-0.584577000,0.532525000
29.416432,P1_INIT_POS_SETTLE,-0.014161000,-0.584577000,0.532525000
29.426789,P1_INIT_POS_SETTLE,-0.014161000,-0.584577000,0.532525000
29.437126,P1_INIT_POS_SETTLE,-0.014161000,-0.584577000,0.532525000
29.447449,P1_INIT_POS_SETTLE,-0.014161000,-0.584577000,0.532525000
29.457807,P1_INIT_POS_SETTLE,-0.014161000,-0.584577000,0.532525000
29.468135,P1_INIT_POS_SETTLE,-0.014161000,-0.584577000,0.532525000
29.478551,P1_INIT_POS_SETTLE,-0.014161000,-0.584577000,0.532525000
29.488919,P1_INIT_POS_SETTLE,-0.014161000,-0.584577000,0.532525000
29.499257,P1_INIT_POS_SETTLE,-0.014161000,-0.584577000,0.532525000
29.509584,P1_INIT_POS_SETTLE,-0.014161000,-0.584577000,0.532525000
29.519893,P1_INIT_POS_SETTLE,-0.014161000,-0.584577000,0.532525000
29.530244,P1_INIT_POS_SETTLE,-0.014161000,-0.584577000,0.532525000
29.540563,P1_INIT_POS_SETTLE,-0.014161000,-0.584577000,0.532525000
29.550923,P1_INIT_POS_SETTLE,-0.014161000,-0.584577000,0.532525000
29.561273,P1_INIT_POS_SETTLE,-0.014161000,-0.584577000,0.532525000
29.571613,P1_INIT_POS_SETTLE,-0.014161000,-0.584577000,0.532525000
29.581964,P1_INIT_POS_SETTLE,-0.014161000,-0.584577000,0.532525000
29.592292,P1_INIT_POS_SETTLE,-0.014161000,-0.584577000,0.532525000
29.602643,P1_INIT_POS_SETTLE,-0.014161000,-0.584577000,0.532525000
29.613060,P1_INIT_POS_SETTLE,-0.014161000,-0.584577000,0.532525000
29.623403,P1_INIT_POS_SETTLE,-0.014161000,-0.584577000,0.532525000
29.633766,P1_INIT_POS_SETTLE,-0.014161000,-0.584577000,0.532525000
29.644120,P1_INIT_POS_SETTLE,-0.014161000,-0.584577000,0.532525000
29.654452,P1_INIT_POS_SETTLE,-0.014161000,-0.584577000,0.532525000
29.664799,P1_INIT_POS_SETTLE,-0.014161000,-0.584577000,0.532525000
29.675141,P1_INIT_POS_SETTLE,-0.014161000,-0.584577000,0.532525000
29.685470,P1_INIT_POS_SETTLE,-0.014161000,-0.584577000,0.532525000
29.695792,P1_INIT_POS_SETTLE,-0.014161000,-0.584577000,0.532525000
29.706115,P1_INIT_POS_SETTLE,-0.014161000,-0.584577000,0.532525000
29.716435,P1_INIT_POS_SETTLE,-0.014161000,-0.584577000,0.532525000
29.726804,P1_INIT_POS_SETTLE,-0.014161000,-0.584577000,0.532525000
29.737135,P1_INIT_POS_SETTLE,-0.014161000,-0.584577000,0.532525000
29.747468,P1_INIT_POS_SETTLE,-0.014161000,-0.584577000,0.532525000
29.757807,P1_INIT_POS_SETTLE,-0.014161000,-0.584577000,0.532525000
29.768135,P1_INIT_POS_SETTLE,-0.014161000,-0.584577000,0.532525000
29.778468,P1_INIT_POS_SETTLE,-0.014161000,-0.584577000,0.532525000
29.788855,P1_INIT_POS_SETTLE,-0.014161000,-0.584577000,0.532525000
29.799189,P1_INIT_POS_SETTLE,-0.014161000,-0.584577000,0.532525000
29.809527,P1_INIT_POS_SETTLE,-0.014161000,-0.584577000,0.532525000
29.819865,P1_INIT_POS_SETTLE,-0.014161000,-0.584577000,0.532525000
29.830196,P1_INIT_POS_SETTLE,-0.014161000,-0.584577000,0.532525000
29.840539,P1_INIT_POS_SETTLE,-0.014161000,-0.584577000,0.532525000
29.850912,P1_INIT_POS_SETTLE,-0.014161000,-0.584577000,0.532525000
29.861255,P1_INIT_POS_SETTLE,-0.014161000,-0.584577000,0.532525000
29.871578,P1_INIT_POS_SETTLE,-0.014161000,-0.584577000,0.532525000
29.881915,P1_INIT_POS_SETTLE,-0.014161000,-0.584577000,0.532525000
29.892237,P1_INIT_POS_SETTLE,-0.014161000,-0.584577000,0.532525000
29.902575,P1_INIT_POS_SETTLE,-0.014161000,-0.584577000,0.532525000
29.912914,P1_INIT_POS_SETTLE,-0.014161000,-0.584577000,0.532525000
29.923243,P1_INIT_POS_SETTLE,-0.014161000,-0.584577000,0.532525000
29.933561,P1_INIT_POS_SETTLE,-0.014161000,-0.584577000,0.532525000
29.943887,P1_INIT_POS_SETTLE,-0.014161000,-0.584577000,0.532525000
29.954202,P1_INIT_POS_SETTLE,-0.014161000,-0.584577000,0.532525000
29.964534,P1_INIT_POS_SETTLE,-0.014161000,-0.584577000,0.532525000
29.974869,P1_INIT_POS_SETTLE,-0.014161000,-0.584577000,0.532525000
29.985187,P1_INIT_POS_SETTLE,-0.014161000,-0.584577000,0.532525000
29.995509,P1_INIT_POS_SETTLE,-0.014161000,-0.584577000,0.532525000
30.005832,P1_INIT_POS_SETTLE,-0.014161000,-0.584577000,0.532525000
30.016147,P1_INIT_POS_SETTLE,-0.014161000,-0.584577000,0.532525000
30.026477,P1_INIT_POS_SETTLE,-0.014161000,-0.584577000,0.532525000
30.036811,P1_INIT_POS_SETTLE,-0.014161000,-0.584577000,0.532525000
30.047128,P1_INIT_POS_SETTLE,-0.014161000,-0.584577000,0.532525000
30.057449,P1_INIT_POS_SETTLE,-0.014161000,-0.584577000,0.532525000
30.067774,P1_INIT_POS_SETTLE,-0.014161000,-0.584577000,0.532525000
30.078098,P1_INIT_POS_SETTLE,-0.014161000,-0.584577000,0.532525000
30.088413,P1_INIT_POS_SETTLE,-0.014161000,-0.584577000,0.532525000
30.098742,P1_INIT_POS_SETTLE,-0.014161000,-0.584577000,0.532525000
30.109062,P1_INIT_POS_SETTLE,-0.014161000,-0.584577000,0.532525000
30.119390,P1_INIT_POS_SETTLE,-0.014161000,-0.584577000,0.532525000
30.129738,P1_INIT_POS_SETTLE,-0.014161000,-0.584577000,0.532525000
30.140068,P1_INIT_POS_SETTLE,-0.014161000,-0.584577000,0.532525000
30.150378,P1_INIT_POS_SETTLE,-0.014161000,-0.584577000,0.532525000
30.160704,P1_INIT_POS_SETTLE,-0.014161000,-0.584577000,0.532525000
30.171048,P1_INIT_POS_SETTLE,-0.014161000,-0.584577000,0.532525000
30.181358,P1_INIT_POS_SETTLE,-0.014161000,-0.584577000,0.532525000
30.191676,P1_INIT_POS_SETTLE,-0.014161000,-0.584577000,0.532525000
30.202000,P1_INIT_POS_SETTLE,-0.014161000,-0.584577000,0.532525000
30.212363,P1_INIT_POS_SETTLE,-0.014161000,-0.584577000,0.532525000
30.222685,P1_INIT_POS_SETTLE,-0.014161000,-0.584577000,0.532525000
30.233025,P1_INIT_POS_SETTLE,-0.014161000,-0.584577000,0.532525000
30.243355,P1_INIT_POS_SETTLE,-0.014161000,-0.584577000,0.532525000
30.253699,P1_INIT_POS_SETTLE,-0.014161000,-0.584577000,0.532525000
30.264022,P1_INIT_POS_SETTLE,-0.014161000,-0.584577000,0.532525000
30.274340,P1_INIT_POS_SETTLE,-0.014161000,-0.584577000,0.532525000
30.284656,P1_INIT_POS_SETTLE,-0.014161000,-0.584577000,0.532525000
30.294963,P1_INIT_POS_SETTLE,-0.014161000,-0.584577000,0.532525000
30.305270,P1_INIT_POS_SETTLE,-0.014161000,-0.584577000,0.532525000
30.315587,P1_INIT_POS_SETTLE,-0.014161000,-0.584577000,0.532525000
30.325913,P1_INIT_POS_SETTLE,-0.014161000,-0.584577000,0.532525000
30.336231,P1_INIT_POS_SETTLE,-0.014161000,-0.584577000,0.532525000
30.346557,P1_INIT_POS_SETTLE,-0.014161000,-0.584577000,0.532525000
30.356888,P1_INIT_POS_SETTLE,-0.014161000,-0.584577000,0.532525000
30.367202,P1_INIT_POS_SETTLE,-0.014161000,-0.584577000,0.532525000
30.377528,P1_INIT_POS_SETTLE,-0.014161000,-0.584577000,0.532525000
30.387866,P1_INIT_POS_SETTLE,-0.014161000,-0.584577000,0.532525000
30.398185,P1_INIT_POS_SETTLE,-0.014161000,-0.584577000,0.532525000
30.408512,P1_INIT_POS_SETTLE,-0.014161000,-0.584577000,0.532525000
30.418878,P1_INIT_POS_SETTLE,-0.014161000,-0.584577000,0.532525000
30.429201,P1_INIT_POS_SETTLE,-0.014161000,-0.584577000,0.532525000
30.439526,P1_INIT_POS_SETTLE,-0.014161000,-0.584577000,0.532525000
30.449849,P1_INIT_POS_SETTLE,-0.014161000,-0.584577000,0.532525000
30.460167,P1_INIT_POS_SETTLE,-0.014161000,-0.584577000,0.532525000
30.470495,P1_INIT_POS_SETTLE,-0.014161000,-0.584577000,0.532525000
30.480932,P1_INIT_POS_SETTLE,-0.014161000,-0.584577000,0.532525000
30.491293,P1_INIT_POS_SETTLE,-0.014161000,-0.584577000,0.532525000
30.501618,P1_INIT_POS_SETTLE,-0.014161000,-0.584577000,0.532525000
30.511939,P1_INIT_POS_SETTLE,-0.014161000,-0.584577000,0.532525000
30.522286,P1_INIT_POS_SETTLE,-0.014161000,-0.584577000,0.532525000
30.532651,P1_INIT_POS_SETTLE,-0.014161000,-0.584577000,0.532525000
30.543017,P1_INIT_POS_SETTLE,-0.014161000,-0.584577000,0.532525000
30.553360,P1_INIT_POS_SETTLE,-0.014161000,-0.584577000,0.532525000
30.563706,P1_INIT_POS_SETTLE,-0.014161000,-0.584577000,0.532525000
30.574066,P1_INIT_POS_SETTLE,-0.014161000,-0.584577000,0.532525000
30.584382,P1_INIT_POS_SETTLE,-0.014161000,-0.584577000,0.532525000
30.594724,P1_INIT_POS_SETTLE,-0.014161000,-0.584577000,0.532525000
30.605075,P1_INIT_POS_SETTLE,-0.014161000,-0.584577000,0.532525000
30.615421,P1_INIT_POS_SETTLE,-0.014161000,-0.584577000,0.532525000
30.625793,P1_INIT_POS_SETTLE,-0.014161000,-0.584577000,0.532525000
30.636154,P1_INIT_POS_SETTLE,-0.014161000,-0.584577000,0.532525000
30.646492,P1_INIT_POS_SETTLE,-0.014161000,-0.584577000,0.532525000
30.656830,P1_INIT_POS_SETTLE,-0.014161000,-0.584577000,0.532525000
30.667167,P1_INIT_POS_SETTLE,-0.014161000,-0.584577000,0.532525000
30.677506,P1_INIT_POS_SETTLE,-0.014161000,-0.584577000,0.532525000
30.687873,P1_INIT_POS_SETTLE,-0.014161000,-0.584577000,0.532525000
30.698204,P1_INIT_POS_SETTLE,-0.014161000,-0.584577000,0.532525000
30.708556,P1_INIT_POS_SETTLE,-0.014161000,-0.584577000,0.532525000
30.718914,P1_INIT_POS_SETTLE,-0.014161000,-0.584577000,0.532525000
30.729274,P1_INIT_POS_SETTLE,-0.014161000,-0.584577000,0.532525000
30.739605,P1_INIT_POS_SETTLE,-0.014161000,-0.584577000,0.532525000
30.749969,P1_INIT_POS_SETTLE,-0.014161000,-0.584577000,0.532525000
30.760288,P1_INIT_POS_SETTLE,-0.014161000,-0.584577000,0.532525000
30.770625,P1_INIT_POS_SETTLE,-0.014161000,-0.584577000,0.532525000
30.780967,P1_INIT_POS_SETTLE,-0.014161000,-0.584577000,0.532525000
30.791291,P1_INIT_POS_SETTLE,-0.014161000,-0.584577000,0.532525000
30.801631,P1_INIT_POS_SETTLE,-0.014161000,-0.584577000,0.532525000
30.811978,P1_INIT_POS_SETTLE,-0.014161000,-0.584577000,0.532525000
30.822313,P1_INIT_POS_SETTLE,-0.014161000,-0.584577000,0.532525000
30.832674,P1_INIT_POS_SETTLE,-0.014161000,-0.584577000,0.532525000
30.843059,P1_INIT_POS_SETTLE,-0.014161000,-0.584577000,0.532525000
30.853377,P1_INIT_POS_SETTLE,-0.014161000,-0.584577000,0.532525000
30.863716,P1_INIT_POS_SETTLE,-0.014161000,-0.584577000,0.532525000
30.874042,P1_INIT_POS_SETTLE,-0.014161000,-0.584577000,0.532525000
30.884363,P1_INIT_POS_SETTLE,-0.014161000,-0.584577000,0.532525000
30.894687,P1_INIT_POS_SETTLE,-0.014161000,-0.584577000,0.532525000
30.905019,P1_INIT_POS_SETTLE,-0.014161000,-0.584577000,0.532525000
30.915371,P1_INIT_POS_SETTLE,-0.014161000,-0.584577000,0.532525000
30.925725,P1_INIT_POS_SETTLE,-0.014161000,-0.584577000,0.532525000
30.936089,P1_INIT_POS_SETTLE,-0.014161000,-0.584577000,0.532525000
30.946412,P1_INIT_POS_SETTLE,-0.014161000,-0.584577000,0.532525000
30.956757,P1_INIT_POS_SETTLE,-0.014161000,-0.584577000,0.532525000
30.967107,P1_INIT_POS_SETTLE,-0.014161000,-0.584577000,0.532525000
30.977432,P1_INIT_POS_SETTLE,-0.014161000,-0.584577000,0.532525000
30.987775,P1_INIT_POS_SETTLE,-0.014161000,-0.584577000,0.532525000
30.998113,P1_INIT_POS_SETTLE,-0.014161000,-0.584577000,0.532525000
31.008447,P1_INIT_POS_SETTLE,-0.014161000,-0.584577000,0.532525000
31.018818,P1_INIT_POS_SETTLE,-0.014161000,-0.584577000,0.532525000
31.029156,P1_INIT_POS_SETTLE,-0.014161000,-0.584577000,0.532525000
31.039495,P1_INIT_POS_SETTLE,-0.014161000,-0.584577000,0.532525000
31.049846,P1_INIT_POS_SETTLE,-0.014161000,-0.584577000,0.532525000
31.060178,P1_INIT_POS_SETTLE,-0.014161000,-0.584577000,0.532525000
31.070522,P1_INIT_POS_SETTLE,-0.014161000,-0.584577000,0.532525000
31.080877,P1_INIT_POS_SETTLE,-0.014161000,-0.584577000,0.532525000
31.091204,P1_INIT_POS_SETTLE,-0.014161000,-0.584577000,0.532525000
31.101547,P1_INIT_POS_SETTLE,-0.014161000,-0.584577000,0.532525000
31.111895,P1_INIT_POS_SETTLE,-0.014161000,-0.584577000,0.532525000
31.122255,P1_INIT_POS_SETTLE,-0.014161000,-0.584577000,0.532525000
31.132609,P1_INIT_POS_SETTLE,-0.014161000,-0.584577000,0.532525000
31.142962,P1_INIT_POS_SETTLE,-0.014161000,-0.584577000,0.532525000
31.153299,P1_INIT_POS_SETTLE,-0.014161000,-0.584577000,0.532525000
31.163647,P1_INIT_POS_SETTLE,-0.014161000,-0.584577000,0.532525000
31.173985,P1_INIT_POS_SETTLE,-0.014161000,-0.584577000,0.532525000
31.184301,P1_INIT_POS_SETTLE,-0.014161000,-0.584577000,0.532525000
31.194633,P1_INIT_POS_SETTLE,-0.014161000,-0.584577000,0.532525000
31.205003,P1_INIT_POS_SETTLE,-0.014161000,-0.584577000,0.532525000
31.215318,P1_INIT_POS_SETTLE,-0.014161000,-0.584577000,0.532525000
31.225698,P1_INIT_POS_SETTLE,-0.014161000,-0.584577000,0.532525000
31.236043,P1_INIT_POS_SETTLE,-0.014161000,-0.584577000,0.532525000
31.246368,P1_INIT_POS_SETTLE,-0.014161000,-0.584577000,0.532525000
31.256718,P1_INIT_POS_SETTLE,-0.014161000,-0.584577000,0.532525000
31.267042,P1_INIT_POS_SETTLE,-0.014161000,-0.584577000,0.532525000
31.277366,P1_INIT_POS_SETTLE,-0.014161000,-0.584577000,0.532525000
31.287725,P1_INIT_POS_SETTLE,-0.014161000,-0.584577000,0.532525000
31.298073,P1_INIT_POS_SETTLE,-0.014161000,-0.584577000,0.532525000
31.308399,P1_INIT_POS_SETTLE,-0.014161000,-0.584577000,0.532525000
31.318742,P1_INIT_POS_SETTLE,-0.014161000,-0.584577000,0.532525000
31.329090,P1_INIT_POS_SETTLE,-0.014161000,-0.584577000,0.532525000
31.339427,P1_INIT_POS_SETTLE,-0.014161000,-0.584577000,0.532525000
31.349756,P1_INIT_POS_SETTLE,-0.014161000,-0.584577000,0.532525000
31.360078,P1_INIT_POS_SETTLE,-0.014161000,-0.584577000,0.532525000
31.370400,P1_INIT_POS_SETTLE,-0.014161000,-0.584577000,0.532525000
31.380729,P1_INIT_POS_SETTLE,-0.014161000,-0.584577000,0.532525000
31.391047,P1_INIT_POS_SETTLE,-0.014161000,-0.584577000,0.532525000
31.401363,P1_INIT_POS_SETTLE,-0.014161000,-0.584577000,0.532525000
31.411711,P1_INIT_POS_SETTLE,-0.014161000,-0.584577000,0.532525000
31.422084,P1_INIT_POS_SETTLE,-0.014161000,-0.584577000,0.532525000
31.432419,P1_INIT_POS_SETTLE,-0.014161000,-0.584577000,0.532525000
31.442771,P1_INIT_POS_SETTLE,-0.014161000,-0.584577000,0.532525000
31.453092,P1_INIT_POS_SETTLE,-0.014161000,-0.584577000,0.532525000
31.463412,P1_INIT_POS_SETTLE,-0.014161000,-0.584577000,0.532525000
31.473747,P1_INIT_POS_SETTLE,-0.014161000,-0.584577000,0.532525000
31.484148,P1_INIT_POS_SETTLE,-0.014161000,-0.584577000,0.532525000
31.494531,P1_INIT_POS_SETTLE,-0.014161000,-0.584577000,0.532525000
31.504893,P1_INIT_POS_SETTLE,-0.014161000,-0.584577000,0.532525000
31.515225,P1_INIT_POS_SETTLE,-0.014161000,-0.584577000,0.532525000
31.525569,P1_INIT_POS_SETTLE,-0.014161000,-0.584577000,0.532525000
31.535930,P1_INIT_POS_SETTLE,-0.014161000,-0.584577000,0.532525000
31.546253,P1_INIT_POS_SETTLE,-0.014161000,-0.584577000,0.532525000
31.556571,P1_INIT_POS_SETTLE,-0.014161000,-0.584577000,0.532525000
31.566906,P1_INIT_POS_SETTLE,-0.014161000,-0.584577000,0.532525000
31.577219,P1_INIT_POS_SETTLE,-0.014161000,-0.584577000,0.532525000
31.587546,P1_INIT_POS_SETTLE,-0.014161000,-0.584577000,0.532525000
31.597870,P1_INIT_POS_SETTLE,-0.014161000,-0.584577000,0.532525000
31.608181,P1_INIT_POS_SETTLE,-0.014161000,-0.584577000,0.532525000
31.618503,P1_INIT_POS_SETTLE,-0.014161000,-0.584577000,0.532525000
31.628851,P1_INIT_POS_SETTLE,-0.014161000,-0.584577000,0.532525000
31.639163,P1_INIT_POS_SETTLE,-0.014161000,-0.584577000,0.532525000
31.649476,P1_INIT_POS_SETTLE,-0.014161000,-0.584577000,0.532525000
31.659784,P1_INIT_POS_SETTLE,-0.014161000,-0.584577000,0.532525000
31.670088,P1_INIT_POS_SETTLE,-0.014161000,-0.584577000,0.532525000
31.680386,P1_INIT_POS_SETTLE,-0.014161000,-0.584577000,0.532525000
31.690688,P1_INIT_POS_SETTLE,-0.014161000,-0.584577000,0.532525000
31.700992,P1_INIT_POS_SETTLE,-0.014161000,-0.584577000,0.532525000
31.711334,P1_INIT_POS_SETTLE,-0.014161000,-0.584577000,0.532525000
31.721720,P1_INIT_POS_SETTLE,-0.014161000,-0.584577000,0.532525000
31.732087,P1_INIT_POS_SETTLE,-0.014161000,-0.584577000,0.532525000
31.742415,P1_INIT_POS_SETTLE,-0.014161000,-0.584577000,0.532525000
31.752785,P1_INIT_POS_SETTLE,-0.014161000,-0.584577000,0.532525000
31.763146,P1_INIT_POS_SETTLE,-0.014161000,-0.584577000,0.532525000
31.773499,P1_INIT_POS_SETTLE,-0.014161000,-0.584577000,0.532525000
31.783847,P1_INIT_POS_SETTLE,-0.014161000,-0.584577000,0.532525000
31.794176,P1_INIT_POS_SETTLE,-0.014161000,-0.584577000,0.532525000
31.804514,P1_INIT_POS_SETTLE,-0.014161000,-0.584577000,0.532525000
31.814878,P1_INIT_POS_SETTLE,-0.014161000,-0.584577000,0.532525000
31.825220,P1_INIT_POS_SETTLE,-0.014161000,-0.584577000,0.532525000
31.835563,P1_INIT_POS_SETTLE,-0.014161000,-0.584577000,0.532525000
31.845933,P1_INIT_POS_SETTLE,-0.014161000,-0.584577000,0.532525000
31.856280,P1_INIT_POS_SETTLE,-0.014161000,-0.584577000,0.532525000
31.866623,P1_INIT_POS_SETTLE,-0.014161000,-0.584577000,0.532525000
31.877012,P1_INIT_POS_SETTLE,-0.014161000,-0.584577000,0.532525000
31.887333,P1_INIT_POS_SETTLE,-0.014161000,-0.584577000,0.532525000
31.897661,P1_INIT_POS_SETTLE,-0.014161000,-0.584577000,0.532525000
31.908009,P1_INIT_POS_SETTLE,-0.014161000,-0.584577000,0.532525000
31.918415,P1_INIT_POS_SETTLE,-0.014161000,-0.584577000,0.532525000
31.928815,P1_INIT_POS_SETTLE,-0.014161000,-0.584577000,0.532525000
31.939166,P1_INIT_POS_SETTLE,-0.014161000,-0.584577000,0.532525000
31.949514,P1_INIT_POS_SETTLE,-0.014161000,-0.584577000,0.532525000
31.959862,P1_INIT_POS_SETTLE,-0.014161000,-0.584577000,0.532525000
31.970192,P1_INIT_POS_SETTLE,-0.014161000,-0.584577000,0.532525000
31.980531,P1_INIT_POS_SETTLE,-0.014161000,-0.584577000,0.532525000
31.990864,P1_INIT_POS_SETTLE,-0.014161000,-0.584577000,0.532525000
32.001186,P1_INIT_POS_SETTLE,-0.014161000,-0.584577000,0.532525000
32.011524,P1_INIT_POS_SETTLE,-0.014161000,-0.584577000,0.532525000
32.021878,P1_INIT_POS_SETTLE,-0.014161000,-0.584577000,0.532525000
32.032202,P1_INIT_POS_SETTLE,-0.014161000,-0.584577000,0.532525000
32.042538,P1_INIT_POS_SETTLE,-0.014161000,-0.584577000,0.532525000
32.052879,P1_INIT_POS_SETTLE,-0.014161000,-0.584577000,0.532525000
32.063198,P1_INIT_POS_SETTLE,-0.014161000,-0.584577000,0.532525000
32.073532,P1_INIT_POS_SETTLE,-0.014161000,-0.584577000,0.532525000
32.083867,P1_INIT_POS_SETTLE,-0.014161000,-0.584577000,0.532525000
32.094180,P1_INIT_POS_SETTLE,-0.014161000,-0.584577000,0.532525000
32.104498,P1_INIT_POS_SETTLE,-0.014161000,-0.584577000,0.532525000
32.114849,P1_INIT_POS_SETTLE,-0.014161000,-0.584577000,0.532525000
32.125177,P1_INIT_POS_SETTLE,-0.014161000,-0.584577000,0.532525000
32.135509,P1_INIT_POS_SETTLE,-0.014161000,-0.584577000,0.532525000
32.145870,P1_INIT_POS_SETTLE,-0.014161000,-0.584577000,0.532525000
32.156203,P1_INIT_POS_SETTLE,-0.014161000,-0.584577000,0.532525000
32.166549,P1_INIT_POS_SETTLE,-0.014161000,-0.584577000,0.532525000
32.176894,P1_INIT_POS_SETTLE,-0.014161000,-0.584577000,0.532525000
32.187225,P1_INIT_POS_SETTLE,-0.014161000,-0.584577000,0.532525000
32.197558,P1_INIT_POS_SETTLE,-0.014161000,-0.584577000,0.532525000
32.207924,P1_INIT_POS_SETTLE,-0.014161000,-0.584577000,0.532525000
32.218265,P1_INIT_POS_SETTLE,-0.014161000,-0.584577000,0.532525000
32.228611,P1_INIT_POS_SETTLE,-0.014161000,-0.584577000,0.532525000
32.238948,P1_INIT_POS_SETTLE,-0.014161000,-0.584577000,0.532525000
32.249282,P1_INIT_POS_SETTLE,-0.014161000,-0.584577000,0.532525000
32.259622,P1_INIT_POS_SETTLE,-0.014161000,-0.584577000,0.532525000
32.269990,P1_INIT_POS_SETTLE,-0.014161000,-0.584577000,0.532525000
32.280312,P1_INIT_POS_SETTLE,-0.014161000,-0.584577000,0.532525000
32.290662,P1_INIT_POS_SETTLE,-0.014161000,-0.584577000,0.532525000
32.301014,P1_INIT_POS_SETTLE,-0.014161000,-0.584577000,0.532525000
32.311371,P1_INIT_POS_SETTLE,-0.014161000,-0.584577000,0.532525000
32.321724,P1_INIT_POS_SETTLE,-0.014161000,-0.584577000,0.532525000
32.332076,P1_INIT_POS_SETTLE,-0.014161000,-0.584577000,0.532525000
32.342402,P1_INIT_POS_SETTLE,-0.014161000,-0.584577000,0.532525000
32.352759,P1_INIT_POS_SETTLE,-0.014161000,-0.584577000,0.532525000
32.363077,P1_INIT_POS_SETTLE,-0.014161000,-0.584577000,0.532525000
32.373403,P1_INIT_POS_SETTLE,-0.014161000,-0.584577000,0.532525000
32.383728,P1_INIT_POS_SETTLE,-0.014161000,-0.584577000,0.532525000
32.394044,P1_INIT_POS_SETTLE,-0.014161000,-0.584577000,0.532525000
32.404345,P1_INIT_POS_SETTLE,-0.014161000,-0.584577000,0.532525000
32.414698,P1_INIT_POS_SETTLE,-0.014161000,-0.584577000,0.532525000
32.425053,P1_INIT_POS_SETTLE,-0.014161000,-0.584577000,0.532525000
32.435383,P1_INIT_POS_SETTLE,-0.014161000,-0.584577000,0.532525000
32.445719,P1_INIT_POS_SETTLE,-0.014161000,-0.584577000,0.532525000
32.456094,P1_INIT_POS_SETTLE,-0.014161000,-0.584577000,0.532525000
32.466444,P1_INIT_POS_SETTLE,-0.014161000,-0.584577000,0.532525000
32.476803,P1_INIT_POS_SETTLE,-0.014161000,-0.584577000,0.532525000
32.487198,P1_INIT_POS_SETTLE,-0.014161000,-0.584577000,0.532525000
32.497572,P1_INIT_POS_SETTLE,-0.014161000,-0.584577000,0.532525000
32.507913,P1_INIT_POS_SETTLE,-0.014161000,-0.584577000,0.532525000
32.518237,P1_INIT_POS_SETTLE,-0.014161000,-0.584577000,0.532525000
32.528550,P1_INIT_POS_SETTLE,-0.014161000,-0.584577000,0.532525000
32.538886,P1_INIT_POS_SETTLE,-0.014161000,-0.584577000,0.532525000
32.549250,P1_INIT_POS_SETTLE,-0.014161000,-0.584577000,0.532525000
32.559585,P1_INIT_POS_SETTLE,-0.014161000,-0.584577000,0.532525000
32.569916,P1_INIT_POS_SETTLE,-0.014161000,-0.584577000,0.532525000
32.580237,P1_INIT_POS_SETTLE,-0.014161000,-0.584577000,0.532525000
32.590561,P1_INIT_POS_SETTLE,-0.014161000,-0.584577000,0.532525000
32.600921,P1_INIT_POS_SETTLE,-0.014161000,-0.584577000,0.532525000
32.611246,P1_INIT_POS_SETTLE,-0.014161000,-0.584577000,0.532525000
32.621603,P1_INIT_POS_SETTLE,-0.014161000,-0.584577000,0.532525000
32.631943,P1_INIT_POS_SETTLE,-0.014161000,-0.584577000,0.532525000
32.642264,P1_INIT_POS_SETTLE,-0.014161000,-0.584577000,0.532525000
32.652598,P1_INIT_POS_SETTLE,-0.014161000,-0.584577000,0.532525000
32.662962,P1_INIT_POS_SETTLE,-0.014161000,-0.584577000,0.532525000
32.673293,P1_INIT_POS_SETTLE,-0.014161000,-0.584577000,0.532525000
32.683652,P1_INIT_POS_SETTLE,-0.014161000,-0.584577000,0.532525000
32.693995,P1_INIT_POS_SETTLE,-0.014161000,-0.584577000,0.532525000
32.704314,P1_INIT_POS_SETTLE,-0.014161000,-0.584577000,0.532525000
32.714644,P1_INIT_POS_SETTLE,-0.014161000,-0.584577000,0.532525000
32.724921,P1_INIT_POS_SETTLE,-0.014161000,-0.584577000,0.532525000
32.735267,P1_INIT_POS_SETTLE,-0.014161000,-0.584577000,0.532525000
32.745606,P1_INIT_POS_SETTLE,-0.014161000,-0.584577000,0.532525000
32.755935,P1_INIT_POS_SETTLE,-0.014161000,-0.584577000,0.532525000
32.766265,P1_INIT_POS_SETTLE,-0.014161000,-0.584577000,0.532525000
32.776585,P1_INIT_POS_SETTLE,-0.014161000,-0.584577000,0.532525000
32.786918,P1_INIT_POS_SETTLE,-0.014161000,-0.584577000,0.532525000
32.797233,P1_INIT_POS_SETTLE,-0.014161000,-0.584577000,0.532525000
32.807558,P1_INIT_POS_SETTLE,-0.014161000,-0.584577000,0.532525000
32.817960,P1_INIT_POS_SETTLE,-0.014161000,-0.584577000,0.532525000
32.828339,P1_INIT_POS_SETTLE,-0.014161000,-0.584577000,0.532525000
32.838695,P1_INIT_POS_SETTLE,-0.014161000,-0.584577000,0.532525000
32.849042,P1_INIT_POS_SETTLE,-0.014161000,-0.584577000,0.532525000
32.859385,P1_INIT_POS_SETTLE,-0.014161000,-0.584577000,0.532525000
32.869722,P1_INIT_POS_SETTLE,-0.014161000,-0.584577000,0.532525000
32.880052,P1_INIT_POS_SETTLE,-0.014161000,-0.584577000,0.532525000
32.890362,P1_INIT_POS_SETTLE,-0.014161000,-0.584577000,0.532525000
32.900704,P1_INIT_POS_SETTLE,-0.014161000,-0.584577000,0.532525000
32.911035,P1_INIT_POS_SETTLE,-0.014161000,-0.584577000,0.532525000
32.921348,P1_INIT_POS_SETTLE,-0.014161000,-0.584577000,0.532525000
32.931671,P1_INIT_POS_SETTLE,-0.014161000,-0.584577000,0.532525000
32.942011,P1_INIT_POS_SETTLE,-0.014161000,-0.584577000,0.532525000
32.952347,P1_INIT_POS_SETTLE,-0.014161000,-0.584577000,0.532525000
32.962669,P1_INIT_POS_SETTLE,-0.014161000,-0.584577000,0.532525000
32.973005,P1_INIT_POS_SETTLE,-0.014161000,-0.584577000,0.532525000
32.983349,P1_INIT_POS_SETTLE,-0.014161000,-0.584577000,0.532525000
32.993686,P1_INIT_POS_SETTLE,-0.014161000,-0.584577000,0.532525000
33.004005,P1_INIT_POS_SETTLE,-0.014161000,-0.584577000,0.532525000
33.014310,P1_INIT_POS_SETTLE,-0.014161000,-0.584577000,0.532525000
33.024636,P1_INIT_POS_SETTLE,-0.014161000,-0.584577000,0.532525000
33.034942,P1_INIT_POS_SETTLE,-0.014161000,-0.584577000,0.532525000
33.045244,P1_INIT_POS_SETTLE,-0.014161000,-0.584577000,0.532525000
33.055539,P1_INIT_POS_SETTLE,-0.014161000,-0.584577000,0.532525000
33.065837,P1_INIT_POS_SETTLE,-0.014161000,-0.584577000,0.532525000
33.076146,P1_INIT_POS_SETTLE,-0.014161000,-0.584577000,0.532525000
33.086454,P1_INIT_POS_SETTLE,-0.014161000,-0.584577000,0.532525000
33.096773,P1_INIT_POS_SETTLE,-0.014161000,-0.584577000,0.532525000
33.107090,P1_INIT_POS_SETTLE,-0.014161000,-0.584577000,0.532525000
33.117407,P1_INIT_POS_SETTLE,-0.014161000,-0.584577000,0.532525000
33.127730,P1_INIT_POS_SETTLE,-0.014161000,-0.584577000,0.532525000
33.138086,P1_INIT_POS_SETTLE,-0.014161000,-0.584577000,0.532525000
33.148439,P1_INIT_POS_SETTLE,-0.014161000,-0.584577000,0.532525000
33.158801,P1_INIT_POS_SETTLE,-0.014161000,-0.584577000,0.532525000
33.169135,P1_INIT_POS_SETTLE,-0.014161000,-0.584577000,0.532525000
33.179468,P1_INIT_POS_SETTLE,-0.014161000,-0.584577000,0.532525000
33.189807,P1_INIT_POS_SETTLE,-0.014161000,-0.584577000,0.532525000
33.200128,P1_INIT_POS_SETTLE,-0.014161000,-0.584577000,0.532525000
33.210446,P1_INIT_POS_SETTLE,-0.014161000,-0.584577000,0.532525000
33.220803,P1_INIT_POS_SETTLE,-0.014161000,-0.584577000,0.532525000
33.231138,P1_INIT_POS_SETTLE,-0.014161000,-0.584577000,0.532525000
33.241474,P1_INIT_POS_SETTLE,-0.014161000,-0.584577000,0.532525000
33.251797,P1_INIT_POS_SETTLE,-0.014161000,-0.584577000,0.532525000
33.262114,P1_INIT_POS_SETTLE,-0.014161000,-0.584577000,0.532525000
33.272414,P1_INIT_POS_SETTLE,-0.014161000,-0.584577000,0.532525000
33.282745,P1_INIT_POS_SETTLE,-0.014161000,-0.584577000,0.532525000
33.293060,P1_INIT_POS_SETTLE,-0.014161000,-0.584577000,0.532525000
33.303371,P1_INIT_POS_SETTLE,-0.014161000,-0.584577000,0.532525000
33.313715,P1_INIT_POS_SETTLE,-0.014161000,-0.584577000,0.532525000
33.324051,P1_INIT_POS_SETTLE,-0.014161000,-0.584577000,0.532525000
33.334372,P1_INIT_POS_SETTLE,-0.014161000,-0.584577000,0.532525000
33.344690,P1_INIT_POS_SETTLE,-0.014161000,-0.584577000,0.532525000
33.355005,P1_INIT_POS_SETTLE,-0.014161000,-0.584577000,0.532525000
33.365321,P1_INIT_POS_SETTLE,-0.014161000,-0.584577000,0.532525000
33.375647,P1_INIT_POS_SETTLE,-0.014161000,-0.584577000,0.532525000
33.385994,P1_INIT_POS_SETTLE,-0.014161000,-0.584577000,0.532525000
33.396333,P1_INIT_POS_SETTLE,-0.014161000,-0.584577000,0.532525000
33.406679,P1_INIT_POS_SETTLE,-0.014161000,-0.584577000,0.532525000
33.417032,P1_INIT_POS_SETTLE,-0.014161000,-0.584577000,0.532525000
33.427371,P1_INIT_POS_SETTLE,-0.014161000,-0.584577000,0.532525000
33.437727,P1_INIT_POS_SETTLE,-0.014161000,-0.584577000,0.532525000
33.448059,P1_INIT_POS_SETTLE,-0.014161000,-0.584577000,0.532525000
33.458392,P1_INIT_POS_SETTLE,-0.014161000,-0.584577000,0.532525000
33.468736,P1_INIT_POS_SETTLE,-0.014161000,-0.584577000,0.532525000
33.479086,P1_INIT_POS_SETTLE,-0.014161000,-0.584577000,0.532525000
33.489428,P1_INIT_POS_SETTLE,-0.014161000,-0.584577000,0.532525000
33.499844,P1_INIT_POS_SETTLE,-0.014161000,-0.584577000,0.532525000
33.510193,P1_INIT_POS_SETTLE,-0.014161000,-0.584577000,0.532525000
33.520534,P1_INIT_POS_SETTLE,-0.014161000,-0.584577000,0.532525000
33.530869,P1_INIT_POS_SETTLE,-0.014161000,-0.584577000,0.532525000
33.541204,P1_INIT_POS_SETTLE,-0.014161000,-0.584577000,0.532525000
33.551544,P1_INIT_POS_SETTLE,-0.014161000,-0.584577000,0.532525000
33.561912,P1_INIT_POS_SETTLE,-0.014161000,-0.584577000,0.532525000
33.572237,P1_INIT_POS_SETTLE,-0.014161000,-0.584577000,0.532525000
33.582573,P1_INIT_POS_SETTLE,-0.014161000,-0.584577000,0.532525000
33.592834,P1_INIT_POS_SETTLE,-0.014161000,-0.584577000,0.532525000
33.603043,P1_INIT_POS_SETTLE,-0.014161000,-0.584577000,0.532525000
33.613238,P1_INIT_POS_SETTLE,-0.014161000,-0.584577000,0.532525000
33.623437,P1_INIT_POS_SETTLE,-0.014161000,-0.584577000,0.532525000
33.633611,P1_INIT_POS_SETTLE,-0.014161000,-0.584577000,0.532525000
33.643775,P1_INIT_POS_SETTLE,-0.014161000,-0.584577000,0.532525000
33.653937,P1_INIT_POS_SETTLE,-0.014161000,-0.584577000,0.532525000
33.664097,P1_INIT_POS_SETTLE,-0.014161000,-0.584577000,0.532525000
33.674255,P1_INIT_POS_SETTLE,-0.014161000,-0.584577000,0.532525000
33.684412,P1_INIT_POS_SETTLE,-0.014161000,-0.584577000,0.532525000
33.694604,P1_INIT_POS_SETTLE,-0.014161000,-0.584577000,0.532525000
33.704769,P1_INIT_POS_SETTLE,-0.014161000,-0.584577000,0.532525000
33.715055,P1_INIT_POS_SETTLE,-0.014161000,-0.584577000,0.532525000
33.725412,P1_INIT_POS_SETTLE,-0.014161000,-0.584577000,0.532525000
33.735803,P1_INIT_POS_SETTLE,-0.014161000,-0.584577000,0.532525000
33.746154,P1_INIT_POS_SETTLE,-0.014161000,-0.584577000,0.532525000
33.756504,P1_INIT_POS_SETTLE,-0.014161000,-0.584577000,0.532525000
33.766870,P1_INIT_POS_SETTLE,-0.014161000,-0.584577000,0.532525000
33.777214,P1_INIT_POS_SETTLE,-0.014161000,-0.584577000,0.532525000
33.787576,P1_INIT_POS_SETTLE,-0.014161000,-0.584577000,0.532525000
33.797926,P1_INIT_POS_SETTLE,-0.014161000,-0.584577000,0.532525000
33.808270,P1_INIT_POS_SETTLE,-0.014161000,-0.584577000,0.532525000
33.818628,P1_INIT_POS_SETTLE,-0.014161000,-0.584577000,0.532525000
33.828974,P1_INIT_POS_SETTLE,-0.014161000,-0.584577000,0.532525000
33.839303,P1_INIT_POS_SETTLE,-0.014161000,-0.584577000,0.532525000
33.849653,P1_INIT_POS_SETTLE,-0.014161000,-0.584577000,0.532525000
33.860003,P1_INIT_POS_SETTLE,-0.014161000,-0.584577000,0.532525000
33.870335,P1_INIT_POS_SETTLE,-0.014161000,-0.584577000,0.532525000
33.880680,P1_INIT_POS_SETTLE,-0.014161000,-0.584577000,0.532525000
33.891006,P1_INIT_POS_SETTLE,-0.014161000,-0.584577000,0.532525000
33.901329,P1_INIT_POS_SETTLE,-0.014161000,-0.584577000,0.532525000
33.911673,P1_INIT_POS_SETTLE,-0.014161000,-0.584577000,0.532525000
33.922033,P1_INIT_POS_SETTLE,-0.014161000,-0.584577000,0.532525000
33.932367,P1_INIT_POS_SETTLE,-0.014161000,-0.584577000,0.532525000
33.942715,P1_INIT_POS_SETTLE,-0.014161000,-0.584577000,0.532525000
33.953051,P1_INIT_POS_SETTLE,-0.014161000,-0.584577000,0.532525000
33.963383,P1_INIT_POS_SETTLE,-0.014161000,-0.584577000,0.532525000
33.973724,P1_INIT_POS_SETTLE,-0.014161000,-0.584577000,0.532525000
33.984055,P1_INIT_POS_SETTLE,-0.014161000,-0.584577000,0.532525000
33.994374,P1_INIT_POS_SETTLE,-0.014161000,-0.584577000,0.532525000
34.004703,P1_INIT_POS_SETTLE,-0.014161000,-0.584577000,0.532525000
34.014912,P1_INIT_POS_SETTLE,-0.014161000,-0.584577000,0.532525000
34.025096,P1_INIT_POS_SETTLE,-0.014161000,-0.584577000,0.532525000
34.035293,P1_INIT_POS_SETTLE,-0.014161000,-0.584577000,0.532525000
34.045494,P1_INIT_POS_SETTLE,-0.014161000,-0.584577000,0.532525000
34.055666,P1_INIT_POS_SETTLE,-0.014161000,-0.584577000,0.532525000
34.065887,P1_INIT_POS_SETTLE,-0.014161000,-0.584577000,0.532525000
34.076253,P1_INIT_POS_SETTLE,-0.014161000,-0.584577000,0.532525000
34.086592,P1_INIT_POS_SETTLE,-0.014161000,-0.584577000,0.532525000
34.096933,P1_INIT_POS_SETTLE,-0.014161000,-0.584577000,0.532525000
34.107265,P1_INIT_POS_SETTLE,-0.014161000,-0.584577000,0.532525000
34.117593,P1_INIT_POS_SETTLE,-0.014161000,-0.584577000,0.532525000
34.127928,P1_INIT_POS_SETTLE,-0.014161000,-0.584577000,0.532525000
34.138286,P1_INIT_POS_SETTLE,-0.014161000,-0.584577000,0.532525000
34.148633,P1_INIT_POS_SETTLE,-0.014161000,-0.584577000,0.532525000
34.158981,P1_INIT_POS_SETTLE,-0.014161000,-0.584577000,0.532525000
34.169318,P1_INIT_POS_SETTLE,-0.014161000,-0.584577000,0.532525000
34.179674,P1_INIT_POS_SETTLE,-0.014161000,-0.584577000,0.532525000
34.190021,P1_INIT_POS_SETTLE,-0.014161000,-0.584577000,0.532525000
34.200348,P1_INIT_POS_SETTLE,-0.014161000,-0.584577000,0.532525000
34.210701,P1_INIT_POS_SETTLE,-0.014161000,-0.584577000,0.532525000
34.221041,P1_INIT_POS_SETTLE,-0.014161000,-0.584577000,0.532525000
34.231374,P1_INIT_POS_SETTLE,-0.014161000,-0.584577000,0.532525000
34.241737,P1_INIT_POS_SETTLE,-0.014161000,-0.584577000,0.532525000
34.252097,P1_INIT_POS_SETTLE,-0.014161000,-0.584577000,0.532525000
34.262427,P1_INIT_POS_SETTLE,-0.014161000,-0.584577000,0.532525000
34.272783,P1_INIT_POS_SETTLE,-0.014161000,-0.584577000,0.532525000
34.283125,P1_INIT_POS_SETTLE,-0.014161000,-0.584577000,0.532525000
34.293452,P1_INIT_POS_SETTLE,-0.014161000,-0.584577000,0.532525000
34.303809,P1_INIT_POS_SETTLE,-0.014161000,-0.584577000,0.532525000
34.314144,P1_INIT_POS_SETTLE,-0.014161000,-0.584577000,0.532525000
34.324496,P1_INIT_POS_SETTLE,-0.014161000,-0.584577000,0.532525000
34.334721,P1_INIT_POS_SETTLE,-0.014161000,-0.584577000,0.532525000
34.344907,P1_INIT_POS_SETTLE,-0.014161000,-0.584577000,0.532525000
34.355093,P1_INIT_POS_SETTLE,-0.014161000,-0.584577000,0.532525000
34.365266,P1_INIT_POS_SETTLE,-0.014161000,-0.584577000,0.532525000
34.375437,P1_INIT_POS_SETTLE,-0.014161000,-0.584577000,0.532525000
34.385636,P1_INIT_POS_SETTLE,-0.014161000,-0.584577000,0.532525000
34.395800,P1_INIT_POS_SETTLE,-0.014161000,-0.584577000,0.532525000
34.406147,P1_INIT_POS_SETTLE,-0.014161000,-0.584577000,0.532525000
34.416615,P1_INIT_POS_SETTLE,-0.014161000,-0.584577000,0.532525000
34.426981,P1_INIT_POS_SETTLE,-0.014161000,-0.584577000,0.532525000
34.437320,P1_INIT_POS_SETTLE,-0.014161000,-0.584577000,0.532525000
34.447669,P1_INIT_POS_SETTLE,-0.014161000,-0.584577000,0.532525000
34.458017,P1_INIT_POS_SETTLE,-0.014161000,-0.584577000,0.532525000
34.468338,P1_INIT_POS_SETTLE,-0.014161000,-0.584577000,0.532525000
34.478678,P1_INIT_POS_SETTLE,-0.014161000,-0.584577000,0.532525000
34.488994,P1_INIT_POS_SETTLE,-0.014161000,-0.584577000,0.532525000
34.499385,P1_INIT_POS_SETTLE,-0.014161000,-0.584577000,0.532525000
34.509768,P1_INIT_POS_SETTLE,-0.014161000,-0.584577000,0.532525000
34.520109,P1_INIT_POS_SETTLE,-0.014161000,-0.584577000,0.532525000
34.530446,P1_INIT_POS_SETTLE,-0.014161000,-0.584577000,0.532525000
34.540792,P1_INIT_POS_SETTLE,-0.014161000,-0.584577000,0.532525000
34.551129,P1_INIT_POS_SETTLE,-0.014161000,-0.584577000,0.532525000
34.561474,P1_INIT_POS_SETTLE,-0.014161000,-0.584577000,0.532525000
34.571813,P1_INIT_POS_SETTLE,-0.014161000,-0.584577000,0.532525000
34.582135,P1_INIT_POS_SETTLE,-0.014161000,-0.584577000,0.532525000
34.592454,P1_INIT_POS_SETTLE,-0.014161000,-0.584577000,0.532525000
34.602791,P1_INIT_POS_SETTLE,-0.014161000,-0.584577000,0.532525000
34.613277,P1_INIT_POS_SETTLE,-0.014161000,-0.584577000,0.532525000
34.623648,P1_INIT_POS_SETTLE,-0.014161000,-0.584577000,0.532525000
34.633993,P1_INIT_POS_SETTLE,-0.014161000,-0.584577000,0.532525000
34.644326,P1_INIT_POS_SETTLE,-0.014161000,-0.584577000,0.532525000
34.654665,P1_INIT_POS_SETTLE,-0.014161000,-0.584577000,0.532525000
34.664996,P1_INIT_POS_SETTLE,-0.014161000,-0.584577000,0.532525000
34.675313,P1_INIT_POS_SETTLE,-0.014161000,-0.584577000,0.532525000
34.685634,P1_INIT_POS_SETTLE,-0.014161000,-0.584577000,0.532525000
34.695960,P1_INIT_POS_SETTLE,-0.014161000,-0.584577000,0.532525000
34.706307,P1_INIT_POS_SETTLE,-0.014161000,-0.584577000,0.532525000
34.716640,P1_INIT_POS_SETTLE,-0.014161000,-0.584577000,0.532525000
34.726991,P1_INIT_POS_SETTLE,-0.014161000,-0.584577000,0.532525000
34.737308,P1_INIT_POS_SETTLE,-0.014161000,-0.584577000,0.532525000
34.747632,P1_INIT_POS_SETTLE,-0.014161000,-0.584577000,0.532525000
34.757955,P1_INIT_POS_SETTLE,-0.014161000,-0.584577000,0.532525000
34.768262,P1_INIT_POS_SETTLE,-0.014161000,-0.584577000,0.532525000
34.778581,P1_INIT_POS_SETTLE,-0.014161000,-0.584577000,0.532525000
34.788935,P1_INIT_POS_SETTLE,-0.014161000,-0.584577000,0.532525000
34.799298,P1_INIT_POS_SETTLE,-0.014161000,-0.584577000,0.532525000
34.809635,P1_INIT_POS_SETTLE,-0.014161000,-0.584577000,0.532525000
34.819959,P1_INIT_POS_SETTLE,-0.014161000,-0.584577000,0.532525000
34.830278,P1_INIT_POS_SETTLE,-0.014161000,-0.584577000,0.532525000
34.840590,P1_INIT_POS_SETTLE,-0.014161000,-0.584577000,0.532525000
34.850924,P1_INIT_POS_SETTLE,-0.014161000,-0.584577000,0.532525000
34.861276,P1_INIT_POS_SETTLE,-0.014161000,-0.584577000,0.532525000
34.871625,P1_INIT_POS_SETTLE,-0.014161000,-0.584577000,0.532525000
34.881961,P1_INIT_POS_SETTLE,-0.014161000,-0.584577000,0.532525000
34.892292,P1_INIT_POS_SETTLE,-0.014161000,-0.584577000,0.532525000
34.902614,P1_INIT_POS_SETTLE,-0.014161000,-0.584577000,0.532525000
34.913019,P1_INIT_POS_SETTLE,-0.014161000,-0.584577000,0.532525000
34.923358,P1_INIT_POS_SETTLE,-0.014161000,-0.584577000,0.532525000
34.933716,P1_INIT_POS_SETTLE,-0.014161000,-0.584577000,0.532525000
34.944073,P1_INIT_POS_SETTLE,-0.014161000,-0.584577000,0.532525000
34.954412,P1_INIT_POS_SETTLE,-0.014161000,-0.584577000,0.532525000
34.964771,P1_INIT_POS_SETTLE,-0.014161000,-0.584577000,0.532525000
34.975101,P1_INIT_POS_SETTLE,-0.014161000,-0.584577000,0.532525000
34.985428,P1_INIT_POS_SETTLE,-0.014161000,-0.584577000,0.532525000
34.995769,P1_INIT_POS_SETTLE,-0.014161000,-0.584577000,0.532525000
35.006144,P1_INIT_POS_SETTLE,-0.014161000,-0.584577000,0.532525000
35.016506,P1_INIT_POS_SETTLE,-0.014161000,-0.584577000,0.532525000
35.026861,P1_INIT_POS_SETTLE,-0.014161000,-0.584577000,0.532525000
35.037207,P1_INIT_POS_SETTLE,-0.014161000,-0.584577000,0.532525000
35.047540,P1_INIT_POS_SETTLE,-0.014161000,-0.584577000,0.532525000
35.057876,P1_INIT_POS_SETTLE,-0.014161000,-0.584577000,0.532525000
35.068184,P1_INIT_POS_SETTLE,-0.014161000,-0.584577000,0.532525000
35.078514,P1_INIT_POS_SETTLE,-0.014161000,-0.584577000,0.532525000
35.088820,P1_INIT_POS_SETTLE,-0.014161000,-0.584577000,0.532525000
35.099133,P1_INIT_POS_SETTLE,-0.014161000,-0.584577000,0.532525000
35.109451,P1_INIT_POS_SETTLE,-0.014161000,-0.584577000,0.532525000
35.119799,P1_INIT_POS_SETTLE,-0.014161000,-0.584577000,0.532525000
35.130128,P1_INIT_POS_SETTLE,-0.014161000,-0.584577000,0.532525000
35.140450,P1_INIT_POS_SETTLE,-0.014161000,-0.584577000,0.532525000
35.150778,P1_INIT_POS_SETTLE,-0.014161000,-0.584577000,0.532525000
35.161085,P1_INIT_POS_SETTLE,-0.014161000,-0.584577000,0.532525000
35.171381,P1_INIT_POS_SETTLE,-0.014161000,-0.584577000,0.532525000
35.181688,P1_INIT_POS_SETTLE,-0.014161000,-0.584577000,0.532525000
35.191998,P1_INIT_POS_SETTLE,-0.014161000,-0.584577000,0.532525000
35.202293,P1_INIT_POS_SETTLE,-0.014161000,-0.584577000,0.532525000
35.212608,P1_INIT_POS_SETTLE,-0.014161000,-0.584577000,0.532525000
35.223226,P1_INIT_POS_SETTLE,-0.014161000,-0.584577000,0.532525000
35.233555,P1_INIT_POS_SETTLE,-0.014161000,-0.584577000,0.532525000
35.243871,P1_INIT_POS_SETTLE,-0.014161000,-0.584577000,0.532525000
35.254186,P1_INIT_POS_SETTLE,-0.014161000,-0.584577000,0.532525000
35.264514,P1_INIT_POS_SETTLE,-0.014161000,-0.584577000,0.532525000
35.274837,P1_INIT_POS_SETTLE,-0.014161000,-0.584577000,0.532525000
35.285150,P1_INIT_POS_SETTLE,-0.014161000,-0.584577000,0.532525000
35.295471,P1_INIT_POS_SETTLE,-0.014161000,-0.584577000,0.532525000
35.305905,P1_INIT_POS_SETTLE,-0.014161000,-0.584577000,0.532525000
35.316407,P1_INIT_POS_SETTLE,-0.014161000,-0.584577000,0.532525000
35.326753,P1_INIT_POS_SETTLE,-0.014161000,-0.584577000,0.532525000
35.337095,P1_INIT_POS_SETTLE,-0.014161000,-0.584577000,0.532525000
35.347430,P1_INIT_POS_SETTLE,-0.014161000,-0.584577000,0.532525000
35.357813,P1_INIT_POS_SETTLE,-0.014161000,-0.584577000,0.532525000
35.368144,P1_INIT_POS_SETTLE,-0.014161000,-0.584577000,0.532525000
35.378494,P1_INIT_POS_SETTLE,-0.014161000,-0.584577000,0.532525000
35.388846,P1_INIT_POS_SETTLE,-0.014161000,-0.584577000,0.532525000
35.399168,P1_INIT_POS_SETTLE,-0.014161000,-0.584577000,0.532525000
35.409509,P1_INIT_POS_SETTLE,-0.014161000,-0.584577000,0.532525000
35.419864,P1_INIT_POS_SETTLE,-0.014161000,-0.584577000,0.532525000
35.430210,P1_INIT_POS_SETTLE,-0.014161000,-0.584577000,0.532525000
35.440572,P1_INIT_POS_SETTLE,-0.014161000,-0.584577000,0.532525000
35.450946,P1_INIT_POS_SETTLE,-0.014161000,-0.584577000,0.532525000
35.461297,P1_INIT_POS_SETTLE,-0.014161000,-0.584577000,0.532525000
35.471662,P1_INIT_POS_SETTLE,-0.014161000,-0.584577000,0.532525000
35.482011,P1_INIT_POS_SETTLE,-0.014161000,-0.584577000,0.532525000
35.492342,P1_INIT_POS_SETTLE,-0.014161000,-0.584577000,0.532525000
35.502763,P1_INIT_POS_SETTLE,-0.014161000,-0.584577000,0.532525000
35.513259,P1_INIT_POS_SETTLE,-0.014161000,-0.584577000,0.532525000
35.523634,P1_INIT_POS_SETTLE,-0.014161000,-0.584577000,0.532525000
35.534002,P1_INIT_POS_SETTLE,-0.014161000,-0.584577000,0.532525000
35.544334,P1_INIT_POS_SETTLE,-0.014161000,-0.584577000,0.532525000
35.554694,P1_INIT_POS_SETTLE,-0.014161000,-0.584577000,0.532525000
35.565055,P1_INIT_POS_SETTLE,-0.014161000,-0.584577000,0.532525000
35.575389,P1_INIT_POS_SETTLE,-0.014161000,-0.584577000,0.532525000
35.585731,P1_INIT_POS_SETTLE,-0.014161000,-0.584577000,0.532525000
35.596064,P1_INIT_POS_SETTLE,-0.014161000,-0.584577000,0.532525000
35.606392,P1_INIT_POS_SETTLE,-0.014161000,-0.584577000,0.532525000
35.616730,P1_INIT_POS_SETTLE,-0.014161000,-0.584577000,0.532525000
35.627091,P1_INIT_POS_SETTLE,-0.014161000,-0.584577000,0.532525000
35.637435,P1_INIT_POS_SETTLE,-0.014161000,-0.584577000,0.532525000
35.647794,P1_INIT_POS_SETTLE,-0.014161000,-0.584577000,0.532525000
35.658135,P1_INIT_POS_SETTLE,-0.014161000,-0.584577000,0.532525000
35.668473,P1_INIT_POS_SETTLE,-0.014161000,-0.584577000,0.532525000
35.678805,P1_INIT_POS_SETTLE,-0.014161000,-0.584577000,0.532525000
35.689124,P1_INIT_POS_SETTLE,-0.014161000,-0.584577000,0.532525000
35.699438,P1_INIT_POS_SETTLE,-0.014161000,-0.584577000,0.532525000
35.709790,P1_INIT_POS_SETTLE,-0.014161000,-0.584577000,0.532525000
35.720131,P1_INIT_POS_SETTLE,-0.014161000,-0.584577000,0.532525000
35.730471,P1_INIT_POS_SETTLE,-0.014161000,-0.584577000,0.532525000
35.740803,P1_INIT_POS_SETTLE,-0.014161000,-0.584577000,0.532525000
35.751136,P1_INIT_POS_SETTLE,-0.014161000,-0.584577000,0.532525000
35.761480,P1_INIT_POS_SETTLE,-0.014161000,-0.584577000,0.532525000
35.771833,P1_INIT_POS_SETTLE,-0.014161000,-0.584577000,0.532525000
35.782156,P1_INIT_POS_SETTLE,-0.014161000,-0.584577000,0.532525000
35.792480,P1_INIT_POS_SETTLE,-0.014161000,-0.584577000,0.532525000
35.802805,P1_INIT_POS_SETTLE,-0.014161000,-0.584577000,0.532525000
35.813179,P1_INIT_POS_SETTLE,-0.014161000,-0.584577000,0.532525000
35.823547,P1_INIT_POS_SETTLE,-0.014161000,-0.584577000,0.532525000
35.833802,P1_INIT_POS_SETTLE,-0.014161000,-0.584577000,0.532525000
35.844157,P1_INIT_POS_SETTLE,-0.014161000,-0.584577000,0.532525000
35.854487,P1_INIT_POS_SETTLE,-0.014161000,-0.584577000,0.532525000
35.864816,P1_INIT_POS_SETTLE,-0.014161000,-0.584577000,0.532525000
35.875135,P1_INIT_POS_SETTLE,-0.014161000,-0.584577000,0.532525000
35.885450,P1_INIT_POS_SETTLE,-0.014161000,-0.584577000,0.532525000
35.895802,P1_INIT_POS_SETTLE,-0.014161000,-0.584577000,0.532525000
35.906214,P1_INIT_POS_SETTLE,-0.014161000,-0.584577000,0.532525000
35.916547,P1_INIT_POS_SETTLE,-0.014161000,-0.584577000,0.532525000
35.926880,P1_INIT_POS_SETTLE,-0.014161000,-0.584577000,0.532525000
35.937203,P1_INIT_POS_SETTLE,-0.014161000,-0.584577000,0.532525000
35.947542,P1_INIT_POS_SETTLE,-0.014161000,-0.584577000,0.532525000
35.957914,P1_INIT_POS_SETTLE,-0.014161000,-0.584577000,0.532525000
35.968243,P1_INIT_POS_SETTLE,-0.014161000,-0.584577000,0.532525000
35.978566,P1_INIT_POS_SETTLE,-0.014161000,-0.584577000,0.532525000
35.988909,P1_INIT_POS_SETTLE,-0.014161000,-0.584577000,0.532525000
35.999222,P1_INIT_POS_SETTLE,-0.014161000,-0.584577000,0.532525000
36.009558,P1_INIT_POS_SETTLE,-0.014161000,-0.584577000,0.532525000
36.019912,P1_INIT_POS_SETTLE,-0.014161000,-0.584577000,0.532525000
36.030242,P1_INIT_POS_SETTLE,-0.014161000,-0.584577000,0.532525000
36.040573,P1_INIT_POS_SETTLE,-0.014161000,-0.584577000,0.532525000
36.050907,P1_INIT_POS_SETTLE,-0.014161000,-0.584577000,0.532525000
36.061230,P1_INIT_POS_SETTLE,-0.014161000,-0.584577000,0.532525000
36.071556,P1_INIT_POS_SETTLE,-0.014161000,-0.584577000,0.532525000
36.081901,P1_INIT_POS_SETTLE,-0.014161000,-0.584577000,0.532525000
36.092224,P1_INIT_POS_SETTLE,-0.014161000,-0.584577000,0.532525000
36.102553,P1_INIT_POS_SETTLE,-0.014161000,-0.584577000,0.532525000
36.113026,P1_INIT_POS_SETTLE,-0.014161000,-0.584577000,0.532525000
36.123360,P1_INIT_POS_SETTLE,-0.014161000,-0.584577000,0.532525000
36.133695,P1_INIT_POS_SETTLE,-0.014161000,-0.584577000,0.532525000
36.144052,P1_INIT_POS_SETTLE,-0.014161000,-0.584577000,0.532525000
36.154383,P1_INIT_POS_SETTLE,-0.014161000,-0.584577000,0.532525000
36.164734,P1_INIT_POS_SETTLE,-0.014161000,-0.584577000,0.532525000
36.175088,P1_INIT_POS_SETTLE,-0.014161000,-0.584577000,0.532525000
36.185418,P1_INIT_POS_SETTLE,-0.014161000,-0.584577000,0.532525000
36.195784,P1_INIT_POS_SETTLE,-0.014161000,-0.584577000,0.532525000
36.206150,P1_INIT_POS_SETTLE,-0.014161000,-0.584577000,0.532525000
36.216494,P1_INIT_POS_SETTLE,-0.014161000,-0.584577000,0.532525000
36.226843,P1_INIT_POS_SETTLE,-0.014161000,-0.584577000,0.532525000
36.237187,P1_INIT_POS_SETTLE,-0.014161000,-0.584577000,0.532525000
36.247515,P1_INIT_POS_SETTLE,-0.014161000,-0.584577000,0.532525000
36.257849,P1_INIT_POS_SETTLE,-0.014161000,-0.584577000,0.532525000
36.268169,P1_INIT_POS_SETTLE,-0.014161000,-0.584577000,0.532525000
36.278497,P1_INIT_POS_SETTLE,-0.014161000,-0.584577000,0.532525000
36.288813,P1_INIT_POS_SETTLE,-0.014161000,-0.584577000,0.532525000
36.299129,P1_INIT_POS_SETTLE,-0.014161000,-0.584577000,0.532525000
36.309451,P1_INIT_POS_SETTLE,-0.014161000,-0.584577000,0.532525000
36.319795,P1_INIT_POS_SETTLE,-0.014161000,-0.584577000,0.532525000
36.330130,P1_INIT_POS_SETTLE,-0.014161000,-0.584577000,0.532525000
36.340453,P1_INIT_POS_SETTLE,-0.014161000,-0.584577000,0.532525000
36.350813,P1_INIT_POS_SETTLE,-0.014161000,-0.584577000,0.532525000
36.361138,P1_INIT_POS_SETTLE,-0.014161000,-0.584577000,0.532525000
36.371468,P1_INIT_POS_SETTLE,-0.014161000,-0.584577000,0.532525000
36.381813,P1_INIT_POS_SETTLE,-0.014161000,-0.584577000,0.532525000
36.392136,P1_INIT_POS_SETTLE,-0.014161000,-0.584577000,0.532525000
36.402578,P1_INIT_POS_SETTLE,-0.014161000,-0.584577000,0.532525000
36.413008,P1_INIT_POS_SETTLE,-0.014161000,-0.584577000,0.532525000
36.423362,P1_INIT_POS_SETTLE,-0.014161000,-0.584577000,0.532525000
36.433716,P1_INIT_POS_SETTLE,-0.014161000,-0.584577000,0.532525000
36.444066,P1_INIT_POS_SETTLE,-0.014161000,-0.584577000,0.532525000
36.454392,P1_INIT_POS_SETTLE,-0.014161000,-0.584577000,0.532525000
36.464739,P1_INIT_POS_SETTLE,-0.014161000,-0.584577000,0.532525000
36.475068,P1_INIT_POS_SETTLE,-0.014161000,-0.584577000,0.532525000
36.485390,P1_INIT_POS_SETTLE,-0.014161000,-0.584577000,0.532525000
36.495719,P1_INIT_POS_SETTLE,-0.014161000,-0.584577000,0.532525000
36.506295,P1_INIT_POS_SETTLE,-0.014161000,-0.584577000,0.532525000
36.516686,P1_INIT_POS_SETTLE,-0.014161000,-0.584577000,0.532525000
36.527058,P1_INIT_POS_SETTLE,-0.014161000,-0.584577000,0.532525000
36.537386,P1_INIT_POS_SETTLE,-0.014161000,-0.584577000,0.532525000
36.547733,P1_INIT_POS_SETTLE,-0.014161000,-0.584577000,0.532525000
36.558081,P1_INIT_POS_SETTLE,-0.014161000,-0.584577000,0.532525000
36.568409,P1_INIT_POS_SETTLE,-0.014161000,-0.584577000,0.532525000
36.578764,P1_INIT_POS_SETTLE,-0.014161000,-0.584577000,0.532525000
36.589087,P1_INIT_POS_SETTLE,-0.014161000,-0.584577000,0.532525000
36.599406,P1_INIT_POS_SETTLE,-0.014161000,-0.584577000,0.532525000
36.609729,P1_INIT_POS_SETTLE,-0.014161000,-0.584577000,0.532525000
36.620074,P1_INIT_POS_SETTLE,-0.014161000,-0.584577000,0.532525000
36.630411,P1_INIT_POS_SETTLE,-0.014161000,-0.584577000,0.532525000
36.640767,P1_INIT_POS_SETTLE,-0.014161000,-0.584577000,0.532525000
36.651096,P1_INIT_POS_SETTLE,-0.014161000,-0.584577000,0.532525000
36.661426,P1_INIT_POS_SETTLE,-0.014161000,-0.584577000,0.532525000
36.671772,P1_INIT_POS_SETTLE,-0.014161000,-0.584577000,0.532525000
36.682095,P1_INIT_POS_SETTLE,-0.014161000,-0.584577000,0.532525000
36.692411,P1_INIT_POS_SETTLE,-0.014161000,-0.584577000,0.532525000
36.702741,P1_INIT_POS_SETTLE,-0.014161000,-0.584577000,0.532525000
36.713087,P1_INIT_POS_SETTLE,-0.014161000,-0.584577000,0.532525000
36.723425,P1_INIT_POS_SETTLE,-0.014161000,-0.584577000,0.532525000
36.733820,P1_INIT_POS_SETTLE,-0.014161000,-0.584577000,0.532525000
36.744152,P1_INIT_POS_SETTLE,-0.014161000,-0.584577000,0.532525000
36.754495,P1_INIT_POS_SETTLE,-0.014161000,-0.584577000,0.532525000
36.764842,P1_INIT_POS_SETTLE,-0.014161000,-0.584577000,0.532525000
36.775159,P1_INIT_POS_SETTLE,-0.014161000,-0.584577000,0.532525000
36.785497,P1_INIT_POS_SETTLE,-0.014161000,-0.584577000,0.532525000
36.795816,P1_INIT_POS_SETTLE,-0.014161000,-0.584577000,0.532525000
36.806142,P1_INIT_POS_SETTLE,-0.014161000,-0.584577000,0.532525000
36.816493,P1_INIT_POS_SETTLE,-0.014161000,-0.584577000,0.532525000
36.826838,P1_INIT_POS_SETTLE,-0.014161000,-0.584577000,0.532525000
36.837167,P1_INIT_POS_SETTLE,-0.014161000,-0.584577000,0.532525000
36.847490,P1_INIT_POS_SETTLE,-0.014161000,-0.584577000,0.532525000
36.857808,P1_INIT_POS_SETTLE,-0.014161000,-0.584577000,0.532525000
36.868195,P1_INIT_POS_SETTLE,-0.014161000,-0.584577000,0.532525000
36.878584,P1_INIT_POS_SETTLE,-0.014161000,-0.584577000,0.532525000
36.888932,P1_INIT_POS_SETTLE,-0.014161000,-0.584577000,0.532525000
36.899252,P1_INIT_POS_SETTLE,-0.014161000,-0.584577000,0.532525000
36.909591,P1_INIT_POS_SETTLE,-0.014161000,-0.584577000,0.532525000
36.919928,P1_INIT_POS_SETTLE,-0.014161000,-0.584577000,0.532525000
36.930278,P1_INIT_POS_SETTLE,-0.014161000,-0.584577000,0.532525000
36.940636,P1_INIT_POS_SETTLE,-0.014161000,-0.584577000,0.532525000
36.950978,P1_INIT_POS_SETTLE,-0.014161000,-0.584577000,0.532525000
36.961306,P1_INIT_POS_SETTLE,-0.014161000,-0.584577000,0.532525000
36.971669,P1_INIT_POS_SETTLE,-0.014161000,-0.584577000,0.532525000
36.982012,P1_INIT_POS_SETTLE,-0.014161000,-0.584577000,0.532525000
36.992338,P1_INIT_POS_SETTLE,-0.014161000,-0.584577000,0.532525000
37.002674,P1_INIT_POS_SETTLE,-0.014161000,-0.584577000,0.532525000
37.013036,P1_INIT_POS_SETTLE,-0.014161000,-0.584577000,0.532525000
37.023390,P1_INIT_POS_SETTLE,-0.014161000,-0.584577000,0.532525000
37.033742,P1_INIT_POS_SETTLE,-0.014161000,-0.584577000,0.532525000
37.044082,P1_INIT_POS_SETTLE,-0.014161000,-0.584577000,0.532525000
37.054418,P1_INIT_POS_SETTLE,-0.014161000,-0.584577000,0.532525000
37.064779,P1_INIT_POS_SETTLE,-0.014161000,-0.584577000,0.532525000
37.075120,P1_INIT_POS_SETTLE,-0.014161000,-0.584577000,0.532525000
37.085464,P1_INIT_POS_SETTLE,-0.014161000,-0.584577000,0.532525000
37.095806,P1_INIT_POS_SETTLE,-0.014161000,-0.584577000,0.532525000
37.106143,P1_INIT_POS_SETTLE,-0.014161000,-0.584577000,0.532525000
37.116494,P1_INIT_POS_SETTLE,-0.014161000,-0.584577000,0.532525000
37.126838,P1_INIT_POS_SETTLE,-0.014161000,-0.584577000,0.532525000
37.137160,P1_INIT_POS_SETTLE,-0.014161000,-0.584577000,0.532525000
37.147486,P1_INIT_POS_SETTLE,-0.014161000,-0.584577000,0.532525000
37.157805,P1_INIT_POS_SETTLE,-0.014161000,-0.584577000,0.532525000
37.168118,P1_INIT_POS_SETTLE,-0.014161000,-0.584577000,0.532525000
37.178423,P1_INIT_POS_SETTLE,-0.014161000,-0.584577000,0.532525000
37.188742,P1_INIT_POS_SETTLE,-0.014161000,-0.584577000,0.532525000
37.199046,P1_INIT_POS_SETTLE,-0.014161000,-0.584577000,0.532525000
37.209356,P1_INIT_POS_SETTLE,-0.014161000,-0.584577000,0.532525000
37.219686,P1_INIT_POS_SETTLE,-0.014161000,-0.584577000,0.532525000
37.230021,P1_INIT_POS_SETTLE,-0.014161000,-0.584577000,0.532525000
37.240343,P1_INIT_POS_SETTLE,-0.014161000,-0.584577000,0.532525000
37.250672,P1_INIT_POS_SETTLE,-0.014161000,-0.584577000,0.532525000
37.261001,P1_INIT_POS_SETTLE,-0.014161000,-0.584577000,0.532525000
37.271342,P1_INIT_POS_SETTLE,-0.014161000,-0.584577000,0.532525000
37.281672,P1_INIT_POS_SETTLE,-0.014161000,-0.584577000,0.532525000
37.292001,P1_INIT_POS_SETTLE,-0.014161000,-0.584577000,0.532525000
37.302312,P1_INIT_POS_SETTLE,-0.014161000,-0.584577000,0.532525000
37.312633,P1_INIT_POS_SETTLE,-0.014161000,-0.584577000,0.532525000
37.322963,P1_INIT_POS_SETTLE,-0.014161000,-0.584577000,0.532525000
37.333291,P1_INIT_POS_SETTLE,-0.014161000,-0.584577000,0.532525000
37.343608,P1_INIT_POS_SETTLE,-0.014161000,-0.584577000,0.532525000
37.353928,P1_INIT_POS_SETTLE,-0.014161000,-0.584577000,0.532525000
37.364230,P1_INIT_POS_SETTLE,-0.014161000,-0.584577000,0.532525000
37.374548,P1_INIT_POS_SETTLE,-0.014161000,-0.584577000,0.532525000
37.384868,P1_INIT_POS_SETTLE,-0.014161000,-0.584577000,0.532525000
37.395157,P1_INIT_POS_SETTLE,-0.014161000,-0.584577000,0.532525000
37.405488,P1_INIT_POS_SETTLE,-0.014161000,-0.584577000,0.532525000
37.415784,P1_INIT_POS_SETTLE,-0.014161000,-0.584577000,0.532525000
37.426140,P1_INIT_POS_SETTLE,-0.014161000,-0.584577000,0.532525000
37.436468,P1_INIT_POS_SETTLE,-0.014161000,-0.584577000,0.532525000
37.446810,P1_INIT_POS_SETTLE,-0.014161000,-0.584577000,0.532525000
37.457130,P1_INIT_POS_SETTLE,-0.014161000,-0.584577000,0.532525000
37.467472,P1_INIT_POS_SETTLE,-0.014161000,-0.584577000,0.532525000
37.477805,P1_INIT_POS_SETTLE,-0.014161000,-0.584577000,0.532525000
37.488120,P1_INIT_POS_SETTLE,-0.014161000,-0.584577000,0.532525000
37.498442,P1_INIT_POS_SETTLE,-0.014161000,-0.584577000,0.532525000
37.508787,P1_INIT_POS_SETTLE,-0.014161000,-0.584577000,0.532525000
37.519184,P1_INIT_POS_SETTLE,-0.014161000,-0.584577000,0.532525000
37.529573,P1_INIT_POS_SETTLE,-0.014161000,-0.584577000,0.532525000
37.539938,P1_INIT_POS_SETTLE,-0.014161000,-0.584577000,0.532525000
37.550310,P1_INIT_POS_SETTLE,-0.014161000,-0.584577000,0.532525000
37.560665,P1_INIT_POS_SETTLE,-0.014161000,-0.584577000,0.532525000
37.571016,P1_INIT_POS_SETTLE,-0.014161000,-0.584577000,0.532525000
37.581359,P1_INIT_POS_SETTLE,-0.014161000,-0.584577000,0.532525000
37.591689,P1_INIT_POS_SETTLE,-0.014161000,-0.584577000,0.532525000
37.602012,P1_INIT_POS_SETTLE,-0.014161000,-0.584577000,0.532525000
37.612355,P1_INIT_POS_SETTLE,-0.014161000,-0.584577000,0.532525000
37.622696,P1_INIT_POS_SETTLE,-0.014161000,-0.584577000,0.532525000
37.633061,P1_INIT_POS_SETTLE,-0.014161000,-0.584577000,0.532525000
37.643400,P1_INIT_POS_SETTLE,-0.014161000,-0.584577000,0.532525000
37.653779,P1_INIT_POS_SETTLE,-0.014161000,-0.584577000,0.532525000
37.664112,P1_INIT_POS_SETTLE,-0.014161000,-0.584577000,0.532525000
37.674438,P1_INIT_POS_SETTLE,-0.014161000,-0.584577000,0.532525000
37.684778,P1_INIT_POS_SETTLE,-0.014161000,-0.584577000,0.532525000
37.695102,P1_INIT_POS_SETTLE,-0.014161000,-0.584577000,0.532525000
37.705418,P1_INIT_POS_SETTLE,-0.014161000,-0.584577000,0.532525000
37.715773,P1_INIT_POS_SETTLE,-0.014161000,-0.584577000,0.532525000
37.726101,P1_INIT_POS_SETTLE,-0.014161000,-0.584577000,0.532525000
37.736415,P1_INIT_POS_SETTLE,-0.014161000,-0.584577000,0.532525000
37.746774,P1_INIT_POS_SETTLE,-0.014161000,-0.584577000,0.532525000
37.757096,P1_INIT_POS_SETTLE,-0.014161000,-0.584577000,0.532525000
37.767417,P1_INIT_POS_SETTLE,-0.014161000,-0.584577000,0.532525000
37.777747,P1_INIT_POS_SETTLE,-0.014161000,-0.584577000,0.532525000
37.788091,P1_INIT_POS_SETTLE,-0.014161000,-0.584577000,0.532525000
37.798396,P1_INIT_POS_SETTLE,-0.014161000,-0.584577000,0.532525000
37.808737,P1_INIT_POS_SETTLE,-0.014161000,-0.584577000,0.532525000
37.819060,P1_INIT_POS_SETTLE,-0.014161000,-0.584577000,0.532525000
37.829395,P1_INIT_POS_SETTLE,-0.014161000,-0.584577000,0.532525000
37.839735,P1_INIT_POS_SETTLE,-0.014161000,-0.584577000,0.532525000
37.850080,P1_INIT_POS_SETTLE,-0.014161000,-0.584577000,0.532525000
37.860400,P1_INIT_POS_SETTLE,-0.014161000,-0.584577000,0.532525000
37.870735,P1_INIT_POS_SETTLE,-0.014161000,-0.584577000,0.532525000
37.881054,P1_INIT_POS_SETTLE,-0.014161000,-0.584577000,0.532525000
37.891371,P1_INIT_POS_SETTLE,-0.014161000,-0.584577000,0.532525000
37.901755,P1_INIT_POS_SETTLE,-0.014161000,-0.584577000,0.532525000
37.912094,P1_INIT_POS_SETTLE,-0.014161000,-0.584577000,0.532525000
37.922428,P1_INIT_POS_SETTLE,-0.014161000,-0.584577000,0.532525000
37.932758,P1_INIT_POS_SETTLE,-0.014161000,-0.584577000,0.532525000
37.943043,P1_INIT_POS_SETTLE,-0.014161000,-0.584577000,0.532525000
37.953271,P1_INIT_POS_SETTLE,-0.014161000,-0.584577000,0.532525000
37.963480,P1_INIT_POS_SETTLE,-0.014161000,-0.584577000,0.532525000
37.973701,P1_INIT_POS_SETTLE,-0.014161000,-0.584577000,0.532525000
37.983917,P1_INIT_POS_SETTLE,-0.014161000,-0.584577000,0.532525000
37.994120,P1_INIT_POS_SETTLE,-0.014161000,-0.584577000,0.532525000
38.004326,P1_INIT_POS_SETTLE,-0.014161000,-0.584577000,0.532525000
38.014547,P1_INIT_POS_SETTLE,-0.014161000,-0.584577000,0.532525000
38.024724,P1_INIT_POS_SETTLE,-0.014161000,-0.584577000,0.532525000
38.035034,P1_INIT_POS_SETTLE,-0.014161000,-0.584577000,0.532525000
38.045374,P1_INIT_POS_SETTLE,-0.014161000,-0.584577000,0.532525000
38.055736,P1_INIT_POS_SETTLE,-0.014161000,-0.584577000,0.532525000
38.066090,P1_INIT_POS_SETTLE,-0.014161000,-0.584577000,0.532525000
38.076425,P1_INIT_POS_SETTLE,-0.014161000,-0.584577000,0.532525000
38.086777,P1_INIT_POS_SETTLE,-0.014161000,-0.584577000,0.532525000
38.097099,P1_INIT_POS_SETTLE,-0.014161000,-0.584577000,0.532525000
38.107424,P1_INIT_POS_SETTLE,-0.014161000,-0.584577000,0.532525000
38.117756,P1_INIT_POS_SETTLE,-0.014161000,-0.584577000,0.532525000
38.128108,P1_INIT_POS_SETTLE,-0.014161000,-0.584577000,0.532525000
38.138429,P1_INIT_POS_SETTLE,-0.014161000,-0.584577000,0.532525000
38.148779,P1_INIT_POS_SETTLE,-0.014161000,-0.584577000,0.532525000
38.159113,P1_INIT_POS_SETTLE,-0.014161000,-0.584577000,0.532525000
38.169443,P1_INIT_POS_SETTLE,-0.014161000,-0.584577000,0.532525000
38.179793,P1_INIT_POS_SETTLE,-0.014161000,-0.584577000,0.532525000
38.190118,P1_INIT_POS_SETTLE,-0.014161000,-0.584577000,0.532525000
38.200435,P1_INIT_POS_SETTLE,-0.014161000,-0.584577000,0.532525000
38.210782,P1_INIT_POS_SETTLE,-0.014161000,-0.584577000,0.532525000
38.221100,P1_INIT_POS_SETTLE,-0.014161000,-0.584577000,0.532525000
38.231423,P1_INIT_POS_SETTLE,-0.014161000,-0.584577000,0.532525000
38.241745,P1_INIT_POS_SETTLE,-0.014161000,-0.584577000,0.532525000
38.252074,P1_INIT_POS_SETTLE,-0.014161000,-0.584577000,0.532525000
38.262385,P1_INIT_POS_SETTLE,-0.014161000,-0.584577000,0.532525000
38.272728,P1_INIT_POS_SETTLE,-0.014161000,-0.584577000,0.532525000
38.283057,P1_INIT_POS_SETTLE,-0.014161000,-0.584577000,0.532525000
38.293371,P1_INIT_POS_SETTLE,-0.014161000,-0.584577000,0.532525000
38.303699,P1_INIT_POS_SETTLE,-0.014161000,-0.584577000,0.532525000
38.314039,P1_INIT_POS_SETTLE,-0.014161000,-0.584577000,0.532525000
38.324359,P1_INIT_POS_SETTLE,-0.014161000,-0.584577000,0.532525000
38.334692,P1_INIT_POS_SETTLE,-0.014161000,-0.584577000,0.532525000
38.345011,P1_INIT_POS_SETTLE,-0.014161000,-0.584577000,0.532525000
38.355324,P1_INIT_POS_SETTLE,-0.014161000,-0.584577000,0.532525000
38.365651,P1_INIT_POS_SETTLE,-0.014161000,-0.584577000,0.532525000
38.375975,P1_INIT_POS_SETTLE,-0.014161000,-0.584577000,0.532525000
38.386288,P1_INIT_POS_SETTLE,-0.014161000,-0.584577000,0.532525000
38.396625,P1_INIT_POS_SETTLE,-0.014161000,-0.584577000,0.532525000
38.406940,P1_INIT_POS_SETTLE,-0.014161000,-0.584577000,0.532525000
38.417256,P1_INIT_POS_SETTLE,-0.014161000,-0.584577000,0.532525000
38.427581,P1_INIT_POS_SETTLE,-0.014161000,-0.584577000,0.532525000
38.437913,P1_INIT_POS_SETTLE,-0.014161000,-0.584577000,0.532525000
38.448233,P1_INIT_POS_SETTLE,-0.014161000,-0.584577000,0.532525000
38.458566,P1_INIT_POS_SETTLE,-0.014161000,-0.584577000,0.532525000
38.468889,P1_INIT_POS_SETTLE,-0.014161000,-0.584577000,0.532525000
38.479222,P1_INIT_POS_SETTLE,-0.014161000,-0.584577000,0.532525000
38.489549,P1_INIT_POS_SETTLE,-0.014161000,-0.584577000,0.532525000
38.499923,P1_INIT_POS_SETTLE,-0.014161000,-0.584577000,0.532525000
38.510275,P1_INIT_POS_SETTLE,-0.014161000,-0.584577000,0.532525000
38.520672,P1_INIT_POS_SETTLE,-0.014161000,-0.584577000,0.532525000
38.531064,P1_INIT_POS_SETTLE,-0.014161000,-0.584577000,0.532525000
38.541401,P1_INIT_POS_SETTLE,-0.014161000,-0.584577000,0.532525000
38.551762,P1_INIT_POS_SETTLE,-0.014161000,-0.584577000,0.532525000
38.562101,P1_INIT_POS_SETTLE,-0.014161000,-0.584577000,0.532525000
38.572423,P1_INIT_POS_SETTLE,-0.014161000,-0.584577000,0.532525000
38.582766,P1_INIT_POS_SETTLE,-0.014161000,-0.584577000,0.532525000
38.593116,P1_INIT_POS_SETTLE,-0.014161000,-0.584577000,0.532525000
38.603437,P1_INIT_POS_SETTLE,-0.014161000,-0.584577000,0.532525000
38.613797,P1_INIT_POS_SETTLE,-0.014161000,-0.584577000,0.532525000
38.624157,P1_INIT_POS_SETTLE,-0.014161000,-0.584577000,0.532525000
38.634496,P1_INIT_POS_SETTLE,-0.014161000,-0.584577000,0.532525000
38.644845,P1_INIT_POS_SETTLE,-0.014161000,-0.584577000,0.532525000
38.655159,P1_INIT_POS_SETTLE,-0.014161000,-0.584577000,0.532525000
38.665494,P1_INIT_POS_SETTLE,-0.014161000,-0.584577000,0.532525000
38.675853,P1_INIT_POS_SETTLE,-0.014161000,-0.584577000,0.532525000
38.686172,P1_INIT_POS_SETTLE,-0.014161000,-0.584577000,0.532525000
38.696490,P1_INIT_POS_SETTLE,-0.014161000,-0.584577000,0.532525000
38.706814,P1_INIT_POS_SETTLE,-0.014161000,-0.584577000,0.532525000
38.717138,P1_INIT_POS_SETTLE,-0.014161000,-0.584577000,0.532525000
38.727474,P1_INIT_POS_SETTLE,-0.014161000,-0.584577000,0.532525000
38.737811,P1_INIT_POS_SETTLE,-0.014161000,-0.584577000,0.532525000
38.748128,P1_INIT_POS_SETTLE,-0.014161000,-0.584577000,0.532525000
38.758441,P1_INIT_POS_SETTLE,-0.014161000,-0.584577000,0.532525000
38.768768,P1_INIT_POS_SETTLE,-0.014161000,-0.584577000,0.532525000
38.779082,P1_INIT_POS_SETTLE,-0.014161000,-0.584577000,0.532525000
38.789401,P1_INIT_POS_SETTLE,-0.014161000,-0.584577000,0.532525000
38.799733,P1_INIT_POS_SETTLE,-0.014161000,-0.584577000,0.532525000
38.810078,P1_INIT_POS_SETTLE,-0.014161000,-0.584577000,0.532525000
38.820395,P1_INIT_POS_SETTLE,-0.014161000,-0.584577000,0.532525000
38.830732,P1_INIT_POS_SETTLE,-0.014161000,-0.584577000,0.532525000
38.841079,P1_INIT_POS_SETTLE,-0.014161000,-0.584577000,0.532525000
38.851395,P1_INIT_POS_SETTLE,-0.014161000,-0.584577000,0.532525000
38.861733,P1_INIT_POS_SETTLE,-0.014161000,-0.584577000,0.532525000
38.872085,P1_INIT_POS_SETTLE,-0.014161000,-0.584577000,0.532525000
38.882402,P1_INIT_POS_SETTLE,-0.014161000,-0.584577000,0.532525000
38.892739,P1_INIT_POS_SETTLE,-0.014161000,-0.584577000,0.532525000
38.903083,P1_INIT_POS_SETTLE,-0.014161000,-0.584577000,0.532525000
38.913407,P1_INIT_POS_SETTLE,-0.014161000,-0.584577000,0.532525000
38.923766,P1_INIT_POS_SETTLE,-0.014161000,-0.584577000,0.532525000
38.934106,P1_INIT_POS_SETTLE,-0.014161000,-0.584577000,0.532525000
38.944438,P1_INIT_POS_SETTLE,-0.014161000,-0.584577000,0.532525000
38.954739,P1_INIT_POS_SETTLE,-0.014161000,-0.584577000,0.532525000
38.965068,P1_INIT_POS_SETTLE,-0.014161000,-0.584577000,0.532525000
38.975385,P1_INIT_POS_SETTLE,-0.014161000,-0.584577000,0.532525000
38.985714,P1_INIT_POS_SETTLE,-0.014161000,-0.584577000,0.532525000
38.996056,P1_INIT_POS_SETTLE,-0.014161000,-0.584577000,0.532525000
39.006378,P1_INIT_POS_SETTLE,-0.014161000,-0.584577000,0.532525000
39.016743,P1_INIT_POS_SETTLE,-0.014161000,-0.584577000,0.532525000
39.027115,P1_INIT_POS_SETTLE,-0.014161000,-0.584577000,0.532525000
39.037618,P1_INIT_POS_SETTLE,-0.014161000,-0.584577000,0.532525000
39.047949,P1_INIT_POS_SETTLE,-0.014161000,-0.584577000,0.532525000
39.058265,P1_INIT_POS_SETTLE,-0.014161000,-0.584577000,0.532525000
39.068585,P1_INIT_POS_SETTLE,-0.014161000,-0.584577000,0.532525000
39.078912,P1_INIT_POS_SETTLE,-0.014161000,-0.584577000,0.532525000
39.089231,P1_INIT_POS_SETTLE,-0.014161000,-0.584577000,0.532525000
39.099539,P1_INIT_POS_SETTLE,-0.014161000,-0.584577000,0.532525000
39.109868,P1_INIT_POS_SETTLE,-0.014161000,-0.584577000,0.532525000
39.120200,P1_INIT_POS_SETTLE,-0.014161000,-0.584577000,0.532525000
39.130542,P1_INIT_POS_SETTLE,-0.014161000,-0.584577000,0.532525000
39.140877,P1_INIT_POS_SETTLE,-0.014161000,-0.584577000,0.532525000
39.151203,P1_INIT_POS_SETTLE,-0.014161000,-0.584577000,0.532525000
39.161545,P1_INIT_POS_SETTLE,-0.014161000,-0.584577000,0.532525000
39.171907,P1_INIT_POS_SETTLE,-0.014161000,-0.584577000,0.532525000
39.182236,P1_INIT_POS_SETTLE,-0.014161000,-0.584577000,0.532525000
39.192555,P1_INIT_POS_SETTLE,-0.014161000,-0.584577000,0.532525000
39.202877,P1_INIT_POS_SETTLE,-0.014161000,-0.584577000,0.532525000
39.213193,P1_INIT_POS_SETTLE,-0.014161000,-0.584577000,0.532525000
39.223525,P1_INIT_POS_SETTLE,-0.014161000,-0.584577000,0.532525000
39.233778,P1_INIT_POS_SETTLE,-0.014161000,-0.584577000,0.532525000
39.244132,P1_INIT_POS_SETTLE,-0.014161000,-0.584577000,0.532525000
39.254472,P1_INIT_POS_SETTLE,-0.014161000,-0.584577000,0.532525000
39.264822,P1_INIT_POS_SETTLE,-0.014161000,-0.584577000,0.532525000
39.275168,P1_INIT_POS_SETTLE,-0.014161000,-0.584577000,0.532525000
39.285500,P1_INIT_POS_SETTLE,-0.014161000,-0.584577000,0.532525000
39.295831,P1_INIT_POS_SETTLE,-0.014161000,-0.584577000,0.532525000
39.306156,P1_INIT_POS_SETTLE,-0.014161000,-0.584577000,0.532525000
39.316493,P1_INIT_POS_SETTLE,-0.014161000,-0.584577000,0.532525000
39.326838,P1_INIT_POS_SETTLE,-0.014161000,-0.584577000,0.532525000
39.337181,P1_INIT_POS_SETTLE,-0.014161000,-0.584577000,0.532525000
39.347511,P1_INIT_POS_SETTLE,-0.014161000,-0.584577000,0.532525000
39.357845,P1_INIT_POS_SETTLE,-0.014161000,-0.584577000,0.532525000
39.368163,P1_INIT_POS_SETTLE,-0.014161000,-0.584577000,0.532525000
39.378488,P1_INIT_POS_SETTLE,-0.014161000,-0.584577000,0.532525000
39.388819,P1_INIT_POS_SETTLE,-0.014161000,-0.584577000,0.532525000
39.399144,P1_INIT_POS_SETTLE,-0.014161000,-0.584577000,0.532525000
39.409461,P1_INIT_POS_SETTLE,-0.014161000,-0.584577000,0.532525000
39.419711,P1_INIT_POS_SETTLE,-0.014161000,-0.584577000,0.532525000
39.429900,P1_INIT_POS_SETTLE,-0.014161000,-0.584577000,0.532525000
39.440072,P1_INIT_POS_SETTLE,-0.014161000,-0.584577000,0.532525000
39.450242,P1_INIT_POS_SETTLE,-0.014161000,-0.584577000,0.532525000
39.460437,P1_INIT_POS_SETTLE,-0.014161000,-0.584577000,0.532525000
39.470710,P1_INIT_POS_SETTLE,-0.014161000,-0.584577000,0.532525000
39.480926,P1_INIT_POS_SETTLE,-0.014161000,-0.584577000,0.532525000
39.491297,P1_INIT_POS_SETTLE,-0.014161000,-0.584577000,0.532525000
39.501677,P1_INIT_POS_SETTLE,-0.014161000,-0.584577000,0.532525000
39.512030,P1_INIT_POS_SETTLE,-0.014161000,-0.584577000,0.532525000
39.522461,P1_INIT_POS_SETTLE,-0.014161000,-0.584577000,0.532525000
39.532859,P1_INIT_POS_SETTLE,-0.014161000,-0.584577000,0.532525000
39.543211,P1_INIT_POS_SETTLE,-0.014161000,-0.584577000,0.532525000
39.553571,P1_INIT_POS_SETTLE,-0.014161000,-0.584577000,0.532525000
39.563819,P1_INIT_POS_SETTLE,-0.014161000,-0.584577000,0.532525000
39.574163,P1_INIT_POS_SETTLE,-0.014161000,-0.584577000,0.532525000
39.584506,P1_INIT_POS_SETTLE,-0.014161000,-0.584577000,0.532525000
39.594845,P1_INIT_POS_SETTLE,-0.014161000,-0.584577000,0.532525000
39.605163,P1_INIT_POS_SETTLE,-0.014161000,-0.584577000,0.532525000
39.615692,P1_INIT_POS_SETTLE,-0.014161000,-0.584577000,0.532525000
39.626021,P1_INIT_POS_SETTLE,-0.014161000,-0.584577000,0.532525000
39.636342,P1_INIT_POS_SETTLE,-0.014161000,-0.584577000,0.532525000
39.646712,P1_INIT_POS_SETTLE,-0.014161000,-0.584577000,0.532525000
39.657059,P1_INIT_POS_SETTLE,-0.014161000,-0.584577000,0.532525000
39.667393,P1_INIT_POS_SETTLE,-0.014161000,-0.584577000,0.532525000
39.677749,P1_INIT_POS_SETTLE,-0.014161000,-0.584577000,0.532525000
39.688092,P1_INIT_POS_SETTLE,-0.014161000,-0.584577000,0.532525000
39.698420,P1_INIT_POS_SETTLE,-0.014161000,-0.584577000,0.532525000
39.708778,P1_INIT_POS_SETTLE,-0.014161000,-0.584577000,0.532525000
39.719141,P1_INIT_POS_SETTLE,-0.014161000,-0.584577000,0.532525000
39.729475,P1_INIT_POS_SETTLE,-0.014161000,-0.584577000,0.532525000
39.739816,P1_INIT_POS_SETTLE,-0.014161000,-0.584577000,0.532525000
39.750137,P1_INIT_POS_SETTLE,-0.014161000,-0.584577000,0.532525000
39.760465,P1_INIT_POS_SETTLE,-0.014161000,-0.584577000,0.532525000
39.770785,P1_INIT_POS_SETTLE,-0.014161000,-0.584577000,0.532525000
39.781115,P1_INIT_POS_SETTLE,-0.014161000,-0.584577000,0.532525000
39.791414,P1_INIT_POS_SETTLE,-0.014161000,-0.584577000,0.532525000
39.801819,P1_INIT_POS_SETTLE,-0.014161000,-0.584577000,0.532525000
39.812209,P1_INIT_POS_SETTLE,-0.014161000,-0.584577000,0.532525000
39.822538,P1_INIT_POS_SETTLE,-0.014161000,-0.584577000,0.532525000
39.832882,P1_INIT_POS_SETTLE,-0.014161000,-0.584577000,0.532525000
39.843227,P1_INIT_POS_SETTLE,-0.014161000,-0.584577000,0.532525000
39.853561,P1_INIT_POS_SETTLE,-0.014161000,-0.584577000,0.532525000
39.863908,P1_INIT_POS_SETTLE,-0.014161000,-0.584577000,0.532525000
39.874230,P1_INIT_POS_SETTLE,-0.014161000,-0.584577000,0.532525000
39.884560,P1_INIT_POS_SETTLE,-0.014161000,-0.584577000,0.532525000
39.894884,P1_INIT_POS_SETTLE,-0.014161000,-0.584577000,0.532525000
39.905207,P1_INIT_POS_SETTLE,-0.014161000,-0.584577000,0.532525000
39.915541,P1_INIT_POS_SETTLE,-0.014161000,-0.584577000,0.532525000
39.925904,P1_INIT_POS_SETTLE,-0.014161000,-0.584577000,0.532525000
39.936225,P1_INIT_POS_SETTLE,-0.014161000,-0.584577000,0.532525000
39.946551,P1_INIT_POS_SETTLE,-0.014161000,-0.584577000,0.532525000
39.956870,P1_INIT_POS_SETTLE,-0.014161000,-0.584577000,0.532525000
39.967192,P1_INIT_POS_SETTLE,-0.014161000,-0.584577000,0.532525000
39.977520,P1_INIT_POS_SETTLE,-0.014161000,-0.584577000,0.532525000
39.987869,P1_INIT_POS_SETTLE,-0.014161000,-0.584577000,0.532525000
39.998190,P1_INIT_POS_SETTLE,-0.014161000,-0.584577000,0.532525000
40.008518,P1_INIT_POS_SETTLE,-0.014161000,-0.584577000,0.532525000
40.018834,P1_INIT_POS_SETTLE,-0.014161000,-0.584577000,0.532525000
40.029156,P1_INIT_POS_SETTLE,-0.014161000,-0.584577000,0.532525000
40.039487,P1_INIT_POS_SETTLE,-0.014161000,-0.584577000,0.532525000
40.049818,P1_INIT_POS_SETTLE,-0.014161000,-0.584577000,0.532525000
40.060131,P1_INIT_POS_SETTLE,-0.014161000,-0.584577000,0.532525000
40.070445,P1_INIT_POS_SETTLE,-0.014161000,-0.584577000,0.532525000
40.080773,P1_INIT_POS_SETTLE,-0.014161000,-0.584577000,0.532525000
40.091091,P1_INIT_POS_SETTLE,-0.014161000,-0.584577000,0.532525000
40.101401,P1_INIT_POS_SETTLE,-0.014161000,-0.584577000,0.532525000
40.111714,P1_INIT_POS_SETTLE,-0.014161000,-0.584577000,0.532525000
40.122041,P1_INIT_POS_SETTLE,-0.014161000,-0.584577000,0.532525000
40.132389,P1_INIT_POS_SETTLE,-0.014161000,-0.584577000,0.532525000
40.142726,P1_INIT_POS_SETTLE,-0.014161000,-0.584577000,0.532525000
40.153065,P1_INIT_POS_SETTLE,-0.014161000,-0.584577000,0.532525000
40.163390,P1_INIT_POS_SETTLE,-0.014161000,-0.584577000,0.532525000
40.173662,P1_INIT_POS_SETTLE,-0.014161000,-0.584577000,0.532525000
40.183920,P1_INIT_POS_SETTLE,-0.014161000,-0.584577000,0.532525000
40.194273,P1_INIT_POS_SETTLE,-0.014161000,-0.584577000,0.532525000
40.204640,P1_INIT_POS_SETTLE,-0.014161000,-0.584577000,0.532525000
40.214975,P1_INIT_POS_SETTLE,-0.014161000,-0.584577000,0.532525000
40.225309,P1_INIT_POS_SETTLE,-0.014161000,-0.584577000,0.532525000
40.235650,P1_INIT_POS_SETTLE,-0.014161000,-0.584577000,0.532525000
40.245989,P1_INIT_POS_SETTLE,-0.014161000,-0.584577000,0.532525000
40.256318,P1_INIT_POS_SETTLE,-0.014161000,-0.584577000,0.532525000
40.266654,P1_INIT_POS_SETTLE,-0.014161000,-0.584577000,0.532525000
40.276996,P1_INIT_POS_SETTLE,-0.014161000,-0.584577000,0.532525000
40.287316,P1_INIT_POS_SETTLE,-0.014161000,-0.584577000,0.532525000
40.297659,P1_INIT_POS_SETTLE,-0.014161000,-0.584577000,0.532525000
40.307993,P1_INIT_POS_SETTLE,-0.014161000,-0.584577000,0.532525000
40.318319,P1_INIT_POS_SETTLE,-0.014161000,-0.584577000,0.532525000
40.328660,P1_INIT_POS_SETTLE,-0.014161000,-0.584577000,0.532525000
40.338987,P1_INIT_POS_SETTLE,-0.014161000,-0.584577000,0.532525000
40.349312,P1_INIT_POS_SETTLE,-0.014161000,-0.584577000,0.532525000
40.359647,P1_INIT_POS_SETTLE,-0.014161000,-0.584577000,0.532525000
40.369982,P1_INIT_POS_SETTLE,-0.014161000,-0.584577000,0.532525000
40.380300,P1_INIT_POS_SETTLE,-0.014161000,-0.584577000,0.532525000
40.390639,P1_INIT_POS_SETTLE,-0.014161000,-0.584577000,0.532525000
40.400972,P1_INIT_POS_SETTLE,-0.014161000,-0.584577000,0.532525000
40.411284,P1_INIT_POS_SETTLE,-0.014161000,-0.584577000,0.532525000
40.421627,P1_INIT_POS_SETTLE,-0.014161000,-0.584577000,0.532525000
40.431960,P1_INIT_POS_SETTLE,-0.014161000,-0.584577000,0.532525000
40.442278,P1_INIT_POS_SETTLE,-0.014161000,-0.584577000,0.532525000
40.452603,P1_INIT_POS_SETTLE,-0.014161000,-0.584577000,0.532525000
40.462950,P1_INIT_POS_SETTLE,-0.014161000,-0.584577000,0.532525000
40.473298,P1_INIT_POS_SETTLE,-0.014161000,-0.584577000,0.532525000
40.483642,P1_INIT_POS_SETTLE,-0.014161000,-0.584577000,0.532525000
40.493983,P1_INIT_POS_SETTLE,-0.014161000,-0.584577000,0.532525000
40.504308,P1_INIT_POS_SETTLE,-0.014161000,-0.584577000,0.532525000
40.514654,P1_INIT_POS_SETTLE,-0.014161000,-0.584577000,0.532525000
40.525060,P1_INIT_POS_SETTLE,-0.014161000,-0.584577000,0.532525000
40.535432,P1_INIT_POS_SETTLE,-0.014161000,-0.584577000,0.532525000
40.545762,P1_INIT_POS_SETTLE,-0.014161000,-0.584577000,0.532525000
40.556084,P1_INIT_POS_SETTLE,-0.014161000,-0.584577000,0.532525000
40.566390,P1_INIT_POS_SETTLE,-0.014161000,-0.584577000,0.532525000
40.576722,P1_INIT_POS_SETTLE,-0.014161000,-0.584577000,0.532525000
40.587042,P1_INIT_POS_SETTLE,-0.014161000,-0.584577000,0.532525000
40.597349,P1_INIT_POS_SETTLE,-0.014161000,-0.584577000,0.532525000
40.607671,P1_INIT_POS_SETTLE,-0.014161000,-0.584577000,0.532525000
40.618006,P1_INIT_POS_SETTLE,-0.014161000,-0.584577000,0.532525000
40.628334,P1_INIT_POS_SETTLE,-0.014161000,-0.584577000,0.532525000
40.638664,P1_INIT_POS_SETTLE,-0.014161000,-0.584577000,0.532525000
40.648977,P1_INIT_POS_SETTLE,-0.014161000,-0.584577000,0.532525000
40.659297,P1_INIT_POS_SETTLE,-0.014161000,-0.584577000,0.532525000
40.669622,P1_INIT_POS_SETTLE,-0.014161000,-0.584577000,0.532525000
40.679955,P1_INIT_POS_SETTLE,-0.014161000,-0.584577000,0.532525000
40.690262,P1_INIT_POS_SETTLE,-0.014161000,-0.584577000,0.532525000
40.700566,P1_INIT_POS_SETTLE,-0.014161000,-0.584577000,0.532525000
40.710871,P1_INIT_POS_SETTLE,-0.014161000,-0.584577000,0.532525000
40.721183,P1_INIT_POS_SETTLE,-0.014161000,-0.584577000,0.532525000
40.731502,P1_INIT_POS_SETTLE,-0.014161000,-0.584577000,0.532525000
40.741829,P1_INIT_POS_SETTLE,-0.014161000,-0.584577000,0.532525000
40.752137,P1_INIT_POS_SETTLE,-0.014161000,-0.584577000,0.532525000
40.762448,P1_INIT_POS_SETTLE,-0.014161000,-0.584577000,0.532525000
40.772769,P1_INIT_POS_SETTLE,-0.014161000,-0.584577000,0.532525000
40.783080,P1_INIT_POS_SETTLE,-0.014161000,-0.584577000,0.532525000
40.793383,P1_INIT_POS_SETTLE,-0.014161000,-0.584577000,0.532525000
40.803694,P1_INIT_POS_SETTLE,-0.014161000,-0.584577000,0.532525000
40.814005,P1_INIT_POS_SETTLE,-0.014161000,-0.584577000,0.532525000
40.824326,P1_INIT_POS_SETTLE,-0.014161000,-0.584577000,0.532525000
40.834655,P1_INIT_POS_SETTLE,-0.014161000,-0.584577000,0.532525000
40.844970,P1_INIT_POS_SETTLE,-0.014161000,-0.584577000,0.532525000
40.855276,P1_INIT_POS_SETTLE,-0.014161000,-0.584577000,0.532525000
40.865581,P1_INIT_POS_SETTLE,-0.014161000,-0.584577000,0.532525000
40.875882,P1_INIT_POS_SETTLE,-0.014161000,-0.584577000,0.532525000
40.886184,P1_INIT_POS_SETTLE,-0.014161000,-0.584577000,0.532525000
40.896490,P1_INIT_POS_SETTLE,-0.014161000,-0.584577000,0.532525000
40.906798,P1_INIT_POS_SETTLE,-0.014161000,-0.584577000,0.532525000
40.917127,P1_INIT_POS_SETTLE,-0.014161000,-0.584577000,0.532525000
40.927445,P1_INIT_POS_SETTLE,-0.014161000,-0.584577000,0.532525000
40.937814,P1_INIT_POS_SETTLE,-0.014161000,-0.584577000,0.532525000
40.948130,P1_INIT_POS_SETTLE,-0.014161000,-0.584577000,0.532525000
40.958434,P1_INIT_POS_SETTLE,-0.014161000,-0.584577000,0.532525000
40.968758,P1_INIT_POS_SETTLE,-0.014161000,-0.584577000,0.532525000
40.979073,P1_INIT_POS_SETTLE,-0.014161000,-0.584577000,0.532525000
40.989374,P1_INIT_POS_SETTLE,-0.014161000,-0.584577000,0.532525000
40.999737,P1_INIT_POS_SETTLE,-0.014161000,-0.584577000,0.532525000
41.010094,P1_INIT_POS_SETTLE,-0.014161000,-0.584577000,0.532525000
41.020429,P1_INIT_POS_SETTLE,-0.014161000,-0.584577000,0.532525000
41.030794,P1_INIT_POS_SETTLE,-0.014161000,-0.584577000,0.532525000
41.041137,P1_INIT_POS_SETTLE,-0.014161000,-0.584577000,0.532525000
41.051461,P1_INIT_POS_SETTLE,-0.014161000,-0.584577000,0.532525000
41.061821,P1_INIT_POS_SETTLE,-0.014161000,-0.584577000,0.532525000
41.072173,P1_INIT_POS_SETTLE,-0.014161000,-0.584577000,0.532525000
41.082507,P1_INIT_POS_SETTLE,-0.014161000,-0.584577000,0.532525000
41.092881,P1_INIT_POS_SETTLE,-0.014161000,-0.584577000,0.532525000
41.103224,P1_INIT_POS_SETTLE,-0.014161000,-0.584577000,0.532525000
41.113563,P1_INIT_POS_SETTLE,-0.014161000,-0.584577000,0.532525000
41.123919,P1_INIT_POS_SETTLE,-0.014161000,-0.584577000,0.532525000
41.134264,P1_INIT_POS_SETTLE,-0.014161000,-0.584577000,0.532525000
41.144594,P1_INIT_POS_SETTLE,-0.014161000,-0.584577000,0.532525000
41.154937,P1_INIT_POS_SETTLE,-0.014161000,-0.584577000,0.532525000
41.165267,P1_INIT_POS_SETTLE,-0.014161000,-0.584577000,0.532525000
41.175607,P1_INIT_POS_SETTLE,-0.014161000,-0.584577000,0.532525000
41.185938,P1_INIT_POS_SETTLE,-0.014161000,-0.584577000,0.532525000
41.196259,P1_INIT_POS_SETTLE,-0.014161000,-0.584577000,0.532525000
41.206593,P1_INIT_POS_SETTLE,-0.014161000,-0.584577000,0.532525000
41.216889,P1_INIT_POS_SETTLE,-0.014161000,-0.584577000,0.532525000
41.227229,P1_INIT_POS_SETTLE,-0.014161000,-0.584577000,0.532525000
41.237558,P1_INIT_POS_SETTLE,-0.014161000,-0.584577000,0.532525000
41.247922,P1_INIT_POS_SETTLE,-0.014161000,-0.584577000,0.532525000
41.258259,P1_INIT_POS_SETTLE,-0.014161000,-0.584577000,0.532525000
41.268586,P1_INIT_POS_SETTLE,-0.014161000,-0.584577000,0.532525000
41.278932,P1_INIT_POS_SETTLE,-0.014161000,-0.584577000,0.532525000
41.289241,P1_INIT_POS_SETTLE,-0.014161000,-0.584577000,0.532525000
41.299563,P1_INIT_POS_SETTLE,-0.014161000,-0.584577000,0.532525000
41.309892,P1_INIT_POS_SETTLE,-0.014161000,-0.584577000,0.532525000
41.320232,P1_INIT_POS_SETTLE,-0.014161000,-0.584577000,0.532525000
41.330560,P1_INIT_POS_SETTLE,-0.014161000,-0.584577000,0.532525000
41.340934,P1_INIT_POS_SETTLE,-0.014161000,-0.584577000,0.532525000
41.351249,P1_INIT_POS_SETTLE,-0.014161000,-0.584577000,0.532525000
41.361557,P1_INIT_POS_SETTLE,-0.014161000,-0.584577000,0.532525000
41.371886,P1_INIT_POS_SETTLE,-0.014161000,-0.584577000,0.532525000
41.382254,P1_INIT_POS_SETTLE,-0.014161000,-0.584577000,0.532525000
41.392600,P1_INIT_POS_SETTLE,-0.014161000,-0.584577000,0.532525000
41.402936,P1_INIT_POS_SETTLE,-0.014161000,-0.584577000,0.532525000
41.413269,P1_INIT_POS_SETTLE,-0.014161000,-0.584577000,0.532525000
41.423603,P1_INIT_POS_SETTLE,-0.014161000,-0.584577000,0.532525000
41.433925,P1_INIT_POS_SETTLE,-0.014161000,-0.584577000,0.532525000
41.444229,P1_INIT_POS_SETTLE,-0.014161000,-0.584577000,0.532525000
41.454551,P1_INIT_POS_SETTLE,-0.014161000,-0.584577000,0.532525000
41.464885,P1_INIT_POS_SETTLE,-0.014161000,-0.584577000,0.532525000
41.475262,P1_INIT_POS_SETTLE,-0.014161000,-0.584577000,0.532525000
41.485598,P1_INIT_POS_SETTLE,-0.014161000,-0.584577000,0.532525000
41.495948,P1_INIT_POS_SETTLE,-0.014161000,-0.584577000,0.532525000
41.506303,P1_INIT_POS_SETTLE,-0.014161000,-0.584577000,0.532525000
41.516661,P1_INIT_POS_SETTLE,-0.014161000,-0.584577000,0.532525000
41.527083,P1_INIT_POS_SETTLE,-0.014161000,-0.584577000,0.532525000
41.537469,P1_INIT_POS_SETTLE,-0.014161000,-0.584577000,0.532525000
41.547840,P1_INIT_POS_SETTLE,-0.014161000,-0.584577000,0.532525000
41.558185,P1_INIT_POS_SETTLE,-0.014161000,-0.584577000,0.532525000
41.568532,P1_INIT_POS_SETTLE,-0.014161000,-0.584577000,0.532525000
41.578915,P1_INIT_POS_SETTLE,-0.014161000,-0.584577000,0.532525000
41.589266,P1_INIT_POS_SETTLE,-0.014161000,-0.584577000,0.532525000
41.599607,P1_INIT_POS_SETTLE,-0.014161000,-0.584577000,0.532525000
41.609952,P1_INIT_POS_SETTLE,-0.014161000,-0.584577000,0.532525000
41.620291,P1_INIT_POS_SETTLE,-0.014161000,-0.584577000,0.532525000
41.630650,P1_INIT_POS_SETTLE,-0.014161000,-0.584577000,0.532525000
41.641004,P1_INIT_POS_SETTLE,-0.014161000,-0.584577000,0.532525000
41.651340,P1_INIT_POS_SETTLE,-0.014161000,-0.584577000,0.532525000
41.661684,P1_INIT_POS_SETTLE,-0.014161000,-0.584577000,0.532525000
41.672015,P1_INIT_POS_SETTLE,-0.014161000,-0.584577000,0.532525000
41.682334,P1_INIT_POS_SETTLE,-0.014161000,-0.584577000,0.532525000
41.692668,P1_INIT_POS_SETTLE,-0.014161000,-0.584577000,0.532525000
41.703002,P1_INIT_POS_SETTLE,-0.014161000,-0.584577000,0.532525000
41.713338,P1_INIT_POS_SETTLE,-0.014161000,-0.584577000,0.532525000
41.723683,P1_INIT_POS_SETTLE,-0.014161000,-0.584577000,0.532525000
41.734029,P1_INIT_POS_SETTLE,-0.014161000,-0.584577000,0.532525000
41.744347,P1_INIT_POS_SETTLE,-0.014161000,-0.584577000,0.532525000
41.754700,P1_INIT_POS_SETTLE,-0.014161000,-0.584577000,0.532525000
41.765063,P1_INIT_POS_SETTLE,-0.014161000,-0.584577000,0.532525000
41.775407,P1_INIT_POS_SETTLE,-0.014161000,-0.584577000,0.532525000
41.785767,P1_INIT_POS_SETTLE,-0.014161000,-0.584577000,0.532525000
41.796132,P1_INIT_POS_SETTLE,-0.014161000,-0.584577000,0.532525000
41.806485,P1_INIT_POS_SETTLE,-0.014161000,-0.584577000,0.532525000
41.816848,P1_INIT_POS_SETTLE,-0.014161000,-0.584577000,0.532525000
41.827191,P1_INIT_POS_SETTLE,-0.014161000,-0.584577000,0.532525000
41.837528,P1_INIT_POS_SETTLE,-0.014161000,-0.584577000,0.532525000
41.847873,P1_INIT_POS_SETTLE,-0.014161000,-0.584577000,0.532525000
41.858193,P1_INIT_POS_SETTLE,-0.014161000,-0.584577000,0.532525000
41.868525,P1_INIT_POS_SETTLE,-0.014161000,-0.584577000,0.532525000
41.878847,P1_INIT_POS_SETTLE,-0.014161000,-0.584577000,0.532525000
41.889178,P1_INIT_POS_SETTLE,-0.014161000,-0.584577000,0.532525000
41.899496,P1_INIT_POS_SETTLE,-0.014161000,-0.584577000,0.532525000
41.909866,P1_INIT_POS_SETTLE,-0.014161000,-0.584577000,0.532525000
41.920206,P1_INIT_POS_SETTLE,-0.014161000,-0.584577000,0.532525000
41.930564,P1_INIT_POS_SETTLE,-0.014161000,-0.584577000,0.532525000
41.940913,P1_INIT_POS_SETTLE,-0.014161000,-0.584577000,0.532525000
41.951245,P1_INIT_POS_SETTLE,-0.014161000,-0.584577000,0.532525000
41.961563,P1_INIT_POS_SETTLE,-0.014161000,-0.584577000,0.532525000
41.971893,P1_INIT_POS_SETTLE,-0.014161000,-0.584577000,0.532525000
41.982231,P1_INIT_POS_SETTLE,-0.014161000,-0.584577000,0.532525000
41.992559,P1_INIT_POS_SETTLE,-0.014161000,-0.584577000,0.532525000
42.002918,P1_INIT_POS_SETTLE,-0.014161000,-0.584577000,0.532525000
42.013277,P1_INIT_POS_SETTLE,-0.014161000,-0.584577000,0.532525000
42.023638,P1_INIT_POS_SETTLE,-0.014161000,-0.584577000,0.532525000
42.034000,P1_INIT_POS_SETTLE,-0.014161000,-0.584577000,0.532525000
42.044323,P1_INIT_POS_SETTLE,-0.014161000,-0.584577000,0.532525000
42.054666,P1_INIT_POS_SETTLE,-0.014161000,-0.584577000,0.532525000
42.064994,P1_INIT_POS_SETTLE,-0.014161000,-0.584577000,0.532525000
42.075330,P1_INIT_POS_SETTLE,-0.014161000,-0.584577000,0.532525000
42.085686,P1_INIT_POS_SETTLE,-0.014161000,-0.584577000,0.532525000
42.096058,P1_INIT_POS_SETTLE,-0.014161000,-0.584577000,0.532525000
42.106407,P1_INIT_POS_SETTLE,-0.014161000,-0.584577000,0.532525000
42.116770,P1_INIT_POS_SETTLE,-0.014161000,-0.584577000,0.532525000
42.127108,P1_INIT_POS_SETTLE,-0.014161000,-0.584577000,0.532525000
42.137428,P1_INIT_POS_SETTLE,-0.014161000,-0.584577000,0.532525000
42.147759,P1_INIT_POS_SETTLE,-0.014161000,-0.584577000,0.532525000
42.158076,P1_INIT_POS_SETTLE,-0.014161000,-0.584577000,0.532525000
42.168390,P1_INIT_POS_SETTLE,-0.014161000,-0.584577000,0.532525000
42.178719,P1_INIT_POS_SETTLE,-0.014161000,-0.584577000,0.532525000
42.189036,P1_INIT_POS_SETTLE,-0.014161000,-0.584577000,0.532525000
42.199345,P1_INIT_POS_SETTLE,-0.014161000,-0.584577000,0.532525000
42.209672,P1_INIT_POS_SETTLE,-0.014161000,-0.584577000,0.532525000
42.220001,P1_INIT_POS_SETTLE,-0.014161000,-0.584577000,0.532525000
42.230348,P1_INIT_POS_SETTLE,-0.014161000,-0.584577000,0.532525000
42.240688,P1_INIT_POS_SETTLE,-0.014161000,-0.584577000,0.532525000
42.251029,P1_INIT_POS_SETTLE,-0.014161000,-0.584577000,0.532525000
42.261348,P1_INIT_POS_SETTLE,-0.014161000,-0.584577000,0.532525000
42.271692,P1_INIT_POS_SETTLE,-0.014161000,-0.584577000,0.532525000
42.282010,P1_INIT_POS_SETTLE,-0.014161000,-0.584577000,0.532525000
42.292340,P1_INIT_POS_SETTLE,-0.014161000,-0.584577000,0.532525000
42.302666,P1_INIT_POS_SETTLE,-0.014161000,-0.584577000,0.532525000
42.313239,P1_INIT_POS_SETTLE,-0.014161000,-0.584577000,0.532525000
42.323575,P1_INIT_POS_SETTLE,-0.014161000,-0.584577000,0.532525000
42.333919,P1_INIT_POS_SETTLE,-0.014161000,-0.584577000,0.532525000
42.344243,P1_INIT_POS_SETTLE,-0.014161000,-0.584577000,0.532525000
42.354577,P1_INIT_POS_SETTLE,-0.014161000,-0.584577000,0.532525000
42.364928,P1_INIT_POS_SETTLE,-0.014161000,-0.584577000,0.532525000
42.375265,P1_INIT_POS_SETTLE,-0.014161000,-0.584577000,0.532525000
42.385618,P1_INIT_POS_SETTLE,-0.014161000,-0.584577000,0.532525000
42.395955,P1_INIT_POS_SETTLE,-0.014161000,-0.584577000,0.532525000
42.406276,P1_INIT_POS_SETTLE,-0.014161000,-0.584577000,0.532525000
42.416617,P1_INIT_POS_SETTLE,-0.014161000,-0.584577000,0.532525000
42.426947,P1_INIT_POS_SETTLE,-0.014161000,-0.584577000,0.532525000
42.437272,P1_INIT_POS_SETTLE,-0.014161000,-0.584577000,0.532525000
42.447603,P1_INIT_POS_SETTLE,-0.014161000,-0.584577000,0.532525000
42.457927,P1_INIT_POS_SETTLE,-0.014161000,-0.584577000,0.532525000
42.468243,P1_INIT_POS_SETTLE,-0.014161000,-0.584577000,0.532525000
42.478558,P1_INIT_POS_SETTLE,-0.014161000,-0.584577000,0.532525000
42.488879,P1_INIT_POS_SETTLE,-0.014161000,-0.584577000,0.532525000
42.499191,P1_INIT_POS_SETTLE,-0.014161000,-0.584577000,0.532525000
42.509506,P1_INIT_POS_SETTLE,-0.014161000,-0.584577000,0.532525000
42.519869,P1_INIT_POS_SETTLE,-0.014161000,-0.584577000,0.532525000
42.530204,P1_INIT_POS_SETTLE,-0.014161000,-0.584577000,0.532525000
42.540604,P1_INIT_POS_SETTLE,-0.014161000,-0.584577000,0.532525000
42.550952,P1_INIT_POS_SETTLE,-0.014161000,-0.584577000,0.532525000
42.561295,P1_INIT_POS_SETTLE,-0.014161000,-0.584577000,0.532525000
42.571645,P1_INIT_POS_SETTLE,-0.014161000,-0.584577000,0.532525000
42.581997,P1_INIT_POS_SETTLE,-0.014161000,-0.584577000,0.532525000
42.592325,P1_INIT_POS_SETTLE,-0.014161000,-0.584577000,0.532525000
42.602681,P1_INIT_POS_SETTLE,-0.014161000,-0.584577000,0.532525000
42.613060,P1_INIT_POS_SETTLE,-0.014161000,-0.584577000,0.532525000
42.623392,P1_INIT_POS_SETTLE,-0.014161000,-0.584577000,0.532525000
42.633749,P1_INIT_POS_SETTLE,-0.014161000,-0.584577000,0.532525000
42.644093,P1_INIT_POS_SETTLE,-0.014161000,-0.584577000,0.532525000
42.654423,P1_INIT_POS_SETTLE,-0.014161000,-0.584577000,0.532525000
42.664767,P1_INIT_POS_SETTLE,-0.014161000,-0.584577000,0.532525000
42.675088,P1_INIT_POS_SETTLE,-0.014161000,-0.584577000,0.532525000
42.685414,P1_INIT_POS_SETTLE,-0.014161000,-0.584577000,0.532525000
42.695754,P1_INIT_POS_SETTLE,-0.014161000,-0.584577000,0.532525000
42.706161,P1_INIT_POS_SETTLE,-0.014161000,-0.584577000,0.532525000
42.716524,P1_INIT_POS_SETTLE,-0.014161000,-0.584577000,0.532525000
42.726785,P1_INIT_POS_SETTLE,-0.014161000,-0.584577000,0.532525000
42.737001,P1_INIT_POS_SETTLE,-0.014161000,-0.584577000,0.532525000
42.747186,P1_INIT_POS_SETTLE,-0.014161000,-0.584577000,0.532525000
42.757365,P1_INIT_POS_SETTLE,-0.014161000,-0.584577000,0.532525000
42.767564,P1_INIT_POS_SETTLE,-0.014161000,-0.584577000,0.532525000
42.777731,P1_INIT_POS_SETTLE,-0.014161000,-0.584577000,0.532525000
42.787899,P1_INIT_POS_SETTLE,-0.014161000,-0.584577000,0.532525000
42.798065,P1_INIT_POS_SETTLE,-0.014161000,-0.584577000,0.532525000
42.808243,P1_INIT_POS_SETTLE,-0.014161000,-0.584577000,0.532525000
42.818416,P1_INIT_POS_SETTLE,-0.014161000,-0.584577000,0.532525000
42.828590,P1_INIT_POS_SETTLE,-0.014161000,-0.584577000,0.532525000
42.838752,P1_INIT_POS_SETTLE,-0.014161000,-0.584577000,0.532525000
42.849037,P1_INIT_POS_SETTLE,-0.014161000,-0.584577000,0.532525000
42.859384,P1_INIT_POS_SETTLE,-0.014161000,-0.584577000,0.532525000
42.869739,P1_INIT_POS_SETTLE,-0.014161000,-0.584577000,0.532525000
42.880089,P1_INIT_POS_SETTLE,-0.014161000,-0.584577000,0.532525000
42.890427,P1_INIT_POS_SETTLE,-0.014161000,-0.584577000,0.532525000
42.900802,P1_INIT_POS_SETTLE,-0.014161000,-0.584577000,0.532525000
42.911149,P1_INIT_POS_SETTLE,-0.014161000,-0.584577000,0.532525000
42.921490,P1_INIT_POS_SETTLE,-0.014161000,-0.584577000,0.532525000
42.931849,P1_INIT_POS_SETTLE,-0.014161000,-0.584577000,0.532525000
42.942187,P1_INIT_POS_SETTLE,-0.014161000,-0.584577000,0.532525000
42.952526,P1_INIT_POS_SETTLE,-0.014161000,-0.584577000,0.532525000
42.962871,P1_INIT_POS_SETTLE,-0.014161000,-0.584577000,0.532525000
42.973199,P1_INIT_POS_SETTLE,-0.014161000,-0.584577000,0.532525000
42.983543,P1_INIT_POS_SETTLE,-0.014161000,-0.584577000,0.532525000
42.993880,P1_INIT_POS_SETTLE,-0.014161000,-0.584577000,0.532525000
43.004207,P1_INIT_POS_SETTLE,-0.014161000,-0.584577000,0.532525000
43.014551,P1_INIT_POS_SETTLE,-0.014161000,-0.584577000,0.532525000
43.024917,P1_INIT_POS_SETTLE,-0.014161000,-0.584577000,0.532525000
43.035257,P1_INIT_POS_SETTLE,-0.014161000,-0.584577000,0.532525000
43.045603,P1_INIT_POS_SETTLE,-0.014161000,-0.584577000,0.532525000
43.055941,P1_INIT_POS_SETTLE,-0.014161000,-0.584577000,0.532525000
43.066269,P1_INIT_POS_SETTLE,-0.014161000,-0.584577000,0.532525000
43.076607,P1_INIT_POS_SETTLE,-0.014161000,-0.584577000,0.532525000
43.086945,P1_INIT_POS_SETTLE,-0.014161000,-0.584577000,0.532525000
43.097278,P1_INIT_POS_SETTLE,-0.014161000,-0.584577000,0.532525000
43.107608,P1_INIT_POS_SETTLE,-0.014161000,-0.584577000,0.532525000
43.117848,P1_INIT_POS_SETTLE,-0.014161000,-0.584577000,0.532525000
43.128045,P1_INIT_POS_SETTLE,-0.014161000,-0.584577000,0.532525000
43.138222,P1_INIT_POS_SETTLE,-0.014161000,-0.584577000,0.532525000
43.148419,P1_INIT_POS_SETTLE,-0.014161000,-0.584577000,0.532525000
43.158590,P1_INIT_POS_SETTLE,-0.014161000,-0.584577000,0.532525000
43.168753,P1_INIT_POS_SETTLE,-0.014161000,-0.584577000,0.532525000
43.179035,P1_INIT_POS_SETTLE,-0.014161000,-0.584577000,0.532525000
43.189388,P1_INIT_POS_SETTLE,-0.014161000,-0.584577000,0.532525000
43.199748,P1_INIT_POS_SETTLE,-0.014161000,-0.584577000,0.532525000
43.210103,P1_INIT_POS_SETTLE,-0.014161000,-0.584577000,0.532525000
43.220449,P1_INIT_POS_SETTLE,-0.014161000,-0.584577000,0.532525000
43.230673,P1_INIT_POS_SETTLE,-0.014161000,-0.584577000,0.532525000
43.240881,P1_INIT_POS_SETTLE,-0.014161000,-0.584577000,0.532525000
43.251221,P1_INIT_POS_SETTLE,-0.014161000,-0.584577000,0.532525000
43.261565,P1_INIT_POS_SETTLE,-0.014161000,-0.584577000,0.532525000
43.271910,P1_INIT_POS_SETTLE,-0.014161000,-0.584577000,0.532525000
43.282239,P1_INIT_POS_SETTLE,-0.014161000,-0.584577000,0.532525000
43.292555,P1_INIT_POS_SETTLE,-0.014161000,-0.584577000,0.532525000
43.302877,P1_INIT_POS_SETTLE,-0.014161000,-0.584577000,0.532525000
43.313202,P1_INIT_POS_SETTLE,-0.014161000,-0.584577000,0.532525000
43.323534,P1_INIT_POS_SETTLE,-0.014161000,-0.584577000,0.532525000
43.333879,P1_INIT_POS_SETTLE,-0.014161000,-0.584577000,0.532525000
43.344209,P1_INIT_POS_SETTLE,-0.014161000,-0.584577000,0.532525000
43.354525,P1_INIT_POS_SETTLE,-0.014161000,-0.584577000,0.532525000
43.364842,P1_INIT_POS_SETTLE,-0.014161000,-0.584577000,0.532525000
43.375147,P1_INIT_POS_SETTLE,-0.014161000,-0.584577000,0.532525000
43.385471,P1_INIT_POS_SETTLE,-0.014161000,-0.584577000,0.532525000
43.395778,P1_INIT_POS_SETTLE,-0.014161000,-0.584577000,0.532525000
43.406131,P1_INIT_POS_SETTLE,-0.014161000,-0.584577000,0.532525000
43.416489,P1_INIT_POS_SETTLE,-0.014161000,-0.584577000,0.532525000
43.426831,P1_INIT_POS_SETTLE,-0.014161000,-0.584577000,0.532525000
43.437179,P1_INIT_POS_SETTLE,-0.014161000,-0.584577000,0.532525000
43.447507,P1_INIT_POS_SETTLE,-0.014161000,-0.584577000,0.532525000
43.457847,P1_INIT_POS_SETTLE,-0.014161000,-0.584577000,0.532525000
43.468155,P1_INIT_POS_SETTLE,-0.014161000,-0.584577000,0.532525000
43.478488,P1_INIT_POS_SETTLE,-0.014161000,-0.584577000,0.532525000
43.488797,P1_INIT_POS_SETTLE,-0.014161000,-0.584577000,0.532525000
43.499120,P1_INIT_POS_SETTLE,-0.014161000,-0.584577000,0.532525000
43.509437,P1_INIT_POS_SETTLE,-0.014161000,-0.584577000,0.532525000
43.519800,P1_INIT_POS_SETTLE,-0.014161000,-0.584577000,0.532525000
43.530125,P1_INIT_POS_SETTLE,-0.014161000,-0.584577000,0.532525000
43.540548,P1_INIT_POS_SETTLE,-0.014161000,-0.584577000,0.532525000
43.550930,P1_INIT_POS_SETTLE,-0.014161000,-0.584577000,0.532525000
43.561261,P1_INIT_POS_SETTLE,-0.014161000,-0.584577000,0.532525000
43.571590,P1_INIT_POS_SETTLE,-0.014161000,-0.584577000,0.532525000
43.581925,P1_INIT_POS_SETTLE,-0.014161000,-0.584577000,0.532525000
43.592249,P1_INIT_POS_SETTLE,-0.014161000,-0.584577000,0.532525000
43.602577,P1_INIT_POS_SETTLE,-0.014161000,-0.584577000,0.532525000
43.612933,P1_INIT_POS_SETTLE,-0.014161000,-0.584577000,0.532525000
43.623266,P1_INIT_POS_SETTLE,-0.014161000,-0.584577000,0.532525000
43.633594,P1_INIT_POS_SETTLE,-0.014161000,-0.584577000,0.532525000
43.643929,P1_INIT_POS_SETTLE,-0.014161000,-0.584577000,0.532525000
43.654265,P1_INIT_POS_SETTLE,-0.014161000,-0.584577000,0.532525000
43.664595,P1_INIT_POS_SETTLE,-0.014161000,-0.584577000,0.532525000
43.674965,P1_INIT_POS_SETTLE,-0.014161000,-0.584577000,0.532525000
43.685307,P1_INIT_POS_SETTLE,-0.014161000,-0.584577000,0.532525000
43.695677,P1_INIT_POS_SETTLE,-0.014161000,-0.584577000,0.532525000
43.706149,P1_INIT_POS_SETTLE,-0.014161000,-0.584577000,0.532525000
43.716508,P1_INIT_POS_SETTLE,-0.014161000,-0.584577000,0.532525000
43.726851,P1_INIT_POS_SETTLE,-0.014161000,-0.584577000,0.532525000
43.737191,P1_INIT_POS_SETTLE,-0.014161000,-0.584577000,0.532525000
43.747536,P1_INIT_POS_SETTLE,-0.014161000,-0.584577000,0.532525000
43.757914,P1_INIT_POS_SETTLE,-0.014161000,-0.584577000,0.532525000
43.768253,P1_INIT_POS_SETTLE,-0.014161000,-0.584577000,0.532525000
43.778596,P1_INIT_POS_SETTLE,-0.014161000,-0.584577000,0.532525000
43.788928,P1_INIT_POS_SETTLE,-0.014161000,-0.584577000,0.532525000
43.799256,P1_INIT_POS_SETTLE,-0.014161000,-0.584577000,0.532525000
43.809591,P1_INIT_POS_SETTLE,-0.014161000,-0.584577000,0.532525000
43.819934,P1_INIT_POS_SETTLE,-0.014161000,-0.584577000,0.532525000
43.830253,P1_INIT_POS_SETTLE,-0.014161000,-0.584577000,0.532525000
43.840589,P1_INIT_POS_SETTLE,-0.014161000,-0.584577000,0.532525000
43.850918,P1_INIT_POS_SETTLE,-0.014161000,-0.584577000,0.532525000
43.861239,P1_INIT_POS_SETTLE,-0.014161000,-0.584577000,0.532525000
43.871550,P1_INIT_POS_SETTLE,-0.014161000,-0.584577000,0.532525000
43.881880,P1_INIT_POS_SETTLE,-0.014161000,-0.584577000,0.532525000
43.892189,P1_INIT_POS_SETTLE,-0.014161000,-0.584577000,0.532525000
43.902508,P1_INIT_POS_SETTLE,-0.014161000,-0.584577000,0.532525000
43.912845,P1_INIT_POS_SETTLE,-0.014161000,-0.584577000,0.532525000
43.923171,P1_INIT_POS_SETTLE,-0.014161000,-0.584577000,0.532525000
43.933494,P1_INIT_POS_SETTLE,-0.014161000,-0.584577000,0.532525000
43.943822,P1_INIT_POS_SETTLE,-0.014161000,-0.584577000,0.532525000
43.954143,P1_INIT_POS_SETTLE,-0.014161000,-0.584577000,0.532525000
43.964465,P1_INIT_POS_SETTLE,-0.014161000,-0.584577000,0.532525000
43.974807,P1_INIT_POS_SETTLE,-0.014161000,-0.584577000,0.532525000
43.985121,P1_INIT_POS_SETTLE,-0.014161000,-0.584577000,0.532525000
43.995433,P1_INIT_POS_SETTLE,-0.014161000,-0.584577000,0.532525000
44.005761,P1_INIT_POS_SETTLE,-0.014161000,-0.584577000,0.532525000
44.016346,P1_INIT_POS_SETTLE,-0.014161000,-0.584577000,0.532525000
44.026689,P1_INIT_POS_SETTLE,-0.014161000,-0.584577000,0.532525000
44.037018,P1_INIT_POS_SETTLE,-0.014161000,-0.584577000,0.532525000
44.047342,P1_INIT_POS_SETTLE,-0.014161000,-0.584577000,0.532525000
44.057678,P1_INIT_POS_SETTLE,-0.014161000,-0.584577000,0.532525000
44.068005,P1_INIT_POS_SETTLE,-0.014161000,-0.584577000,0.532525000
44.078326,P1_INIT_POS_SETTLE,-0.014161000,-0.584577000,0.532525000
44.088668,P1_INIT_POS_SETTLE,-0.014161000,-0.584577000,0.532525000
44.099014,P1_INIT_POS_SETTLE,-0.014161000,-0.584577000,0.532525000
44.109366,P1_INIT_POS_SETTLE,-0.014161000,-0.584577000,0.532525000
44.119714,P1_INIT_POS_SETTLE,-0.014161000,-0.584577000,0.532525000
44.130052,P1_INIT_POS_SETTLE,-0.014161000,-0.584577000,0.532525000
44.140405,P1_INIT_POS_SETTLE,-0.014161000,-0.584577000,0.532525000
44.150752,P1_INIT_POS_SETTLE,-0.014161000,-0.584577000,0.532525000
44.161086,P1_INIT_POS_SETTLE,-0.014161000,-0.584577000,0.532525000
44.171406,P1_INIT_POS_SETTLE,-0.014161000,-0.584577000,0.532525000
44.181758,P1_INIT_POS_SETTLE,-0.014161000,-0.584577000,0.532525000
44.192080,P1_INIT_POS_SETTLE,-0.014161000,-0.584577000,0.532525000
44.202399,P1_INIT_POS_SETTLE,-0.014161000,-0.584577000,0.532525000
44.212757,P1_INIT_POS_SETTLE,-0.014161000,-0.584577000,0.532525000
44.223110,P1_INIT_POS_SETTLE,-0.014161000,-0.584577000,0.532525000
44.233425,P1_INIT_POS_SETTLE,-0.014161000,-0.584577000,0.532525000
44.243760,P1_INIT_POS_SETTLE,-0.014161000,-0.584577000,0.532525000
44.254096,P1_INIT_POS_SETTLE,-0.014161000,-0.584577000,0.532525000
44.264418,P1_INIT_POS_SETTLE,-0.014161000,-0.584577000,0.532525000
44.274759,P1_INIT_POS_SETTLE,-0.014161000,-0.584577000,0.532525000
44.285086,P1_INIT_POS_SETTLE,-0.014161000,-0.584577000,0.532525000
44.295402,P1_INIT_POS_SETTLE,-0.014161000,-0.584577000,0.532525000
44.305761,P1_INIT_POS_SETTLE,-0.014161000,-0.584577000,0.532525000
44.316115,P1_INIT_POS_SETTLE,-0.014161000,-0.584577000,0.532525000
44.326470,P1_INIT_POS_SETTLE,-0.014161000,-0.584577000,0.532525000
44.336836,P1_INIT_POS_SETTLE,-0.014161000,-0.584577000,0.532525000
44.347161,P1_INIT_POS_SETTLE,-0.014161000,-0.584577000,0.532525000
44.357493,P1_INIT_POS_SETTLE,-0.014161000,-0.584577000,0.532525000
44.367828,P1_INIT_POS_SETTLE,-0.014161000,-0.584577000,0.532525000
44.378151,P1_INIT_POS_SETTLE,-0.014161000,-0.584577000,0.532525000
44.388479,P1_INIT_POS_SETTLE,-0.014161000,-0.584577000,0.532525000
44.398754,P1_INIT_POS_SETTLE,-0.014161000,-0.584577000,0.532525000
44.409005,P1_INIT_POS_SETTLE,-0.014161000,-0.584577000,0.532525000
44.419202,P1_INIT_POS_SETTLE,-0.014161000,-0.584577000,0.532525000
44.429420,P1_INIT_POS_SETTLE,-0.014161000,-0.584577000,0.532525000
44.439611,P1_INIT_POS_SETTLE,-0.014161000,-0.584577000,0.532525000
44.449786,P1_INIT_POS_SETTLE,-0.014161000,-0.584577000,0.532525000
44.460123,P1_INIT_POS_SETTLE,-0.014161000,-0.584577000,0.532525000
44.470465,P1_INIT_POS_SETTLE,-0.014161000,-0.584577000,0.532525000
44.480802,P1_INIT_POS_SETTLE,-0.014161000,-0.584577000,0.532525000
44.491125,P1_INIT_POS_SETTLE,-0.014161000,-0.584577000,0.532525000
44.501444,P1_INIT_POS_SETTLE,-0.014161000,-0.584577000,0.532525000
44.511796,P1_INIT_POS_SETTLE,-0.014161000,-0.584577000,0.532525000
44.522141,P1_INIT_POS_SETTLE,-0.014161000,-0.584577000,0.532525000
44.532484,P1_INIT_POS_SETTLE,-0.014161000,-0.584577000,0.532525000
44.542890,P1_INIT_POS_SETTLE,-0.014161000,-0.584577000,0.532525000
44.553277,P1_INIT_POS_SETTLE,-0.014161000,-0.584577000,0.532525000
44.563646,P1_INIT_POS_SETTLE,-0.014161000,-0.584577000,0.532525000
44.573986,P1_INIT_POS_SETTLE,-0.014161000,-0.584577000,0.532525000
44.584330,P1_INIT_POS_SETTLE,-0.014161000,-0.584577000,0.532525000
44.594690,P1_INIT_POS_SETTLE,-0.014161000,-0.584577000,0.532525000
44.605050,P1_INIT_POS_SETTLE,-0.014161000,-0.584577000,0.532525000
44.615391,P1_INIT_POS_SETTLE,-0.014161000,-0.584577000,0.532525000
44.625757,P1_INIT_POS_SETTLE,-0.014161000,-0.584577000,0.532525000
44.636098,P1_INIT_POS_SETTLE,-0.014161000,-0.584577000,0.532525000
44.646427,P1_INIT_POS_SETTLE,-0.014161000,-0.584577000,0.532525000
44.656775,P1_INIT_POS_SETTLE,-0.014161000,-0.584577000,0.532525000
44.667104,P1_INIT_POS_SETTLE,-0.014161000,-0.584577000,0.532525000
44.677413,P1_INIT_POS_SETTLE,-0.014161000,-0.584577000,0.532525000
44.687745,P1_INIT_POS_SETTLE,-0.014161000,-0.584577000,0.532525000
44.698060,P1_INIT_POS_SETTLE,-0.014161000,-0.584577000,0.532525000
44.708378,P1_INIT_POS_SETTLE,-0.014161000,-0.584577000,0.532525000
44.718671,P1_INIT_POS_SETTLE,-0.014161000,-0.584577000,0.532525000
44.729009,P1_INIT_POS_SETTLE,-0.014161000,-0.584577000,0.532525000
44.739330,P1_INIT_POS_SETTLE,-0.014161000,-0.584577000,0.532525000
44.749699,P1_INIT_POS_SETTLE,-0.014161000,-0.584577000,0.532525000
44.760032,P1_INIT_POS_SETTLE,-0.014161000,-0.584577000,0.532525000
44.770342,P1_INIT_POS_SETTLE,-0.014161000,-0.584577000,0.532525000
44.780661,P1_INIT_POS_SETTLE,-0.014161000,-0.584577000,0.532525000
44.790971,P1_INIT_POS_SETTLE,-0.014161000,-0.584577000,0.532525000
44.801280,P1_INIT_POS_SETTLE,-0.014161000,-0.584577000,0.532525000
44.811586,P1_INIT_POS_SETTLE,-0.014161000,-0.584577000,0.532525000
44.821929,P1_INIT_POS_SETTLE,-0.014161000,-0.584577000,0.532525000
44.832260,P1_INIT_POS_SETTLE,-0.014161000,-0.584577000,0.532525000
44.842578,P1_INIT_POS_SETTLE,-0.014161000,-0.584577000,0.532525000
44.852916,P1_INIT_POS_SETTLE,-0.014161000,-0.584577000,0.532525000
44.863238,P1_INIT_POS_SETTLE,-0.014161000,-0.584577000,0.532525000
44.873555,P1_INIT_POS_SETTLE,-0.014161000,-0.584577000,0.532525000
44.883885,P1_INIT_POS_SETTLE,-0.014161000,-0.584577000,0.532525000
44.894210,P1_INIT_POS_SETTLE,-0.014161000,-0.584577000,0.532525000
44.904533,P1_INIT_POS_SETTLE,-0.014161000,-0.584577000,0.532525000
44.914946,P1_INIT_POS_SETTLE,-0.014161000,-0.584577000,0.532525000
44.925318,P1_INIT_POS_SETTLE,-0.014161000,-0.584577000,0.532525000
44.935657,P1_INIT_POS_SETTLE,-0.014161000,-0.584577000,0.532525000
44.946070,P1_INIT_POS_SETTLE,-0.014161000,-0.584577000,0.532525000
44.956430,P1_INIT_POS_SETTLE,-0.014161000,-0.584577000,0.532525000
44.966777,P1_INIT_POS_SETTLE,-0.014161000,-0.584577000,0.532525000
44.977114,P1_INIT_POS_SETTLE,-0.014161000,-0.584577000,0.532525000
44.987452,P1_INIT_POS_SETTLE,-0.014161000,-0.584577000,0.532525000
44.997842,P1_INIT_POS_SETTLE,-0.014161000,-0.584577000,0.532525000
45.008194,P1_INIT_POS_SETTLE,-0.014161000,-0.584577000,0.532525000
45.018551,P1_INIT_POS_SETTLE,-0.014161000,-0.584577000,0.532525000
45.028799,P1_INIT_POS_SETTLE,-0.014161000,-0.584577000,0.532525000
45.039169,P1_INIT_POS_SETTLE,-0.014161000,-0.584577000,0.532525000
45.049515,P1_INIT_POS_SETTLE,-0.014161000,-0.584577000,0.532525000
45.059868,P1_INIT_POS_SETTLE,-0.014161000,-0.584577000,0.532525000
45.070203,P1_INIT_POS_SETTLE,-0.014161000,-0.584577000,0.532525000
45.080549,P1_INIT_POS_SETTLE,-0.014161000,-0.584577000,0.532525000
45.090915,P1_INIT_POS_SETTLE,-0.014161000,-0.584577000,0.532525000
45.101246,P1_INIT_POS_SETTLE,-0.014161000,-0.584577000,0.532525000
45.111585,P1_INIT_POS_SETTLE,-0.014161000,-0.584577000,0.532525000
45.121971,P1_INIT_POS_SETTLE,-0.014161000,-0.584577000,0.532525000
45.132327,P1_INIT_POS_SETTLE,-0.014161000,-0.584577000,0.532525000
45.142682,P1_INIT_POS_SETTLE,-0.014161000,-0.584577000,0.532525000
45.153021,P1_INIT_POS_SETTLE,-0.014161000,-0.584577000,0.532525000
45.163336,P1_INIT_POS_SETTLE,-0.014161000,-0.584577000,0.532525000
45.173675,P1_INIT_POS_SETTLE,-0.014161000,-0.584577000,0.532525000
45.184006,P1_INIT_POS_SETTLE,-0.014161000,-0.584577000,0.532525000
45.194327,P1_INIT_POS_SETTLE,-0.014161000,-0.584577000,0.532525000
45.204674,P1_INIT_POS_SETTLE,-0.014161000,-0.584577000,0.532525000
45.215031,P1_INIT_POS_SETTLE,-0.014161000,-0.584577000,0.532525000
45.225366,P1_INIT_POS_SETTLE,-0.014161000,-0.584577000,0.532525000
45.235723,P1_INIT_POS_SETTLE,-0.014161000,-0.584577000,0.532525000
45.246063,P1_INIT_POS_SETTLE,-0.014161000,-0.584577000,0.532525000
45.256383,P1_INIT_POS_SETTLE,-0.014161000,-0.584577000,0.532525000
45.266718,P1_INIT_POS_SETTLE,-0.014161000,-0.584577000,0.532525000
45.277034,P1_INIT_POS_SETTLE,-0.014161000,-0.584577000,0.532525000
45.287348,P1_INIT_POS_SETTLE,-0.014161000,-0.584577000,0.532525000
45.297667,P1_INIT_POS_SETTLE,-0.014161000,-0.584577000,0.532525000
45.307982,P1_INIT_POS_SETTLE,-0.014161000,-0.584577000,0.532525000
45.318304,P1_INIT_POS_SETTLE,-0.014161000,-0.584577000,0.532525000
45.328653,P1_INIT_POS_SETTLE,-0.014161000,-0.584577000,0.532525000
45.339004,P1_INIT_POS_SETTLE,-0.014161000,-0.584577000,0.532525000
45.349339,P1_INIT_POS_SETTLE,-0.014161000,-0.584577000,0.532525000
45.359650,P1_INIT_POS_SETTLE,-0.014161000,-0.584577000,0.532525000
45.369881,P1_INIT_POS_SETTLE,-0.014161000,-0.584577000,0.532525000
45.380071,P1_INIT_POS_SETTLE,-0.014161000,-0.584577000,0.532525000
45.390242,P1_INIT_POS_SETTLE,-0.014161000,-0.584577000,0.532525000
45.400407,P1_INIT_POS_SETTLE,-0.014161000,-0.584577000,0.532525000
45.410605,P1_INIT_POS_SETTLE,-0.014161000,-0.584577000,0.532525000
45.420785,P1_INIT_POS_SETTLE,-0.014161000,-0.584577000,0.532525000
45.431112,P1_INIT_POS_SETTLE,-0.014161000,-0.584577000,0.532525000
45.441449,P1_INIT_POS_SETTLE,-0.014161000,-0.584577000,0.532525000
45.451809,P1_INIT_POS_SETTLE,-0.014161000,-0.584577000,0.532525000
45.462136,P1_INIT_POS_SETTLE,-0.014161000,-0.584577000,0.532525000
45.472469,P1_INIT_POS_SETTLE,-0.014161000,-0.584577000,0.532525000
45.482691,P1_INIT_POS_SETTLE,-0.014161000,-0.584577000,0.532525000
45.492912,P1_INIT_POS_SETTLE,-0.014161000,-0.584577000,0.532525000
45.503236,P1_INIT_POS_SETTLE,-0.014161000,-0.584577000,0.532525000
45.513570,P1_INIT_POS_SETTLE,-0.014161000,-0.584577000,0.532525000
45.523907,P1_INIT_POS_SETTLE,-0.014161000,-0.584577000,0.532525000
45.534225,P1_INIT_POS_SETTLE,-0.014161000,-0.584577000,0.532525000
45.544567,P1_INIT_POS_SETTLE,-0.014161000,-0.584577000,0.532525000
45.554940,P1_INIT_POS_SETTLE,-0.014161000,-0.584577000,0.532525000
45.565315,P1_INIT_POS_SETTLE,-0.014161000,-0.584577000,0.532525000
45.575676,P1_INIT_POS_SETTLE,-0.014161000,-0.584577000,0.532525000
45.586021,P1_INIT_POS_SETTLE,-0.014161000,-0.584577000,0.532525000
45.596355,P1_INIT_POS_SETTLE,-0.014161000,-0.584577000,0.532525000
45.606706,P1_INIT_POS_SETTLE,-0.014161000,-0.584577000,0.532525000
45.617053,P1_INIT_POS_SETTLE,-0.014161000,-0.584577000,0.532525000
45.627377,P1_INIT_POS_SETTLE,-0.014161000,-0.584577000,0.532525000
45.637734,P1_INIT_POS_SETTLE,-0.014161000,-0.584577000,0.532525000
45.648064,P1_INIT_POS_SETTLE,-0.014161000,-0.584577000,0.532525000
45.658395,P1_INIT_POS_SETTLE,-0.014161000,-0.584577000,0.532525000
45.668742,P1_INIT_POS_SETTLE,-0.014161000,-0.584577000,0.532525000
45.679086,P1_INIT_POS_SETTLE,-0.014161000,-0.584577000,0.532525000
45.689407,P1_INIT_POS_SETTLE,-0.014161000,-0.584577000,0.532525000
45.699750,P1_INIT_POS_SETTLE,-0.014161000,-0.584577000,0.532525000
45.710086,P1_INIT_POS_SETTLE,-0.014161000,-0.584577000,0.532525000
45.720421,P1_INIT_POS_SETTLE,-0.014161000,-0.584577000,0.532525000
45.730792,P1_INIT_POS_SETTLE,-0.014161000,-0.584577000,0.532525000
45.741138,P1_INIT_POS_SETTLE,-0.014161000,-0.584577000,0.532525000
45.751483,P1_INIT_POS_SETTLE,-0.014161000,-0.584577000,0.532525000
45.761833,P1_INIT_POS_SETTLE,-0.014161000,-0.584577000,0.532525000
45.772161,P1_INIT_POS_SETTLE,-0.014161000,-0.584577000,0.532525000
45.782504,P1_INIT_POS_SETTLE,-0.014161000,-0.584577000,0.532525000
45.792860,P1_INIT_POS_SETTLE,-0.014161000,-0.584577000,0.532525000
45.803194,P1_INIT_POS_SETTLE,-0.014161000,-0.584577000,0.532525000
45.813532,P1_INIT_POS_SETTLE,-0.014161000,-0.584577000,0.532525000
45.823899,P1_INIT_POS_SETTLE,-0.014161000,-0.584577000,0.532525000
45.834241,P1_INIT_POS_SETTLE,-0.014161000,-0.584577000,0.532525000
45.844574,P1_INIT_POS_SETTLE,-0.014161000,-0.584577000,0.532525000
45.854920,P1_INIT_POS_SETTLE,-0.014161000,-0.584577000,0.532525000
45.865265,P1_INIT_POS_SETTLE,-0.014161000,-0.584577000,0.532525000
45.875586,P1_INIT_POS_SETTLE,-0.014161000,-0.584577000,0.532525000
45.885913,P1_INIT_POS_SETTLE,-0.014161000,-0.584577000,0.532525000
45.896237,P1_INIT_POS_SETTLE,-0.014161000,-0.584577000,0.532525000
45.906558,P1_INIT_POS_SETTLE,-0.014161000,-0.584577000,0.532525000
45.916884,P1_INIT_POS_SETTLE,-0.014161000,-0.584577000,0.532525000
45.927228,P1_INIT_POS_SETTLE,-0.014161000,-0.584577000,0.532525000
45.937563,P1_INIT_POS_SETTLE,-0.014161000,-0.584577000,0.532525000
45.947881,P1_INIT_POS_SETTLE,-0.014161000,-0.584577000,0.532525000
45.958193,P1_INIT_POS_SETTLE,-0.014161000,-0.584577000,0.532525000
45.968518,P1_INIT_POS_SETTLE,-0.014161000,-0.584577000,0.532525000
45.978830,P1_INIT_POS_SETTLE,-0.014161000,-0.584577000,0.532525000
45.989144,P1_INIT_POS_SETTLE,-0.014161000,-0.584577000,0.532525000
45.999452,P1_INIT_POS_SETTLE,-0.014161000,-0.584577000,0.532525000
46.009773,P1_INIT_POS_SETTLE,-0.014161000,-0.584577000,0.532525000
46.020088,P1_INIT_POS_SETTLE,-0.014161000,-0.584577000,0.532525000
46.030409,P1_INIT_POS_SETTLE,-0.014161000,-0.584577000,0.532525000
46.040738,P1_INIT_POS_SETTLE,-0.014161000,-0.584577000,0.532525000
46.051059,P1_INIT_POS_SETTLE,-0.014161000,-0.584577000,0.532525000
46.061366,P1_INIT_POS_SETTLE,-0.014161000,-0.584577000,0.532525000
46.071685,P1_INIT_POS_SETTLE,-0.014161000,-0.584577000,0.532525000
46.082007,P1_INIT_POS_SETTLE,-0.014161000,-0.584577000,0.532525000
46.092319,P1_INIT_POS_SETTLE,-0.014161000,-0.584577000,0.532525000
46.102643,P1_INIT_POS_SETTLE,-0.014161000,-0.584577000,0.532525000
46.112961,P1_INIT_POS_SETTLE,-0.014161000,-0.584577000,0.532525000
46.123273,P1_INIT_POS_SETTLE,-0.014161000,-0.584577000,0.532525000
46.133581,P1_INIT_POS_SETTLE,-0.014161000,-0.584577000,0.532525000
46.143904,P1_INIT_POS_SETTLE,-0.014161000,-0.584577000,0.532525000
46.154207,P1_INIT_POS_SETTLE,-0.014161000,-0.584577000,0.532525000
46.164523,P1_INIT_POS_SETTLE,-0.014161000,-0.584577000,0.532525000
46.174861,P1_INIT_POS_SETTLE,-0.014161000,-0.584577000,0.532525000
46.185163,P1_INIT_POS_SETTLE,-0.014161000,-0.584577000,0.532525000
46.195473,P1_INIT_POS_SETTLE,-0.014161000,-0.584577000,0.532525000
46.205776,P1_INIT_POS_SETTLE,-0.014161000,-0.584577000,0.532525000
46.216080,P1_INIT_POS_SETTLE,-0.014161000,-0.584577000,0.532525000
46.226399,P1_INIT_POS_SETTLE,-0.014161000,-0.584577000,0.532525000
46.236721,P1_INIT_POS_SETTLE,-0.014161000,-0.584577000,0.532525000
46.247039,P1_INIT_POS_SETTLE,-0.014161000,-0.584577000,0.532525000
46.257355,P1_INIT_POS_SETTLE,-0.014161000,-0.584577000,0.532525000
46.267678,P1_INIT_POS_SETTLE,-0.014161000,-0.584577000,0.532525000
46.278022,P1_INIT_POS_SETTLE,-0.014161000,-0.584577000,0.532525000
46.288363,P1_INIT_POS_SETTLE,-0.014161000,-0.584577000,0.532525000
46.298724,P1_INIT_POS_SETTLE,-0.014161000,-0.584577000,0.532525000
46.309069,P1_INIT_POS_SETTLE,-0.014161000,-0.584577000,0.532525000
46.319397,P1_INIT_POS_SETTLE,-0.014161000,-0.584577000,0.532525000
46.329762,P1_INIT_POS_SETTLE,-0.014161000,-0.584577000,0.532525000
46.340104,P1_INIT_POS_SETTLE,-0.014161000,-0.584577000,0.532525000
46.350426,P1_INIT_POS_SETTLE,-0.014161000,-0.584577000,0.532525000
46.360757,P1_INIT_POS_SETTLE,-0.014161000,-0.584577000,0.532525000
46.371090,P1_INIT_POS_SETTLE,-0.014161000,-0.584577000,0.532525000
46.381413,P1_INIT_POS_SETTLE,-0.014161000,-0.584577000,0.532525000
46.391755,P1_INIT_POS_SETTLE,-0.014161000,-0.584577000,0.532525000
46.402081,P1_INIT_POS_SETTLE,-0.014161000,-0.584577000,0.532525000
46.412402,P1_INIT_POS_SETTLE,-0.014161000,-0.584577000,0.532525000
46.422740,P1_INIT_POS_SETTLE,-0.014161000,-0.584577000,0.532525000
46.433067,P1_INIT_POS_SETTLE,-0.014161000,-0.584577000,0.532525000
46.443381,P1_INIT_POS_SETTLE,-0.014161000,-0.584577000,0.532525000
46.453709,P1_INIT_POS_SETTLE,-0.014161000,-0.584577000,0.532525000
46.464043,P1_INIT_POS_SETTLE,-0.014161000,-0.584577000,0.532525000
46.474347,P1_INIT_POS_SETTLE,-0.014161000,-0.584577000,0.532525000
46.484681,P1_INIT_POS_SETTLE,-0.014161000,-0.584577000,0.532525000
46.494995,P1_INIT_POS_SETTLE,-0.014161000,-0.584577000,0.532525000
46.505289,P1_INIT_POS_SETTLE,-0.014161000,-0.584577000,0.532525000
46.515745,P1_INIT_POS_SETTLE,-0.014161000,-0.584577000,0.532525000
46.526098,P1_INIT_POS_SETTLE,-0.014161000,-0.584577000,0.532525000
46.536404,P1_INIT_POS_SETTLE,-0.014161000,-0.584577000,0.532525000
46.546741,P1_INIT_POS_SETTLE,-0.014161000,-0.584577000,0.532525000
46.557133,P1_INIT_POS_SETTLE,-0.014161000,-0.584577000,0.532525000
46.567479,P1_INIT_POS_SETTLE,-0.014161000,-0.584577000,0.532525000
46.577780,P1_INIT_POS_SETTLE,-0.014161000,-0.584577000,0.532525000
46.588104,P1_INIT_POS_SETTLE,-0.014161000,-0.584577000,0.532525000
46.598424,P1_INIT_POS_SETTLE,-0.014161000,-0.584577000,0.532525000
46.608778,P1_INIT_POS_SETTLE,-0.014161000,-0.584577000,0.532525000
46.618991,P1_INIT_POS_SETTLE,-0.014161000,-0.584577000,0.532525000
46.629192,P1_INIT_POS_SETTLE,-0.014161000,-0.584577000,0.532525000
46.639385,P1_INIT_POS_SETTLE,-0.014161000,-0.584577000,0.532525000
46.649579,P1_INIT_POS_SETTLE,-0.014161000,-0.584577000,0.532525000
46.659766,P1_INIT_POS_SETTLE,-0.014161000,-0.584577000,0.532525000
46.669952,P1_INIT_POS_SETTLE,-0.014161000,-0.584577000,0.532525000
46.680116,P1_INIT_POS_SETTLE,-0.014161000,-0.584577000,0.532525000
46.690277,P1_INIT_POS_SETTLE,-0.014161000,-0.584577000,0.532525000
46.700437,P1_INIT_POS_SETTLE,-0.014161000,-0.584577000,0.532525000
46.710603,P1_INIT_POS_SETTLE,-0.014161000,-0.584577000,0.532525000
46.720792,P1_INIT_POS_SETTLE,-0.014161000,-0.584577000,0.532525000
46.730985,P1_INIT_POS_SETTLE,-0.014161000,-0.584577000,0.532525000
46.741155,P1_INIT_POS_SETTLE,-0.014161000,-0.584577000,0.532525000
46.751344,P1_INIT_POS_SETTLE,-0.014161000,-0.584577000,0.532525000
46.761512,P1_INIT_POS_SETTLE,-0.014161000,-0.584577000,0.532525000
46.771711,P1_INIT_POS_SETTLE,-0.014161000,-0.584577000,0.532525000
46.781871,P1_INIT_POS_SETTLE,-0.014161000,-0.584577000,0.532525000
46.792032,P1_INIT_POS_SETTLE,-0.014161000,-0.584577000,0.532525000
46.802190,P1_INIT_POS_SETTLE,-0.014161000,-0.584577000,0.532525000
46.812375,P1_INIT_POS_SETTLE,-0.014161000,-0.584577000,0.532525000
46.822606,P1_INIT_POS_SETTLE,-0.014161000,-0.584577000,0.532525000
46.832795,P1_INIT_POS_SETTLE,-0.014161000,-0.584577000,0.532525000
46.842966,P1_INIT_POS_SETTLE,-0.014161000,-0.584577000,0.532525000
46.853155,P1_INIT_POS_SETTLE,-0.014161000,-0.584577000,0.532525000
46.863315,P1_INIT_POS_SETTLE,-0.014161000,-0.584577000,0.532525000
46.873493,P1_INIT_POS_SETTLE,-0.014161000,-0.584577000,0.532525000
46.883669,P1_INIT_POS_SETTLE,-0.014161000,-0.584577000,0.532525000
46.893843,P1_INIT_POS_SETTLE,-0.014161000,-0.584577000,0.532525000
46.904013,P1_INIT_POS_SETTLE,-0.014161000,-0.584577000,0.532525000
46.914199,P1_INIT_POS_SETTLE,-0.014161000,-0.584577000,0.532525000
46.924384,P1_INIT_POS_SETTLE,-0.014161000,-0.584577000,0.532525000
46.934552,P1_INIT_POS_SETTLE,-0.014161000,-0.584577000,0.532525000
46.944719,P1_INIT_POS_SETTLE,-0.014161000,-0.584577000,0.532525000
46.954902,P1_INIT_POS_SETTLE,-0.014161000,-0.584577000,0.532525000
46.965072,P1_INIT_POS_SETTLE,-0.014161000,-0.584577000,0.532525000
46.975255,P1_INIT_POS_SETTLE,-0.014161000,-0.584577000,0.532525000
46.985419,P1_INIT_POS_SETTLE,-0.014161000,-0.584577000,0.532525000
46.995583,P1_INIT_POS_SETTLE,-0.014161000,-0.584577000,0.532525000
47.005742,P1_INIT_POS_SETTLE,-0.014161000,-0.584577000,0.532525000
47.016072,P1_INIT_POS_SETTLE,-0.014161000,-0.584577000,0.532525000
47.026261,P1_INIT_POS_SETTLE,-0.014161000,-0.584577000,0.532525000
47.036450,P1_INIT_POS_SETTLE,-0.014161000,-0.584577000,0.532525000
47.046683,P1_INIT_POS_SETTLE,-0.014161000,-0.584577000,0.532525000
47.056882,P1_INIT_POS_SETTLE,-0.014161000,-0.584577000,0.532525000
47.067078,P1_INIT_POS_SETTLE,-0.014161000,-0.584577000,0.532525000
47.077257,P1_INIT_POS_SETTLE,-0.014161000,-0.584577000,0.532525000
47.087514,P1_INIT_POS_SETTLE,-0.014161000,-0.584577000,0.532525000
47.097725,P1_INIT_POS_SETTLE,-0.014161000,-0.584577000,0.532525000
47.107953,P1_INIT_POS_SETTLE,-0.014161000,-0.584577000,0.532525000
47.118148,P1_INIT_POS_SETTLE,-0.014161000,-0.584577000,0.532525000
47.128364,P1_INIT_POS_SETTLE,-0.014161000,-0.584577000,0.532525000
47.138534,P1_INIT_POS_SETTLE,-0.014161000,-0.584577000,0.532525000
47.148700,P1_INIT_POS_SETTLE,-0.014161000,-0.584577000,0.532525000
47.158923,P1_INIT_POS_SETTLE,-0.014161000,-0.584577000,0.532525000
47.169280,P1_INIT_POS_SETTLE,-0.014161000,-0.584577000,0.532525000
47.179618,P1_INIT_POS_SETTLE,-0.014161000,-0.584577000,0.532525000
47.189937,P1_INIT_POS_SETTLE,-0.014161000,-0.584577000,0.532525000
47.200255,P1_INIT_POS_SETTLE,-0.014161000,-0.584577000,0.532525000
47.210566,P1_INIT_POS_SETTLE,-0.014161000,-0.584577000,0.532525000
47.220878,P1_INIT_POS_SETTLE,-0.014161000,-0.584577000,0.532525000
47.231184,P1_INIT_POS_SETTLE,-0.014161000,-0.584577000,0.532525000
47.241512,P1_INIT_POS_SETTLE,-0.014161000,-0.584577000,0.532525000
47.251832,P1_INIT_POS_SETTLE,-0.014161000,-0.584577000,0.532525000
47.262137,P1_INIT_POS_SETTLE,-0.014161000,-0.584577000,0.532525000
47.272439,P1_INIT_POS_SETTLE,-0.014161000,-0.584577000,0.532525000
47.282753,P1_INIT_POS_SETTLE,-0.014161000,-0.584577000,0.532525000
47.293060,P1_INIT_POS_SETTLE,-0.014161000,-0.584577000,0.532525000
47.303357,P1_INIT_POS_SETTLE,-0.014161000,-0.584577000,0.532525000
47.313686,P1_INIT_POS_SETTLE,-0.014161000,-0.584577000,0.532525000
47.324066,P1_INIT_POS_SETTLE,-0.014161000,-0.584577000,0.532525000
47.334400,P1_INIT_POS_SETTLE,-0.014161000,-0.584577000,0.532525000
47.344746,P1_INIT_POS_SETTLE,-0.014161000,-0.584577000,0.532525000
47.355096,P1_INIT_POS_SETTLE,-0.014161000,-0.584577000,0.532525000
47.365416,P1_INIT_POS_SETTLE,-0.014161000,-0.584577000,0.532525000
47.375688,P1_INIT_POS_SETTLE,-0.014161000,-0.584577000,0.532525000
47.385907,P1_INIT_POS_SETTLE,-0.014161000,-0.584577000,0.532525000
47.396218,P1_INIT_POS_SETTLE,-0.014161000,-0.584577000,0.532525000
47.406527,P1_INIT_POS_SETTLE,-0.014161000,-0.584577000,0.532525000
47.416829,P1_INIT_POS_SETTLE,-0.014161000,-0.584577000,0.532525000
47.427144,P1_INIT_POS_SETTLE,-0.014161000,-0.584577000,0.532525000
47.437437,P1_INIT_POS_SETTLE,-0.014161000,-0.584577000,0.532525000
47.447766,P1_INIT_POS_SETTLE,-0.014161000,-0.584577000,0.532525000
47.458075,P1_INIT_POS_SETTLE,-0.014161000,-0.584577000,0.532525000
47.468367,P1_INIT_POS_SETTLE,-0.014161000,-0.584577000,0.532525000
47.478680,P1_INIT_POS_SETTLE,-0.014161000,-0.584577000,0.532525000
47.489001,P1_INIT_POS_SETTLE,-0.014161000,-0.584577000,0.532525000
47.499307,P1_INIT_POS_SETTLE,-0.014161000,-0.584577000,0.532525000
47.509628,P1_INIT_POS_SETTLE,-0.014161000,-0.584577000,0.532525000
47.519935,P1_INIT_POS_SETTLE,-0.014161000,-0.584577000,0.532525000
47.530228,P1_INIT_POS_SETTLE,-0.014161000,-0.584577000,0.532525000
47.540540,P1_INIT_POS_SETTLE,-0.014161000,-0.584577000,0.532525000
47.550905,P1_INIT_POS_SETTLE,-0.014161000,-0.584577000,0.532525000
47.561280,P1_INIT_POS_SETTLE,-0.014161000,-0.584577000,0.532525000
47.571603,P1_INIT_POS_SETTLE,-0.014161000,-0.584577000,0.532525000
47.581905,P1_INIT_POS_SETTLE,-0.014161000,-0.584577000,0.532525000
47.592202,P1_INIT_POS_SETTLE,-0.014161000,-0.584577000,0.532525000
47.602517,P1_INIT_POS_SETTLE,-0.014161000,-0.584577000,0.532525000
47.612872,P1_INIT_POS_SETTLE,-0.014161000,-0.584577000,0.532525000
47.623209,P1_INIT_POS_SETTLE,-0.014161000,-0.584577000,0.532525000
47.633531,P1_INIT_POS_SETTLE,-0.014161000,-0.584577000,0.532525000
47.643869,P1_INIT_POS_SETTLE,-0.014161000,-0.584577000,0.532525000
47.654182,P1_INIT_POS_SETTLE,-0.014161000,-0.584577000,0.532525000
47.664497,P1_INIT_POS_SETTLE,-0.014161000,-0.584577000,0.532525000
47.674804,P1_INIT_POS_SETTLE,-0.014161000,-0.584577000,0.532525000
47.685111,P1_INIT_POS_SETTLE,-0.014161000,-0.584577000,0.532525000
47.695415,P1_INIT_POS_SETTLE,-0.014161000,-0.584577000,0.532525000
47.705727,P1_INIT_POS_SETTLE,-0.014161000,-0.584577000,0.532525000
47.716052,P1_INIT_POS_SETTLE,-0.014161000,-0.584577000,0.532525000
47.726365,P1_INIT_POS_SETTLE,-0.014161000,-0.584577000,0.532525000
47.736679,P1_INIT_POS_SETTLE,-0.014161000,-0.584577000,0.532525000
47.747000,P1_INIT_POS_SETTLE,-0.014161000,-0.584577000,0.532525000
47.757309,P1_INIT_POS_SETTLE,-0.014161000,-0.584577000,0.532525000
47.767624,P1_INIT_POS_SETTLE,-0.014161000,-0.584577000,0.532525000
47.777935,P1_INIT_POS_SETTLE,-0.014161000,-0.584577000,0.532525000
47.788244,P1_INIT_POS_SETTLE,-0.014161000,-0.584577000,0.532525000
47.798555,P1_INIT_POS_SETTLE,-0.014161000,-0.584577000,0.532525000
47.808863,P1_INIT_POS_SETTLE,-0.014161000,-0.584577000,0.532525000
47.819175,P1_INIT_POS_SETTLE,-0.014161000,-0.584577000,0.532525000
47.829496,P1_INIT_POS_SETTLE,-0.014161000,-0.584577000,0.532525000
47.839829,P1_INIT_POS_SETTLE,-0.014161000,-0.584577000,0.532525000
47.850141,P1_INIT_POS_SETTLE,-0.014161000,-0.584577000,0.532525000
47.860453,P1_INIT_POS_SETTLE,-0.014161000,-0.584577000,0.532525000
47.870764,P1_INIT_POS_SETTLE,-0.014161000,-0.584577000,0.532525000
47.881073,P1_INIT_POS_SETTLE,-0.014161000,-0.584577000,0.532525000
47.891369,P1_INIT_POS_SETTLE,-0.014161000,-0.584577000,0.532525000
47.901686,P1_INIT_POS_SETTLE,-0.014161000,-0.584577000,0.532525000
47.912022,P1_INIT_POS_SETTLE,-0.014161000,-0.584577000,0.532525000
47.922359,P1_INIT_POS_SETTLE,-0.014161000,-0.584577000,0.532525000
47.932728,P1_INIT_POS_SETTLE,-0.014161000,-0.584577000,0.532525000
47.943067,P1_INIT_POS_SETTLE,-0.014161000,-0.584577000,0.532525000
47.953388,P1_INIT_POS_SETTLE,-0.014161000,-0.584577000,0.532525000
47.963716,P1_INIT_POS_SETTLE,-0.014161000,-0.584577000,0.532525000
47.974047,P1_INIT_POS_SETTLE,-0.014161000,-0.584577000,0.532525000
47.984364,P1_INIT_POS_SETTLE,-0.014161000,-0.584577000,0.532525000
47.994688,P1_INIT_POS_SETTLE,-0.014161000,-0.584577000,0.532525000
48.004999,P1_INIT_POS_SETTLE,-0.014161000,-0.584577000,0.532525000
48.015315,P1_INIT_POS_SETTLE,-0.014161000,-0.584577000,0.532525000
48.025633,P1_INIT_POS_SETTLE,-0.014161000,-0.584577000,0.532525000
48.035945,P1_INIT_POS_SETTLE,-0.014161000,-0.584577000,0.532525000
48.046263,P1_INIT_POS_SETTLE,-0.014161000,-0.584577000,0.532525000
48.056572,P1_INIT_POS_SETTLE,-0.014161000,-0.584577000,0.532525000
48.066882,P1_INIT_POS_SETTLE,-0.014161000,-0.584577000,0.532525000
48.077188,P1_INIT_POS_SETTLE,-0.014161000,-0.584577000,0.532525000
48.087517,P1_INIT_POS_SETTLE,-0.014161000,-0.584577000,0.532525000
48.097842,P1_INIT_POS_SETTLE,-0.014161000,-0.584577000,0.532525000
48.108148,P1_INIT_POS_SETTLE,-0.014161000,-0.584577000,0.532525000
48.118453,P1_INIT_POS_SETTLE,-0.014161000,-0.584577000,0.532525000
48.128785,P1_INIT_POS_SETTLE,-0.014161000,-0.584577000,0.532525000
48.139114,P1_INIT_POS_SETTLE,-0.014161000,-0.584577000,0.532525000
48.149429,P1_INIT_POS_SETTLE,-0.014161000,-0.584577000,0.532525000
48.159744,P1_INIT_POS_SETTLE,-0.014161000,-0.584577000,0.532525000
48.170063,P1_INIT_POS_SETTLE,-0.014161000,-0.584577000,0.532525000
48.180365,P1_INIT_POS_SETTLE,-0.014161000,-0.584577000,0.532525000
48.190683,P1_INIT_POS_SETTLE,-0.014161000,-0.584577000,0.532525000
48.200997,P1_INIT_POS_SETTLE,-0.014161000,-0.584577000,0.532525000
48.211301,P1_INIT_POS_SETTLE,-0.014161000,-0.584577000,0.532525000
48.221610,P1_INIT_POS_SETTLE,-0.014161000,-0.584577000,0.532525000
48.231937,P1_INIT_POS_SETTLE,-0.014161000,-0.584577000,0.532525000
48.242264,P1_INIT_POS_SETTLE,-0.014161000,-0.584577000,0.532525000
48.252576,P1_INIT_POS_SETTLE,-0.014161000,-0.584577000,0.532525000
48.262893,P1_INIT_POS_SETTLE,-0.014161000,-0.584577000,0.532525000
48.273187,P1_INIT_POS_SETTLE,-0.014161000,-0.584577000,0.532525000
48.283493,P1_INIT_POS_SETTLE,-0.014161000,-0.584577000,0.532525000
48.293789,P1_INIT_POS_SETTLE,-0.014161000,-0.584577000,0.532525000
48.304098,P1_INIT_POS_SETTLE,-0.014161000,-0.584577000,0.532525000
48.314393,P1_INIT_POS_SETTLE,-0.014161000,-0.584577000,0.532525000
48.324699,P1_INIT_POS_SETTLE,-0.014161000,-0.584577000,0.532525000
48.335015,P1_INIT_POS_SETTLE,-0.014161000,-0.584577000,0.532525000
48.345314,P1_INIT_POS_SETTLE,-0.014161000,-0.584577000,0.532525000
48.355622,P1_INIT_POS_SETTLE,-0.014161000,-0.584577000,0.532525000
48.365929,P1_INIT_POS_SETTLE,-0.014161000,-0.584577000,0.532525000
48.376225,P1_INIT_POS_SETTLE,-0.014161000,-0.584577000,0.532525000
48.386528,P1_INIT_POS_SETTLE,-0.014161000,-0.584577000,0.532525000
48.396823,P1_INIT_POS_SETTLE,-0.014161000,-0.584577000,0.532525000
48.407140,P1_INIT_POS_SETTLE,-0.014161000,-0.584577000,0.532525000
48.417454,P1_INIT_POS_SETTLE,-0.014161000,-0.584577000,0.532525000
48.427765,P1_INIT_POS_SETTLE,-0.014161000,-0.584577000,0.532525000
48.438119,P1_INIT_POS_SETTLE,-0.014161000,-0.584577000,0.532525000
48.448424,P1_INIT_POS_SETTLE,-0.014161000,-0.584577000,0.532525000
48.458745,P1_INIT_POS_SETTLE,-0.014161000,-0.584577000,0.532525000
48.469060,P1_INIT_POS_SETTLE,-0.014161000,-0.584577000,0.532525000
48.479374,P1_INIT_POS_SETTLE,-0.014161000,-0.584577000,0.532525000
48.489690,P1_INIT_POS_SETTLE,-0.014161000,-0.584577000,0.532525000
48.500026,P1_INIT_POS_SETTLE,-0.014161000,-0.584577000,0.532525000
48.510329,P1_INIT_POS_SETTLE,-0.014161000,-0.584577000,0.532525000
48.520655,P1_INIT_POS_SETTLE,-0.014161000,-0.584577000,0.532525000
48.530955,P1_INIT_POS_SETTLE,-0.014161000,-0.584577000,0.532525000
48.541267,P1_INIT_POS_SETTLE,-0.014161000,-0.584577000,0.532525000
48.551588,P1_INIT_POS_SETTLE,-0.014161000,-0.584577000,0.532525000
48.562001,P1_INIT_POS_SETTLE,-0.014161000,-0.584577000,0.532525000
48.572336,P1_INIT_POS_SETTLE,-0.014161000,-0.584577000,0.532525000
48.582654,P1_INIT_POS_SETTLE,-0.014161000,-0.584577000,0.532525000
48.592976,P1_INIT_POS_SETTLE,-0.014161000,-0.584577000,0.532525000
48.603273,P1_INIT_POS_SETTLE,-0.014161000,-0.584577000,0.532525000
48.613584,P1_INIT_POS_SETTLE,-0.014161000,-0.584577000,0.532525000
48.623899,P1_INIT_POS_SETTLE,-0.014161000,-0.584577000,0.532525000
48.634193,P1_INIT_POS_SETTLE,-0.014161000,-0.584577000,0.532525000
48.644500,P1_INIT_POS_SETTLE,-0.014161000,-0.584577000,0.532525000
48.654810,P1_INIT_POS_SETTLE,-0.014161000,-0.584577000,0.532525000
48.665113,P1_INIT_POS_SETTLE,-0.014161000,-0.584577000,0.532525000
48.675404,P1_INIT_POS_SETTLE,-0.014161000,-0.584577000,0.532525000
48.685716,P1_INIT_POS_SETTLE,-0.014161000,-0.584577000,0.532525000
48.696021,P1_INIT_POS_SETTLE,-0.014161000,-0.584577000,0.532525000
48.706316,P1_INIT_POS_SETTLE,-0.014161000,-0.584577000,0.532525000
48.716614,P1_INIT_POS_SETTLE,-0.014161000,-0.584577000,0.532525000
48.726907,P1_INIT_POS_SETTLE,-0.014161000,-0.584577000,0.532525000
48.737203,P1_INIT_POS_SETTLE,-0.014161000,-0.584577000,0.532525000
48.747510,P1_INIT_POS_SETTLE,-0.014161000,-0.584577000,0.532525000
48.757811,P1_INIT_POS_SETTLE,-0.014161000,-0.584577000,0.532525000
48.768103,P1_INIT_POS_SETTLE,-0.014161000,-0.584577000,0.532525000
48.778400,P1_INIT_POS_SETTLE,-0.014161000,-0.584577000,0.532525000
48.788713,P1_INIT_POS_SETTLE,-0.014161000,-0.584577000,0.532525000
48.799030,P1_INIT_POS_SETTLE,-0.014161000,-0.584577000,0.532525000
48.809323,P1_INIT_POS_SETTLE,-0.014161000,-0.584577000,0.532525000
48.819616,P1_INIT_POS_SETTLE,-0.014161000,-0.584577000,0.532525000
48.829902,P1_INIT_POS_SETTLE,-0.014161000,-0.584577000,0.532525000
48.840184,P1_INIT_POS_SETTLE,-0.014161000,-0.584577000,0.532525000
48.850489,P1_INIT_POS_SETTLE,-0.014161000,-0.584577000,0.532525000
48.860789,P1_INIT_POS_SETTLE,-0.014161000,-0.584577000,0.532525000
48.871094,P1_INIT_POS_SETTLE,-0.014161000,-0.584577000,0.532525000
48.881377,P1_INIT_POS_SETTLE,-0.014161000,-0.584577000,0.532525000
48.891681,P1_INIT_POS_SETTLE,-0.014161000,-0.584577000,0.532525000
48.901968,P1_INIT_POS_SETTLE,-0.014161000,-0.584577000,0.532525000
48.912255,P1_INIT_POS_SETTLE,-0.014161000,-0.584577000,0.532525000
48.922727,P1_INIT_POS_SETTLE,-0.014161000,-0.584577000,0.532525000
48.933045,P1_INIT_POS_SETTLE,-0.014161000,-0.584577000,0.532525000
48.943354,P1_INIT_POS_SETTLE,-0.014161000,-0.584577000,0.532525000
48.953663,P1_INIT_POS_SETTLE,-0.014161000,-0.584577000,0.532525000
48.963975,P1_INIT_POS_SETTLE,-0.014161000,-0.584577000,0.532525000
48.974269,P1_INIT_POS_SETTLE,-0.014161000,-0.584577000,0.532525000
48.984566,P1_INIT_POS_SETTLE,-0.014161000,-0.584577000,0.532525000
48.994874,P1_INIT_POS_SETTLE,-0.014161000,-0.584577000,0.532525000
49.005175,P1_INIT_POS_SETTLE,-0.014161000,-0.584577000,0.532525000
49.015573,P1_INIT_POS_SETTLE,-0.014161000,-0.584577000,0.532525000
49.025866,P1_INIT_POS_SETTLE,-0.014161000,-0.584577000,0.532525000
49.036172,P1_INIT_POS_SETTLE,-0.014161000,-0.584577000,0.532525000
49.046487,P1_INIT_POS_SETTLE,-0.014161000,-0.584577000,0.532525000
49.056795,P1_INIT_POS_SETTLE,-0.014161000,-0.584577000,0.532525000
49.067103,P1_INIT_POS_SETTLE,-0.014161000,-0.584577000,0.532525000
49.077403,P1_INIT_POS_SETTLE,-0.014161000,-0.584577000,0.532525000
49.087703,P1_INIT_POS_SETTLE,-0.014161000,-0.584577000,0.532525000
49.098023,P1_INIT_POS_SETTLE,-0.014161000,-0.584577000,0.532525000
49.108314,P1_INIT_POS_SETTLE,-0.014161000,-0.584577000,0.532525000
49.118623,P1_INIT_POS_SETTLE,-0.014161000,-0.584577000,0.532525000
49.128949,P1_INIT_POS_SETTLE,-0.014161000,-0.584577000,0.532525000
49.139285,P1_INIT_POS_SETTLE,-0.014161000,-0.584577000,0.532525000
49.149597,P1_INIT_POS_SETTLE,-0.014161000,-0.584577000,0.532525000
49.159928,P1_INIT_POS_SETTLE,-0.014161000,-0.584577000,0.532525000
49.170240,P1_INIT_POS_SETTLE,-0.014161000,-0.584577000,0.532525000
49.180552,P1_INIT_POS_SETTLE,-0.014161000,-0.584577000,0.532525000
49.190867,P1_INIT_POS_SETTLE,-0.014161000,-0.584577000,0.532525000
49.201179,P1_INIT_POS_SETTLE,-0.014161000,-0.584577000,0.532525000
49.211508,P1_INIT_POS_SETTLE,-0.014161000,-0.584577000,0.532525000
49.221839,P1_INIT_POS_SETTLE,-0.014161000,-0.584577000,0.532525000
49.232162,P1_INIT_POS_SETTLE,-0.014161000,-0.584577000,0.532525000
49.242477,P1_INIT_POS_SETTLE,-0.014161000,-0.584577000,0.532525000
49.252789,P1_INIT_POS_SETTLE,-0.014161000,-0.584577000,0.532525000
49.263107,P1_INIT_POS_SETTLE,-0.014161000,-0.584577000,0.532525000
49.273407,P1_INIT_POS_SETTLE,-0.014161000,-0.584577000,0.532525000
49.283717,P1_INIT_POS_SETTLE,-0.014161000,-0.584577000,0.532525000
49.294034,P1_INIT_POS_SETTLE,-0.014161000,-0.584577000,0.532525000
49.304331,P1_INIT_POS_SETTLE,-0.014161000,-0.584577000,0.532525000
49.314664,P1_INIT_POS_SETTLE,-0.014161000,-0.584577000,0.532525000
49.325003,P1_INIT_POS_SETTLE,-0.014161000,-0.584577000,0.532525000
49.335310,P1_INIT_POS_SETTLE,-0.014161000,-0.584577000,0.532525000
49.345633,P1_INIT_POS_SETTLE,-0.014161000,-0.584577000,0.532525000
49.355944,P1_INIT_POS_SETTLE,-0.014161000,-0.584577000,0.532525000
49.366247,P1_INIT_POS_SETTLE,-0.014161000,-0.584577000,0.532525000
49.376548,P1_INIT_POS_SETTLE,-0.014161000,-0.584577000,0.532525000
49.386841,P1_INIT_POS_SETTLE,-0.014161000,-0.584577000,0.532525000
49.397145,P1_INIT_POS_SETTLE,-0.014161000,-0.584577000,0.532525000
49.407438,P1_INIT_POS_SETTLE,-0.014161000,-0.584577000,0.532525000
49.417763,P1_INIT_POS_SETTLE,-0.014161000,-0.584577000,0.532525000
49.428080,P1_INIT_POS_SETTLE,-0.014161000,-0.584577000,0.532525000
49.438371,P1_INIT_POS_SETTLE,-0.014161000,-0.584577000,0.532525000
49.448685,P1_INIT_POS_SETTLE,-0.014161000,-0.584577000,0.532525000
49.458997,P1_INIT_POS_SETTLE,-0.014161000,-0.584577000,0.532525000
49.469303,P1_INIT_POS_SETTLE,-0.014161000,-0.584577000,0.532525000
49.479607,P1_INIT_POS_SETTLE,-0.014161000,-0.584577000,0.532525000
49.489855,P1_INIT_POS_SETTLE,-0.014161000,-0.584577000,0.532525000
49.500161,P1_INIT_POS_SETTLE,-0.014161000,-0.584577000,0.532525000
49.510471,P1_INIT_POS_SETTLE,-0.014161000,-0.584577000,0.532525000
49.520776,P1_INIT_POS_SETTLE,-0.014161000,-0.584577000,0.532525000
49.531089,P1_INIT_POS_SETTLE,-0.014161000,-0.584577000,0.532525000
49.541381,P1_INIT_POS_SETTLE,-0.014161000,-0.584577000,0.532525000
49.551692,P1_INIT_POS_SETTLE,-0.014161000,-0.584577000,0.532525000
49.562073,P1_INIT_POS_SETTLE,-0.014161000,-0.584577000,0.532525000
49.572412,P1_INIT_POS_SETTLE,-0.014161000,-0.584577000,0.532525000
49.582727,P1_INIT_POS_SETTLE,-0.014161000,-0.584577000,0.532525000
49.593026,P1_INIT_POS_SETTLE,-0.014161000,-0.584577000,0.532525000
49.603313,P1_INIT_POS_SETTLE,-0.014161000,-0.584577000,0.532525000
49.613634,P1_INIT_POS_SETTLE,-0.014161000,-0.584577000,0.532525000
49.623965,P1_INIT_POS_SETTLE,-0.014161000,-0.584577000,0.532525000
49.634287,P1_INIT_POS_SETTLE,-0.014161000,-0.584577000,0.532525000
49.644592,P1_INIT_POS_SETTLE,-0.014161000,-0.584577000,0.532525000
49.654901,P1_INIT_POS_SETTLE,-0.014161000,-0.584577000,0.532525000
49.665221,P1_INIT_POS_SETTLE,-0.014161000,-0.584577000,0.532525000
49.675535,P1_INIT_POS_SETTLE,-0.014161000,-0.584577000,0.532525000
49.685850,P1_INIT_POS_SETTLE,-0.014161000,-0.584577000,0.532525000
49.696149,P1_INIT_POS_SETTLE,-0.014161000,-0.584577000,0.532525000
49.706451,P1_INIT_POS_SETTLE,-0.014161000,-0.584577000,0.532525000
49.716773,P1_INIT_POS_SETTLE,-0.014161000,-0.584577000,0.532525000
49.727115,P1_INIT_POS_SETTLE,-0.014161000,-0.584577000,0.532525000
49.737414,P1_INIT_POS_SETTLE,-0.014161000,-0.584577000,0.532525000
49.747743,P1_INIT_POS_SETTLE,-0.014161000,-0.584577000,0.532525000
49.758052,P1_INIT_POS_SETTLE,-0.014161000,-0.584577000,0.532525000
49.768354,P1_INIT_POS_SETTLE,-0.014161000,-0.584577000,0.532525000
49.778672,P1_INIT_POS_SETTLE,-0.014161000,-0.584577000,0.532525000
49.788985,P1_INIT_POS_SETTLE,-0.014161000,-0.584577000,0.532525000
49.799292,P1_INIT_POS_SETTLE,-0.014161000,-0.584577000,0.532525000
49.809605,P1_INIT_POS_SETTLE,-0.014161000,-0.584577000,0.532525000
49.819935,P1_INIT_POS_SETTLE,-0.014161000,-0.584577000,0.532525000
49.830252,P1_INIT_POS_SETTLE,-0.014161000,-0.584577000,0.532525000
49.840568,P1_INIT_POS_SETTLE,-0.014161000,-0.584577000,0.532525000
49.850879,P1_INIT_POS_SETTLE,-0.014161000,-0.584577000,0.532525000
49.861194,P1_INIT_POS_SETTLE,-0.014161000,-0.584577000,0.532525000
49.871501,P1_INIT_POS_SETTLE,-0.014161000,-0.584577000,0.532525000
49.881807,P1_INIT_POS_SETTLE,-0.014161000,-0.584577000,0.532525000
49.892108,P1_INIT_POS_SETTLE,-0.014161000,-0.584577000,0.532525000
49.902402,P1_INIT_POS_SETTLE,-0.014161000,-0.584577000,0.532525000
49.913019,P1_INIT_POS_SETTLE,-0.014161000,-0.584577000,0.532525000
49.923345,P1_INIT_POS_SETTLE,-0.014161000,-0.584577000,0.532525000
49.933660,P1_INIT_POS_SETTLE,-0.014161000,-0.584577000,0.532525000
49.943977,P1_INIT_POS_SETTLE,-0.014161000,-0.584577000,0.532525000
49.954279,P1_INIT_POS_SETTLE,-0.014161000,-0.584577000,0.532525000
49.964583,P1_INIT_POS_SETTLE,-0.014161000,-0.584577000,0.532525000
49.974876,P1_INIT_POS_SETTLE,-0.014161000,-0.584577000,0.532525000
49.985177,P1_INIT_POS_SETTLE,-0.014161000,-0.584577000,0.532525000
49.995480,P1_INIT_POS_SETTLE,-0.014161000,-0.584577000,0.532525000
50.005781,P1_INIT_POS_SETTLE,-0.014161000,-0.584577000,0.532525000
50.016087,P1_INIT_POS_SETTLE,-0.014161000,-0.584577000,0.532525000
50.026397,P1_INIT_POS_SETTLE,-0.014161000,-0.584577000,0.532525000
50.036709,P1_INIT_POS_SETTLE,-0.014161000,-0.584577000,0.532525000
50.047015,P1_INIT_POS_SETTLE,-0.014161000,-0.584577000,0.532525000
50.057311,P1_INIT_POS_SETTLE,-0.014161000,-0.584577000,0.532525000
50.067608,P1_INIT_POS_SETTLE,-0.014161000,-0.584577000,0.532525000
50.077855,P1_INIT_POS_SETTLE,-0.014161000,-0.584577000,0.532525000
50.088149,P1_INIT_POS_SETTLE,-0.014161000,-0.584577000,0.532525000
50.098439,P1_INIT_POS_SETTLE,-0.014161000,-0.584577000,0.532525000
50.108748,P1_INIT_POS_SETTLE,-0.014161000,-0.584577000,0.532525000
50.119076,P1_INIT_POS_SETTLE,-0.014161000,-0.584577000,0.532525000
50.129381,P1_INIT_POS_SETTLE,-0.014161000,-0.584577000,0.532525000
50.139694,P1_INIT_POS_SETTLE,-0.014161000,-0.584577000,0.532525000
50.150009,P1_INIT_POS_SETTLE,-0.014161000,-0.584577000,0.532525000
50.160307,P1_INIT_POS_SETTLE,-0.014161000,-0.584577000,0.532525000
50.170610,P1_INIT_POS_SETTLE,-0.014161000,-0.584577000,0.532525000
50.180907,P1_INIT_POS_SETTLE,-0.014161000,-0.584577000,0.532525000
50.191202,P1_INIT_POS_SETTLE,-0.014161000,-0.584577000,0.532525000
50.201495,P1_INIT_POS_SETTLE,-0.014161000,-0.584577000,0.532525000
50.211831,P1_INIT_POS_SETTLE,-0.014161000,-0.584577000,0.532525000
50.222174,P1_INIT_POS_SETTLE,-0.014161000,-0.584577000,0.532525000
50.232489,P1_INIT_POS_SETTLE,-0.014161000,-0.584577000,0.532525000
50.242831,P1_INIT_POS_SETTLE,-0.014161000,-0.584577000,0.532525000
50.253143,P1_INIT_POS_SETTLE,-0.014161000,-0.584577000,0.532525000
50.263468,P1_INIT_POS_SETTLE,-0.014161000,-0.584577000,0.532525000
50.273796,P1_INIT_POS_SETTLE,-0.014161000,-0.584577000,0.532525000
50.284119,P1_INIT_POS_SETTLE,-0.014161000,-0.584577000,0.532525000
50.294431,P1_INIT_POS_SETTLE,-0.014161000,-0.584577000,0.532525000
50.304768,P1_INIT_POS_SETTLE,-0.014161000,-0.584577000,0.532525000
50.315103,P1_INIT_POS_SETTLE,-0.014161000,-0.584577000,0.532525000
50.325420,P1_INIT_POS_SETTLE,-0.014161000,-0.584577000,0.532525000
50.335739,P1_INIT_POS_SETTLE,-0.014161000,-0.584577000,0.532525000
50.346079,P1_INIT_POS_SETTLE,-0.014161000,-0.584577000,0.532525000
50.356388,P1_INIT_POS_SETTLE,-0.014161000,-0.584577000,0.532525000
50.366710,P1_INIT_POS_SETTLE,-0.014161000,-0.584577000,0.532525000
50.377030,P1_INIT_POS_SETTLE,-0.014161000,-0.584577000,0.532525000
50.387324,P1_INIT_POS_SETTLE,-0.014161000,-0.584577000,0.532525000
50.397641,P1_INIT_POS_SETTLE,-0.014161000,-0.584577000,0.532525000
50.407965,P1_INIT_POS_SETTLE,-0.014161000,-0.584577000,0.532525000
50.418296,P1_INIT_POS_SETTLE,-0.014161000,-0.584577000,0.532525000
50.428622,P1_INIT_POS_SETTLE,-0.014161000,-0.584577000,0.532525000
50.438944,P1_INIT_POS_SETTLE,-0.014161000,-0.584577000,0.532525000
50.449248,P1_INIT_POS_SETTLE,-0.014161000,-0.584577000,0.532525000
50.459560,P1_INIT_POS_SETTLE,-0.014161000,-0.584577000,0.532525000
50.469871,P1_INIT_POS_SETTLE,-0.014161000,-0.584577000,0.532525000
50.480183,P1_INIT_POS_SETTLE,-0.014161000,-0.584577000,0.532525000
50.490503,P1_INIT_POS_SETTLE,-0.014161000,-0.584577000,0.532525000
50.500805,P1_INIT_POS_SETTLE,-0.014161000,-0.584577000,0.532525000
50.511121,P1_INIT_POS_SETTLE,-0.014161000,-0.584577000,0.532525000
50.521439,P1_INIT_POS_SETTLE,-0.014161000,-0.584577000,0.532525000
50.531758,P1_INIT_POS_SETTLE,-0.014161000,-0.584577000,0.532525000
50.542080,P1_INIT_POS_SETTLE,-0.014161000,-0.584577000,0.532525000
50.552383,P1_INIT_POS_SETTLE,-0.014161000,-0.584577000,0.532525000
50.562739,P1_INIT_POS_SETTLE,-0.014161000,-0.584577000,0.532525000
50.573085,P1_INIT_POS_SETTLE,-0.014161000,-0.584577000,0.532525000
50.583395,P1_INIT_POS_SETTLE,-0.014161000,-0.584577000,0.532525000
50.593702,P1_INIT_POS_SETTLE,-0.014161000,-0.584577000,0.532525000
50.604001,P1_INIT_POS_SETTLE,-0.014161000,-0.584577000,0.532525000
50.614316,P1_INIT_POS_SETTLE,-0.014161000,-0.584577000,0.532525000
50.624654,P1_INIT_POS_SETTLE,-0.014161000,-0.584577000,0.532525000
50.634974,P1_INIT_POS_SETTLE,-0.014161000,-0.584577000,0.532525000
50.645283,P1_INIT_POS_SETTLE,-0.014161000,-0.584577000,0.532525000
50.655591,P1_INIT_POS_SETTLE,-0.014161000,-0.584577000,0.532525000
50.665908,P1_INIT_POS_SETTLE,-0.014161000,-0.584577000,0.532525000
50.676221,P1_INIT_POS_SETTLE,-0.014161000,-0.584577000,0.532525000
50.686532,P1_INIT_POS_SETTLE,-0.014161000,-0.584577000,0.532525000
50.696835,P1_INIT_POS_SETTLE,-0.014161000,-0.584577000,0.532525000
50.707150,P1_INIT_POS_SETTLE,-0.014161000,-0.584577000,0.532525000
50.717482,P1_INIT_POS_SETTLE,-0.014161000,-0.584577000,0.532525000
50.727802,P1_INIT_POS_SETTLE,-0.014161000,-0.584577000,0.532525000
50.738098,P1_INIT_POS_SETTLE,-0.014161000,-0.584577000,0.532525000
50.748403,P1_INIT_POS_SETTLE,-0.014161000,-0.584577000,0.532525000
50.758717,P1_INIT_POS_SETTLE,-0.014161000,-0.584577000,0.532525000
50.769026,P1_INIT_POS_SETTLE,-0.014161000,-0.584577000,0.532525000
50.779318,P1_INIT_POS_SETTLE,-0.014161000,-0.584577000,0.532525000
50.789623,P1_INIT_POS_SETTLE,-0.014161000,-0.584577000,0.532525000
50.799923,P1_INIT_POS_SETTLE,-0.014161000,-0.584577000,0.532525000
50.810221,P1_INIT_POS_SETTLE,-0.014161000,-0.584577000,0.532525000
50.820546,P1_INIT_POS_SETTLE,-0.014161000,-0.584577000,0.532525000
50.830875,P1_INIT_POS_SETTLE,-0.014161000,-0.584577000,0.532525000
50.841189,P1_INIT_POS_SETTLE,-0.014161000,-0.584577000,0.532525000
50.851497,P1_INIT_POS_SETTLE,-0.014161000,-0.584577000,0.532525000
50.861802,P1_INIT_POS_SETTLE,-0.014161000,-0.584577000,0.532525000
50.872112,P1_INIT_POS_SETTLE,-0.014161000,-0.584577000,0.532525000
50.882403,P1_INIT_POS_SETTLE,-0.014161000,-0.584577000,0.532525000
50.892717,P1_INIT_POS_SETTLE,-0.014161000,-0.584577000,0.532525000
50.903031,P1_INIT_POS_SETTLE,-0.014161000,-0.584577000,0.532525000
50.913334,P1_INIT_POS_SETTLE,-0.014161000,-0.584577000,0.532525000
50.923663,P1_INIT_POS_SETTLE,-0.014161000,-0.584577000,0.532525000
50.934001,P1_INIT_POS_SETTLE,-0.014161000,-0.584577000,0.532525000
50.944319,P1_INIT_POS_SETTLE,-0.014161000,-0.584577000,0.532525000
50.954680,P1_INIT_POS_SETTLE,-0.014161000,-0.584577000,0.532525000
50.965017,P1_INIT_POS_SETTLE,-0.014161000,-0.584577000,0.532525000
50.975319,P1_INIT_POS_SETTLE,-0.014161000,-0.584577000,0.532525000
50.985643,P1_INIT_POS_SETTLE,-0.014161000,-0.584577000,0.532525000
50.995948,P1_INIT_POS_SETTLE,-0.014161000,-0.584577000,0.532525000
51.006265,P1_INIT_POS_SETTLE,-0.014161000,-0.584577000,0.532525000
51.016587,P1_INIT_POS_SETTLE,-0.014161000,-0.584577000,0.532525000
51.026912,P1_INIT_POS_SETTLE,-0.014161000,-0.584577000,0.532525000
51.037221,P1_INIT_POS_SETTLE,-0.014161000,-0.584577000,0.532525000
51.047548,P1_INIT_POS_SETTLE,-0.014161000,-0.584577000,0.532525000
51.057871,P1_INIT_POS_SETTLE,-0.014161000,-0.584577000,0.532525000
51.068178,P1_INIT_POS_SETTLE,-0.014161000,-0.584577000,0.532525000
51.078493,P1_INIT_POS_SETTLE,-0.014161000,-0.584577000,0.532525000
51.088811,P1_INIT_POS_SETTLE,-0.014161000,-0.584577000,0.532525000
51.099116,P1_INIT_POS_SETTLE,-0.014161000,-0.584577000,0.532525000
51.109429,P1_INIT_POS_SETTLE,-0.014161000,-0.584577000,0.532525000
51.119756,P1_INIT_POS_SETTLE,-0.014161000,-0.584577000,0.532525000
51.130072,P1_INIT_POS_SETTLE,-0.014161000,-0.584577000,0.532525000
51.140385,P1_INIT_POS_SETTLE,-0.014161000,-0.584577000,0.532525000
51.150695,P1_INIT_POS_SETTLE,-0.014161000,-0.584577000,0.532525000
51.160998,P1_INIT_POS_SETTLE,-0.014161000,-0.584577000,0.532525000
51.171288,P1_INIT_POS_SETTLE,-0.014161000,-0.584577000,0.532525000
51.181597,P1_INIT_POS_SETTLE,-0.014161000,-0.584577000,0.532525000
51.191904,P1_INIT_POS_SETTLE,-0.014161000,-0.584577000,0.532525000
51.202199,P1_INIT_POS_SETTLE,-0.014161000,-0.584577000,0.532525000
51.212512,P1_INIT_POS_SETTLE,-0.014161000,-0.584577000,0.532525000
51.222871,P1_INIT_POS_SETTLE,-0.014161000,-0.584577000,0.532525000
51.233178,P1_INIT_POS_SETTLE,-0.014161000,-0.584577000,0.532525000
51.243478,P1_INIT_POS_SETTLE,-0.014161000,-0.584577000,0.532525000
51.253778,P1_INIT_POS_SETTLE,-0.014161000,-0.584577000,0.532525000
51.264089,P1_INIT_POS_SETTLE,-0.014161000,-0.584577000,0.532525000
51.274376,P1_INIT_POS_SETTLE,-0.014161000,-0.584577000,0.532525000
51.284681,P1_INIT_POS_SETTLE,-0.014161000,-0.584577000,0.532525000
51.294970,P1_INIT_POS_SETTLE,-0.014161000,-0.584577000,0.532525000
51.305264,P1_INIT_POS_SETTLE,-0.014161000,-0.584577000,0.532525000
51.315833,P1_INIT_POS_SETTLE,-0.014161000,-0.584577000,0.532525000
51.326148,P1_INIT_POS_SETTLE,-0.014161000,-0.584577000,0.532525000
51.336439,P1_INIT_POS_SETTLE,-0.014161000,-0.584577000,0.532525000
51.346759,P1_INIT_POS_SETTLE,-0.014161000,-0.584577000,0.532525000
51.357057,P1_INIT_POS_SETTLE,-0.014161000,-0.584577000,0.532525000
51.367356,P1_INIT_POS_SETTLE,-0.014161000,-0.584577000,0.532525000
51.377649,P1_INIT_POS_SETTLE,-0.014161000,-0.584577000,0.532525000
51.387959,P1_INIT_POS_SETTLE,-0.014161000,-0.584577000,0.532525000
51.398269,P1_INIT_POS_SETTLE,-0.014161000,-0.584577000,0.532525000
51.408576,P1_INIT_POS_SETTLE,-0.014161000,-0.584577000,0.532525000
51.418904,P1_INIT_POS_SETTLE,-0.014161000,-0.584577000,0.532525000
51.429212,P1_INIT_POS_SETTLE,-0.014161000,-0.584577000,0.532525000
51.439549,P1_INIT_POS_SETTLE,-0.014161000,-0.584577000,0.532525000
51.449805,P1_INIT_POS_SETTLE,-0.014161000,-0.584577000,0.532525000
51.460151,P1_INIT_POS_SETTLE,-0.014161000,-0.584577000,0.532525000
51.470492,P1_INIT_POS_SETTLE,-0.014161000,-0.584577000,0.532525000
51.480798,P1_INIT_POS_SETTLE,-0.014161000,-0.584577000,0.532525000
51.491115,P1_INIT_POS_SETTLE,-0.014161000,-0.584577000,0.532525000
51.501417,P1_INIT_POS_SETTLE,-0.014161000,-0.584577000,0.532525000
51.511748,P1_INIT_POS_SETTLE,-0.014161000,-0.584577000,0.532525000
51.522083,P1_INIT_POS_SETTLE,-0.014161000,-0.584577000,0.532525000
51.532398,P1_INIT_POS_SETTLE,-0.014161000,-0.584577000,0.532525000
51.542722,P1_INIT_POS_SETTLE,-0.014161000,-0.584577000,0.532525000
51.553054,P1_INIT_POS_SETTLE,-0.014161000,-0.584577000,0.532525000
51.563361,P1_INIT_POS_SETTLE,-0.014161000,-0.584577000,0.532525000
51.573755,P1_INIT_POS_SETTLE,-0.014161000,-0.584577000,0.532525000
51.584120,P1_INIT_POS_SETTLE,-0.014161000,-0.584577000,0.532525000
51.594448,P1_INIT_POS_SETTLE,-0.014161000,-0.584577000,0.532525000
51.604728,P1_INIT_POS_SETTLE,-0.014161000,-0.584577000,0.532525000
51.615036,P1_INIT_POS_SETTLE,-0.014161000,-0.584577000,0.532525000
51.625375,P1_INIT_POS_SETTLE,-0.014161000,-0.584577000,0.532525000
51.635708,P1_INIT_POS_SETTLE,-0.014161000,-0.584577000,0.532525000
51.646035,P1_INIT_POS_SETTLE,-0.014161000,-0.584577000,0.532525000
51.656360,P1_INIT_POS_SETTLE,-0.014161000,-0.584577000,0.532525000
51.666616,P1_INIT_POS_SETTLE,-0.014161000,-0.584577000,0.532525000
51.676795,P1_INIT_POS_SETTLE,-0.014161000,-0.584577000,0.532525000
51.686992,P1_INIT_POS_SETTLE,-0.014161000,-0.584577000,0.532525000
51.697176,P1_INIT_POS_SETTLE,-0.014161000,-0.584577000,0.532525000
51.707337,P1_INIT_POS_SETTLE,-0.014161000,-0.584577000,0.532525000
51.717497,P1_INIT_POS_SETTLE,-0.014161000,-0.584577000,0.532525000
51.727656,P1_INIT_POS_SETTLE,-0.014161000,-0.584577000,0.532525000
51.737813,P1_INIT_POS_SETTLE,-0.014161000,-0.584577000,0.532525000
51.748145,P1_INIT_POS_SETTLE,-0.014161000,-0.584577000,0.532525000
51.758485,P1_INIT_POS_SETTLE,-0.014161000,-0.584577000,0.532525000
51.768820,P1_INIT_POS_SETTLE,-0.014161000,-0.584577000,0.532525000
51.779136,P1_INIT_POS_SETTLE,-0.014161000,-0.584577000,0.532525000
51.789443,P1_INIT_POS_SETTLE,-0.014161000,-0.584577000,0.532525000
51.799761,P1_INIT_POS_SETTLE,-0.014161000,-0.584577000,0.532525000
51.810108,P1_INIT_POS_SETTLE,-0.014161000,-0.584577000,0.532525000
51.820434,P1_INIT_POS_SETTLE,-0.014161000,-0.584577000,0.532525000
51.830775,P1_INIT_POS_SETTLE,-0.014161000,-0.584577000,0.532525000
51.841107,P1_INIT_POS_SETTLE,-0.014161000,-0.584577000,0.532525000
51.851424,P1_INIT_POS_SETTLE,-0.014161000,-0.584577000,0.532525000
51.861748,P1_INIT_POS_SETTLE,-0.014161000,-0.584577000,0.532525000
51.872066,P1_INIT_POS_SETTLE,-0.014161000,-0.584577000,0.532525000
51.882358,P1_INIT_POS_SETTLE,-0.014161000,-0.584577000,0.532525000
51.892670,P1_INIT_POS_SETTLE,-0.014161000,-0.584577000,0.532525000
51.902983,P1_INIT_POS_SETTLE,-0.014161000,-0.584577000,0.532525000
51.913293,P1_INIT_POS_SETTLE,-0.014161000,-0.584577000,0.532525000
51.923612,P1_INIT_POS_SETTLE,-0.014161000,-0.584577000,0.532525000
51.933935,P1_INIT_POS_SETTLE,-0.014161000,-0.584577000,0.532525000
51.944262,P1_INIT_POS_SETTLE,-0.014161000,-0.584577000,0.532525000
51.954570,P1_INIT_POS_SETTLE,-0.014161000,-0.584577000,0.532525000
51.964909,P1_INIT_POS_SETTLE,-0.014161000,-0.584577000,0.532525000
51.975205,P1_INIT_POS_SETTLE,-0.014161000,-0.584577000,0.532525000
51.985522,P1_INIT_POS_SETTLE,-0.014161000,-0.584577000,0.532525000
51.996624,P1_INIT_POS_SETTLE,-0.014161000,-0.584577000,0.532525000
52.006977,P1_INIT_POS_SETTLE,-0.014161000,-0.584577000,0.532525000
52.017306,P1_INIT_POS_SETTLE,-0.014161000,-0.584577000,0.532525000
52.027641,P1_INIT_POS_SETTLE,-0.014161000,-0.584577000,0.532525000
52.037960,P1_INIT_POS_SETTLE,-0.014161000,-0.584577000,0.532525000
52.048276,P1_INIT_POS_SETTLE,-0.014161000,-0.584577000,0.532525000
52.058594,P1_INIT_POS_SETTLE,-0.014161000,-0.584577000,0.532525000
52.068922,P1_INIT_POS_SETTLE,-0.014161000,-0.584577000,0.532525000
52.079246,P1_INIT_POS_SETTLE,-0.014161000,-0.584577000,0.532525000
52.089555,P1_INIT_POS_SETTLE,-0.014161000,-0.584577000,0.532525000
52.099864,P1_INIT_POS_SETTLE,-0.014161000,-0.584577000,0.532525000
52.110173,P1_INIT_POS_SETTLE,-0.014161000,-0.584577000,0.532525000
52.120505,P1_INIT_POS_SETTLE,-0.014161000,-0.584577000,0.532525000
52.130831,P1_INIT_POS_SETTLE,-0.014161000,-0.584577000,0.532525000
52.141140,P1_INIT_POS_SETTLE,-0.014161000,-0.584577000,0.532525000
52.151451,P1_INIT_POS_SETTLE,-0.014161000,-0.584577000,0.532525000
52.161767,P1_INIT_POS_SETTLE,-0.014161000,-0.584577000,0.532525000
52.172072,P1_INIT_POS_SETTLE,-0.014161000,-0.584577000,0.532525000
52.182372,P1_INIT_POS_SETTLE,-0.014161000,-0.584577000,0.532525000
52.192683,P1_INIT_POS_SETTLE,-0.014161000,-0.584577000,0.532525000
52.203001,P1_INIT_POS_SETTLE,-0.014161000,-0.584577000,0.532525000
52.213311,P1_INIT_POS_SETTLE,-0.014161000,-0.584577000,0.532525000
52.223637,P1_INIT_POS_SETTLE,-0.014161000,-0.584577000,0.532525000
52.233959,P1_INIT_POS_SETTLE,-0.014161000,-0.584577000,0.532525000
52.244274,P1_INIT_POS_SETTLE,-0.014161000,-0.584577000,0.532525000
52.254581,P1_INIT_POS_SETTLE,-0.014161000,-0.584577000,0.532525000
52.264922,P1_INIT_POS_SETTLE,-0.014161000,-0.584577000,0.532525000
52.275251,P1_INIT_POS_SETTLE,-0.014161000,-0.584577000,0.532525000
52.285558,P1_INIT_POS_SETTLE,-0.014161000,-0.584577000,0.532525000
52.295873,P1_INIT_POS_SETTLE,-0.014161000,-0.584577000,0.532525000
52.306172,P1_INIT_POS_SETTLE,-0.014161000,-0.584577000,0.532525000
52.316507,P1_INIT_POS_SETTLE,-0.014161000,-0.584577000,0.532525000
52.326827,P1_INIT_POS_SETTLE,-0.014161000,-0.584577000,0.532525000
52.337244,P1_INIT_POS_SETTLE,-0.014161000,-0.584577000,0.532525000
52.347630,P1_INIT_POS_SETTLE,-0.014161000,-0.584577000,0.532525000
52.358010,P1_INIT_POS_SETTLE,-0.014161000,-0.584577000,0.532525000
52.368358,P1_INIT_POS_SETTLE,-0.014161000,-0.584577000,0.532525000
52.378718,P1_INIT_POS_SETTLE,-0.014161000,-0.584577000,0.532525000
52.389056,P1_INIT_POS_SETTLE,-0.014161000,-0.584577000,0.532525000
52.399397,P1_INIT_POS_SETTLE,-0.014161000,-0.584577000,0.532525000
52.409786,P1_INIT_POS_SETTLE,-0.014161000,-0.584577000,0.532525000
52.420139,P1_INIT_POS_SETTLE,-0.014161000,-0.584577000,0.532525000
52.430494,P1_INIT_POS_SETTLE,-0.014161000,-0.584577000,0.532525000
52.440842,P1_INIT_POS_SETTLE,-0.014161000,-0.584577000,0.532525000
52.451186,P1_INIT_POS_SETTLE,-0.014161000,-0.584577000,0.532525000
52.461544,P1_INIT_POS_SETTLE,-0.014161000,-0.584577000,0.532525000
52.471886,P1_INIT_POS_SETTLE,-0.014161000,-0.584577000,0.532525000
52.482224,P1_INIT_POS_SETTLE,-0.014161000,-0.584577000,0.532525000
52.492562,P1_INIT_POS_SETTLE,-0.014161000,-0.584577000,0.532525000
52.502911,P1_INIT_POS_SETTLE,-0.014161000,-0.584577000,0.532525000
52.513258,P1_INIT_POS_SETTLE,-0.014161000,-0.584577000,0.532525000
52.523607,P1_INIT_POS_SETTLE,-0.014161000,-0.584577000,0.532525000
52.533933,P1_INIT_POS_SETTLE,-0.014161000,-0.584577000,0.532525000
52.544252,P1_INIT_POS_SETTLE,-0.014161000,-0.584577000,0.532525000
52.554563,P1_INIT_POS_SETTLE,-0.014161000,-0.584577000,0.532525000
52.564878,P1_INIT_POS_SETTLE,-0.014161000,-0.584577000,0.532525000
52.575274,P1_INIT_POS_SETTLE,-0.014161000,-0.584577000,0.532525000
52.585658,P1_INIT_POS_SETTLE,-0.014161000,-0.584577000,0.532525000
52.596012,P1_INIT_POS_SETTLE,-0.014161000,-0.584577000,0.532525000
52.606362,P1_INIT_POS_SETTLE,-0.014161000,-0.584577000,0.532525000
52.616733,P1_INIT_POS_SETTLE,-0.014161000,-0.584577000,0.532525000
52.627066,P1_INIT_POS_SETTLE,-0.014161000,-0.584577000,0.532525000
52.637402,P1_INIT_POS_SETTLE,-0.014161000,-0.584577000,0.532525000
52.647753,P1_INIT_POS_SETTLE,-0.014161000,-0.584577000,0.532525000
52.658089,P1_INIT_POS_SETTLE,-0.014161000,-0.584577000,0.532525000
52.668406,P1_INIT_POS_SETTLE,-0.014161000,-0.584577000,0.532525000
52.678741,P1_INIT_POS_SETTLE,-0.014161000,-0.584577000,0.532525000
52.689086,P1_INIT_POS_SETTLE,-0.014161000,-0.584577000,0.532525000
52.699406,P1_INIT_POS_SETTLE,-0.014161000,-0.584577000,0.532525000
52.709746,P1_INIT_POS_SETTLE,-0.014161000,-0.584577000,0.532525000
52.720068,P1_INIT_POS_SETTLE,-0.014161000,-0.584577000,0.532525000
52.730391,P1_INIT_POS_SETTLE,-0.014161000,-0.584577000,0.532525000
52.740721,P1_INIT_POS_SETTLE,-0.014161000,-0.584577000,0.532525000
52.751046,P1_INIT_POS_SETTLE,-0.014161000,-0.584577000,0.532525000
52.761358,P1_INIT_POS_SETTLE,-0.014161000,-0.584577000,0.532525000
52.771685,P1_INIT_POS_SETTLE,-0.014161000,-0.584577000,0.532525000
52.782009,P1_INIT_POS_SETTLE,-0.014161000,-0.584577000,0.532525000
52.792323,P1_INIT_POS_SETTLE,-0.014161000,-0.584577000,0.532525000
52.802652,P1_INIT_POS_SETTLE,-0.014161000,-0.584577000,0.532525000
52.812974,P1_INIT_POS_SETTLE,-0.014161000,-0.584577000,0.532525000
52.823290,P1_INIT_POS_SETTLE,-0.014161000,-0.584577000,0.532525000
52.833589,P1_INIT_POS_SETTLE,-0.014161000,-0.584577000,0.532525000
52.843922,P1_INIT_POS_SETTLE,-0.014161000,-0.584577000,0.532525000
52.854282,P1_INIT_POS_SETTLE,-0.014161000,-0.584577000,0.532525000
52.864628,P1_INIT_POS_SETTLE,-0.014161000,-0.584577000,0.532525000
52.874978,P1_INIT_POS_SETTLE,-0.014161000,-0.584577000,0.532525000
52.885309,P1_INIT_POS_SETTLE,-0.014161000,-0.584577000,0.532525000
52.895642,P1_INIT_POS_SETTLE,-0.014161000,-0.584577000,0.532525000
52.906137,P1_INIT_POS_SETTLE,-0.014161000,-0.584577000,0.532525000
52.916488,P1_INIT_POS_SETTLE,-0.014161000,-0.584577000,0.532525000
52.926842,P1_INIT_POS_SETTLE,-0.014161000,-0.584577000,0.532525000
52.937159,P1_INIT_POS_SETTLE,-0.014161000,-0.584577000,0.532525000
52.947499,P1_INIT_POS_SETTLE,-0.014161000,-0.584577000,0.532525000
52.957812,P1_INIT_POS_SETTLE,-0.014161000,-0.584577000,0.532525000
52.968122,P1_INIT_POS_SETTLE,-0.014161000,-0.584577000,0.532525000
52.978442,P1_INIT_POS_SETTLE,-0.014161000,-0.584577000,0.532525000
52.988768,P1_INIT_POS_SETTLE,-0.014161000,-0.584577000,0.532525000
52.999099,P1_INIT_POS_SETTLE,-0.014161000,-0.584577000,0.532525000
53.009411,P1_INIT_POS_SETTLE,-0.014161000,-0.584577000,0.532525000
53.019749,P1_INIT_POS_SETTLE,-0.014161000,-0.584577000,0.532525000
53.030076,P1_INIT_POS_SETTLE,-0.014161000,-0.584577000,0.532525000
53.040387,P1_INIT_POS_SETTLE,-0.014161000,-0.584577000,0.532525000
53.050709,P1_INIT_POS_SETTLE,-0.014161000,-0.584577000,0.532525000
53.061034,P1_INIT_POS_SETTLE,-0.014161000,-0.584577000,0.532525000
53.071343,P1_INIT_POS_SETTLE,-0.014161000,-0.584577000,0.532525000
53.081666,P1_INIT_POS_SETTLE,-0.014161000,-0.584577000,0.532525000
53.091999,P1_INIT_POS_SETTLE,-0.014161000,-0.584577000,0.532525000
53.102315,P1_INIT_POS_SETTLE,-0.014161000,-0.584577000,0.532525000
53.112643,P1_INIT_POS_SETTLE,-0.014161000,-0.584577000,0.532525000
53.123222,P1_INIT_POS_SETTLE,-0.014161000,-0.584577000,0.532525000
53.133545,P1_INIT_POS_SETTLE,-0.014161000,-0.584577000,0.532525000
53.143863,P1_INIT_POS_SETTLE,-0.014161000,-0.584577000,0.532525000
53.154175,P1_INIT_POS_SETTLE,-0.014161000,-0.584577000,0.532525000
53.164488,P1_INIT_POS_SETTLE,-0.014161000,-0.584577000,0.532525000
53.174793,P1_INIT_POS_SETTLE,-0.014161000,-0.584577000,0.532525000
53.185103,P1_INIT_POS_SETTLE,-0.014161000,-0.584577000,0.532525000
53.195402,P1_INIT_POS_SETTLE,-0.014161000,-0.584577000,0.532525000
53.205712,P1_INIT_POS_SETTLE,-0.014161000,-0.584577000,0.532525000
53.216275,P1_INIT_POS_SETTLE,-0.014161000,-0.584577000,0.532525000
53.226599,P1_INIT_POS_SETTLE,-0.014161000,-0.584577000,0.532525000
53.236909,P1_INIT_POS_SETTLE,-0.014161000,-0.584577000,0.532525000
53.247217,P1_INIT_POS_SETTLE,-0.014161000,-0.584577000,0.532525000
53.257530,P1_INIT_POS_SETTLE,-0.014161000,-0.584577000,0.532525000
53.267841,P1_INIT_POS_SETTLE,-0.014161000,-0.584577000,0.532525000
53.278136,P1_INIT_POS_SETTLE,-0.014161000,-0.584577000,0.532525000
53.288432,P1_INIT_POS_SETTLE,-0.014161000,-0.584577000,0.532525000
53.298747,P1_INIT_POS_SETTLE,-0.014161000,-0.584577000,0.532525000
53.309065,P1_INIT_POS_SETTLE,-0.014161000,-0.584577000,0.532525000
53.319378,P1_INIT_POS_SETTLE,-0.014161000,-0.584577000,0.532525000
53.329695,P1_INIT_POS_SETTLE,-0.014161000,-0.584577000,0.532525000
53.339999,P1_INIT_POS_SETTLE,-0.014161000,-0.584577000,0.532525000
53.350313,P1_INIT_POS_SETTLE,-0.014161000,-0.584577000,0.532525000
53.360620,P1_INIT_POS_SETTLE,-0.014161000,-0.584577000,0.532525000
53.370945,P1_INIT_POS_SETTLE,-0.014161000,-0.584577000,0.532525000
53.381259,P1_INIT_POS_SETTLE,-0.014161000,-0.584577000,0.532525000
53.391565,P1_INIT_POS_SETTLE,-0.014161000,-0.584577000,0.532525000
53.401875,P1_INIT_POS_SETTLE,-0.014161000,-0.584577000,0.532525000
53.412189,P1_INIT_POS_SETTLE,-0.014161000,-0.584577000,0.532525000
53.422524,P1_INIT_POS_SETTLE,-0.014161000,-0.584577000,0.532525000
53.432837,P1_INIT_POS_SETTLE,-0.014161000,-0.584577000,0.532525000
53.443153,P1_INIT_POS_SETTLE,-0.014161000,-0.584577000,0.532525000
53.453467,P1_INIT_POS_SETTLE,-0.014161000,-0.584577000,0.532525000
53.463774,P1_INIT_POS_SETTLE,-0.014161000,-0.584577000,0.532525000
53.474079,P1_INIT_POS_SETTLE,-0.014161000,-0.584577000,0.532525000
53.484373,P1_INIT_POS_SETTLE,-0.014161000,-0.584577000,0.532525000
53.494685,P1_INIT_POS_SETTLE,-0.014161000,-0.584577000,0.532525000
53.505014,P1_INIT_POS_SETTLE,-0.014161000,-0.584577000,0.532525000
53.515337,P1_INIT_POS_SETTLE,-0.014161000,-0.584577000,0.532525000
53.525664,P1_INIT_POS_SETTLE,-0.014161000,-0.584577000,0.532525000
53.535998,P1_INIT_POS_SETTLE,-0.014161000,-0.584577000,0.532525000
53.546323,P1_INIT_POS_SETTLE,-0.014161000,-0.584577000,0.532525000
53.556654,P1_INIT_POS_SETTLE,-0.014161000,-0.584577000,0.532525000
53.567000,P1_INIT_POS_SETTLE,-0.014161000,-0.584577000,0.532525000
53.577315,P1_INIT_POS_SETTLE,-0.014161000,-0.584577000,0.532525000
53.587693,P1_INIT_POS_SETTLE,-0.014161000,-0.584577000,0.532525000
53.598015,P1_INIT_POS_SETTLE,-0.014161000,-0.584577000,0.532525000
53.608334,P1_INIT_POS_SETTLE,-0.014161000,-0.584577000,0.532525000
53.618667,P1_INIT_POS_SETTLE,-0.014161000,-0.584577000,0.532525000
53.628985,P1_INIT_POS_SETTLE,-0.014161000,-0.584577000,0.532525000
53.639294,P1_INIT_POS_SETTLE,-0.014161000,-0.584577000,0.532525000
53.649620,P1_INIT_POS_SETTLE,-0.014161000,-0.584577000,0.532525000
53.659954,P1_INIT_POS_SETTLE,-0.014161000,-0.584577000,0.532525000
53.670257,P1_INIT_POS_SETTLE,-0.014161000,-0.584577000,0.532525000
53.680557,P1_INIT_POS_SETTLE,-0.014161000,-0.584577000,0.532525000
53.690865,P1_INIT_POS_SETTLE,-0.014161000,-0.584577000,0.532525000
53.701164,P1_INIT_POS_SETTLE,-0.014161000,-0.584577000,0.532525000
53.711480,P1_INIT_POS_SETTLE,-0.014161000,-0.584577000,0.532525000
53.721803,P1_INIT_POS_SETTLE,-0.014161000,-0.584577000,0.532525000
53.732125,P1_INIT_POS_SETTLE,-0.014161000,-0.584577000,0.532525000
53.742423,P1_INIT_POS_SETTLE,-0.014161000,-0.584577000,0.532525000
53.752753,P1_INIT_POS_SETTLE,-0.014161000,-0.584577000,0.532525000
53.763056,P1_INIT_POS_SETTLE,-0.014161000,-0.584577000,0.532525000
53.773360,P1_INIT_POS_SETTLE,-0.014161000,-0.584577000,0.532525000
53.783667,P1_INIT_POS_SETTLE,-0.014161000,-0.584577000,0.532525000
53.793965,P1_INIT_POS_SETTLE,-0.014161000,-0.584577000,0.532525000
53.804254,P1_INIT_POS_SETTLE,-0.014161000,-0.584577000,0.532525000
53.814557,P1_INIT_POS_SETTLE,-0.014161000,-0.584577000,0.532525000
53.824871,P1_INIT_POS_SETTLE,-0.014161000,-0.584577000,0.532525000
53.835180,P1_INIT_POS_SETTLE,-0.014161000,-0.584577000,0.532525000
53.845485,P1_INIT_POS_SETTLE,-0.014161000,-0.584577000,0.532525000
53.855792,P1_INIT_POS_SETTLE,-0.014161000,-0.584577000,0.532525000
53.866115,P1_INIT_POS_SETTLE,-0.014161000,-0.584577000,0.532525000
53.876408,P1_INIT_POS_SETTLE,-0.014161000,-0.584577000,0.532525000
53.886710,P1_INIT_POS_SETTLE,-0.014161000,-0.584577000,0.532525000
53.897020,P1_INIT_POS_SETTLE,-0.014161000,-0.584577000,0.532525000
53.907341,P1_INIT_POS_SETTLE,-0.014161000,-0.584577000,0.532525000
53.917684,P1_INIT_POS_SETTLE,-0.014161000,-0.584577000,0.532525000
53.928011,P1_INIT_POS_SETTLE,-0.014161000,-0.584577000,0.532525000
53.938322,P1_INIT_POS_SETTLE,-0.014161000,-0.584577000,0.532525000
53.948634,P1_INIT_POS_SETTLE,-0.014161000,-0.584577000,0.532525000
53.959001,P1_INIT_POS_SETTLE,-0.014161000,-0.584577000,0.532525000
53.969298,P1_INIT_POS_SETTLE,-0.014161000,-0.584577000,0.532525000
53.979602,P1_INIT_POS_SETTLE,-0.014161000,-0.584577000,0.532525000
53.989913,P1_INIT_POS_SETTLE,-0.014161000,-0.584577000,0.532525000
54.000228,P1_INIT_POS_SETTLE,-0.014161000,-0.584577000,0.532525000
54.010543,P1_INIT_POS_SETTLE,-0.014161000,-0.584577000,0.532525000
54.020863,P1_INIT_POS_SETTLE,-0.014161000,-0.584577000,0.532525000
54.031187,P1_INIT_POS_SETTLE,-0.014161000,-0.584577000,0.532525000
54.041507,P1_INIT_POS_SETTLE,-0.014161000,-0.584577000,0.532525000
54.051826,P1_INIT_POS_SETTLE,-0.014161000,-0.584577000,0.532525000
54.062142,P1_INIT_POS_SETTLE,-0.014161000,-0.584577000,0.532525000
54.072447,P1_INIT_POS_SETTLE,-0.014161000,-0.584577000,0.532525000
54.082783,P1_INIT_POS_SETTLE,-0.014161000,-0.584577000,0.532525000
54.093106,P1_INIT_POS_SETTLE,-0.014161000,-0.584577000,0.532525000
54.103411,P1_INIT_POS_SETTLE,-0.014161000,-0.584577000,0.532525000
54.113743,P1_INIT_POS_SETTLE,-0.014161000,-0.584577000,0.532525000
54.124067,P1_INIT_POS_SETTLE,-0.014161000,-0.584577000,0.532525000
54.134367,P1_INIT_POS_SETTLE,-0.014161000,-0.584577000,0.532525000
54.144677,P1_INIT_POS_SETTLE,-0.014161000,-0.584577000,0.532525000
54.154992,P1_INIT_POS_SETTLE,-0.014161000,-0.584577000,0.532525000
54.165291,P1_INIT_POS_SETTLE,-0.014161000,-0.584577000,0.532525000
54.175592,P1_INIT_POS_SETTLE,-0.014161000,-0.584577000,0.532525000
54.185903,P1_INIT_POS_SETTLE,-0.014161000,-0.584577000,0.532525000
54.196199,P1_INIT_POS_SETTLE,-0.014161000,-0.584577000,0.532525000
54.206529,P1_INIT_POS_SETTLE,-0.014161000,-0.584577000,0.532525000
54.216884,P1_INIT_POS_SETTLE,-0.014161000,-0.584577000,0.532525000
54.227226,P1_INIT_POS_SETTLE,-0.014161000,-0.584577000,0.532525000
54.237563,P1_INIT_POS_SETTLE,-0.014161000,-0.584577000,0.532525000
54.247876,P1_INIT_POS_SETTLE,-0.014161000,-0.584577000,0.532525000
54.258194,P1_INIT_POS_SETTLE,-0.014161000,-0.584577000,0.532525000
54.268517,P1_INIT_POS_SETTLE,-0.014161000,-0.584577000,0.532525000
54.278834,P1_INIT_POS_SETTLE,-0.014161000,-0.584577000,0.532525000
54.289143,P1_INIT_POS_SETTLE,-0.014161000,-0.584577000,0.532525000
54.299449,P1_INIT_POS_SETTLE,-0.014161000,-0.584577000,0.532525000
54.309763,P1_INIT_POS_SETTLE,-0.014161000,-0.584577000,0.532525000
54.320078,P1_INIT_POS_SETTLE,-0.014161000,-0.584577000,0.532525000
54.330390,P1_INIT_POS_SETTLE,-0.014161000,-0.584577000,0.532525000
54.340689,P1_INIT_POS_SETTLE,-0.014161000,-0.584577000,0.532525000
54.350897,P1_INIT_POS_SETTLE,-0.014161000,-0.584577000,0.532525000
54.361082,P1_INIT_POS_SETTLE,-0.014161000,-0.584577000,0.532525000
54.371255,P1_INIT_POS_SETTLE,-0.014161000,-0.584577000,0.532525000
54.381449,P1_INIT_POS_SETTLE,-0.014161000,-0.584577000,0.532525000
54.391642,P1_INIT_POS_SETTLE,-0.014161000,-0.584577000,0.532525000
54.401814,P1_INIT_POS_SETTLE,-0.014161000,-0.584577000,0.532525000
54.412150,P1_INIT_POS_SETTLE,-0.014161000,-0.584577000,0.532525000
54.422490,P1_INIT_POS_SETTLE,-0.014161000,-0.584577000,0.532525000
54.432816,P1_INIT_POS_SETTLE,-0.014161000,-0.584577000,0.532525000
54.443134,P1_INIT_POS_SETTLE,-0.014161000,-0.584577000,0.532525000
54.453452,P1_INIT_POS_SETTLE,-0.014161000,-0.584577000,0.532525000
54.463808,P1_INIT_POS_SETTLE,-0.014161000,-0.584577000,0.532525000
54.474128,P1_INIT_POS_SETTLE,-0.014161000,-0.584577000,0.532525000
54.484433,P1_INIT_POS_SETTLE,-0.014161000,-0.584577000,0.532525000
54.494742,P1_INIT_POS_SETTLE,-0.014161000,-0.584577000,0.532525000
54.505056,P1_INIT_POS_SETTLE,-0.014161000,-0.584577000,0.532525000
54.515375,P1_INIT_POS_SETTLE,-0.014161000,-0.584577000,0.532525000
54.525708,P1_INIT_POS_SETTLE,-0.014161000,-0.584577000,0.532525000
54.536036,P1_INIT_POS_SETTLE,-0.014161000,-0.584577000,0.532525000
54.546344,P1_INIT_POS_SETTLE,-0.014161000,-0.584577000,0.532525000
54.556663,P1_INIT_POS_SETTLE,-0.014161000,-0.584577000,0.532525000
54.566974,P1_INIT_POS_SETTLE,-0.014161000,-0.584577000,0.532525000
54.577279,P1_INIT_POS_SETTLE,-0.014161000,-0.584577000,0.532525000
54.587678,P1_INIT_POS_SETTLE,-0.014161000,-0.584577000,0.532525000
54.598036,P1_INIT_POS_SETTLE,-0.014161000,-0.584577000,0.532525000
54.608354,P1_INIT_POS_SETTLE,-0.014161000,-0.584577000,0.532525000
54.618681,P1_INIT_POS_SETTLE,-0.014161000,-0.584577000,0.532525000
54.629017,P1_INIT_POS_SETTLE,-0.014161000,-0.584577000,0.532525000
54.639316,P1_INIT_POS_SETTLE,-0.014161000,-0.584577000,0.532525000
54.649628,P1_INIT_POS_SETTLE,-0.014161000,-0.584577000,0.532525000
54.660007,P1_INIT_POS_SETTLE,-0.014161000,-0.584577000,0.532525000
54.670302,P1_INIT_POS_SETTLE,-0.014161000,-0.584577000,0.532525000
54.680608,P1_INIT_POS_SETTLE,-0.014161000,-0.584577000,0.532525000
54.690934,P1_INIT_POS_SETTLE,-0.014161000,-0.584577000,0.532525000
54.701268,P1_INIT_POS_SETTLE,-0.014161000,-0.584577000,0.532525000
54.711620,P1_INIT_POS_SETTLE,-0.014161000,-0.584577000,0.532525000
54.722019,P1_INIT_POS_SETTLE,-0.014161000,-0.584577000,0.532525000
54.732414,P1_INIT_POS_SETTLE,-0.014161000,-0.584577000,0.532525000
54.742772,P1_INIT_POS_SETTLE,-0.014161000,-0.584577000,0.532525000
54.753098,P1_INIT_POS_SETTLE,-0.014161000,-0.584577000,0.532525000
54.763429,P1_INIT_POS_SETTLE,-0.014161000,-0.584577000,0.532525000
54.773747,P1_INIT_POS_SETTLE,-0.014161000,-0.584577000,0.532525000
54.784064,P1_INIT_POS_SETTLE,-0.014161000,-0.584577000,0.532525000
54.794370,P1_INIT_POS_SETTLE,-0.014161000,-0.584577000,0.532525000
54.804696,P1_INIT_POS_SETTLE,-0.014161000,-0.584577000,0.532525000
54.815060,P1_INIT_POS_SETTLE,-0.014161000,-0.584577000,0.532525000
54.825399,P1_INIT_POS_SETTLE,-0.014161000,-0.584577000,0.532525000
54.835728,P1_INIT_POS_SETTLE,-0.014161000,-0.584577000,0.532525000
54.846050,P1_INIT_POS_SETTLE,-0.014161000,-0.584577000,0.532525000
54.856368,P1_INIT_POS_SETTLE,-0.014161000,-0.584577000,0.532525000
54.866700,P1_INIT_POS_SETTLE,-0.014161000,-0.584577000,0.532525000
54.877040,P1_INIT_POS_SETTLE,-0.014161000,-0.584577000,0.532525000
54.887355,P1_INIT_POS_SETTLE,-0.014161000,-0.584577000,0.532525000
54.897677,P1_INIT_POS_SETTLE,-0.014161000,-0.584577000,0.532525000
54.908006,P1_INIT_POS_SETTLE,-0.014161000,-0.584577000,0.532525000
54.918323,P1_INIT_POS_SETTLE,-0.014161000,-0.584577000,0.532525000
54.928646,P1_INIT_POS_SETTLE,-0.014161000,-0.584577000,0.532525000
54.938963,P1_INIT_POS_SETTLE,-0.014161000,-0.584577000,0.532525000
54.949257,P1_INIT_POS_SETTLE,-0.014161000,-0.584577000,0.532525000
54.959565,P1_INIT_POS_SETTLE,-0.014161000,-0.584577000,0.532525000
54.969866,P1_INIT_POS_SETTLE,-0.014161000,-0.584577000,0.532525000
54.980166,P1_INIT_POS_SETTLE,-0.014161000,-0.584577000,0.532525000
54.990455,P1_INIT_POS_SETTLE,-0.014161000,-0.584577000,0.532525000
55.000764,P1_INIT_POS_SETTLE,-0.014161000,-0.584577000,0.532525000
55.011057,P1_INIT_POS_SETTLE,-0.014161000,-0.584577000,0.532525000
55.021374,P1_INIT_POS_SETTLE,-0.014161000,-0.584577000,0.532525000
55.031700,P1_INIT_POS_SETTLE,-0.014161000,-0.584577000,0.532525000
55.042018,P1_INIT_POS_SETTLE,-0.014161000,-0.584577000,0.532525000
55.052321,P1_INIT_POS_SETTLE,-0.014161000,-0.584577000,0.532525000
55.062635,P1_INIT_POS_SETTLE,-0.014161000,-0.584577000,0.532525000
55.072933,P1_INIT_POS_SETTLE,-0.014161000,-0.584577000,0.532525000
55.083227,P1_INIT_POS_SETTLE,-0.014161000,-0.584577000,0.532525000
55.093531,P1_INIT_POS_SETTLE,-0.014161000,-0.584577000,0.532525000
55.103840,P1_INIT_POS_SETTLE,-0.014161000,-0.584577000,0.532525000
55.114163,P1_INIT_POS_SETTLE,-0.014161000,-0.584577000,0.532525000
55.124490,P1_INIT_POS_SETTLE,-0.014161000,-0.584577000,0.532525000
55.134813,P1_INIT_POS_SETTLE,-0.014161000,-0.584577000,0.532525000
55.145106,P1_INIT_POS_SETTLE,-0.014161000,-0.584577000,0.532525000
55.155416,P1_INIT_POS_SETTLE,-0.014161000,-0.584577000,0.532525000
55.165719,P1_INIT_POS_SETTLE,-0.014161000,-0.584577000,0.532525000
55.176027,P1_INIT_POS_SETTLE,-0.014161000,-0.584577000,0.532525000
55.186314,P1_INIT_POS_SETTLE,-0.014161000,-0.584577000,0.532525000
55.196617,P1_INIT_POS_SETTLE,-0.014161000,-0.584577000,0.532525000
55.206903,P1_INIT_POS_SETTLE,-0.014161000,-0.584577000,0.532525000
55.217205,P1_INIT_POS_SETTLE,-0.014161000,-0.584577000,0.532525000
55.227531,P1_INIT_POS_SETTLE,-0.014161000,-0.584577000,0.532525000
55.237880,P1_INIT_POS_SETTLE,-0.014161000,-0.584577000,0.532525000
55.248221,P1_INIT_POS_SETTLE,-0.014161000,-0.584577000,0.532525000
55.258557,P1_INIT_POS_SETTLE,-0.014161000,-0.584577000,0.532525000
55.268878,P1_INIT_POS_SETTLE,-0.014161000,-0.584577000,0.532525000
55.279174,P1_INIT_POS_SETTLE,-0.014161000,-0.584577000,0.532525000
55.289491,P1_INIT_POS_SETTLE,-0.014161000,-0.584577000,0.532525000
55.299786,P1_INIT_POS_SETTLE,-0.014161000,-0.584577000,0.532525000
55.310105,P1_INIT_POS_SETTLE,-0.014161000,-0.584577000,0.532525000
55.320411,P1_INIT_POS_SETTLE,-0.014161000,-0.584577000,0.532525000
55.330735,P1_INIT_POS_SETTLE,-0.014161000,-0.584577000,0.532525000
55.341043,P1_INIT_POS_SETTLE,-0.014161000,-0.584577000,0.532525000
55.351347,P1_INIT_POS_SETTLE,-0.014161000,-0.584577000,0.532525000
55.361650,P1_INIT_POS_SETTLE,-0.014161000,-0.584577000,0.532525000
55.371955,P1_INIT_POS_SETTLE,-0.014161000,-0.584577000,0.532525000
55.382240,P1_INIT_POS_SETTLE,-0.014161000,-0.584577000,0.532525000
55.392529,P1_INIT_POS_SETTLE,-0.014161000,-0.584577000,0.532525000
55.402812,P1_INIT_POS_SETTLE,-0.014161000,-0.584577000,0.532525000
55.413146,P1_INIT_POS_SETTLE,-0.014161000,-0.584577000,0.532525000
55.423492,P1_INIT_POS_SETTLE,-0.014161000,-0.584577000,0.532525000
55.433812,P1_INIT_POS_SETTLE,-0.014161000,-0.584577000,0.532525000
55.444118,P1_INIT_POS_SETTLE,-0.014161000,-0.584577000,0.532525000
55.454435,P1_INIT_POS_SETTLE,-0.014161000,-0.584577000,0.532525000
55.464750,P1_INIT_POS_SETTLE,-0.014161000,-0.584577000,0.532525000
55.475089,P1_INIT_POS_SETTLE,-0.014161000,-0.584577000,0.532525000
55.485404,P1_INIT_POS_SETTLE,-0.014161000,-0.584577000,0.532525000
55.495727,P1_INIT_POS_SETTLE,-0.014161000,-0.584577000,0.532525000
55.506070,P1_INIT_POS_SETTLE,-0.014161000,-0.584577000,0.532525000
55.516382,P1_INIT_POS_SETTLE,-0.014161000,-0.584577000,0.532525000
55.526717,P1_INIT_POS_SETTLE,-0.014161000,-0.584577000,0.532525000
55.537044,P1_INIT_POS_SETTLE,-0.014161000,-0.584577000,0.532525000
55.547350,P1_INIT_POS_SETTLE,-0.014161000,-0.584577000,0.532525000
55.557670,P1_INIT_POS_SETTLE,-0.014161000,-0.584577000,0.532525000
55.567994,P1_INIT_POS_SETTLE,-0.014161000,-0.584577000,0.532525000
55.578295,P1_INIT_POS_SETTLE,-0.014161000,-0.584577000,0.532525000
55.588611,P1_INIT_POS_SETTLE,-0.014161000,-0.584577000,0.532525000
55.598956,P1_INIT_POS_SETTLE,-0.014161000,-0.584577000,0.532525000
55.609269,P1_INIT_POS_SETTLE,-0.014161000,-0.584577000,0.532525000
55.619567,P1_INIT_POS_SETTLE,-0.014161000,-0.584577000,0.532525000
55.629870,P1_INIT_POS_SETTLE,-0.014161000,-0.584577000,0.532525000
55.640165,P1_INIT_POS_SETTLE,-0.014161000,-0.584577000,0.532525000
55.650478,P1_INIT_POS_SETTLE,-0.014161000,-0.584577000,0.532525000
55.660761,P1_INIT_POS_SETTLE,-0.014161000,-0.584577000,0.532525000
55.671090,P1_INIT_POS_SETTLE,-0.014161000,-0.584577000,0.532525000
55.681389,P1_INIT_POS_SETTLE,-0.014161000,-0.584577000,0.532525000
55.691719,P1_INIT_POS_SETTLE,-0.014161000,-0.584577000,0.532525000
55.702027,P1_INIT_POS_SETTLE,-0.014161000,-0.584577000,0.532525000
55.712480,P1_INIT_POS_SETTLE,-0.014161000,-0.584577000,0.532525000
55.722795,P1_INIT_POS_SETTLE,-0.014161000,-0.584577000,0.532525000
55.733122,P1_INIT_POS_SETTLE,-0.014161000,-0.584577000,0.532525000
55.743412,P1_INIT_POS_SETTLE,-0.014161000,-0.584577000,0.532525000
55.753737,P1_INIT_POS_SETTLE,-0.014161000,-0.584577000,0.532525000
55.764033,P1_INIT_POS_SETTLE,-0.014161000,-0.584577000,0.532525000
55.774326,P1_INIT_POS_SETTLE,-0.014161000,-0.584577000,0.532525000
55.784621,P1_INIT_POS_SETTLE,-0.014161000,-0.584577000,0.532525000
55.794912,P1_INIT_POS_SETTLE,-0.014161000,-0.584577000,0.532525000
55.805198,P1_INIT_POS_SETTLE,-0.014161000,-0.584577000,0.532525000
55.815647,P1_INIT_POS_SETTLE,-0.014161000,-0.584577000,0.532525000
55.825913,P1_INIT_POS_SETTLE,-0.014161000,-0.584577000,0.532525000
55.836239,P1_INIT_POS_SETTLE,-0.014161000,-0.584577000,0.532525000
55.846553,P1_INIT_POS_SETTLE,-0.014161000,-0.584577000,0.532525000
55.856871,P1_INIT_POS_SETTLE,-0.014161000,-0.584577000,0.532525000
55.867196,P1_INIT_POS_SETTLE,-0.014161000,-0.584577000,0.532525000
55.877501,P1_INIT_POS_SETTLE,-0.014161000,-0.584577000,0.532525000
55.887839,P1_INIT_POS_SETTLE,-0.014161000,-0.584577000,0.532525000
55.898156,P1_INIT_POS_SETTLE,-0.014161000,-0.584577000,0.532525000
55.908478,P1_INIT_POS_SETTLE,-0.014161000,-0.584577000,0.532525000
55.918796,P1_INIT_POS_SETTLE,-0.014161000,-0.584577000,0.532525000
55.929099,P1_INIT_POS_SETTLE,-0.014161000,-0.584577000,0.532525000
55.939408,P1_INIT_POS_SETTLE,-0.014161000,-0.584577000,0.532525000
55.949681,P1_INIT_POS_SETTLE,-0.014161000,-0.584577000,0.532525000
55.959907,P1_INIT_POS_SETTLE,-0.014161000,-0.584577000,0.532525000
55.970220,P1_INIT_POS_SETTLE,-0.014161000,-0.584577000,0.532525000
55.980528,P1_INIT_POS_SETTLE,-0.014161000,-0.584577000,0.532525000
55.990836,P1_INIT_POS_SETTLE,-0.014161000,-0.584577000,0.532525000
56.001135,P1_INIT_POS_SETTLE,-0.014161000,-0.584577000,0.532525000
56.011438,P1_INIT_POS_SETTLE,-0.014161000,-0.584577000,0.532525000
56.021768,P1_INIT_POS_SETTLE,-0.014161000,-0.584577000,0.532525000
56.032084,P1_INIT_POS_SETTLE,-0.014161000,-0.584577000,0.532525000
56.042384,P1_INIT_POS_SETTLE,-0.014161000,-0.584577000,0.532525000
56.052696,P1_INIT_POS_SETTLE,-0.014161000,-0.584577000,0.532525000
56.063019,P1_INIT_POS_SETTLE,-0.014161000,-0.584577000,0.532525000
56.073316,P1_INIT_POS_SETTLE,-0.014161000,-0.584577000,0.532525000
56.083618,P1_INIT_POS_SETTLE,-0.014161000,-0.584577000,0.532525000
56.093861,P1_INIT_POS_SETTLE,-0.014161000,-0.584577000,0.532525000
56.104161,P1_INIT_POS_SETTLE,-0.014161000,-0.584577000,0.532525000
56.114485,P1_INIT_POS_SETTLE,-0.014161000,-0.584577000,0.532525000
56.124814,P1_INIT_POS_SETTLE,-0.014161000,-0.584577000,0.532525000
56.135144,P1_INIT_POS_SETTLE,-0.014161000,-0.584577000,0.532525000
56.145474,P1_INIT_POS_SETTLE,-0.014161000,-0.584577000,0.532525000
56.155725,P1_INIT_POS_SETTLE,-0.014161000,-0.584577000,0.532525000
56.166012,P1_INIT_POS_SETTLE,-0.014161000,-0.584577000,0.532525000
56.176339,P1_INIT_POS_SETTLE,-0.014161000,-0.584577000,0.532525000
56.186591,P1_INIT_POS_SETTLE,-0.014161000,-0.584577000,0.532525000
56.196790,P1_INIT_POS_SETTLE,-0.014161000,-0.584577000,0.532525000
56.206987,P1_INIT_POS_SETTLE,-0.014161000,-0.584577000,0.532525000
56.217181,P1_INIT_POS_SETTLE,-0.014161000,-0.584577000,0.532525000
56.227377,P1_INIT_POS_SETTLE,-0.014161000,-0.584577000,0.532525000
56.237546,P1_INIT_POS_SETTLE,-0.014161000,-0.584577000,0.532525000
56.247712,P1_INIT_POS_SETTLE,-0.014161000,-0.584577000,0.532525000
56.257901,P1_INIT_POS_SETTLE,-0.014161000,-0.584577000,0.532525000
56.268073,P1_INIT_POS_SETTLE,-0.014161000,-0.584577000,0.532525000
56.278247,P1_INIT_POS_SETTLE,-0.014161000,-0.584577000,0.532525000
56.288442,P1_INIT_POS_SETTLE,-0.014161000,-0.584577000,0.532525000
56.298607,P1_INIT_POS_SETTLE,-0.014161000,-0.584577000,0.532525000
56.308781,P1_INIT_POS_SETTLE,-0.014161000,-0.584577000,0.532525000
56.319150,P1_INIT_POS_SETTLE,-0.014161000,-0.584577000,0.532525000
56.329503,P1_INIT_POS_SETTLE,-0.014161000,-0.584577000,0.532525000
56.339860,P1_INIT_POS_SETTLE,-0.014161000,-0.584577000,0.532525000
56.350195,P1_INIT_POS_SETTLE,-0.014161000,-0.584577000,0.532525000
56.360540,P1_INIT_POS_SETTLE,-0.014161000,-0.584577000,0.532525000
56.370887,P1_INIT_POS_SETTLE,-0.014161000,-0.584577000,0.532525000
56.381207,P1_INIT_POS_SETTLE,-0.014161000,-0.584577000,0.532525000
56.391530,P1_INIT_POS_SETTLE,-0.014161000,-0.584577000,0.532525000
56.401841,P1_INIT_POS_SETTLE,-0.014161000,-0.584577000,0.532525000
56.412218,P1_INIT_POS_SETTLE,-0.014161000,-0.584577000,0.532525000
56.422509,P1_INIT_POS_SETTLE,-0.014161000,-0.584577000,0.532525000
56.432710,P1_INIT_POS_SETTLE,-0.014161000,-0.584577000,0.532525000
56.442895,P1_INIT_POS_SETTLE,-0.014161000,-0.584577000,0.532525000
56.453080,P1_INIT_POS_SETTLE,-0.014161000,-0.584577000,0.532525000
56.463292,P1_INIT_POS_SETTLE,-0.014161000,-0.584577000,0.532525000
56.473614,P1_INIT_POS_SETTLE,-0.014161000,-0.584577000,0.532525000
56.483955,P1_INIT_POS_SETTLE,-0.014161000,-0.584577000,0.532525000
56.494289,P1_INIT_POS_SETTLE,-0.014161000,-0.584577000,0.532525000
56.504614,P1_INIT_POS_SETTLE,-0.014161000,-0.584577000,0.532525000
56.514953,P1_INIT_POS_SETTLE,-0.014161000,-0.584577000,0.532525000
56.525282,P1_INIT_POS_SETTLE,-0.014161000,-0.584577000,0.532525000
56.535631,P1_INIT_POS_SETTLE,-0.014161000,-0.584577000,0.532525000
56.546007,P1_INIT_POS_SETTLE,-0.014161000,-0.584577000,0.532525000
56.556350,P1_INIT_POS_SETTLE,-0.014161000,-0.584577000,0.532525000
56.566697,P1_INIT_POS_SETTLE,-0.014161000,-0.584577000,0.532525000
56.577046,P1_INIT_POS_SETTLE,-0.014161000,-0.584577000,0.532525000
56.587371,P1_INIT_POS_SETTLE,-0.014161000,-0.584577000,0.532525000
56.597800,P1_INIT_POS_SETTLE,-0.014161000,-0.584577000,0.532525000
56.608153,P1_INIT_POS_SETTLE,-0.014161000,-0.584577000,0.532525000
56.618502,P1_INIT_POS_SETTLE,-0.014161000,-0.584577000,0.532525000
56.628874,P1_INIT_POS_SETTLE,-0.014161000,-0.584577000,0.532525000
56.639205,P1_INIT_POS_SETTLE,-0.014161000,-0.584577000,0.532525000
56.649540,P1_INIT_POS_SETTLE,-0.014161000,-0.584577000,0.532525000
56.659913,P1_INIT_POS_SETTLE,-0.014161000,-0.584577000,0.532525000
56.670235,P1_INIT_POS_SETTLE,-0.014161000,-0.584577000,0.532525000
56.680553,P1_INIT_POS_SETTLE,-0.014161000,-0.584577000,0.532525000
56.690868,P1_INIT_POS_SETTLE,-0.014161000,-0.584577000,0.532525000
56.701177,P1_INIT_POS_SETTLE,-0.014161000,-0.584577000,0.532525000
56.711518,P1_INIT_POS_SETTLE,-0.014161000,-0.584577000,0.532525000
56.721876,P1_INIT_POS_SETTLE,-0.014161000,-0.584577000,0.532525000
56.732213,P1_INIT_POS_SETTLE,-0.014161000,-0.584577000,0.532525000
56.742554,P1_INIT_POS_SETTLE,-0.014161000,-0.584577000,0.532525000
56.752952,P1_INIT_POS_SETTLE,-0.014161000,-0.584577000,0.532525000
56.763314,P1_INIT_POS_SETTLE,-0.014161000,-0.584577000,0.532525000
56.773673,P1_INIT_POS_SETTLE,-0.014161000,-0.584577000,0.532525000
56.784006,P1_INIT_POS_SETTLE,-0.014161000,-0.584577000,0.532525000
56.794336,P1_INIT_POS_SETTLE,-0.014161000,-0.584577000,0.532525000
56.804674,P1_INIT_POS_SETTLE,-0.014161000,-0.584577000,0.532525000
56.815037,P1_INIT_POS_SETTLE,-0.014161000,-0.584577000,0.532525000
56.825364,P1_INIT_POS_SETTLE,-0.014161000,-0.584577000,0.532525000
56.835711,P1_INIT_POS_SETTLE,-0.014161000,-0.584577000,0.532525000
56.846054,P1_INIT_POS_SETTLE,-0.014161000,-0.584577000,0.532525000
56.856396,P1_INIT_POS_SETTLE,-0.014161000,-0.584577000,0.532525000
56.866743,P1_INIT_POS_SETTLE,-0.014161000,-0.584577000,0.532525000
56.877088,P1_INIT_POS_SETTLE,-0.014161000,-0.584577000,0.532525000
56.887407,P1_INIT_POS_SETTLE,-0.014161000,-0.584577000,0.532525000
56.897764,P1_INIT_POS_SETTLE,-0.014161000,-0.584577000,0.532525000
56.908102,P1_INIT_POS_SETTLE,-0.014161000,-0.584577000,0.532525000
56.918442,P1_INIT_POS_SETTLE,-0.014161000,-0.584577000,0.532525000
56.928764,P1_INIT_POS_SETTLE,-0.014161000,-0.584577000,0.532525000
56.939109,P1_INIT_POS_SETTLE,-0.014161000,-0.584577000,0.532525000
56.949443,P1_INIT_POS_SETTLE,-0.014161000,-0.584577000,0.532525000
56.959796,P1_INIT_POS_SETTLE,-0.014161000,-0.584577000,0.532525000
56.970127,P1_INIT_POS_SETTLE,-0.014161000,-0.584577000,0.532525000
56.980455,P1_INIT_POS_SETTLE,-0.014161000,-0.584577000,0.532525000
56.990805,P1_INIT_POS_SETTLE,-0.014161000,-0.584577000,0.532525000
57.001128,P1_INIT_POS_SETTLE,-0.014161000,-0.584577000,0.532525000
57.011464,P1_INIT_POS_SETTLE,-0.014161000,-0.584577000,0.532525000
57.021811,P1_INIT_POS_SETTLE,-0.014161000,-0.584577000,0.532525000
57.032146,P1_INIT_POS_SETTLE,-0.014161000,-0.584577000,0.532525000
57.042483,P1_INIT_POS_SETTLE,-0.014161000,-0.584577000,0.532525000
57.052834,P1_INIT_POS_SETTLE,-0.014161000,-0.584577000,0.532525000
57.063206,P1_INIT_POS_SETTLE,-0.014161000,-0.584577000,0.532525000
57.073529,P1_INIT_POS_SETTLE,-0.014161000,-0.584577000,0.532525000
57.083869,P1_INIT_POS_SETTLE,-0.014161000,-0.584577000,0.532525000
57.094199,P1_INIT_POS_SETTLE,-0.014161000,-0.584577000,0.532525000
57.104522,P1_INIT_POS_SETTLE,-0.014161000,-0.584577000,0.532525000
57.114888,P1_INIT_POS_SETTLE,-0.014161000,-0.584577000,0.532525000
57.125245,P1_INIT_POS_SETTLE,-0.014161000,-0.584577000,0.532525000
57.135582,P1_INIT_POS_SETTLE,-0.014161000,-0.584577000,0.532525000
57.145940,P1_INIT_POS_SETTLE,-0.014161000,-0.584577000,0.532525000
57.156292,P1_INIT_POS_SETTLE,-0.014161000,-0.584577000,0.532525000
57.166644,P1_INIT_POS_SETTLE,-0.014161000,-0.584577000,0.532525000
57.176990,P1_INIT_POS_SETTLE,-0.014161000,-0.584577000,0.532525000
57.187307,P1_INIT_POS_SETTLE,-0.014161000,-0.584577000,0.532525000
57.197671,P1_INIT_POS_SETTLE,-0.014161000,-0.584577000,0.532525000
57.208029,P1_INIT_POS_SETTLE,-0.014161000,-0.584577000,0.532525000
57.218365,P1_INIT_POS_SETTLE,-0.014161000,-0.584577000,0.532525000
57.228719,P1_INIT_POS_SETTLE,-0.014161000,-0.584577000,0.532525000
57.239067,P1_INIT_POS_SETTLE,-0.014161000,-0.584577000,0.532525000
57.249399,P1_INIT_POS_SETTLE,-0.014161000,-0.584577000,0.532525000
57.259787,P1_INIT_POS_SETTLE,-0.014161000,-0.584577000,0.532525000
57.270145,P1_INIT_POS_SETTLE,-0.014161000,-0.584577000,0.532525000
57.280502,P1_INIT_POS_SETTLE,-0.014161000,-0.584577000,0.532525000
57.290883,P1_INIT_POS_SETTLE,-0.014161000,-0.584577000,0.532525000
57.301232,P1_INIT_POS_SETTLE,-0.014161000,-0.584577000,0.532525000
57.311583,P1_INIT_POS_SETTLE,-0.014161000,-0.584577000,0.532525000
57.321947,P1_INIT_POS_SETTLE,-0.014161000,-0.584577000,0.532525000
57.332294,P1_INIT_POS_SETTLE,-0.014161000,-0.584577000,0.532525000
57.342640,P1_INIT_POS_SETTLE,-0.014161000,-0.584577000,0.532525000
57.352980,P1_INIT_POS_SETTLE,-0.014161000,-0.584577000,0.532525000
57.363323,P1_INIT_POS_SETTLE,-0.014161000,-0.584577000,0.532525000
57.373678,P1_INIT_POS_SETTLE,-0.014161000,-0.584577000,0.532525000
57.384029,P1_INIT_POS_SETTLE,-0.014161000,-0.584577000,0.532525000
57.394355,P1_INIT_POS_SETTLE,-0.014161000,-0.584577000,0.532525000
57.404696,P1_INIT_POS_SETTLE,-0.014161000,-0.584577000,0.532525000
57.415053,P1_INIT_POS_SETTLE,-0.014161000,-0.584577000,0.532525000
57.425388,P1_INIT_POS_SETTLE,-0.014161000,-0.584577000,0.532525000
57.435743,P1_INIT_POS_SETTLE,-0.014161000,-0.584577000,0.532525000
57.446084,P1_INIT_POS_SETTLE,-0.014161000,-0.584577000,0.532525000
57.456421,P1_INIT_POS_SETTLE,-0.014161000,-0.584577000,0.532525000
57.466768,P1_INIT_POS_SETTLE,-0.014161000,-0.584577000,0.532525000
57.477128,P1_INIT_POS_SETTLE,-0.014161000,-0.584577000,0.532525000
57.487453,P1_INIT_POS_SETTLE,-0.014161000,-0.584577000,0.532525000
57.497812,P1_INIT_POS_SETTLE,-0.014161000,-0.584577000,0.532525000
57.508143,P1_INIT_POS_SETTLE,-0.014161000,-0.584577000,0.532525000
57.518484,P1_INIT_POS_SETTLE,-0.014161000,-0.584577000,0.532525000
57.528837,P1_INIT_POS_SETTLE,-0.014161000,-0.584577000,0.532525000
57.539157,P1_INIT_POS_SETTLE,-0.014161000,-0.584577000,0.532525000
57.549506,P1_INIT_POS_SETTLE,-0.014161000,-0.584577000,0.532525000
57.559878,P1_INIT_POS_SETTLE,-0.014161000,-0.584577000,0.532525000
57.570205,P1_INIT_POS_SETTLE,-0.014161000,-0.584577000,0.532525000
57.580539,P1_INIT_POS_SETTLE,-0.014161000,-0.584577000,0.532525000
57.590865,P1_INIT_POS_SETTLE,-0.014161000,-0.584577000,0.532525000
57.601277,P1_INIT_POS_SETTLE,-0.014161000,-0.584577000,0.532525000
57.611661,P1_INIT_POS_SETTLE,-0.014161000,-0.584577000,0.532525000
57.622094,P1_INIT_POS_SETTLE,-0.014161000,-0.584577000,0.532525000
57.632495,P1_INIT_POS_SETTLE,-0.014161000,-0.584577000,0.532525000
57.642877,P1_INIT_POS_SETTLE,-0.014161000,-0.584577000,0.532525000
57.653218,P1_INIT_POS_SETTLE,-0.014161000,-0.584577000,0.532525000
57.663575,P1_INIT_POS_SETTLE,-0.014161000,-0.584577000,0.532525000
57.673919,P1_INIT_POS_SETTLE,-0.014161000,-0.584577000,0.532525000
57.684255,P1_INIT_POS_SETTLE,-0.014161000,-0.584577000,0.532525000
57.694602,P1_INIT_POS_SETTLE,-0.014161000,-0.584577000,0.532525000
57.704953,P1_INIT_POS_SETTLE,-0.014161000,-0.584577000,0.532525000
57.715310,P1_INIT_POS_SETTLE,-0.014161000,-0.584577000,0.532525000
57.725662,P1_INIT_POS_SETTLE,-0.014161000,-0.584577000,0.532525000
57.736025,P1_INIT_POS_SETTLE,-0.014161000,-0.584577000,0.532525000
57.746352,P1_INIT_POS_SETTLE,-0.014161000,-0.584577000,0.532525000
57.756707,P1_INIT_POS_SETTLE,-0.014161000,-0.584577000,0.532525000
57.767062,P1_INIT_POS_SETTLE,-0.014161000,-0.584577000,0.532525000
57.777401,P1_INIT_POS_SETTLE,-0.014161000,-0.584577000,0.532525000
57.787763,P1_INIT_POS_SETTLE,-0.014161000,-0.584577000,0.532525000
57.798110,P1_INIT_POS_SETTLE,-0.014161000,-0.584577000,0.532525000
57.808448,P1_INIT_POS_SETTLE,-0.014161000,-0.584577000,0.532525000
57.818813,P1_INIT_POS_SETTLE,-0.014161000,-0.584577000,0.532525000
57.829147,P1_INIT_POS_SETTLE,-0.014161000,-0.584577000,0.532525000
57.839483,P1_INIT_POS_SETTLE,-0.014161000,-0.584577000,0.532525000
57.849817,P1_INIT_POS_SETTLE,-0.014161000,-0.584577000,0.532525000
57.860142,P1_INIT_POS_SETTLE,-0.014161000,-0.584577000,0.532525000
57.870479,P1_INIT_POS_SETTLE,-0.014161000,-0.584577000,0.532525000
57.880808,P1_INIT_POS_SETTLE,-0.014161000,-0.584577000,0.532525000
57.891122,P1_INIT_POS_SETTLE,-0.014161000,-0.584577000,0.532525000
57.901438,P1_INIT_POS_SETTLE,-0.014161000,-0.584577000,0.532525000
57.911785,P1_INIT_POS_SETTLE,-0.014161000,-0.584577000,0.532525000
57.922135,P1_INIT_POS_SETTLE,-0.014161000,-0.584577000,0.532525000
57.932472,P1_INIT_POS_SETTLE,-0.014161000,-0.584577000,0.532525000
57.942817,P1_INIT_POS_SETTLE,-0.014161000,-0.584577000,0.532525000
57.953141,P1_INIT_POS_SETTLE,-0.014161000,-0.584577000,0.532525000
57.963483,P1_INIT_POS_SETTLE,-0.014161000,-0.584577000,0.532525000
57.973818,P1_INIT_POS_SETTLE,-0.014161000,-0.584577000,0.532525000
57.984155,P1_INIT_POS_SETTLE,-0.014161000,-0.584577000,0.532525000
57.994492,P1_INIT_POS_SETTLE,-0.014161000,-0.584577000,0.532525000
58.004849,P1_INIT_POS_SETTLE,-0.014161000,-0.584577000,0.532525000
58.015183,P1_INIT_POS_SETTLE,-0.014161000,-0.584577000,0.532525000
58.025543,P1_INIT_POS_SETTLE,-0.014161000,-0.584577000,0.532525000
58.035805,P1_INIT_POS_SETTLE,-0.014161000,-0.584577000,0.532525000
58.046161,P1_INIT_POS_SETTLE,-0.014161000,-0.584577000,0.532525000
58.056498,P1_INIT_POS_SETTLE,-0.014161000,-0.584577000,0.532525000
58.066863,P1_INIT_POS_SETTLE,-0.014161000,-0.584577000,0.532525000
58.077180,P1_INIT_POS_SETTLE,-0.014161000,-0.584577000,0.532525000
58.087529,P1_INIT_POS_SETTLE,-0.014161000,-0.584577000,0.532525000
58.097797,P1_INIT_POS_SETTLE,-0.014161000,-0.584577000,0.532525000
58.108150,P1_INIT_POS_SETTLE,-0.014161000,-0.584577000,0.532525000
58.118528,P1_INIT_POS_SETTLE,-0.014161000,-0.584577000,0.532525000
58.128912,P1_INIT_POS_SETTLE,-0.014161000,-0.584577000,0.532525000
58.139236,P1_INIT_POS_SETTLE,-0.014161000,-0.584577000,0.532525000
58.149560,P1_INIT_POS_SETTLE,-0.014161000,-0.584577000,0.532525000
58.159872,P1_INIT_POS_SETTLE,-0.014161000,-0.584577000,0.532525000
58.170198,P1_INIT_POS_SETTLE,-0.014161000,-0.584577000,0.532525000
58.180515,P1_INIT_POS_SETTLE,-0.014161000,-0.584577000,0.532525000
58.190849,P1_INIT_POS_SETTLE,-0.014161000,-0.584577000,0.532525000
58.201153,P1_INIT_POS_SETTLE,-0.014161000,-0.584577000,0.532525000
58.211484,P1_INIT_POS_SETTLE,-0.014161000,-0.584577000,0.532525000
58.221852,P1_INIT_POS_SETTLE,-0.014161000,-0.584577000,0.532525000
58.232183,P1_INIT_POS_SETTLE,-0.014161000,-0.584577000,0.532525000
58.242508,P1_INIT_POS_SETTLE,-0.014161000,-0.584577000,0.532525000
58.252844,P1_INIT_POS_SETTLE,-0.014161000,-0.584577000,0.532525000
58.263165,P1_INIT_POS_SETTLE,-0.014161000,-0.584577000,0.532525000
58.273501,P1_INIT_POS_SETTLE,-0.014161000,-0.584577000,0.532525000
58.283845,P1_INIT_POS_SETTLE,-0.014161000,-0.584577000,0.532525000
58.294173,P1_INIT_POS_SETTLE,-0.014161000,-0.584577000,0.532525000
58.304506,P1_INIT_POS_SETTLE,-0.014161000,-0.584577000,0.532525000
58.314922,P1_INIT_POS_SETTLE,-0.014161000,-0.584577000,0.532525000
58.325385,P1_INIT_POS_SETTLE,-0.014161000,-0.584577000,0.532525000
58.335815,P1_INIT_POS_SETTLE,-0.014161000,-0.584577000,0.532525000
58.346169,P1_INIT_POS_SETTLE,-0.014161000,-0.584577000,0.532525000
58.356507,P1_INIT_POS_SETTLE,-0.014161000,-0.584577000,0.532525000
58.366862,P1_INIT_POS_SETTLE,-0.014161000,-0.584577000,0.532525000
58.377196,P1_INIT_POS_SETTLE,-0.014161000,-0.584577000,0.532525000
58.387527,P1_INIT_POS_SETTLE,-0.014161000,-0.584577000,0.532525000
58.397868,P1_INIT_POS_SETTLE,-0.014161000,-0.584577000,0.532525000
58.408192,P1_INIT_POS_SETTLE,-0.014161000,-0.584577000,0.532525000
58.418563,P1_INIT_POS_SETTLE,-0.014161000,-0.584577000,0.532525000
58.428888,P1_INIT_POS_SETTLE,-0.014161000,-0.584577000,0.532525000
58.439225,P1_INIT_POS_SETTLE,-0.014161000,-0.584577000,0.532525000
58.449557,P1_INIT_POS_SETTLE,-0.014161000,-0.584577000,0.532525000
58.459913,P1_INIT_POS_SETTLE,-0.014161000,-0.584577000,0.532525000
58.470243,P1_INIT_POS_SETTLE,-0.014161000,-0.584577000,0.532525000
58.480570,P1_INIT_POS_SETTLE,-0.014161000,-0.584577000,0.532525000
58.490905,P1_INIT_POS_SETTLE,-0.014161000,-0.584577000,0.532525000
58.501227,P1_INIT_POS_SETTLE,-0.014161000,-0.584577000,0.532525000
58.511573,P1_INIT_POS_SETTLE,-0.014161000,-0.584577000,0.532525000
58.521890,P1_INIT_POS_SETTLE,-0.014161000,-0.584577000,0.532525000
58.532242,P1_INIT_POS_SETTLE,-0.014161000,-0.584577000,0.532525000
58.542566,P1_INIT_POS_SETTLE,-0.014161000,-0.584577000,0.532525000
58.552930,P1_INIT_POS_SETTLE,-0.014161000,-0.584577000,0.532525000
58.563287,P1_INIT_POS_SETTLE,-0.014161000,-0.584577000,0.532525000
58.573645,P1_INIT_POS_SETTLE,-0.014161000,-0.584577000,0.532525000
58.584024,P1_INIT_POS_SETTLE,-0.014161000,-0.584577000,0.532525000
58.594367,P1_INIT_POS_SETTLE,-0.014161000,-0.584577000,0.532525000
58.604830,P1_INIT_POS_SETTLE,-0.014161000,-0.584577000,0.532525000
58.615223,P1_INIT_POS_SETTLE,-0.014161000,-0.584577000,0.532525000
58.625585,P1_INIT_POS_SETTLE,-0.014161000,-0.584577000,0.532525000
58.635949,P1_INIT_POS_SETTLE,-0.014161000,-0.584577000,0.532525000
58.646299,P1_INIT_POS_SETTLE,-0.014161000,-0.584577000,0.532525000
58.656661,P1_INIT_POS_SETTLE,-0.014161000,-0.584577000,0.532525000
58.667009,P1_INIT_POS_SETTLE,-0.014161000,-0.584577000,0.532525000
58.677330,P1_INIT_POS_SETTLE,-0.014161000,-0.584577000,0.532525000
58.687671,P1_INIT_POS_SETTLE,-0.014161000,-0.584577000,0.532525000
58.698053,P1_INIT_POS_SETTLE,-0.014161000,-0.584577000,0.532525000
58.708443,P1_INIT_POS_SETTLE,-0.014161000,-0.584577000,0.532525000
58.718812,P1_INIT_POS_SETTLE,-0.014161000,-0.584577000,0.532525000
58.729157,P1_INIT_POS_SETTLE,-0.014161000,-0.584577000,0.532525000
58.739493,P1_INIT_POS_SETTLE,-0.014161000,-0.584577000,0.532525000
58.749833,P1_INIT_POS_SETTLE,-0.014161000,-0.584577000,0.532525000
58.760181,P1_INIT_POS_SETTLE,-0.014161000,-0.584577000,0.532525000
58.770513,P1_INIT_POS_SETTLE,-0.014161000,-0.584577000,0.532525000
58.780822,P1_INIT_POS_SETTLE,-0.014161000,-0.584577000,0.532525000
58.791126,P1_INIT_POS_SETTLE,-0.014161000,-0.584577000,0.532525000
58.801419,P1_INIT_POS_SETTLE,-0.014161000,-0.584577000,0.532525000
58.811721,P1_INIT_POS_SETTLE,-0.014161000,-0.584577000,0.532525000
58.822010,P1_INIT_POS_SETTLE,-0.014161000,-0.584577000,0.532525000
58.832297,P1_INIT_POS_SETTLE,-0.014161000,-0.584577000,0.532525000
58.842582,P1_INIT_POS_SETTLE,-0.014161000,-0.584577000,0.532525000
58.852867,P1_INIT_POS_SETTLE,-0.014161000,-0.584577000,0.532525000
58.863158,P1_INIT_POS_SETTLE,-0.014161000,-0.584577000,0.532525000
58.873449,P1_INIT_POS_SETTLE,-0.014161000,-0.584577000,0.532525000
58.883751,P1_INIT_POS_SETTLE,-0.014161000,-0.584577000,0.532525000
58.894036,P1_INIT_POS_SETTLE,-0.014161000,-0.584577000,0.532525000
58.904315,P1_INIT_POS_SETTLE,-0.014161000,-0.584577000,0.532525000
58.914635,P1_INIT_POS_SETTLE,-0.014161000,-0.584577000,0.532525000
58.924951,P1_INIT_POS_SETTLE,-0.014161000,-0.584577000,0.532525000
58.935271,P1_INIT_POS_SETTLE,-0.014161000,-0.584577000,0.532525000
58.945558,P1_INIT_POS_SETTLE,-0.014161000,-0.584577000,0.532525000
58.955855,P1_INIT_POS_SETTLE,-0.014161000,-0.584577000,0.532525000
58.966145,P1_INIT_POS_SETTLE,-0.014161000,-0.584577000,0.532525000
58.976451,P1_INIT_POS_SETTLE,-0.014161000,-0.584577000,0.532525000
58.986745,P1_INIT_POS_SETTLE,-0.014161000,-0.584577000,0.532525000
58.997030,P1_INIT_POS_SETTLE,-0.014161000,-0.584577000,0.532525000
59.007316,P1_INIT_POS_SETTLE,-0.014161000,-0.584577000,0.532525000
59.017619,P1_INIT_POS_SETTLE,-0.014161000,-0.584577000,0.532525000
59.027898,P1_INIT_POS_SETTLE,-0.014161000,-0.584577000,0.532525000
59.038184,P1_INIT_POS_SETTLE,-0.014161000,-0.584577000,0.532525000
59.048518,P1_INIT_POS_SETTLE,-0.014161000,-0.584577000,0.532525000
59.058809,P1_INIT_POS_SETTLE,-0.014161000,-0.584577000,0.532525000
59.069105,P1_INIT_POS_SETTLE,-0.014161000,-0.584577000,0.532525000
59.079387,P1_INIT_POS_SETTLE,-0.014161000,-0.584577000,0.532525000
59.089675,P1_INIT_POS_SETTLE,-0.014161000,-0.584577000,0.532525000
59.099953,P1_INIT_POS_SETTLE,-0.014161000,-0.584577000,0.532525000
59.110227,P1_INIT_POS_SETTLE,-0.014161000,-0.584577000,0.532525000
59.120515,P1_INIT_POS_SETTLE,-0.014161000,-0.584577000,0.532525000
59.130787,P1_INIT_POS_SETTLE,-0.014161000,-0.584577000,0.532525000
59.141060,P1_INIT_POS_SETTLE,-0.014161000,-0.584577000,0.532525000
59.151332,P1_INIT_POS_SETTLE,-0.014161000,-0.584577000,0.532525000
59.161618,P1_INIT_POS_SETTLE,-0.014161000,-0.584577000,0.532525000
59.171902,P1_INIT_POS_SETTLE,-0.014161000,-0.584577000,0.532525000
59.182179,P1_INIT_POS_SETTLE,-0.014161000,-0.584577000,0.532525000
59.192450,P1_INIT_POS_SETTLE,-0.014161000,-0.584577000,0.532525000
59.202751,P1_INIT_POS_SETTLE,-0.014161000,-0.584577000,0.532525000
59.213040,P1_INIT_POS_SETTLE,-0.014161000,-0.584577000,0.532525000
59.223329,P1_INIT_POS_SETTLE,-0.014161000,-0.584577000,0.532525000
59.233625,P1_INIT_POS_SETTLE,-0.014161000,-0.584577000,0.532525000
59.243907,P1_INIT_POS_SETTLE,-0.014161000,-0.584577000,0.532525000
59.254182,P1_INIT_POS_SETTLE,-0.014161000,-0.584577000,0.532525000
59.264477,P1_INIT_POS_SETTLE,-0.014161000,-0.584577000,0.532525000
59.274767,P1_INIT_POS_SETTLE,-0.014161000,-0.584577000,0.532525000
59.285045,P1_INIT_POS_SETTLE,-0.014161000,-0.584577000,0.532525000
59.295316,P1_INIT_POS_SETTLE,-0.014161000,-0.584577000,0.532525000
59.305625,P1_INIT_POS_SETTLE,-0.014161000,-0.584577000,0.532525000
59.315913,P1_INIT_POS_SETTLE,-0.014161000,-0.584577000,0.532525000
59.326188,P1_INIT_POS_SETTLE,-0.014161000,-0.584577000,0.532525000
59.336472,P1_INIT_POS_SETTLE,-0.014161000,-0.584577000,0.532525000
59.346749,P1_INIT_POS_SETTLE,-0.014161000,-0.584577000,0.532525000
59.357018,P1_INIT_POS_SETTLE,-0.014161000,-0.584577000,0.532525000
59.367297,P1_INIT_POS_SETTLE,-0.014161000,-0.584577000,0.532525000
59.377572,P1_INIT_POS_SETTLE,-0.014161000,-0.584577000,0.532525000
59.387842,P1_INIT_POS_SETTLE,-0.014161000,-0.584577000,0.532525000
59.398111,P1_INIT_POS_SETTLE,-0.014161000,-0.584577000,0.532525000
59.408379,P1_INIT_POS_SETTLE,-0.014161000,-0.584577000,0.532525000
59.418661,P1_INIT_POS_SETTLE,-0.014161000,-0.584577000,0.532525000
59.428929,P1_INIT_POS_SETTLE,-0.014161000,-0.584577000,0.532525000
59.439197,P1_INIT_POS_SETTLE,-0.014161000,-0.584577000,0.532525000
59.449504,P1_INIT_POS_SETTLE,-0.014161000,-0.584577000,0.532525000
59.459812,P1_INIT_POS_SETTLE,-0.014161000,-0.584577000,0.532525000
59.470036,P1_INIT_POS_SETTLE,-0.014161000,-0.584577000,0.532525000
59.480232,P1_INIT_POS_SETTLE,-0.014161000,-0.584577000,0.532525000
59.490412,P1_INIT_POS_SETTLE,-0.014161000,-0.584577000,0.532525000
59.500599,P1_INIT_POS_SETTLE,-0.014161000,-0.584577000,0.532525000
59.510779,P1_INIT_POS_SETTLE,-0.014161000,-0.584577000,0.532525000
59.520958,P1_INIT_POS_SETTLE,-0.014161000,-0.584577000,0.532525000
59.531147,P1_INIT_POS_SETTLE,-0.014161000,-0.584577000,0.532525000
59.541339,P1_INIT_POS_SETTLE,-0.014161000,-0.584577000,0.532525000
59.551517,P1_INIT_POS_SETTLE,-0.014161000,-0.584577000,0.532525000
59.561722,P1_INIT_POS_SETTLE,-0.014161000,-0.584577000,0.532525000
59.571929,P1_INIT_POS_SETTLE,-0.014161000,-0.584577000,0.532525000
59.582103,P1_INIT_POS_SETTLE,-0.014161000,-0.584577000,0.532525000
59.592288,P1_INIT_POS_SETTLE,-0.014161000,-0.584577000,0.532525000
59.602476,P1_INIT_POS_SETTLE,-0.014161000,-0.584577000,0.532525000
59.612738,P1_INIT_POS_SETTLE,-0.014161000,-0.584577000,0.532525000
59.622967,P1_INIT_POS_SETTLE,-0.014161000,-0.584577000,0.532525000
59.633168,P1_INIT_POS_SETTLE,-0.014161000,-0.584577000,0.532525000
59.643377,P1_INIT_POS_SETTLE,-0.014161000,-0.584577000,0.532525000
59.653616,P1_INIT_POS_SETTLE,-0.014161000,-0.584577000,0.532525000
59.663840,P1_INIT_POS_SETTLE,-0.014161000,-0.584577000,0.532525000
59.674047,P1_INIT_POS_SETTLE,-0.014161000,-0.584577000,0.532525000
59.684231,P1_INIT_POS_SETTLE,-0.014161000,-0.584577000,0.532525000
59.694412,P1_INIT_POS_SETTLE,-0.014161000,-0.584577000,0.532525000
59.704607,P1_INIT_POS_SETTLE,-0.014161000,-0.584577000,0.532525000
59.714788,P1_INIT_POS_SETTLE,-0.014161000,-0.584577000,0.532525000
59.724958,P1_INIT_POS_SETTLE,-0.014161000,-0.584577000,0.532525000
59.735142,P1_INIT_POS_SETTLE,-0.014161000,-0.584577000,0.532525000
59.745312,P1_INIT_POS_SETTLE,-0.014161000,-0.584577000,0.532525000
59.755499,P1_INIT_POS_SETTLE,-0.014161000,-0.584577000,0.532525000
59.765689,P1_INIT_POS_SETTLE,-0.014161000,-0.584577000,0.532525000
59.775869,P1_INIT_POS_SETTLE,-0.014161000,-0.584577000,0.532525000
59.786047,P1_INIT_POS_SETTLE,-0.014161000,-0.584577000,0.532525000
59.796228,P1_INIT_POS_SETTLE,-0.014161000,-0.584577000,0.532525000
59.806400,P1_INIT_POS_SETTLE,-0.014161000,-0.584577000,0.532525000
59.816591,P1_INIT_POS_SETTLE,-0.014161000,-0.584577000,0.532525000
59.826764,P1_INIT_POS_SETTLE,-0.014161000,-0.584577000,0.532525000
59.836943,P1_INIT_POS_SETTLE,-0.014161000,-0.584577000,0.532525000
59.847108,P1_INIT_POS_SETTLE,-0.014161000,-0.584577000,0.532525000
59.857270,P1_INIT_POS_SETTLE,-0.014161000,-0.584577000,0.532525000
59.867455,P1_INIT_POS_SETTLE,-0.014161000,-0.584577000,0.532525000
59.877640,P1_INIT_POS_SETTLE,-0.014161000,-0.584577000,0.532525000
59.887819,P1_INIT_POS_SETTLE,-0.014161000,-0.584577000,0.532525000
59.897989,P1_INIT_POS_SETTLE,-0.014161000,-0.584577000,0.532525000
59.908159,P1_INIT_POS_SETTLE,-0.014161000,-0.584577000,0.532525000
59.918329,P1_INIT_POS_SETTLE,-0.014161000,-0.584577000,0.532525000
59.928499,P1_INIT_POS_SETTLE,-0.014161000,-0.584577000,0.532525000
59.938671,P1_INIT_POS_SETTLE,-0.014161000,-0.584577000,0.532525000
59.948837,P1_INIT_POS_SETTLE,-0.014161000,-0.584577000,0.532525000
59.958995,P1_INIT_POS_SETTLE,-0.014161000,-0.584577000,0.532525000
59.969160,P1_INIT_POS_SETTLE,-0.014161000,-0.584577000,0.532525000
59.979338,P1_INIT_POS_SETTLE,-0.014161000,-0.584577000,0.532525000
59.989519,P1_INIT_POS_SETTLE,-0.014161000,-0.584577000,0.532525000
59.999684,P1_INIT_POS_SETTLE,-0.014161000,-0.584577000,0.532525000
60.009848,P1_INIT_POS_SETTLE,-0.014161000,-0.584577000,0.532525000
60.020014,P1_INIT_POS_SETTLE,-0.014161000,-0.584577000,0.532525000
60.030184,P1_INIT_POS_SETTLE,-0.014161000,-0.584577000,0.532525000
60.040345,P1_INIT_POS_SETTLE,-0.014161000,-0.584577000,0.532525000
60.050504,P1_INIT_POS_SETTLE,-0.014161000,-0.584577000,0.532525000
60.060663,P1_INIT_POS_SETTLE,-0.014161000,-0.584577000,0.532525000
60.070870,P1_INIT_POS_SETTLE,-0.014161000,-0.584577000,0.532525000
60.081082,P1_INIT_POS_SETTLE,-0.014161000,-0.584577000,0.532525000
60.091256,P1_INIT_POS_SETTLE,-0.014161000,-0.584577000,0.532525000
60.101434,P1_INIT_POS_SETTLE,-0.014161000,-0.584577000,0.532525000
60.111608,P1_INIT_POS_SETTLE,-0.014161000,-0.584577000,0.532525000
60.121778,P1_INIT_POS_SETTLE,-0.014161000,-0.584577000,0.532525000
60.131945,P1_INIT_POS_SETTLE,-0.014161000,-0.584577000,0.532525000
60.142107,P1_INIT_POS_SETTLE,-0.014161000,-0.584577000,0.532525000
60.152272,P1_INIT_POS_SETTLE,-0.014161000,-0.584577000,0.532525000
60.162433,P1_INIT_POS_SETTLE,-0.014161000,-0.584577000,0.532525000
60.172603,P1_INIT_POS_SETTLE,-0.014161000,-0.584577000,0.532525000
60.182765,P1_INIT_POS_SETTLE,-0.014161000,-0.584577000,0.532525000
60.192929,P1_INIT_POS_SETTLE,-0.014161000,-0.584577000,0.532525000
60.203092,P1_INIT_POS_SETTLE,-0.014161000,-0.584577000,0.532525000
60.213249,P1_INIT_POS_SETTLE,-0.014161000,-0.584577000,0.532525000
60.223407,P1_INIT_POS_SETTLE,-0.014161000,-0.584577000,0.532525000
60.233574,P1_INIT_POS_SETTLE,-0.014161000,-0.584577000,0.532525000
60.243732,P1_INIT_POS_SETTLE,-0.014161000,-0.584577000,0.532525000
60.253888,P1_INIT_POS_SETTLE,-0.014161000,-0.584577000,0.532525000
60.264052,P1_INIT_POS_SETTLE,-0.014161000,-0.584577000,0.532525000
60.274218,P1_INIT_POS_SETTLE,-0.014161000,-0.584577000,0.532525000
60.284383,P1_INIT_POS_SETTLE,-0.014161000,-0.584577000,0.532525000
60.294545,P1_INIT_POS_SETTLE,-0.014161000,-0.584577000,0.532525000
60.304729,P1_INIT_POS_SETTLE,-0.014161000,-0.584577000,0.532525000
60.314924,P1_INIT_POS_SETTLE,-0.014161000,-0.584577000,0.532525000
60.325101,P1_INIT_POS_SETTLE,-0.014161000,-0.584577000,0.532525000
60.335274,P1_INIT_POS_SETTLE,-0.014161000,-0.584577000,0.532525000
60.345461,P1_INIT_POS_SETTLE,-0.014161000,-0.584577000,0.532525000
60.355708,P1_INIT_POS_SETTLE,-0.014161000,-0.584577000,0.532525000
60.365920,P1_INIT_POS_SETTLE,-0.014161000,-0.584577000,0.532525000
60.376099,P1_INIT_POS_SETTLE,-0.014161000,-0.584577000,0.532525000
60.386283,P1_INIT_POS_SETTLE,-0.014161000,-0.584577000,0.532525000
60.396472,P1_INIT_POS_SETTLE,-0.014161000,-0.584577000,0.532525000
60.406652,P1_INIT_POS_SETTLE,-0.014161000,-0.584577000,0.532525000
60.416824,P1_INIT_POS_SETTLE,-0.014161000,-0.584577000,0.532525000
60.426992,P1_INIT_POS_SETTLE,-0.014161000,-0.584577000,0.532525000
60.437157,P1_INIT_POS_SETTLE,-0.014161000,-0.584577000,0.532525000
60.447315,P1_INIT_POS_SETTLE,-0.014161000,-0.584577000,0.532525000
60.457484,P1_INIT_POS_SETTLE,-0.014161000,-0.584577000,0.532525000
60.467700,P1_INIT_POS_SETTLE,-0.014161000,-0.584577000,0.532525000
60.477906,P1_INIT_POS_SETTLE,-0.014161000,-0.584577000,0.532525000
60.488076,P1_INIT_POS_SETTLE,-0.014161000,-0.584577000,0.532525000
60.498257,P1_INIT_POS_SETTLE,-0.014161000,-0.584577000,0.532525000
60.508449,P1_INIT_POS_SETTLE,-0.014161000,-0.584577000,0.532525000
60.518648,P1_INIT_POS_SETTLE,-0.014161000,-0.584577000,0.532525000
60.528815,P1_INIT_POS_SETTLE,-0.014161000,-0.584577000,0.532525000
60.539003,P1_INIT_POS_SETTLE,-0.014161000,-0.584577000,0.532525000
60.549161,P1_INIT_POS_SETTLE,-0.014161000,-0.584577000,0.532525000
60.559319,P1_INIT_POS_SETTLE,-0.014161000,-0.584577000,0.532525000
60.569484,P1_INIT_POS_SETTLE,-0.014161000,-0.584577000,0.532525000
60.579643,P1_INIT_POS_SETTLE,-0.014161000,-0.584577000,0.532525000
60.589811,P1_INIT_POS_SETTLE,-0.014161000,-0.584577000,0.532525000
60.599973,P1_INIT_POS_SETTLE,-0.014161000,-0.584577000,0.532525000
60.610247,P1_INIT_POS_SETTLE,-0.014161000,-0.584577000,0.532525000
60.620654,P1_INIT_POS_SETTLE,-0.014161000,-0.584577000,0.532525000
60.630978,P1_INIT_POS_SETTLE,-0.014161000,-0.584577000,0.532525000
60.641267,P1_INIT_POS_SETTLE,-0.014161000,-0.584577000,0.532525000
60.651546,P1_INIT_POS_SETTLE,-0.014161000,-0.584577000,0.532525000
60.661831,P1_INIT_POS_SETTLE,-0.014161000,-0.584577000,0.532525000
60.672149,P1_INIT_POS_SETTLE,-0.014161000,-0.584577000,0.532525000
60.682453,P1_INIT_POS_SETTLE,-0.014161000,-0.584577000,0.532525000
60.692743,P1_INIT_POS_SETTLE,-0.014161000,-0.584577000,0.532525000
60.703019,P1_INIT_POS_SETTLE,-0.014161000,-0.584577000,0.532525000
60.713305,P1_INIT_POS_SETTLE,-0.014161000,-0.584577000,0.532525000
60.723595,P1_INIT_POS_SETTLE,-0.014161000,-0.584577000,0.532525000
60.733869,P1_INIT_POS_SETTLE,-0.014161000,-0.584577000,0.532525000
60.744144,P1_INIT_POS_SETTLE,-0.014161000,-0.584577000,0.532525000
60.754425,P1_INIT_POS_SETTLE,-0.014161000,-0.584577000,0.532525000
60.764710,P1_INIT_POS_SETTLE,-0.014161000,-0.584577000,0.532525000
60.775000,P1_INIT_POS_SETTLE,-0.014161000,-0.584577000,0.532525000
60.785298,P1_INIT_POS_SETTLE,-0.014161000,-0.584577000,0.532525000
60.795576,P1_INIT_POS_SETTLE,-0.014161000,-0.584577000,0.532525000
60.805852,P1_INIT_POS_SETTLE,-0.014161000,-0.584577000,0.532525000
60.816130,P1_INIT_POS_SETTLE,-0.014161000,-0.584577000,0.532525000
60.826403,P1_INIT_POS_SETTLE,-0.014161000,-0.584577000,0.532525000
60.836685,P1_INIT_POS_SETTLE,-0.014161000,-0.584577000,0.532525000
60.846957,P1_INIT_POS_SETTLE,-0.014161000,-0.584577000,0.532525000
60.857224,P1_INIT_POS_SETTLE,-0.014161000,-0.584577000,0.532525000
60.867506,P1_INIT_POS_SETTLE,-0.014161000,-0.584577000,0.532525000
60.877788,P1_INIT_POS_SETTLE,-0.014161000,-0.584577000,0.532525000
60.888076,P1_INIT_POS_SETTLE,-0.014161000,-0.584577000,0.532525000
60.898348,P1_INIT_POS_SETTLE,-0.014161000,-0.584577000,0.532525000
60.908624,P1_INIT_POS_SETTLE,-0.014161000,-0.584577000,0.532525000
60.918890,P1_INIT_POS_SETTLE,-0.014161000,-0.584577000,0.532525000
60.929158,P1_INIT_POS_SETTLE,-0.014161000,-0.584577000,0.532525000
60.939431,P1_INIT_POS_SETTLE,-0.014161000,-0.584577000,0.532525000
60.949712,P1_INIT_POS_SETTLE,-0.014161000,-0.584577000,0.532525000
60.959986,P1_INIT_POS_SETTLE,-0.014161000,-0.584577000,0.532525000
60.970262,P1_INIT_POS_SETTLE,-0.014161000,-0.584577000,0.532525000
60.980538,P1_INIT_POS_SETTLE,-0.014161000,-0.584577000,0.532525000
60.990822,P1_INIT_POS_SETTLE,-0.014161000,-0.584577000,0.532525000
61.001095,P1_INIT_POS_SETTLE,-0.014161000,-0.584577000,0.532525000
61.011368,P1_INIT_POS_SETTLE,-0.014161000,-0.584577000,0.532525000
61.021640,P1_INIT_POS_SETTLE,-0.014161000,-0.584577000,0.532525000
61.031909,P1_INIT_POS_SETTLE,-0.014161000,-0.584577000,0.532525000
61.042176,P1_INIT_POS_SETTLE,-0.014161000,-0.584577000,0.532525000
61.052441,P1_INIT_POS_SETTLE,-0.014161000,-0.584577000,0.532525000
61.062721,P1_INIT_POS_SETTLE,-0.014161000,-0.584577000,0.532525000
61.072998,P1_INIT_POS_SETTLE,-0.014161000,-0.584577000,0.532525000
61.083270,P1_INIT_POS_SETTLE,-0.014161000,-0.584577000,0.532525000
61.093541,P1_INIT_POS_SETTLE,-0.014161000,-0.584577000,0.532525000
61.103837,P1_INIT_POS_SETTLE,-0.014161000,-0.584577000,0.532525000
61.114120,P1_INIT_POS_SETTLE,-0.014161000,-0.584577000,0.532525000
61.124388,P1_INIT_POS_SETTLE,-0.014161000,-0.584577000,0.532525000
61.134668,P1_INIT_POS_SETTLE,-0.014161000,-0.584577000,0.532525000
61.144936,P1_INIT_POS_SETTLE,-0.014161000,-0.584577000,0.532525000
61.155204,P1_INIT_POS_SETTLE,-0.014161000,-0.584577000,0.532525000
61.165475,P1_INIT_POS_SETTLE,-0.014161000,-0.584577000,0.532525000
61.175756,P1_INIT_POS_SETTLE,-0.014161000,-0.584577000,0.532525000
61.186035,P1_INIT_POS_SETTLE,-0.014161000,-0.584577000,0.532525000
61.196304,P1_INIT_POS_SETTLE,-0.014161000,-0.584577000,0.532525000
61.206570,P1_INIT_POS_SETTLE,-0.014161000,-0.584577000,0.532525000
61.216842,P1_INIT_POS_SETTLE,-0.014161000,-0.584577000,0.532525000
61.227107,P1_INIT_POS_SETTLE,-0.014161000,-0.584577000,0.532525000
61.237373,P1_INIT_POS_SETTLE,-0.014161000,-0.584577000,0.532525000
61.247649,P1_INIT_POS_SETTLE,-0.014161000,-0.584577000,0.532525000
61.257913,P1_INIT_POS_SETTLE,-0.014161000,-0.584577000,0.532525000
61.268178,P1_INIT_POS_SETTLE,-0.014161000,-0.584577000,0.532525000
61.278454,P1_INIT_POS_SETTLE,-0.014161000,-0.584577000,0.532525000
61.288738,P1_INIT_POS_SETTLE,-0.014161000,-0.584577000,0.532525000
61.299007,P1_INIT_POS_SETTLE,-0.014161000,-0.584577000,0.532525000
61.309276,P1_INIT_POS_SETTLE,-0.014161000,-0.584577000,0.532525000
61.319544,P1_INIT_POS_SETTLE,-0.014161000,-0.584577000,0.532525000
61.329810,P1_INIT_POS_SETTLE,-0.014161000,-0.584577000,0.532525000
61.340076,P1_INIT_POS_SETTLE,-0.014161000,-0.584577000,0.532525000
61.350343,P1_INIT_POS_SETTLE,-0.014161000,-0.584577000,0.532525000
61.360623,P1_INIT_POS_SETTLE,-0.014161000,-0.584577000,0.532525000
61.370891,P1_INIT_POS_SETTLE,-0.014161000,-0.584577000,0.532525000
61.381168,P1_INIT_POS_SETTLE,-0.014161000,-0.584577000,0.532525000
61.391437,P1_INIT_POS_SETTLE,-0.014161000,-0.584577000,0.532525000
61.401714,P1_INIT_POS_SETTLE,-0.014161000,-0.584577000,0.532525000
61.411980,P1_INIT_POS_SETTLE,-0.014161000,-0.584577000,0.532525000
61.422279,P1_INIT_POS_SETTLE,-0.014161000,-0.584577000,0.532525000
61.432569,P1_INIT_POS_SETTLE,-0.014161000,-0.584577000,0.532525000
61.442776,P1_INIT_POS_SETTLE,-0.014161000,-0.584577000,0.532525000
61.452964,P1_INIT_POS_SETTLE,-0.014161000,-0.584577000,0.532525000
61.463152,P1_INIT_POS_SETTLE,-0.014161000,-0.584577000,0.532525000
61.473351,P1_INIT_POS_SETTLE,-0.014161000,-0.584577000,0.532525000
61.483527,P1_INIT_POS_SETTLE,-0.014161000,-0.584577000,0.532525000
61.493705,P1_INIT_POS_SETTLE,-0.014161000,-0.584577000,0.532525000
61.503893,P1_INIT_POS_SETTLE,-0.014161000,-0.584577000,0.532525000
61.514065,P1_INIT_POS_SETTLE,-0.014161000,-0.584577000,0.532525000
61.524238,P1_INIT_POS_SETTLE,-0.014161000,-0.584577000,0.532525000
61.534403,P1_INIT_POS_SETTLE,-0.014161000,-0.584577000,0.532525000
61.544576,P1_INIT_POS_SETTLE,-0.014161000,-0.584577000,0.532525000
61.554763,P1_INIT_POS_SETTLE,-0.014161000,-0.584577000,0.532525000
61.564955,P1_INIT_POS_SETTLE,-0.014161000,-0.584577000,0.532525000
61.575123,P1_INIT_POS_SETTLE,-0.014161000,-0.584577000,0.532525000
61.585330,P1_INIT_POS_SETTLE,-0.014161000,-0.584577000,0.532525000
61.595499,P1_INIT_POS_SETTLE,-0.014161000,-0.584577000,0.532525000
61.605665,P1_INIT_POS_SETTLE,-0.014161000,-0.584577000,0.532525000
61.615837,P1_INIT_POS_SETTLE,-0.014161000,-0.584577000,0.532525000
61.626085,P1_INIT_POS_SETTLE,-0.014161000,-0.584577000,0.532525000
61.636313,P1_INIT_POS_SETTLE,-0.014161000,-0.584577000,0.532525000
61.646498,P1_INIT_POS_SETTLE,-0.014161000,-0.584577000,0.532525000
61.656677,P1_INIT_POS_SETTLE,-0.014161000,-0.584577000,0.532525000
61.666846,P1_INIT_POS_SETTLE,-0.014161000,-0.584577000,0.532525000
61.677016,P1_INIT_POS_SETTLE,-0.014161000,-0.584577000,0.532525000
61.687201,P1_INIT_POS_SETTLE,-0.014161000,-0.584577000,0.532525000
61.697370,P1_INIT_POS_SETTLE,-0.014161000,-0.584577000,0.532525000
61.707541,P1_INIT_POS_SETTLE,-0.014161000,-0.584577000,0.532525000
61.717715,P1_INIT_POS_SETTLE,-0.014161000,-0.584577000,0.532525000
61.727885,P1_INIT_POS_SETTLE,-0.014161000,-0.584577000,0.532525000
61.738045,P1_INIT_POS_SETTLE,-0.014161000,-0.584577000,0.532525000
61.748207,P1_INIT_POS_SETTLE,-0.014161000,-0.584577000,0.532525000
61.758373,P1_INIT_POS_SETTLE,-0.014161000,-0.584577000,0.532525000
61.768537,P1_INIT_POS_SETTLE,-0.014161000,-0.584577000,0.532525000
61.778715,P1_INIT_POS_SETTLE,-0.014161000,-0.584577000,0.532525000
61.788890,P1_INIT_POS_SETTLE,-0.014161000,-0.584577000,0.532525000
61.799067,P1_INIT_POS_SETTLE,-0.014161000,-0.584577000,0.532525000
61.809235,P1_INIT_POS_SETTLE,-0.014161000,-0.584577000,0.532525000
61.819404,P1_INIT_POS_SETTLE,-0.014161000,-0.584577000,0.532525000
61.829579,P1_INIT_POS_SETTLE,-0.014161000,-0.584577000,0.532525000
61.839748,P1_INIT_POS_SETTLE,-0.014161000,-0.584577000,0.532525000
61.849910,P1_INIT_POS_SETTLE,-0.014161000,-0.584577000,0.532525000
61.860075,P1_INIT_POS_SETTLE,-0.014161000,-0.584577000,0.532525000
61.870246,P1_INIT_POS_SETTLE,-0.014161000,-0.584577000,0.532525000
61.880418,P1_INIT_POS_SETTLE,-0.014161000,-0.584577000,0.532525000
61.890623,P1_INIT_POS_SETTLE,-0.014161000,-0.584577000,0.532525000
61.900801,P1_INIT_POS_SETTLE,-0.014161000,-0.584577000,0.532525000
61.910984,P1_INIT_POS_SETTLE,-0.014161000,-0.584577000,0.532525000
61.921149,P1_INIT_POS_SETTLE,-0.014161000,-0.584577000,0.532525000
61.931316,P1_INIT_POS_SETTLE,-0.014161000,-0.584577000,0.532525000
61.941486,P1_INIT_POS_SETTLE,-0.014161000,-0.584577000,0.532525000
61.951656,P1_INIT_POS_SETTLE,-0.014161000,-0.584577000,0.532525000
61.961820,P1_INIT_POS_SETTLE,-0.014161000,-0.584577000,0.532525000
61.971984,P1_INIT_POS_SETTLE,-0.014161000,-0.584577000,0.532525000
61.982160,P1_INIT_POS_SETTLE,-0.014161000,-0.584577000,0.532525000
61.992351,P1_INIT_POS_SETTLE,-0.014161000,-0.584577000,0.532525000
62.002519,P1_INIT_POS_SETTLE,-0.014161000,-0.584577000,0.532525000
62.012690,P1_INIT_POS_SETTLE,-0.014161000,-0.584577000,0.532525000
62.022856,P1_INIT_POS_SETTLE,-0.014161000,-0.584577000,0.532525000
62.033031,P1_INIT_POS_SETTLE,-0.014161000,-0.584577000,0.532525000
62.043199,P1_INIT_POS_SETTLE,-0.014161000,-0.584577000,0.532525000
62.053370,P1_INIT_POS_SETTLE,-0.014161000,-0.584577000,0.532525000
62.063536,P1_INIT_POS_SETTLE,-0.014161000,-0.584577000,0.532525000
62.073702,P1_INIT_POS_SETTLE,-0.014161000,-0.584577000,0.532525000
62.083872,P1_INIT_POS_SETTLE,-0.014161000,-0.584577000,0.532525000
62.094045,P1_INIT_POS_SETTLE,-0.014161000,-0.584577000,0.532525000
62.104207,P1_INIT_POS_SETTLE,-0.014161000,-0.584577000,0.532525000
62.114375,P1_INIT_POS_SETTLE,-0.014161000,-0.584577000,0.532525000
62.124538,P1_INIT_POS_SETTLE,-0.014161000,-0.584577000,0.532525000
62.134698,P1_INIT_POS_SETTLE,-0.014161000,-0.584577000,0.532525000
62.144868,P1_INIT_POS_SETTLE,-0.014161000,-0.584577000,0.532525000
62.155025,P1_INIT_POS_SETTLE,-0.014161000,-0.584577000,0.532525000
62.165183,P1_INIT_POS_SETTLE,-0.014161000,-0.584577000,0.532525000
62.175338,P1_INIT_POS_SETTLE,-0.014161000,-0.584577000,0.532525000
62.185501,P1_INIT_POS_SETTLE,-0.014161000,-0.584577000,0.532525000
62.195670,P1_INIT_POS_SETTLE,-0.014161000,-0.584577000,0.532525000
62.205837,P1_INIT_POS_SETTLE,-0.014161000,-0.584577000,0.532525000
62.216000,P1_INIT_POS_SETTLE,-0.014161000,-0.584577000,0.532525000
62.226162,P1_INIT_POS_SETTLE,-0.014161000,-0.584577000,0.532525000
62.236323,P1_INIT_POS_SETTLE,-0.014161000,-0.584577000,0.532525000
62.246494,P1_INIT_POS_SETTLE,-0.014161000,-0.584577000,0.532525000
62.256653,P1_INIT_POS_SETTLE,-0.014161000,-0.584577000,0.532525000
62.266822,P1_INIT_POS_SETTLE,-0.014161000,-0.584577000,0.532525000
62.276989,P1_INIT_POS_SETTLE,-0.014161000,-0.584577000,0.532525000
62.287156,P1_INIT_POS_SETTLE,-0.014161000,-0.584577000,0.532525000
62.297316,P1_INIT_POS_SETTLE,-0.014161000,-0.584577000,0.532525000
62.307493,P1_INIT_POS_SETTLE,-0.014161000,-0.584577000,0.532525000
62.317658,P1_INIT_POS_SETTLE,-0.014161000,-0.584577000,0.532525000
62.327825,P1_INIT_POS_SETTLE,-0.014161000,-0.584577000,0.532525000
62.338004,P1_INIT_POS_SETTLE,-0.014161000,-0.584577000,0.532525000
62.348261,P1_INIT_POS_SETTLE,-0.014161000,-0.584577000,0.532525000
62.358507,P1_INIT_POS_SETTLE,-0.014161000,-0.584577000,0.532525000
62.368705,P1_INIT_POS_SETTLE,-0.014161000,-0.584577000,0.532525000
62.378869,P1_INIT_POS_SETTLE,-0.014161000,-0.584577000,0.532525000
62.389046,P1_INIT_POS_SETTLE,-0.014161000,-0.584577000,0.532525000
62.399209,P1_INIT_POS_SETTLE,-0.014161000,-0.584577000,0.532525000
62.409372,P1_INIT_POS_SETTLE,-0.014161000,-0.584577000,0.532525000
62.419532,P1_INIT_POS_SETTLE,-0.014161000,-0.584577000,0.532525000
62.429693,P1_INIT_POS_SETTLE,-0.014161000,-0.584577000,0.532525000
62.439860,P1_INIT_POS_SETTLE,-0.014161000,-0.584577000,0.532525000
62.450028,P1_INIT_POS_SETTLE,-0.014161000,-0.584577000,0.532525000
62.460188,P1_INIT_POS_SETTLE,-0.014161000,-0.584577000,0.532525000
62.470350,P1_INIT_POS_SETTLE,-0.014161000,-0.584577000,0.532525000
62.480507,P1_INIT_POS_SETTLE,-0.014161000,-0.584577000,0.532525000
62.490680,P1_INIT_POS_SETTLE,-0.014161000,-0.584577000,0.532525000
62.500846,P1_INIT_POS_SETTLE,-0.014161000,-0.584577000,0.532525000
62.511012,P1_INIT_POS_SETTLE,-0.014161000,-0.584577000,0.532525000
62.521186,P1_INIT_POS_SETTLE,-0.014161000,-0.584577000,0.532525000
62.531351,P1_INIT_POS_SETTLE,-0.014161000,-0.584577000,0.532525000
62.541512,P1_INIT_POS_SETTLE,-0.014161000,-0.584577000,0.532525000
62.551691,P1_INIT_POS_SETTLE,-0.014161000,-0.584577000,0.532525000
62.561866,P1_INIT_POS_SETTLE,-0.014161000,-0.584577000,0.532525000
62.572035,P1_INIT_POS_SETTLE,-0.014161000,-0.584577000,0.532525000
62.582210,P1_INIT_POS_SETTLE,-0.014161000,-0.584577000,0.532525000
62.592382,P1_INIT_POS_SETTLE,-0.014161000,-0.584577000,0.532525000
62.602567,P1_INIT_POS_SETTLE,-0.014161000,-0.584577000,0.532525000
62.612734,P1_INIT_POS_SETTLE,-0.014161000,-0.584577000,0.532525000
62.622958,P1_INIT_POS_SETTLE,-0.014161000,-0.584577000,0.532525000
62.633163,P1_INIT_POS_SETTLE,-0.014161000,-0.584577000,0.532525000
62.643339,P1_INIT_POS_SETTLE,-0.014161000,-0.584577000,0.532525000
62.653502,P1_INIT_POS_SETTLE,-0.014161000,-0.584577000,0.532525000
62.663664,P1_INIT_POS_SETTLE,-0.014161000,-0.584577000,0.532525000
62.673825,P1_INIT_POS_SETTLE,-0.014161000,-0.584577000,0.532525000
62.683999,P1_INIT_POS_SETTLE,-0.014161000,-0.584577000,0.532525000
62.694176,P1_INIT_POS_SETTLE,-0.014161000,-0.584577000,0.532525000
62.704343,P1_INIT_POS_SETTLE,-0.014161000,-0.584577000,0.532525000
62.714503,P1_INIT_POS_SETTLE,-0.014161000,-0.584577000,0.532525000
62.724666,P1_INIT_POS_SETTLE,-0.014161000,-0.584577000,0.532525000
62.734824,P1_INIT_POS_SETTLE,-0.014161000,-0.584577000,0.532525000
62.744984,P1_INIT_POS_SETTLE,-0.014161000,-0.584577000,0.532525000
62.755142,P1_INIT_POS_SETTLE,-0.014161000,-0.584577000,0.532525000
62.765312,P1_INIT_POS_SETTLE,-0.014161000,-0.584577000,0.532525000
62.775488,P1_INIT_POS_SETTLE,-0.014161000,-0.584577000,0.532525000
62.785654,P1_INIT_POS_SETTLE,-0.014161000,-0.584577000,0.532525000
62.795833,P1_INIT_POS_SETTLE,-0.014161000,-0.584577000,0.532525000
62.806016,P1_INIT_POS_SETTLE,-0.014161000,-0.584577000,0.532525000
62.816186,P1_INIT_POS_SETTLE,-0.014161000,-0.584577000,0.532525000
62.826349,P1_INIT_POS_SETTLE,-0.014161000,-0.584577000,0.532525000
62.836513,P1_INIT_POS_SETTLE,-0.014161000,-0.584577000,0.532525000
62.846680,P1_INIT_POS_SETTLE,-0.014161000,-0.584577000,0.532525000
62.856845,P1_INIT_POS_SETTLE,-0.014161000,-0.584577000,0.532525000
62.867005,P1_INIT_POS_SETTLE,-0.014161000,-0.584577000,0.532525000
62.877164,P1_INIT_POS_SETTLE,-0.014161000,-0.584577000,0.532525000
62.887332,P1_INIT_POS_SETTLE,-0.014161000,-0.584577000,0.532525000
62.897509,P1_INIT_POS_SETTLE,-0.014161000,-0.584577000,0.532525000
62.907673,P1_INIT_POS_SETTLE,-0.014161000,-0.584577000,0.532525000
62.917847,P1_INIT_POS_SETTLE,-0.014161000,-0.584577000,0.532525000
62.928019,P1_INIT_POS_SETTLE,-0.014161000,-0.584577000,0.532525000
62.938191,P1_INIT_POS_SETTLE,-0.014161000,-0.584577000,0.532525000
62.948361,P1_INIT_POS_SETTLE,-0.014161000,-0.584577000,0.532525000
62.958522,P1_INIT_POS_SETTLE,-0.014161000,-0.584577000,0.532525000
62.968695,P1_INIT_POS_SETTLE,-0.014161000,-0.584577000,0.532525000
62.978860,P1_INIT_POS_SETTLE,-0.014161000,-0.584577000,0.532525000
62.989026,P1_INIT_POS_SETTLE,-0.014161000,-0.584577000,0.532525000
62.999195,P1_INIT_POS_SETTLE,-0.014161000,-0.584577000,0.532525000
63.009370,P1_INIT_POS_SETTLE,-0.014161000,-0.584577000,0.532525000
63.019545,P1_INIT_POS_SETTLE,-0.014161000,-0.584577000,0.532525000
63.029709,P1_INIT_POS_SETTLE,-0.014161000,-0.584577000,0.532525000
63.039877,P1_INIT_POS_SETTLE,-0.014161000,-0.584577000,0.532525000
63.050036,P1_INIT_POS_SETTLE,-0.014161000,-0.584577000,0.532525000
63.060197,P1_INIT_POS_SETTLE,-0.014161000,-0.584577000,0.532525000
63.070354,P1_INIT_POS_SETTLE,-0.014161000,-0.584577000,0.532525000
63.080511,P1_INIT_POS_SETTLE,-0.014161000,-0.584577000,0.532525000
63.090682,P1_INIT_POS_SETTLE,-0.014161000,-0.584577000,0.532525000
63.100854,P1_INIT_POS_SETTLE,-0.014161000,-0.584577000,0.532525000
63.111015,P1_INIT_POS_SETTLE,-0.014161000,-0.584577000,0.532525000
63.121172,P1_INIT_POS_SETTLE,-0.014161000,-0.584577000,0.532525000
63.131333,P1_INIT_POS_SETTLE,-0.014161000,-0.584577000,0.532525000
63.141499,P1_INIT_POS_SETTLE,-0.014161000,-0.584577000,0.532525000
63.151663,P1_INIT_POS_SETTLE,-0.014161000,-0.584577000,0.532525000
63.161822,P1_INIT_POS_SETTLE,-0.014161000,-0.584577000,0.532525000
63.171985,P1_INIT_POS_SETTLE,-0.014161000,-0.584577000,0.532525000
63.182152,P1_INIT_POS_SETTLE,-0.014161000,-0.584577000,0.532525000
63.192313,P1_INIT_POS_SETTLE,-0.014161000,-0.584577000,0.532525000
63.202491,P1_INIT_POS_SETTLE,-0.014161000,-0.584577000,0.532525000
63.212666,P1_INIT_POS_SETTLE,-0.014161000,-0.584577000,0.532525000
63.222826,P1_INIT_POS_SETTLE,-0.014161000,-0.584577000,0.532525000
63.233006,P1_INIT_POS_SETTLE,-0.014161000,-0.584577000,0.532525000
63.243164,P1_INIT_POS_SETTLE,-0.014161000,-0.584577000,0.532525000
63.253354,P1_INIT_POS_SETTLE,-0.014161000,-0.584577000,0.532525000
63.263526,P1_INIT_POS_SETTLE,-0.014161000,-0.584577000,0.532525000
63.273687,P1_INIT_POS_SETTLE,-0.014161000,-0.584577000,0.532525000
63.283847,P1_INIT_POS_SETTLE,-0.014161000,-0.584577000,0.532525000
63.294007,P1_INIT_POS_SETTLE,-0.014161000,-0.584577000,0.532525000
63.304173,P1_INIT_POS_SETTLE,-0.014161000,-0.584577000,0.532525000
63.314335,P1_INIT_POS_SETTLE,-0.014161000,-0.584577000,0.532525000
63.324496,P1_INIT_POS_SETTLE,-0.014161000,-0.584577000,0.532525000
63.334659,P1_INIT_POS_SETTLE,-0.014161000,-0.584577000,0.532525000
63.344821,P1_INIT_POS_SETTLE,-0.014161000,-0.584577000,0.532525000
63.354982,P1_INIT_POS_SETTLE,-0.014161000,-0.584577000,0.532525000
63.365139,P1_INIT_POS_SETTLE,-0.014161000,-0.584577000,0.532525000
63.375297,P1_INIT_POS_SETTLE,-0.014161000,-0.584577000,0.532525000
63.385476,P1_INIT_POS_SETTLE,-0.014161000,-0.584577000,0.532525000
63.395644,P1_INIT_POS_SETTLE,-0.014161000,-0.584577000,0.532525000
63.405807,P1_INIT_POS_SETTLE,-0.014161000,-0.584577000,0.532525000
63.415973,P1_INIT_POS_SETTLE,-0.014161000,-0.584577000,0.532525000
63.426134,P1_INIT_POS_SETTLE,-0.014161000,-0.584577000,0.532525000
63.436295,P1_INIT_POS_SETTLE,-0.014161000,-0.584577000,0.532525000
63.446450,P1_INIT_POS_SETTLE,-0.014161000,-0.584577000,0.532525000
63.456620,P1_INIT_POS_SETTLE,-0.014161000,-0.584577000,0.532525000
63.466777,P1_INIT_POS_SETTLE,-0.014161000,-0.584577000,0.532525000
63.476938,P1_INIT_POS_SETTLE,-0.014161000,-0.584577000,0.532525000
63.487100,P1_INIT_POS_SETTLE,-0.014161000,-0.584577000,0.532525000
63.497266,P1_INIT_POS_SETTLE,-0.014161000,-0.584577000,0.532525000
63.507429,P1_INIT_POS_SETTLE,-0.014161000,-0.584577000,0.532525000
63.517602,P1_INIT_POS_SETTLE,-0.014161000,-0.584577000,0.532525000
63.527759,P1_INIT_POS_SETTLE,-0.014161000,-0.584577000,0.532525000
63.537918,P1_INIT_POS_SETTLE,-0.014161000,-0.584577000,0.532525000
63.548076,P1_INIT_POS_SETTLE,-0.014161000,-0.584577000,0.532525000
63.558236,P1_INIT_POS_SETTLE,-0.014161000,-0.584577000,0.532525000
63.568402,P1_INIT_POS_SETTLE,-0.014161000,-0.584577000,0.532525000
63.578600,P1_INIT_POS_SETTLE,-0.014161000,-0.584577000,0.532525000
63.588798,P1_INIT_POS_SETTLE,-0.014161000,-0.584577000,0.532525000
63.598976,P1_INIT_POS_SETTLE,-0.014161000,-0.584577000,0.532525000
63.609141,P1_INIT_POS_SETTLE,-0.014161000,-0.584577000,0.532525000
63.619306,P1_INIT_POS_SETTLE,-0.014161000,-0.584577000,0.532525000
63.629540,P1_INIT_POS_SETTLE,-0.014161000,-0.584577000,0.532525000
63.639766,P1_INIT_POS_SETTLE,-0.014161000,-0.584577000,0.532525000
63.649961,P1_INIT_POS_SETTLE,-0.014161000,-0.584577000,0.532525000
63.660140,P1_INIT_POS_SETTLE,-0.014161000,-0.584577000,0.532525000
63.670305,P1_INIT_POS_SETTLE,-0.014161000,-0.584577000,0.532525000
63.680489,P1_INIT_POS_SETTLE,-0.014161000,-0.584577000,0.532525000
63.690680,P1_INIT_POS_SETTLE,-0.014161000,-0.584577000,0.532525000
63.700862,P1_INIT_POS_SETTLE,-0.014161000,-0.584577000,0.532525000
63.711049,P1_INIT_POS_SETTLE,-0.014161000,-0.584577000,0.532525000
63.721213,P1_INIT_POS_SETTLE,-0.014161000,-0.584577000,0.532525000
63.731421,P1_INIT_POS_SETTLE,-0.014161000,-0.584577000,0.532525000
63.741609,P1_INIT_POS_SETTLE,-0.014161000,-0.584577000,0.532525000
63.751773,P1_INIT_POS_SETTLE,-0.014161000,-0.584577000,0.532525000
63.761933,P1_INIT_POS_SETTLE,-0.014161000,-0.584577000,0.532525000
63.772095,P1_INIT_POS_SETTLE,-0.014161000,-0.584577000,0.532525000
63.782270,P1_INIT_POS_SETTLE,-0.014161000,-0.584577000,0.532525000
63.792435,P1_INIT_POS_SETTLE,-0.014161000,-0.584577000,0.532525000
63.802615,P1_INIT_POS_SETTLE,-0.014161000,-0.584577000,0.532525000
63.812797,P1_INIT_POS_SETTLE,-0.014161000,-0.584577000,0.532525000
63.822968,P1_INIT_POS_SETTLE,-0.014161000,-0.584577000,0.532525000
63.833131,P1_INIT_POS_SETTLE,-0.014161000,-0.584577000,0.532525000
63.843300,P1_INIT_POS_SETTLE,-0.014161000,-0.584577000,0.532525000
63.853467,P1_INIT_POS_SETTLE,-0.014161000,-0.584577000,0.532525000
63.863634,P1_INIT_POS_SETTLE,-0.014161000,-0.584577000,0.532525000
63.873804,P1_INIT_POS_SETTLE,-0.014161000,-0.584577000,0.532525000
63.883979,P1_INIT_POS_SETTLE,-0.014161000,-0.584577000,0.532525000
63.894153,P1_INIT_POS_SETTLE,-0.014161000,-0.584577000,0.532525000
63.904326,P1_INIT_POS_SETTLE,-0.014161000,-0.584577000,0.532525000
63.914511,P1_INIT_POS_SETTLE,-0.014161000,-0.584577000,0.532525000
63.924689,P1_INIT_POS_SETTLE,-0.014161000,-0.584577000,0.532525000
63.934868,P1_INIT_POS_SETTLE,-0.014161000,-0.584577000,0.532525000
63.945045,P1_INIT_POS_SETTLE,-0.014161000,-0.584577000,0.532525000
63.955205,P1_INIT_POS_SETTLE,-0.014161000,-0.584577000,0.532525000
63.965387,P1_INIT_POS_SETTLE,-0.014161000,-0.584577000,0.532525000
63.975556,P1_INIT_POS_SETTLE,-0.014161000,-0.584577000,0.532525000
63.985726,P1_INIT_POS_SETTLE,-0.014161000,-0.584577000,0.532525000
63.995891,P1_INIT_POS_SETTLE,-0.014161000,-0.584577000,0.532525000
64.006058,P1_INIT_POS_SETTLE,-0.014161000,-0.584577000,0.532525000
64.016222,P1_INIT_POS_SETTLE,-0.014161000,-0.584577000,0.532525000
64.026401,P1_INIT_POS_SETTLE,-0.014161000,-0.584577000,0.532525000
64.036566,P1_INIT_POS_SETTLE,-0.014161000,-0.584577000,0.532525000
64.046723,P1_INIT_POS_SETTLE,-0.014161000,-0.584577000,0.532525000
64.056893,P1_INIT_POS_SETTLE,-0.014161000,-0.584577000,0.532525000
64.067057,P1_INIT_POS_SETTLE,-0.014161000,-0.584577000,0.532525000
64.077215,P1_INIT_POS_SETTLE,-0.014161000,-0.584577000,0.532525000
64.087370,P1_INIT_POS_SETTLE,-0.014161000,-0.584577000,0.532525000
64.097533,P1_INIT_POS_SETTLE,-0.014161000,-0.584577000,0.532525000
64.107701,P1_INIT_POS_SETTLE,-0.014161000,-0.584577000,0.532525000
64.117877,P1_INIT_POS_SETTLE,-0.014161000,-0.584577000,0.532525000
64.128035,P1_INIT_POS_SETTLE,-0.014161000,-0.584577000,0.532525000
64.138204,P1_INIT_POS_SETTLE,-0.014161000,-0.584577000,0.532525000
64.148370,P1_INIT_POS_SETTLE,-0.014161000,-0.584577000,0.532525000
64.158528,P1_INIT_POS_SETTLE,-0.014161000,-0.584577000,0.532525000
64.168732,P1_INIT_POS_SETTLE,-0.014161000,-0.584577000,0.532525000
64.178935,P1_INIT_POS_SETTLE,-0.014161000,-0.584577000,0.532525000
64.189111,P1_INIT_POS_SETTLE,-0.014161000,-0.584577000,0.532525000
64.199293,P1_INIT_POS_SETTLE,-0.014161000,-0.584577000,0.532525000
64.209512,P1_INIT_POS_SETTLE,-0.014161000,-0.584577000,0.532525000
64.219691,P1_INIT_POS_SETTLE,-0.014161000,-0.584577000,0.532525000
64.229872,P1_INIT_POS_SETTLE,-0.014161000,-0.584577000,0.532525000
64.240048,P1_INIT_POS_SETTLE,-0.014161000,-0.584577000,0.532525000
64.250227,P1_INIT_POS_SETTLE,-0.014161000,-0.584577000,0.532525000
64.260400,P1_INIT_POS_SETTLE,-0.014161000,-0.584577000,0.532525000
64.270571,P1_INIT_POS_SETTLE,-0.014161000,-0.584577000,0.532525000
64.280733,P1_INIT_POS_SETTLE,-0.014161000,-0.584577000,0.532525000
64.290905,P1_INIT_POS_SETTLE,-0.014161000,-0.584577000,0.532525000
64.301078,P1_INIT_POS_SETTLE,-0.014161000,-0.584577000,0.532525000
64.311240,P1_INIT_POS_SETTLE,-0.014161000,-0.584577000,0.532525000
64.321412,P1_INIT_POS_SETTLE,-0.014161000,-0.584577000,0.532525000
64.331584,P1_INIT_POS_SETTLE,-0.014161000,-0.584577000,0.532525000
64.341754,P1_INIT_POS_SETTLE,-0.014161000,-0.584577000,0.532525000
64.351921,P1_INIT_POS_SETTLE,-0.014161000,-0.584577000,0.532525000
64.362084,P1_INIT_POS_SETTLE,-0.014161000,-0.584577000,0.532525000
64.372247,P1_INIT_POS_SETTLE,-0.014161000,-0.584577000,0.532525000
64.382430,P1_INIT_POS_SETTLE,-0.014161000,-0.584577000,0.532525000
64.392625,P1_INIT_POS_SETTLE,-0.014161000,-0.584577000,0.532525000
64.402805,P1_INIT_POS_SETTLE,-0.014161000,-0.584577000,0.532525000
64.413000,P1_INIT_POS_SETTLE,-0.014161000,-0.584577000,0.532525000
64.423177,P1_INIT_POS_SETTLE,-0.014161000,-0.584577000,0.532525000
64.433359,P1_INIT_POS_SETTLE,-0.014161000,-0.584577000,0.532525000
64.443543,P1_INIT_POS_SETTLE,-0.014161000,-0.584577000,0.532525000
64.453720,P1_INIT_POS_SETTLE,-0.014161000,-0.584577000,0.532525000
64.463895,P1_INIT_POS_SETTLE,-0.014161000,-0.584577000,0.532525000
64.474070,P1_INIT_POS_SETTLE,-0.014161000,-0.584577000,0.532525000
64.484236,P1_INIT_POS_SETTLE,-0.014161000,-0.584577000,0.532525000
64.494405,P1_INIT_POS_SETTLE,-0.014161000,-0.584577000,0.532525000
64.504589,P1_INIT_POS_SETTLE,-0.014161000,-0.584577000,0.532525000
64.514763,P1_INIT_POS_SETTLE,-0.014161000,-0.584577000,0.532525000
64.524951,P1_INIT_POS_SETTLE,-0.014161000,-0.584577000,0.532525000
64.535113,P1_INIT_POS_SETTLE,-0.014161000,-0.584577000,0.532525000
64.545276,P1_INIT_POS_SETTLE,-0.014161000,-0.584577000,0.532525000
64.555437,P1_INIT_POS_SETTLE,-0.014161000,-0.584577000,0.532525000
64.565606,P1_INIT_POS_SETTLE,-0.014161000,-0.584577000,0.532525000
64.575778,P1_INIT_POS_SETTLE,-0.014161000,-0.584577000,0.532525000
64.585939,P1_INIT_POS_SETTLE,-0.014161000,-0.584577000,0.532525000
64.596107,P1_INIT_POS_SETTLE,-0.014161000,-0.584577000,0.532525000
64.606280,P1_INIT_POS_SETTLE,-0.014161000,-0.584577000,0.532525000
64.616479,P1_INIT_POS_SETTLE,-0.014161000,-0.584577000,0.532525000
64.626710,P1_INIT_POS_SETTLE,-0.014161000,-0.584577000,0.532525000
64.637003,P1_INIT_POS_SETTLE,-0.014161000,-0.584577000,0.532525000
64.647237,P1_INIT_POS_SETTLE,-0.014161000,-0.584577000,0.532525000
64.657433,P1_INIT_POS_SETTLE,-0.014161000,-0.584577000,0.532525000
64.667633,P1_INIT_POS_SETTLE,-0.014161000,-0.584577000,0.532525000
64.677820,P1_INIT_POS_SETTLE,-0.014161000,-0.584577000,0.532525000
64.688008,P1_INIT_POS_SETTLE,-0.014161000,-0.584577000,0.532525000
64.698188,P1_INIT_POS_SETTLE,-0.014161000,-0.584577000,0.532525000
64.708371,P1_INIT_POS_SETTLE,-0.014161000,-0.584577000,0.532525000
64.718542,P1_INIT_POS_SETTLE,-0.014161000,-0.584577000,0.532525000
64.728720,P1_INIT_POS_SETTLE,-0.014161000,-0.584577000,0.532525000
64.738893,P1_INIT_POS_SETTLE,-0.014161000,-0.584577000,0.532525000
64.749077,P1_INIT_POS_SETTLE,-0.014161000,-0.584577000,0.532525000
64.759241,P1_INIT_POS_SETTLE,-0.014161000,-0.584577000,0.532525000
64.769397,P1_INIT_POS_SETTLE,-0.014161000,-0.584577000,0.532525000
64.779574,P1_INIT_POS_SETTLE,-0.014161000,-0.584577000,0.532525000
64.789754,P1_INIT_POS_SETTLE,-0.014161000,-0.584577000,0.532525000
64.799927,P1_INIT_POS_SETTLE,-0.014161000,-0.584577000,0.532525000
64.810095,P1_INIT_POS_SETTLE,-0.014161000,-0.584577000,0.532525000
64.820259,P1_INIT_POS_SETTLE,-0.014161000,-0.584577000,0.532525000
64.830423,P1_INIT_POS_SETTLE,-0.014161000,-0.584577000,0.532525000
64.840594,P1_INIT_POS_SETTLE,-0.014161000,-0.584577000,0.532525000
64.850760,P1_INIT_POS_SETTLE,-0.014161000,-0.584577000,0.532525000
64.860936,P1_INIT_POS_SETTLE,-0.014161000,-0.584577000,0.532525000
64.871103,P1_INIT_POS_SETTLE,-0.014161000,-0.584577000,0.532525000
64.881260,P1_INIT_POS_SETTLE,-0.014161000,-0.584577000,0.532525000
64.891419,P1_INIT_POS_SETTLE,-0.014161000,-0.584577000,0.532525000
64.901608,P1_INIT_POS_SETTLE,-0.014161000,-0.584577000,0.532525000
64.911823,P1_INIT_POS_SETTLE,-0.014161000,-0.584577000,0.532525000
64.922024,P1_INIT_POS_SETTLE,-0.014161000,-0.584577000,0.532525000
64.932204,P1_INIT_POS_SETTLE,-0.014161000,-0.584577000,0.532525000
64.942394,P1_INIT_POS_SETTLE,-0.014161000,-0.584577000,0.532525000
64.952602,P1_INIT_POS_SETTLE,-0.014161000,-0.584577000,0.532525000
64.962785,P1_INIT_POS_SETTLE,-0.014161000,-0.584577000,0.532525000
64.972961,P1_INIT_POS_SETTLE,-0.014161000,-0.584577000,0.532525000
64.983126,P1_INIT_POS_SETTLE,-0.014161000,-0.584577000,0.532525000
64.993285,P1_INIT_POS_SETTLE,-0.014161000,-0.584577000,0.532525000
65.003454,P1_INIT_POS_SETTLE,-0.014161000,-0.584577000,0.532525000
65.013656,P1_INIT_POS_SETTLE,-0.014161000,-0.584577000,0.532525000
65.023832,P1_INIT_POS_SETTLE,-0.014161000,-0.584577000,0.532525000
65.033995,P1_INIT_POS_SETTLE,-0.014161000,-0.584577000,0.532525000
65.044155,P1_INIT_POS_SETTLE,-0.014161000,-0.584577000,0.532525000
65.054344,P1_INIT_POS_SETTLE,-0.014161000,-0.584577000,0.532525000
65.064525,P1_INIT_POS_SETTLE,-0.014161000,-0.584577000,0.532525000
65.074711,P1_INIT_POS_SETTLE,-0.014161000,-0.584577000,0.532525000
65.084875,P1_INIT_POS_SETTLE,-0.014161000,-0.584577000,0.532525000
65.095049,P1_INIT_POS_SETTLE,-0.014161000,-0.584577000,0.532525000
65.105245,P1_INIT_POS_SETTLE,-0.014161000,-0.584577000,0.532525000
65.115467,P1_INIT_POS_SETTLE,-0.014161000,-0.584577000,0.532525000
65.125667,P1_INIT_POS_SETTLE,-0.014161000,-0.584577000,0.532525000
65.135851,P1_INIT_POS_SETTLE,-0.014161000,-0.584577000,0.532525000
65.146031,P1_INIT_POS_SETTLE,-0.014161000,-0.584577000,0.532525000
65.156208,P1_INIT_POS_SETTLE,-0.014161000,-0.584577000,0.532525000
65.166372,P1_INIT_POS_SETTLE,-0.014161000,-0.584577000,0.532525000
65.176539,P1_INIT_POS_SETTLE,-0.014161000,-0.584577000,0.532525000
65.186715,P1_INIT_POS_SETTLE,-0.014161000,-0.584577000,0.532525000
65.196881,P1_INIT_POS_SETTLE,-0.014161000,-0.584577000,0.532525000
65.207077,P1_INIT_POS_SETTLE,-0.014161000,-0.584577000,0.532525000
65.217250,P1_INIT_POS_SETTLE,-0.014161000,-0.584577000,0.532525000
65.227416,P1_INIT_POS_SETTLE,-0.014161000,-0.584577000,0.532525000
65.237617,P1_INIT_POS_SETTLE,-0.014161000,-0.584577000,0.532525000
65.247798,P1_INIT_POS_SETTLE,-0.014161000,-0.584577000,0.532525000
65.257969,P1_INIT_POS_SETTLE,-0.014161000,-0.584577000,0.532525000
65.268140,P1_INIT_POS_SETTLE,-0.014161000,-0.584577000,0.532525000
65.278305,P1_INIT_POS_SETTLE,-0.014161000,-0.584577000,0.532525000
65.288497,P1_INIT_POS_SETTLE,-0.014161000,-0.584577000,0.532525000
65.298656,P1_INIT_POS_SETTLE,-0.014161000,-0.584577000,0.532525000
65.308817,P1_INIT_POS_SETTLE,-0.014161000,-0.584577000,0.532525000
65.319009,P1_INIT_POS_SETTLE,-0.014161000,-0.584577000,0.532525000
65.329182,P1_INIT_POS_SETTLE,-0.014161000,-0.584577000,0.532525000
65.339362,P1_INIT_POS_SETTLE,-0.014161000,-0.584577000,0.532525000
65.349549,P1_INIT_POS_SETTLE,-0.014161000,-0.584577000,0.532525000
65.359723,P1_INIT_POS_SETTLE,-0.014161000,-0.584577000,0.532525000
65.369889,P1_INIT_POS_SETTLE,-0.014161000,-0.584577000,0.532525000
65.380049,P1_INIT_POS_SETTLE,-0.014161000,-0.584577000,0.532525000
65.390209,P1_INIT_POS_SETTLE,-0.014161000,-0.584577000,0.532525000
65.400407,P1_INIT_POS_SETTLE,-0.014161000,-0.584577000,0.532525000
65.410584,P1_INIT_POS_SETTLE,-0.014161000,-0.584577000,0.532525000
65.420755,P1_INIT_POS_SETTLE,-0.014161000,-0.584577000,0.532525000
65.430923,P1_INIT_POS_SETTLE,-0.014161000,-0.584577000,0.532525000
65.441085,P1_INIT_POS_SETTLE,-0.014161000,-0.584577000,0.532525000
65.451265,P1_INIT_POS_SETTLE,-0.014161000,-0.584577000,0.532525000
65.461423,P1_INIT_POS_SETTLE,-0.014161000,-0.584577000,0.532525000
65.471588,P1_INIT_POS_SETTLE,-0.014161000,-0.584577000,0.532525000
65.481748,P1_INIT_POS_SETTLE,-0.014161000,-0.584577000,0.532525000
65.491931,P1_INIT_POS_SETTLE,-0.014161000,-0.584577000,0.532525000
65.502114,P1_INIT_POS_SETTLE,-0.014161000,-0.584577000,0.532525000
65.512309,P1_INIT_POS_SETTLE,-0.014161000,-0.584577000,0.532525000
65.522498,P1_INIT_POS_SETTLE,-0.014161000,-0.584577000,0.532525000
65.532669,P1_INIT_POS_SETTLE,-0.014161000,-0.584577000,0.532525000
65.542866,P1_INIT_POS_SETTLE,-0.014161000,-0.584577000,0.532525000
65.553042,P1_INIT_POS_SETTLE,-0.014161000,-0.584577000,0.532525000
65.563218,P1_INIT_POS_SETTLE,-0.014161000,-0.584577000,0.532525000
65.573424,P1_INIT_POS_SETTLE,-0.014161000,-0.584577000,0.532525000
65.583610,P1_INIT_POS_SETTLE,-0.014161000,-0.584577000,0.532525000
65.593786,P1_INIT_POS_SETTLE,-0.014161000,-0.584577000,0.532525000
65.603968,P1_INIT_POS_SETTLE,-0.014161000,-0.584577000,0.532525000
65.614158,P1_INIT_POS_SETTLE,-0.014161000,-0.584577000,0.532525000
65.624342,P1_INIT_POS_SETTLE,-0.014161000,-0.584577000,0.532525000
65.634585,P1_INIT_POS_SETTLE,-0.014161000,-0.584577000,0.532525000
65.644831,P1_INIT_POS_SETTLE,-0.014161000,-0.584577000,0.532525000
65.655028,P1_INIT_POS_SETTLE,-0.014161000,-0.584577000,0.532525000
65.665214,P1_INIT_POS_SETTLE,-0.014161000,-0.584577000,0.532525000
65.675398,P1_INIT_POS_SETTLE,-0.014161000,-0.584577000,0.532525000
65.685577,P1_INIT_POS_SETTLE,-0.014161000,-0.584577000,0.532525000
65.695751,P1_INIT_POS_SETTLE,-0.014161000,-0.584577000,0.532525000
65.705923,P1_INIT_POS_SETTLE,-0.014161000,-0.584577000,0.532525000
65.716114,P1_INIT_POS_SETTLE,-0.014161000,-0.584577000,0.532525000
65.726297,P1_INIT_POS_SETTLE,-0.014161000,-0.584577000,0.532525000
65.736485,P1_INIT_POS_SETTLE,-0.014161000,-0.584577000,0.532525000
65.746666,P1_INIT_POS_SETTLE,-0.014161000,-0.584577000,0.532525000
65.756846,P1_INIT_POS_SETTLE,-0.014161000,-0.584577000,0.532525000
65.767016,P1_INIT_POS_SETTLE,-0.014161000,-0.584577000,0.532525000
65.777179,P1_INIT_POS_SETTLE,-0.014161000,-0.584577000,0.532525000
65.787345,P1_INIT_POS_SETTLE,-0.014161000,-0.584577000,0.532525000
65.797505,P1_INIT_POS_SETTLE,-0.014161000,-0.584577000,0.532525000
65.807668,P1_INIT_POS_SETTLE,-0.014161000,-0.584577000,0.532525000
65.817834,P1_INIT_POS_SETTLE,-0.014161000,-0.584577000,0.532525000
65.828004,P1_INIT_POS_SETTLE,-0.014161000,-0.584577000,0.532525000
65.838167,P1_INIT_POS_SETTLE,-0.014161000,-0.584577000,0.532525000
65.848328,P1_INIT_POS_SETTLE,-0.014161000,-0.584577000,0.532525000
65.858500,P1_INIT_POS_SETTLE,-0.014161000,-0.584577000,0.532525000
65.868665,P1_INIT_POS_SETTLE,-0.014161000,-0.584577000,0.532525000
65.878823,P1_INIT_POS_SETTLE,-0.014161000,-0.584577000,0.532525000
65.888985,P1_INIT_POS_SETTLE,-0.014161000,-0.584577000,0.532525000
65.899148,P1_INIT_POS_SETTLE,-0.014161000,-0.584577000,0.532525000
65.909313,P1_INIT_POS_SETTLE,-0.014161000,-0.584577000,0.532525000
65.919485,P1_INIT_POS_SETTLE,-0.014161000,-0.584577000,0.532525000
65.929646,P1_INIT_POS_SETTLE,-0.014161000,-0.584577000,0.532525000
65.939814,P1_INIT_POS_SETTLE,-0.014161000,-0.584577000,0.532525000
65.949998,P1_INIT_POS_SETTLE,-0.014161000,-0.584577000,0.532525000
65.960172,P1_INIT_POS_SETTLE,-0.014161000,-0.584577000,0.532525000
65.970345,P1_INIT_POS_SETTLE,-0.014161000,-0.584577000,0.532525000
65.980525,P1_INIT_POS_SETTLE,-0.014161000,-0.584577000,0.532525000
65.990705,P1_INIT_POS_SETTLE,-0.014161000,-0.584577000,0.532525000
66.000876,P1_INIT_POS_SETTLE,-0.014161000,-0.584577000,0.532525000
66.011079,P1_INIT_POS_SETTLE,-0.014161000,-0.584577000,0.532525000
66.021252,P1_INIT_POS_SETTLE,-0.014161000,-0.584577000,0.532525000
66.031422,P1_INIT_POS_SETTLE,-0.014161000,-0.584577000,0.532525000
66.041593,P1_INIT_POS_SETTLE,-0.014161000,-0.584577000,0.532525000
66.051760,P1_INIT_POS_SETTLE,-0.014161000,-0.584577000,0.532525000
66.061940,P1_INIT_POS_SETTLE,-0.014161000,-0.584577000,0.532525000
66.072126,P1_INIT_POS_SETTLE,-0.014161000,-0.584577000,0.532525000
66.082295,P1_INIT_POS_SETTLE,-0.014161000,-0.584577000,0.532525000
66.092461,P1_INIT_POS_SETTLE,-0.014161000,-0.584577000,0.532525000
66.102624,P1_INIT_POS_SETTLE,-0.014161000,-0.584577000,0.532525000
66.112788,P1_INIT_POS_SETTLE,-0.014161000,-0.584577000,0.532525000
66.122954,P1_INIT_POS_SETTLE,-0.014161000,-0.584577000,0.532525000
66.133124,P1_INIT_POS_SETTLE,-0.014161000,-0.584577000,0.532525000
66.143313,P1_INIT_POS_SETTLE,-0.014161000,-0.584577000,0.532525000
66.153501,P1_INIT_POS_SETTLE,-0.014161000,-0.584577000,0.532525000
66.163668,P1_INIT_POS_SETTLE,-0.014161000,-0.584577000,0.532525000
66.173835,P1_INIT_POS_SETTLE,-0.014161000,-0.584577000,0.532525000
66.184015,P1_INIT_POS_SETTLE,-0.014161000,-0.584577000,0.532525000
66.194192,P1_INIT_POS_SETTLE,-0.014161000,-0.584577000,0.532525000
66.204359,P1_INIT_POS_SETTLE,-0.014161000,-0.584577000,0.532525000
66.214536,P1_INIT_POS_SETTLE,-0.014161000,-0.584577000,0.532525000
66.224712,P1_INIT_POS_SETTLE,-0.014161000,-0.584577000,0.532525000
66.234890,P1_INIT_POS_SETTLE,-0.014161000,-0.584577000,0.532525000
66.245063,P1_INIT_POS_SETTLE,-0.014161000,-0.584577000,0.532525000
66.255230,P1_INIT_POS_SETTLE,-0.014161000,-0.584577000,0.532525000
66.265391,P1_INIT_POS_SETTLE,-0.014161000,-0.584577000,0.532525000
66.275559,P1_INIT_POS_SETTLE,-0.014161000,-0.584577000,0.532525000
66.285729,P1_INIT_POS_SETTLE,-0.014161000,-0.584577000,0.532525000
66.295895,P1_INIT_POS_SETTLE,-0.014161000,-0.584577000,0.532525000
66.306062,P1_INIT_POS_SETTLE,-0.014161000,-0.584577000,0.532525000
66.316240,P1_INIT_POS_SETTLE,-0.014161000,-0.584577000,0.532525000
66.326418,P1_INIT_POS_SETTLE,-0.014161000,-0.584577000,0.532525000
66.336595,P1_INIT_POS_SETTLE,-0.014161000,-0.584577000,0.532525000
66.346769,P1_INIT_POS_SETTLE,-0.014161000,-0.584577000,0.532525000
66.356936,P1_INIT_POS_SETTLE,-0.014161000,-0.584577000,0.532525000
66.367100,P1_INIT_POS_SETTLE,-0.014161000,-0.584577000,0.532525000
66.377270,P1_INIT_POS_SETTLE,-0.014161000,-0.584577000,0.532525000
66.387439,P1_INIT_POS_SETTLE,-0.014161000,-0.584577000,0.532525000
66.397622,P1_INIT_POS_SETTLE,-0.014161000,-0.584577000,0.532525000
66.407793,P1_INIT_POS_SETTLE,-0.014161000,-0.584577000,0.532525000
66.418001,P1_INIT_POS_SETTLE,-0.014161000,-0.584577000,0.532525000
66.428174,P1_INIT_POS_SETTLE,-0.014161000,-0.584577000,0.532525000
66.438342,P1_INIT_POS_SETTLE,-0.014161000,-0.584577000,0.532525000
66.448511,P1_INIT_POS_SETTLE,-0.014161000,-0.584577000,0.532525000
66.458681,P1_INIT_POS_SETTLE,-0.014161000,-0.584577000,0.532525000
66.468854,P1_INIT_POS_SETTLE,-0.014161000,-0.584577000,0.532525000
66.479028,P1_INIT_POS_SETTLE,-0.014161000,-0.584577000,0.532525000
66.489197,P1_INIT_POS_SETTLE,-0.014161000,-0.584577000,0.532525000
66.499363,P1_INIT_POS_SETTLE,-0.014161000,-0.584577000,0.532525000
66.509536,P1_INIT_POS_SETTLE,-0.014161000,-0.584577000,0.532525000
66.519718,P1_INIT_POS_SETTLE,-0.014161000,-0.584577000,0.532525000
66.529888,P1_INIT_POS_SETTLE,-0.014161000,-0.584577000,0.532525000
66.540056,P1_INIT_POS_SETTLE,-0.014161000,-0.584577000,0.532525000
66.550232,P1_INIT_POS_SETTLE,-0.014161000,-0.584577000,0.532525000
66.560401,P1_INIT_POS_SETTLE,-0.014161000,-0.584577000,0.532525000
66.570604,P1_INIT_POS_SETTLE,-0.014161000,-0.584577000,0.532525000
66.580789,P1_INIT_POS_SETTLE,-0.014161000,-0.584577000,0.532525000
66.590974,P1_INIT_POS_SETTLE,-0.014161000,-0.584577000,0.532525000
66.601136,P1_INIT_POS_SETTLE,-0.014161000,-0.584577000,0.532525000
66.611309,P1_INIT_POS_SETTLE,-0.014161000,-0.584577000,0.532525000
66.621482,P1_INIT_POS_SETTLE,-0.014161000,-0.584577000,0.532525000
66.631665,P1_INIT_POS_SETTLE,-0.014161000,-0.584577000,0.532525000
66.641945,P1_INIT_POS_SETTLE,-0.014161000,-0.584577000,0.532525000
66.652175,P1_INIT_POS_SETTLE,-0.014161000,-0.584577000,0.532525000
66.662348,P1_INIT_POS_SETTLE,-0.014161000,-0.584577000,0.532525000
66.672515,P1_INIT_POS_SETTLE,-0.014161000,-0.584577000,0.532525000
66.682706,P1_INIT_POS_SETTLE,-0.014161000,-0.584577000,0.532525000
66.692901,P1_INIT_POS_SETTLE,-0.014161000,-0.584577000,0.532525000
66.703082,P1_INIT_POS_SETTLE,-0.014161000,-0.584577000,0.532525000
66.713298,P1_INIT_POS_SETTLE,-0.014161000,-0.584577000,0.532525000
66.723479,P1_INIT_POS_SETTLE,-0.014161000,-0.584577000,0.532525000
66.733655,P1_INIT_POS_SETTLE,-0.014161000,-0.584577000,0.532525000
66.743821,P1_INIT_POS_SETTLE,-0.014161000,-0.584577000,0.532525000
66.753990,P1_INIT_POS_SETTLE,-0.014161000,-0.584577000,0.532525000
66.764163,P1_INIT_POS_SETTLE,-0.014161000,-0.584577000,0.532525000
66.774345,P1_INIT_POS_SETTLE,-0.014161000,-0.584577000,0.532525000
66.784567,P1_INIT_POS_SETTLE,-0.014161000,-0.584577000,0.532525000
66.794777,P1_INIT_POS_SETTLE,-0.014161000,-0.584577000,0.532525000
66.804955,P1_INIT_POS_SETTLE,-0.014161000,-0.584577000,0.532525000
66.815162,P1_INIT_POS_SETTLE,-0.014161000,-0.584577000,0.532525000
66.825337,P1_INIT_POS_SETTLE,-0.014161000,-0.584577000,0.532525000
66.835507,P1_INIT_POS_SETTLE,-0.014161000,-0.584577000,0.532525000
66.845677,P1_INIT_POS_SETTLE,-0.014161000,-0.584577000,0.532525000
66.855845,P1_INIT_POS_SETTLE,-0.014161000,-0.584577000,0.532525000
66.866009,P1_INIT_POS_SETTLE,-0.014161000,-0.584577000,0.532525000
66.876197,P1_INIT_POS_SETTLE,-0.014161000,-0.584577000,0.532525000
66.886378,P1_INIT_POS_SETTLE,-0.014161000,-0.584577000,0.532525000
66.896541,P1_INIT_POS_SETTLE,-0.014161000,-0.584577000,0.532525000
66.906730,P1_INIT_POS_SETTLE,-0.014161000,-0.584577000,0.532525000
66.916893,P1_INIT_POS_SETTLE,-0.014161000,-0.584577000,0.532525000
66.927062,P1_INIT_POS_SETTLE,-0.014161000,-0.584577000,0.532525000
66.937263,P1_INIT_POS_SETTLE,-0.014161000,-0.584577000,0.532525000
66.947419,P1_INIT_POS_SETTLE,-0.014161000,-0.584577000,0.532525000
66.957596,P1_INIT_POS_SETTLE,-0.014161000,-0.584577000,0.532525000
66.967760,P1_INIT_POS_SETTLE,-0.014161000,-0.584577000,0.532525000
66.977919,P1_INIT_POS_SETTLE,-0.014161000,-0.584577000,0.532525000
66.988078,P1_INIT_POS_SETTLE,-0.014161000,-0.584577000,0.532525000
66.998242,P1_INIT_POS_SETTLE,-0.014161000,-0.584577000,0.532525000
67.008406,P1_INIT_POS_SETTLE,-0.014161000,-0.584577000,0.532525000
67.018571,P1_INIT_POS_SETTLE,-0.014161000,-0.584577000,0.532525000
67.028738,P1_INIT_POS_SETTLE,-0.014161000,-0.584577000,0.532525000
67.038913,P1_INIT_POS_SETTLE,-0.014161000,-0.584577000,0.532525000
67.049078,P1_INIT_POS_SETTLE,-0.014161000,-0.584577000,0.532525000
67.059242,P1_INIT_POS_SETTLE,-0.014161000,-0.584577000,0.532525000
67.069406,P1_INIT_POS_SETTLE,-0.014161000,-0.584577000,0.532525000
67.079572,P1_INIT_POS_SETTLE,-0.014161000,-0.584577000,0.532525000
67.089736,P1_INIT_POS_SETTLE,-0.014161000,-0.584577000,0.532525000
67.099895,P1_INIT_POS_SETTLE,-0.014161000,-0.584577000,0.532525000
67.110052,P1_INIT_POS_SETTLE,-0.014161000,-0.584577000,0.532525000
67.120219,P1_INIT_POS_SETTLE,-0.014161000,-0.584577000,0.532525000
67.130390,P1_INIT_POS_SETTLE,-0.014161000,-0.584577000,0.532525000
67.140564,P1_INIT_POS_SETTLE,-0.014161000,-0.584577000,0.532525000
67.150733,P1_INIT_POS_SETTLE,-0.014161000,-0.584577000,0.532525000
67.160898,P1_INIT_POS_SETTLE,-0.014161000,-0.584577000,0.532525000
67.171058,P1_INIT_POS_SETTLE,-0.014161000,-0.584577000,0.532525000
67.181215,P1_INIT_POS_SETTLE,-0.014161000,-0.584577000,0.532525000
67.191371,P1_INIT_POS_SETTLE,-0.014161000,-0.584577000,0.532525000
67.201542,P1_INIT_POS_SETTLE,-0.014161000,-0.584577000,0.532525000
67.211705,P1_INIT_POS_SETTLE,-0.014161000,-0.584577000,0.532525000
67.221866,P1_INIT_POS_SETTLE,-0.014161000,-0.584577000,0.532525000
67.232035,P1_INIT_POS_SETTLE,-0.014161000,-0.584577000,0.532525000
67.242202,P1_INIT_POS_SETTLE,-0.014161000,-0.584577000,0.532525000
67.252362,P1_INIT_POS_SETTLE,-0.014161000,-0.584577000,0.532525000
67.262521,P1_INIT_POS_SETTLE,-0.014161000,-0.584577000,0.532525000
67.272682,P1_INIT_POS_SETTLE,-0.014161000,-0.584577000,0.532525000
67.282851,P1_INIT_POS_SETTLE,-0.014161000,-0.584577000,0.532525000
67.293020,P1_INIT_POS_SETTLE,-0.014161000,-0.584577000,0.532525000
67.303182,P1_INIT_POS_SETTLE,-0.014161000,-0.584577000,0.532525000
67.313350,P1_INIT_POS_SETTLE,-0.014161000,-0.584577000,0.532525000
67.323515,P1_INIT_POS_SETTLE,-0.014161000,-0.584577000,0.532525000
67.333699,P1_INIT_POS_SETTLE,-0.014161000,-0.584577000,0.532525000
67.343861,P1_INIT_POS_SETTLE,-0.014161000,-0.584577000,0.532525000
67.354018,P1_INIT_POS_SETTLE,-0.014161000,-0.584577000,0.532525000
67.364181,P1_INIT_POS_SETTLE,-0.014161000,-0.584577000,0.532525000
67.374348,P1_INIT_POS_SETTLE,-0.014161000,-0.584577000,0.532525000
67.384509,P1_INIT_POS_SETTLE,-0.014161000,-0.584577000,0.532525000
67.394666,P1_INIT_POS_SETTLE,-0.014161000,-0.584577000,0.532525000
67.404824,P1_INIT_POS_SETTLE,-0.014161000,-0.584577000,0.532525000
67.414981,P1_INIT_POS_SETTLE,-0.014161000,-0.584577000,0.532525000
67.425141,P1_INIT_POS_SETTLE,-0.014161000,-0.584577000,0.532525000
67.435310,P1_INIT_POS_SETTLE,-0.014161000,-0.584577000,0.532525000
67.445489,P1_INIT_POS_SETTLE,-0.014161000,-0.584577000,0.532525000
67.455660,P1_INIT_POS_SETTLE,-0.014161000,-0.584577000,0.532525000
67.465832,P1_INIT_POS_SETTLE,-0.014161000,-0.584577000,0.532525000
67.475991,P1_INIT_POS_SETTLE,-0.014161000,-0.584577000,0.532525000
67.486155,P1_INIT_POS_SETTLE,-0.014161000,-0.584577000,0.532525000
67.496329,P1_INIT_POS_SETTLE,-0.014161000,-0.584577000,0.532525000
67.506496,P1_INIT_POS_SETTLE,-0.014161000,-0.584577000,0.532525000
67.516662,P1_INIT_POS_SETTLE,-0.014161000,-0.584577000,0.532525000
67.526830,P1_INIT_POS_SETTLE,-0.014161000,-0.584577000,0.532525000
67.536996,P1_INIT_POS_SETTLE,-0.014161000,-0.584577000,0.532525000
67.547155,P1_INIT_POS_SETTLE,-0.014161000,-0.584577000,0.532525000
67.557313,P1_INIT_POS_SETTLE,-0.014161000,-0.584577000,0.532525000
67.567476,P1_INIT_POS_SETTLE,-0.014161000,-0.584577000,0.532525000
67.577641,P1_INIT_POS_SETTLE,-0.014161000,-0.584577000,0.532525000
67.587801,P1_INIT_POS_SETTLE,-0.014161000,-0.584577000,0.532525000
67.598036,P1_INIT_POS_SETTLE,-0.014161000,-0.584577000,0.532525000
67.608245,P1_INIT_POS_SETTLE,-0.014161000,-0.584577000,0.532525000
67.618444,P1_INIT_POS_SETTLE,-0.014161000,-0.584577000,0.532525000
67.628641,P1_INIT_POS_SETTLE,-0.014161000,-0.584577000,0.532525000
67.638817,P1_INIT_POS_SETTLE,-0.014161000,-0.584577000,0.532525000
67.649059,P1_INIT_POS_SETTLE,-0.014161000,-0.584577000,0.532525000
67.659270,P1_INIT_POS_SETTLE,-0.014161000,-0.584577000,0.532525000
67.669443,P1_INIT_POS_SETTLE,-0.014161000,-0.584577000,0.532525000
67.679676,P1_INIT_POS_SETTLE,-0.014161000,-0.584577000,0.532525000
67.689851,P1_INIT_POS_SETTLE,-0.014161000,-0.584577000,0.532525000
67.700025,P1_INIT_POS_SETTLE,-0.014161000,-0.584577000,0.532525000
67.710196,P1_INIT_POS_SETTLE,-0.014161000,-0.584577000,0.532525000
67.720372,P1_INIT_POS_SETTLE,-0.014161000,-0.584577000,0.532525000
67.730554,P1_INIT_POS_SETTLE,-0.014161000,-0.584577000,0.532525000
67.740739,P1_INIT_POS_SETTLE,-0.014161000,-0.584577000,0.532525000
67.750911,P1_INIT_POS_SETTLE,-0.014161000,-0.584577000,0.532525000
67.761090,P1_INIT_POS_SETTLE,-0.014161000,-0.584577000,0.532525000
67.771259,P1_INIT_POS_SETTLE,-0.014161000,-0.584577000,0.532525000
67.781432,P1_INIT_POS_SETTLE,-0.014161000,-0.584577000,0.532525000
67.791605,P1_INIT_POS_SETTLE,-0.014161000,-0.584577000,0.532525000
67.801775,P1_INIT_POS_SETTLE,-0.014161000,-0.584577000,0.532525000
67.811939,P1_INIT_POS_SETTLE,-0.014161000,-0.584577000,0.532525000
67.822108,P1_INIT_POS_SETTLE,-0.014161000,-0.584577000,0.532525000
67.832279,P1_INIT_POS_SETTLE,-0.014161000,-0.584577000,0.532525000
67.842464,P1_INIT_POS_SETTLE,-0.014161000,-0.584577000,0.532525000
67.852639,P1_INIT_POS_SETTLE,-0.014161000,-0.584577000,0.532525000
67.862806,P1_INIT_POS_SETTLE,-0.014161000,-0.584577000,0.532525000
67.872966,P1_INIT_POS_SETTLE,-0.014161000,-0.584577000,0.532525000
67.883159,P1_INIT_POS_SETTLE,-0.014161000,-0.584577000,0.532525000
67.893317,P1_INIT_POS_SETTLE,-0.014161000,-0.584577000,0.532525000
67.903485,P1_INIT_POS_SETTLE,-0.014161000,-0.584577000,0.532525000
67.913644,P1_INIT_POS_SETTLE,-0.014161000,-0.584577000,0.532525000
67.923814,P1_INIT_POS_SETTLE,-0.014161000,-0.584577000,0.532525000
67.933996,P1_INIT_POS_SETTLE,-0.014161000,-0.584577000,0.532525000
67.944178,P1_INIT_POS_SETTLE,-0.014161000,-0.584577000,0.532525000
67.954343,P1_INIT_POS_SETTLE,-0.014161000,-0.584577000,0.532525000
67.964512,P1_INIT_POS_SETTLE,-0.014161000,-0.584577000,0.532525000
67.974675,P1_INIT_POS_SETTLE,-0.014161000,-0.584577000,0.532525000
67.984845,P1_INIT_POS_SETTLE,-0.014161000,-0.584577000,0.532525000
67.995006,P1_INIT_POS_SETTLE,-0.014161000,-0.584577000,0.532525000
68.005182,P1_INIT_POS_SETTLE,-0.014161000,-0.584577000,0.532525000
68.015347,P1_INIT_POS_SETTLE,-0.014161000,-0.584577000,0.532525000
68.025516,P1_INIT_POS_SETTLE,-0.014161000,-0.584577000,0.532525000
68.035678,P1_INIT_POS_SETTLE,-0.014161000,-0.584577000,0.532525000
68.045850,P1_INIT_POS_SETTLE,-0.014161000,-0.584577000,0.532525000
68.056010,P1_INIT_POS_SETTLE,-0.014161000,-0.584577000,0.532525000
68.066169,P1_INIT_POS_SETTLE,-0.014161000,-0.584577000,0.532525000
68.076328,P1_INIT_POS_SETTLE,-0.014161000,-0.584577000,0.532525000
68.086501,P1_INIT_POS_SETTLE,-0.014161000,-0.584577000,0.532525000
68.096666,P1_INIT_POS_SETTLE,-0.014161000,-0.584577000,0.532525000
68.106833,P1_INIT_POS_SETTLE,-0.014161000,-0.584577000,0.532525000
68.116997,P1_INIT_POS_SETTLE,-0.014161000,-0.584577000,0.532525000
68.127169,P1_INIT_POS_SETTLE,-0.014161000,-0.584577000,0.532525000
68.137350,P1_INIT_POS_SETTLE,-0.014161000,-0.584577000,0.532525000
68.147524,P1_INIT_POS_SETTLE,-0.014161000,-0.584577000,0.532525000
68.157690,P1_INIT_POS_SETTLE,-0.014161000,-0.584577000,0.532525000
68.167864,P1_INIT_POS_SETTLE,-0.014161000,-0.584577000,0.532525000
68.178034,P1_INIT_POS_SETTLE,-0.014161000,-0.584577000,0.532525000
68.188202,P1_INIT_POS_SETTLE,-0.014161000,-0.584577000,0.532525000
68.198367,P1_INIT_POS_SETTLE,-0.014161000,-0.584577000,0.532525000
68.208539,P1_INIT_POS_SETTLE,-0.014161000,-0.584577000,0.532525000
68.218710,P1_INIT_POS_SETTLE,-0.014161000,-0.584577000,0.532525000
68.228879,P1_INIT_POS_SETTLE,-0.014161000,-0.584577000,0.532525000
68.239041,P1_INIT_POS_SETTLE,-0.014161000,-0.584577000,0.532525000
68.249208,P1_INIT_POS_SETTLE,-0.014161000,-0.584577000,0.532525000
68.259372,P1_INIT_POS_SETTLE,-0.014161000,-0.584577000,0.532525000
68.269533,P1_INIT_POS_SETTLE,-0.014161000,-0.584577000,0.532525000
68.279693,P1_INIT_POS_SETTLE,-0.014161000,-0.584577000,0.532525000
68.289854,P1_INIT_POS_SETTLE,-0.014161000,-0.584577000,0.532525000
68.300021,P1_INIT_POS_SETTLE,-0.014161000,-0.584577000,0.532525000
68.310183,P1_INIT_POS_SETTLE,-0.014161000,-0.584577000,0.532525000
68.320341,P1_INIT_POS_SETTLE,-0.014161000,-0.584577000,0.532525000
68.330509,P1_INIT_POS_SETTLE,-0.014161000,-0.584577000,0.532525000
68.340683,P1_INIT_POS_SETTLE,-0.014161000,-0.584577000,0.532525000
68.350854,P1_INIT_POS_SETTLE,-0.014161000,-0.584577000,0.532525000
68.361017,P1_INIT_POS_SETTLE,-0.014161000,-0.584577000,0.532525000
68.371188,P1_INIT_POS_SETTLE,-0.014161000,-0.584577000,0.532525000
68.381355,P1_INIT_POS_SETTLE,-0.014161000,-0.584577000,0.532525000
68.391520,P1_INIT_POS_SETTLE,-0.014161000,-0.584577000,0.532525000
68.401681,P1_INIT_POS_SETTLE,-0.014161000,-0.584577000,0.532525000
68.411852,P1_INIT_POS_SETTLE,-0.014161000,-0.584577000,0.532525000
68.422027,P1_INIT_POS_SETTLE,-0.014161000,-0.584577000,0.532525000
68.432246,P1_INIT_POS_SETTLE,-0.014161000,-0.584577000,0.532525000
68.442477,P1_INIT_POS_SETTLE,-0.014161000,-0.584577000,0.532525000
68.452659,P1_INIT_POS_SETTLE,-0.014161000,-0.584577000,0.532525000
68.462829,P1_INIT_POS_SETTLE,-0.014161000,-0.584577000,0.532525000
68.473014,P1_INIT_POS_SETTLE,-0.014161000,-0.584577000,0.532525000
68.483219,P1_INIT_POS_SETTLE,-0.014161000,-0.584577000,0.532525000
68.493390,P1_INIT_POS_SETTLE,-0.014161000,-0.584577000,0.532525000
68.503622,P1_INIT_POS_SETTLE,-0.014161000,-0.584577000,0.532525000
68.513795,P1_INIT_POS_SETTLE,-0.014161000,-0.584577000,0.532525000
68.523979,P1_INIT_POS_SETTLE,-0.014161000,-0.584577000,0.532525000
68.534161,P1_INIT_POS_SETTLE,-0.014161000,-0.584577000,0.532525000
68.544335,P1_INIT_POS_SETTLE,-0.014161000,-0.584577000,0.532525000
68.554497,P1_INIT_POS_SETTLE,-0.014161000,-0.584577000,0.532525000
68.564665,P1_INIT_POS_SETTLE,-0.014161000,-0.584577000,0.532525000
68.574834,P1_INIT_POS_SETTLE,-0.014161000,-0.584577000,0.532525000
68.585003,P1_INIT_POS_SETTLE,-0.014161000,-0.584577000,0.532525000
68.595165,P1_INIT_POS_SETTLE,-0.014161000,-0.584577000,0.532525000
68.605323,P1_INIT_POS_SETTLE,-0.014161000,-0.584577000,0.532525000
68.615491,P1_INIT_POS_SETTLE,-0.014161000,-0.584577000,0.532525000
68.625658,P1_INIT_POS_SETTLE,-0.014161000,-0.584577000,0.532525000
68.635842,P1_INIT_POS_SETTLE,-0.014161000,-0.584577000,0.532525000
68.646025,P1_INIT_POS_SETTLE,-0.014161000,-0.584577000,0.532525000
68.656268,P1_INIT_POS_SETTLE,-0.014161000,-0.584577000,0.532525000
68.666532,P1_INIT_POS_SETTLE,-0.014161000,-0.584577000,0.532525000
68.676744,P1_INIT_POS_SETTLE,-0.014161000,-0.584577000,0.532525000
68.686915,P1_INIT_POS_SETTLE,-0.014161000,-0.584577000,0.532525000
68.697113,P1_INIT_POS_SETTLE,-0.014161000,-0.584577000,0.532525000
68.707274,P1_INIT_POS_SETTLE,-0.014161000,-0.584577000,0.532525000
68.717434,P1_INIT_POS_SETTLE,-0.014161000,-0.584577000,0.532525000
68.727611,P1_INIT_POS_SETTLE,-0.014161000,-0.584577000,0.532525000
68.737804,P1_INIT_POS_SETTLE,-0.014161000,-0.584577000,0.532525000
68.747980,P1_INIT_POS_SETTLE,-0.014161000,-0.584577000,0.532525000
68.758142,P1_INIT_POS_SETTLE,-0.014161000,-0.584577000,0.532525000
68.768328,P1_INIT_POS_SETTLE,-0.014161000,-0.584577000,0.532525000
68.778558,P1_INIT_POS_SETTLE,-0.014161000,-0.584577000,0.532525000
68.788752,P1_INIT_POS_SETTLE,-0.014161000,-0.584577000,0.532525000
68.798925,P1_INIT_POS_SETTLE,-0.014161000,-0.584577000,0.532525000
68.809108,P1_INIT_POS_SETTLE,-0.014161000,-0.584577000,0.532525000
68.819280,P1_INIT_POS_SETTLE,-0.014161000,-0.584577000,0.532525000
68.829447,P1_INIT_POS_SETTLE,-0.014161000,-0.584577000,0.532525000
68.839639,P1_INIT_POS_SETTLE,-0.014161000,-0.584577000,0.532525000
68.849811,P1_INIT_POS_SETTLE,-0.014161000,-0.584577000,0.532525000
68.859972,P1_INIT_POS_SETTLE,-0.014161000,-0.584577000,0.532525000
68.870261,P1_INIT_POS_SETTLE,-0.014161000,-0.584577000,0.532525000
68.880650,P1_INIT_POS_SETTLE,-0.014161000,-0.584577000,0.532525000
68.890988,P1_INIT_POS_SETTLE,-0.014161000,-0.584577000,0.532525000
68.901288,P1_INIT_POS_SETTLE,-0.014161000,-0.584577000,0.532525000
68.911627,P1_INIT_POS_SETTLE,-0.014161000,-0.584577000,0.532525000
68.921958,P1_INIT_POS_SETTLE,-0.014161000,-0.584577000,0.532525000
68.932210,P1_INIT_POS_SETTLE,-0.014161000,-0.584577000,0.532525000
68.942469,P1_INIT_POS_SETTLE,-0.014161000,-0.584577000,0.532525000
68.952711,P1_INIT_POS_SETTLE,-0.014161000,-0.584577000,0.532525000
68.962940,P1_INIT_POS_SETTLE,-0.014161000,-0.584577000,0.532525000
68.973184,P1_INIT_POS_SETTLE,-0.014161000,-0.584577000,0.532525000
68.983475,P1_INIT_POS_SETTLE,-0.014161000,-0.584577000,0.532525000
68.993814,P1_INIT_POS_SETTLE,-0.014161000,-0.584577000,0.532525000
69.004088,P1_INIT_POS_SETTLE,-0.014161000,-0.584577000,0.532525000
69.014341,P1_INIT_POS_SETTLE,-0.014161000,-0.584577000,0.532525000
69.024688,P1_INIT_POS_SETTLE,-0.014161000,-0.584577000,0.532525000
69.034989,P1_INIT_POS_SETTLE,-0.014161000,-0.584577000,0.532525000
69.045263,P1_INIT_POS_SETTLE,-0.014161000,-0.584577000,0.532525000
69.055577,P1_INIT_POS_SETTLE,-0.014161000,-0.584577000,0.532525000
69.065831,P1_INIT_POS_SETTLE,-0.014161000,-0.584577000,0.532525000
69.076085,P1_INIT_POS_SETTLE,-0.014161000,-0.584577000,0.532525000
69.086335,P1_INIT_POS_SETTLE,-0.014161000,-0.584577000,0.532525000
69.096625,P1_INIT_POS_SETTLE,-0.014161000,-0.584577000,0.532525000
69.106868,P1_INIT_POS_SETTLE,-0.014161000,-0.584577000,0.532525000
69.117110,P1_INIT_POS_SETTLE,-0.014161000,-0.584577000,0.532525000
69.127418,P1_INIT_POS_SETTLE,-0.014161000,-0.584577000,0.532525000
69.137676,P1_INIT_POS_SETTLE,-0.014161000,-0.584577000,0.532525000
69.147917,P1_INIT_POS_SETTLE,-0.014161000,-0.584577000,0.532525000
69.158136,P1_INIT_POS_SETTLE,-0.014161000,-0.584577000,0.532525000
69.168331,P1_INIT_POS_SETTLE,-0.014161000,-0.584577000,0.532525000
69.178532,P1_INIT_POS_SETTLE,-0.014161000,-0.584577000,0.532525000
69.188718,P1_INIT_POS_SETTLE,-0.014161000,-0.584577000,0.532525000
69.198886,P1_INIT_POS_SETTLE,-0.014161000,-0.584577000,0.532525000
69.209061,P1_INIT_POS_SETTLE,-0.014161000,-0.584577000,0.532525000
69.219239,P1_INIT_POS_SETTLE,-0.014161000,-0.584577000,0.532525000
69.229407,P1_INIT_POS_SETTLE,-0.014161000,-0.584577000,0.532525000
69.239634,P1_INIT_POS_SETTLE,-0.014161000,-0.584577000,0.532525000
69.249891,P1_INIT_POS_SETTLE,-0.014161000,-0.584577000,0.532525000
69.260192,P1_INIT_POS_SETTLE,-0.014161000,-0.584577000,0.532525000
69.270557,P1_INIT_POS_SETTLE,-0.014161000,-0.584577000,0.532525000
69.280940,P1_INIT_POS_SETTLE,-0.014161000,-0.584577000,0.532525000
69.291293,P1_INIT_POS_SETTLE,-0.014161000,-0.584577000,0.532525000
69.301592,P1_INIT_POS_SETTLE,-0.014161000,-0.584577000,0.532525000
69.311848,P1_INIT_POS_SETTLE,-0.014161000,-0.584577000,0.532525000
69.322050,P1_INIT_POS_SETTLE,-0.014161000,-0.584577000,0.532525000
69.332280,P1_INIT_POS_SETTLE,-0.014161000,-0.584577000,0.532525000
69.342504,P1_INIT_POS_SETTLE,-0.014161000,-0.584577000,0.532525000
69.352689,P1_INIT_POS_SETTLE,-0.014161000,-0.584577000,0.532525000
69.362870,P1_INIT_POS_SETTLE,-0.014161000,-0.584577000,0.532525000
69.373044,P1_INIT_POS_SETTLE,-0.014161000,-0.584577000,0.532525000
69.383349,P1_INIT_POS_SETTLE,-0.014161000,-0.584577000,0.532525000
69.393638,P1_INIT_POS_SETTLE,-0.014161000,-0.584577000,0.532525000
69.403866,P1_INIT_POS_SETTLE,-0.014161000,-0.584577000,0.532525000
69.414101,P1_INIT_POS_SETTLE,-0.014161000,-0.584577000,0.532525000
69.424308,P1_INIT_POS_SETTLE,-0.014161000,-0.584577000,0.532525000
69.434523,P1_INIT_POS_SETTLE,-0.014161000,-0.584577000,0.532525000
69.444737,P1_INIT_POS_SETTLE,-0.014161000,-0.584577000,0.532525000
69.454937,P1_INIT_POS_SETTLE,-0.014161000,-0.584577000,0.532525000
69.465133,P1_INIT_POS_SETTLE,-0.014161000,-0.584577000,0.532525000
69.475325,P1_INIT_POS_SETTLE,-0.014161000,-0.584577000,0.532525000
69.485510,P1_INIT_POS_SETTLE,-0.014161000,-0.584577000,0.532525000
69.495712,P1_INIT_POS_SETTLE,-0.014161000,-0.584577000,0.532525000
69.505937,P1_INIT_POS_SETTLE,-0.014161000,-0.584577000,0.532525000
69.516154,P1_INIT_POS_SETTLE,-0.014161000,-0.584577000,0.532525000
69.526357,P1_INIT_POS_SETTLE,-0.014161000,-0.584577000,0.532525000
69.536556,P1_INIT_POS_SETTLE,-0.014161000,-0.584577000,0.532525000
69.546747,P1_INIT_POS_SETTLE,-0.014161000,-0.584577000,0.532525000
69.556935,P1_INIT_POS_SETTLE,-0.014161000,-0.584577000,0.532525000
69.567115,P1_INIT_POS_SETTLE,-0.014161000,-0.584577000,0.532525000
69.577304,P1_INIT_POS_SETTLE,-0.014161000,-0.584577000,0.532525000
69.587488,P1_INIT_POS_SETTLE,-0.014161000,-0.584577000,0.532525000
69.597676,P1_INIT_POS_SETTLE,-0.014161000,-0.584577000,0.532525000
69.607894,P1_INIT_POS_SETTLE,-0.014161000,-0.584577000,0.532525000
69.618115,P1_INIT_POS_SETTLE,-0.014161000,-0.584577000,0.532525000
69.628343,P1_INIT_POS_SETTLE,-0.014161000,-0.584577000,0.532525000
69.638558,P1_INIT_POS_SETTLE,-0.014161000,-0.584577000,0.532525000
69.648752,P1_INIT_POS_SETTLE,-0.014161000,-0.584577000,0.532525000
69.658990,P1_INIT_POS_SETTLE,-0.014161000,-0.584577000,0.532525000
69.669263,P1_INIT_POS_SETTLE,-0.014161000,-0.584577000,0.532525000
69.679488,P1_INIT_POS_SETTLE,-0.014161000,-0.584577000,0.532525000
69.689679,P1_INIT_POS_SETTLE,-0.014161000,-0.584577000,0.532525000
69.699881,P1_INIT_POS_SETTLE,-0.014161000,-0.584577000,0.532525000
69.710070,P1_INIT_POS_SETTLE,-0.014161000,-0.584577000,0.532525000
69.720246,P1_INIT_POS_SETTLE,-0.014161000,-0.584577000,0.532525000
69.730418,P1_INIT_POS_SETTLE,-0.014161000,-0.584577000,0.532525000
69.740643,P1_INIT_POS_SETTLE,-0.014161000,-0.584577000,0.532525000
69.750841,P1_INIT_POS_SETTLE,-0.014161000,-0.584577000,0.532525000
69.761085,P1_INIT_POS_SETTLE,-0.014161000,-0.584577000,0.532525000
69.771312,P1_INIT_POS_SETTLE,-0.014161000,-0.584577000,0.532525000
69.781522,P1_INIT_POS_SETTLE,-0.014161000,-0.584577000,0.532525000
69.791708,P1_INIT_POS_SETTLE,-0.014161000,-0.584577000,0.532525000
69.801915,P1_INIT_POS_SETTLE,-0.014161000,-0.584577000,0.532525000
69.812155,P1_INIT_POS_SETTLE,-0.014161000,-0.584577000,0.532525000
69.822440,P1_INIT_POS_SETTLE,-0.014161000,-0.584577000,0.532525000
69.832923,P1_INIT_POS_SETTLE,-0.014161000,-0.584577000,0.532525000
69.843411,P1_INIT_POS_SETTLE,-0.014161000,-0.584577000,0.532525000
69.854019,P1_INIT_POS_SETTLE,-0.014161000,-0.584577000,0.532525000
69.864590,P1_INIT_POS_SETTLE,-0.014161000,-0.584577000,0.532525000
69.875090,P1_INIT_POS_SETTLE,-0.014161000,-0.584577000,0.532525000
69.885517,P1_INIT_POS_SETTLE,-0.014161000,-0.584577000,0.532525000
69.895897,P1_INIT_POS_SETTLE,-0.014161000,-0.584577000,0.532525000
69.906280,P1_INIT_POS_SETTLE,-0.014161000,-0.584577000,0.532525000
69.916683,P1_INIT_POS_SETTLE,-0.014161000,-0.584577000,0.532525000
69.927094,P1_INIT_POS_SETTLE,-0.014161000,-0.584577000,0.532525000
69.937528,P1_INIT_POS_SETTLE,-0.014161000,-0.584577000,0.532525000
69.947946,P1_INIT_POS_SETTLE,-0.014161000,-0.584577000,0.532525000
69.958340,P1_INIT_POS_SETTLE,-0.014161000,-0.584577000,0.532525000
69.968745,P1_INIT_POS_SETTLE,-0.014161000,-0.584577000,0.532525000
69.979148,P1_INIT_POS_SETTLE,-0.014161000,-0.584577000,0.532525000
69.989574,P1_INIT_POS_SETTLE,-0.014161000,-0.584577000,0.532525000
69.999970,P1_INIT_POS_SETTLE,-0.014161000,-0.584577000,0.532525000
70.010369,P1_INIT_POS_SETTLE,-0.014161000,-0.584577000,0.532525000
70.020735,P1_INIT_POS_SETTLE,-0.014161000,-0.584577000,0.532525000
70.031080,P1_INIT_POS_SETTLE,-0.014161000,-0.584577000,0.532525000
70.041420,P1_INIT_POS_SETTLE,-0.014161000,-0.584577000,0.532525000
70.051760,P1_INIT_POS_SETTLE,-0.014161000,-0.584577000,0.532525000
70.062097,P1_INIT_POS_SETTLE,-0.014161000,-0.584577000,0.532525000
70.072425,P1_INIT_POS_SETTLE,-0.014161000,-0.584577000,0.532525000
70.082759,P1_INIT_POS_SETTLE,-0.014161000,-0.584577000,0.532525000
70.093085,P1_INIT_POS_SETTLE,-0.014161000,-0.584577000,0.532525000
70.103395,P1_INIT_POS_SETTLE,-0.014161000,-0.584577000,0.532525000
70.113711,P1_INIT_POS_SETTLE,-0.014161000,-0.584577000,0.532525000
70.124030,P1_INIT_POS_SETTLE,-0.014161000,-0.584577000,0.532525000
70.134339,P1_INIT_POS_SETTLE,-0.014161000,-0.584577000,0.532525000
70.144678,P1_INIT_POS_SETTLE,-0.014161000,-0.584577000,0.532525000
70.155000,P1_INIT_POS_SETTLE,-0.014161000,-0.584577000,0.532525000
70.165310,P1_INIT_POS_SETTLE,-0.014161000,-0.584577000,0.532525000
70.175635,P1_INIT_POS_SETTLE,-0.014161000,-0.584577000,0.532525000
70.185941,P1_INIT_POS_SETTLE,-0.014161000,-0.584577000,0.532525000
70.196252,P1_INIT_POS_SETTLE,-0.014161000,-0.584577000,0.532525000
70.206567,P1_INIT_POS_SETTLE,-0.014161000,-0.584577000,0.532525000
70.216866,P1_INIT_POS_SETTLE,-0.014161000,-0.584577000,0.532525000
70.227173,P1_INIT_POS_SETTLE,-0.014161000,-0.584577000,0.532525000
70.237496,P1_INIT_POS_SETTLE,-0.014161000,-0.584577000,0.532525000
70.247809,P1_INIT_POS_SETTLE,-0.014161000,-0.584577000,0.532525000
70.258154,P1_INIT_POS_SETTLE,-0.014161000,-0.584577000,0.532525000
70.268503,P1_INIT_POS_SETTLE,-0.014161000,-0.584577000,0.532525000
70.278856,P1_INIT_POS_SETTLE,-0.014161000,-0.584577000,0.532525000
70.289212,P1_INIT_POS_SETTLE,-0.014161000,-0.584577000,0.532525000
70.299558,P1_INIT_POS_SETTLE,-0.014161000,-0.584577000,0.532525000
70.309916,P1_INIT_POS_SETTLE,-0.014161000,-0.584577000,0.532525000
70.320263,P1_INIT_POS_SETTLE,-0.014161000,-0.584577000,0.532525000
70.330699,P1_INIT_POS_SETTLE,-0.014161000,-0.584577000,0.532525000
70.341189,P1_INIT_POS_SETTLE,-0.014161000,-0.584577000,0.532525000
70.351632,P1_INIT_POS_SETTLE,-0.014161000,-0.584577000,0.532525000
70.361991,P1_INIT_POS_SETTLE,-0.014161000,-0.584577000,0.532525000
70.372364,P1_INIT_POS_SETTLE,-0.014161000,-0.584577000,0.532525000
70.382691,P1_INIT_POS_SETTLE,-0.014161000,-0.584577000,0.532525000
70.393026,P1_INIT_POS_SETTLE,-0.014161000,-0.584577000,0.532525000
70.403338,P1_INIT_POS_SETTLE,-0.014161000,-0.584577000,0.532525000
70.413685,P1_INIT_POS_SETTLE,-0.014161000,-0.584577000,0.532525000
70.424022,P1_INIT_POS_SETTLE,-0.014161000,-0.584577000,0.532525000
70.434334,P1_INIT_POS_SETTLE,-0.014161000,-0.584577000,0.532525000
70.444660,P1_INIT_POS_SETTLE,-0.014161000,-0.584577000,0.532525000
70.455019,P1_INIT_POS_SETTLE,-0.014161000,-0.584577000,0.532525000
70.465392,P1_INIT_POS_SETTLE,-0.014161000,-0.584577000,0.532525000
70.475760,P1_INIT_POS_SETTLE,-0.014161000,-0.584577000,0.532525000
70.486088,P1_INIT_POS_SETTLE,-0.014161000,-0.584577000,0.532525000
70.496424,P1_INIT_POS_SETTLE,-0.014161000,-0.584577000,0.532525000
70.506768,P1_INIT_POS_SETTLE,-0.014161000,-0.584577000,0.532525000
70.517133,P1_INIT_POS_SETTLE,-0.014161000,-0.584577000,0.532525000
70.527494,P1_INIT_POS_SETTLE,-0.014161000,-0.584577000,0.532525000
70.537819,P1_INIT_POS_SETTLE,-0.014161000,-0.584577000,0.532525000
70.548177,P1_INIT_POS_SETTLE,-0.014161000,-0.584577000,0.532525000
70.558532,P1_INIT_POS_SETTLE,-0.014161000,-0.584577000,0.532525000
70.568851,P1_INIT_POS_SETTLE,-0.014161000,-0.584577000,0.532525000
70.579215,P1_INIT_POS_SETTLE,-0.014161000,-0.584577000,0.532525000
70.589572,P1_INIT_POS_SETTLE,-0.014161000,-0.584577000,0.532525000
70.599953,P1_INIT_POS_SETTLE,-0.014161000,-0.584577000,0.532525000
70.610315,P1_INIT_POS_SETTLE,-0.014161000,-0.584577000,0.532525000
70.620652,P1_INIT_POS_SETTLE,-0.014161000,-0.584577000,0.532525000
70.631035,P1_INIT_POS_SETTLE,-0.014161000,-0.584577000,0.532525000
70.641390,P1_INIT_POS_SETTLE,-0.014161000,-0.584577000,0.532525000
70.651725,P1_INIT_POS_SETTLE,-0.014161000,-0.584577000,0.532525000
70.662121,P1_INIT_POS_SETTLE,-0.014161000,-0.584577000,0.532525000
70.672508,P1_INIT_POS_SETTLE,-0.014161000,-0.584577000,0.532525000
70.682879,P1_INIT_POS_SETTLE,-0.014161000,-0.584577000,0.532525000
70.693274,P1_INIT_POS_SETTLE,-0.014161000,-0.584577000,0.532525000
70.703673,P1_INIT_POS_SETTLE,-0.014161000,-0.584577000,0.532525000
70.714079,P1_INIT_POS_SETTLE,-0.014161000,-0.584577000,0.532525000
70.724481,P1_INIT_POS_SETTLE,-0.014161000,-0.584577000,0.532525000
70.734815,P1_INIT_POS_SETTLE,-0.014161000,-0.584577000,0.532525000
70.745171,P1_INIT_POS_SETTLE,-0.014161000,-0.584577000,0.532525000
70.755587,P1_INIT_POS_SETTLE,-0.014161000,-0.584577000,0.532525000
70.765973,P1_INIT_POS_SETTLE,-0.014161000,-0.584577000,0.532525000
70.776364,P1_INIT_POS_SETTLE,-0.014161000,-0.584577000,0.532525000
70.786789,P1_INIT_POS_SETTLE,-0.014161000,-0.584577000,0.532525000
70.797162,P1_INIT_POS_SETTLE,-0.014161000,-0.584577000,0.532525000
70.807540,P1_INIT_POS_SETTLE,-0.014161000,-0.584577000,0.532525000
70.817895,P1_INIT_POS_SETTLE,-0.014161000,-0.584577000,0.532525000
70.828273,P1_INIT_POS_SETTLE,-0.014161000,-0.584577000,0.532525000
70.838638,P1_INIT_POS_SETTLE,-0.014161000,-0.584577000,0.532525000
70.848995,P1_INIT_POS_SETTLE,-0.014161000,-0.584577000,0.532525000
70.859344,P1_INIT_POS_SETTLE,-0.014161000,-0.584577000,0.532525000
70.869724,P1_INIT_POS_SETTLE,-0.014161000,-0.584577000,0.532525000
70.880084,P1_INIT_POS_SETTLE,-0.014161000,-0.584577000,0.532525000
70.890432,P1_INIT_POS_SETTLE,-0.014161000,-0.584577000,0.532525000
70.900786,P1_INIT_POS_SETTLE,-0.014161000,-0.584577000,0.532525000
70.911130,P1_INIT_POS_SETTLE,-0.014161000,-0.584577000,0.532525000
70.921483,P1_INIT_POS_SETTLE,-0.014161000,-0.584577000,0.532525000
70.931824,P1_INIT_POS_SETTLE,-0.014161000,-0.584577000,0.532525000
70.942161,P1_INIT_POS_SETTLE,-0.014161000,-0.584577000,0.532525000
70.952509,P1_INIT_POS_SETTLE,-0.014161000,-0.584577000,0.532525000
70.962852,P1_INIT_POS_SETTLE,-0.014161000,-0.584577000,0.532525000
70.973189,P1_INIT_POS_SETTLE,-0.014161000,-0.584577000,0.532525000
70.983532,P1_INIT_POS_SETTLE,-0.014161000,-0.584577000,0.532525000
70.993868,P1_INIT_POS_SETTLE,-0.014161000,-0.584577000,0.532525000
71.004201,P1_INIT_POS_SETTLE,-0.014161000,-0.584577000,0.532525000
71.014545,P1_INIT_POS_SETTLE,-0.014161000,-0.584577000,0.532525000
71.024880,P1_INIT_POS_SETTLE,-0.014161000,-0.584577000,0.532525000
71.035190,P1_INIT_POS_SETTLE,-0.014161000,-0.584577000,0.532525000
71.045517,P1_INIT_POS_SETTLE,-0.014161000,-0.584577000,0.532525000
71.055864,P1_INIT_POS_SETTLE,-0.014161000,-0.584577000,0.532525000
71.066202,P1_INIT_POS_SETTLE,-0.014161000,-0.584577000,0.532525000
71.076535,P1_INIT_POS_SETTLE,-0.014161000,-0.584577000,0.532525000
71.086842,P1_INIT_POS_SETTLE,-0.014161000,-0.584577000,0.532525000
71.097135,P1_INIT_POS_SETTLE,-0.014161000,-0.584577000,0.532525000
71.107423,P1_INIT_POS_SETTLE,-0.014161000,-0.584577000,0.532525000
71.117725,P1_INIT_POS_SETTLE,-0.014161000,-0.584577000,0.532525000
71.128042,P1_INIT_POS_SETTLE,-0.014161000,-0.584577000,0.532525000
71.138363,P1_INIT_POS_SETTLE,-0.014161000,-0.584577000,0.532525000
71.148687,P1_INIT_POS_SETTLE,-0.014161000,-0.584577000,0.532525000
71.159003,P1_INIT_POS_SETTLE,-0.014161000,-0.584577000,0.532525000
71.169312,P1_INIT_POS_SETTLE,-0.014161000,-0.584577000,0.532525000
71.179654,P1_INIT_POS_SETTLE,-0.014161000,-0.584577000,0.532525000
71.189976,P1_INIT_POS_SETTLE,-0.014161000,-0.584577000,0.532525000
71.200394,P1_INIT_POS_SETTLE,-0.014161000,-0.584577000,0.532525000
71.210823,P1_INIT_POS_SETTLE,-0.014161000,-0.584577000,0.532525000
71.221181,P1_INIT_POS_SETTLE,-0.014161000,-0.584577000,0.532525000
71.231527,P1_INIT_POS_SETTLE,-0.014161000,-0.584577000,0.532525000
71.241891,P1_INIT_POS_SETTLE,-0.014161000,-0.584577000,0.532525000
71.252282,P1_INIT_POS_SETTLE,-0.014161000,-0.584577000,0.532525000
71.262616,P1_INIT_POS_SETTLE,-0.014161000,-0.584577000,0.532525000
71.272916,P1_INIT_POS_SETTLE,-0.014161000,-0.584577000,0.532525000
71.283215,P1_INIT_POS_SETTLE,-0.014161000,-0.584577000,0.532525000
71.293522,P1_INIT_POS_SETTLE,-0.014161000,-0.584577000,0.532525000
71.303812,P1_INIT_POS_SETTLE,-0.014161000,-0.584577000,0.532525000
71.314099,P1_INIT_POS_SETTLE,-0.014161000,-0.584577000,0.532525000
71.324382,P1_INIT_POS_SETTLE,-0.014161000,-0.584577000,0.532525000
71.334676,P1_INIT_POS_SETTLE,-0.014161000,-0.584577000,0.532525000
71.344967,P1_INIT_POS_SETTLE,-0.014161000,-0.584577000,0.532525000
71.355257,P1_INIT_POS_SETTLE,-0.014161000,-0.584577000,0.532525000
71.365552,P1_INIT_POS_SETTLE,-0.014161000,-0.584577000,0.532525000
71.375842,P1_INIT_POS_SETTLE,-0.014161000,-0.584577000,0.532525000
71.386129,P1_INIT_POS_SETTLE,-0.014161000,-0.584577000,0.532525000
71.396409,P1_INIT_POS_SETTLE,-0.014161000,-0.584577000,0.532525000
71.406703,P1_INIT_POS_SETTLE,-0.014161000,-0.584577000,0.532525000
71.416985,P1_INIT_POS_SETTLE,-0.014161000,-0.584577000,0.532525000
71.427269,P1_INIT_POS_SETTLE,-0.014161000,-0.584577000,0.532525000
71.437550,P1_INIT_POS_SETTLE,-0.014161000,-0.584577000,0.532525000
71.447843,P1_INIT_POS_SETTLE,-0.014161000,-0.584577000,0.532525000
71.458127,P1_INIT_POS_SETTLE,-0.014161000,-0.584577000,0.532525000
71.468412,P1_INIT_POS_SETTLE,-0.014161000,-0.584577000,0.532525000
71.478712,P1_INIT_POS_SETTLE,-0.014161000,-0.584577000,0.532525000
71.489001,P1_INIT_POS_SETTLE,-0.014161000,-0.584577000,0.532525000
71.499283,P1_INIT_POS_SETTLE,-0.014161000,-0.584577000,0.532525000
71.509568,P1_INIT_POS_SETTLE,-0.014161000,-0.584577000,0.532525000
71.519873,P1_INIT_POS_SETTLE,-0.014161000,-0.584577000,0.532525000
71.530164,P1_INIT_POS_SETTLE,-0.014161000,-0.584577000,0.532525000
71.540474,P1_INIT_POS_SETTLE,-0.014161000,-0.584577000,0.532525000
71.550775,P1_INIT_POS_SETTLE,-0.014161000,-0.584577000,0.532525000
71.561074,P1_INIT_POS_SETTLE,-0.014161000,-0.584577000,0.532525000
71.571355,P1_INIT_POS_SETTLE,-0.014161000,-0.584577000,0.532525000
71.581645,P1_INIT_POS_SETTLE,-0.014161000,-0.584577000,0.532525000
71.591922,P1_INIT_POS_SETTLE,-0.014161000,-0.584577000,0.532525000
71.602203,P1_INIT_POS_SETTLE,-0.014161000,-0.584577000,0.532525000
71.612488,P1_INIT_POS_SETTLE,-0.014161000,-0.584577000,0.532525000
71.622762,P1_INIT_POS_SETTLE,-0.014161000,-0.584577000,0.532525000
71.633036,P1_INIT_POS_SETTLE,-0.014161000,-0.584577000,0.532525000
71.643309,P1_INIT_POS_SETTLE,-0.014161000,-0.584577000,0.532525000
71.653648,P1_INIT_POS_SETTLE,-0.014161000,-0.584577000,0.532525000
71.664054,P1_INIT_POS_SETTLE,-0.014161000,-0.584577000,0.532525000
71.674369,P1_INIT_POS_SETTLE,-0.014161000,-0.584577000,0.532525000
71.684695,P1_INIT_POS_SETTLE,-0.014161000,-0.584577000,0.532525000
71.694999,P1_INIT_POS_SETTLE,-0.014161000,-0.584577000,0.532525000
71.705283,P1_INIT_POS_SETTLE,-0.014161000,-0.584577000,0.532525000
71.715561,P1_INIT_POS_SETTLE,-0.014161000,-0.584577000,0.532525000
71.725847,P1_INIT_POS_SETTLE,-0.014161000,-0.584577000,0.532525000
71.736142,P1_INIT_POS_SETTLE,-0.014161000,-0.584577000,0.532525000
71.746446,P1_INIT_POS_SETTLE,-0.014161000,-0.584577000,0.532525000
71.756750,P1_INIT_POS_SETTLE,-0.014161000,-0.584577000,0.532525000
71.767028,P1_INIT_POS_SETTLE,-0.014161000,-0.584577000,0.532525000
71.777299,P1_INIT_POS_SETTLE,-0.014161000,-0.584577000,0.532525000
71.787570,P1_INIT_POS_SETTLE,-0.014161000,-0.584577000,0.532525000
71.797838,P1_INIT_POS_SETTLE,-0.014161000,-0.584577000,0.532525000
71.808107,P1_INIT_POS_SETTLE,-0.014161000,-0.584577000,0.532525000
71.818375,P1_INIT_POS_SETTLE,-0.014161000,-0.584577000,0.532525000
71.828660,P1_INIT_POS_SETTLE,-0.014161000,-0.584577000,0.532525000
71.838927,P1_INIT_POS_SETTLE,-0.014161000,-0.584577000,0.532525000
71.849208,P1_INIT_POS_SETTLE,-0.014161000,-0.584577000,0.532525000
71.859494,P1_INIT_POS_SETTLE,-0.014161000,-0.584577000,0.532525000
71.869767,P1_INIT_POS_SETTLE,-0.014161000,-0.584577000,0.532525000
71.880033,P1_INIT_POS_SETTLE,-0.014161000,-0.584577000,0.532525000
71.890300,P1_INIT_POS_SETTLE,-0.014161000,-0.584577000,0.532525000
71.900567,P1_INIT_POS_SETTLE,-0.014161000,-0.584577000,0.532525000
71.910837,P1_INIT_POS_SETTLE,-0.014161000,-0.584577000,0.532525000
71.921103,P1_INIT_POS_SETTLE,-0.014161000,-0.584577000,0.532525000
71.931381,P1_INIT_POS_SETTLE,-0.014161000,-0.584577000,0.532525000
71.941662,P1_INIT_POS_SETTLE,-0.014161000,-0.584577000,0.532525000
71.951937,P1_INIT_POS_SETTLE,-0.014161000,-0.584577000,0.532525000
71.962217,P1_INIT_POS_SETTLE,-0.014161000,-0.584577000,0.532525000
71.972498,P1_INIT_POS_SETTLE,-0.014161000,-0.584577000,0.532525000
71.982767,P1_INIT_POS_SETTLE,-0.014161000,-0.584577000,0.532525000
71.993035,P1_INIT_POS_SETTLE,-0.014161000,-0.584577000,0.532525000
72.003306,P1_INIT_POS_SETTLE,-0.014161000,-0.584577000,0.532525000
72.013573,P1_INIT_POS_SETTLE,-0.014161000,-0.584577000,0.532525000
72.023839,P1_INIT_POS_SETTLE,-0.014161000,-0.584577000,0.532525000
72.034112,P1_INIT_POS_SETTLE,-0.014161000,-0.584577000,0.532525000
72.044384,P1_INIT_POS_SETTLE,-0.014161000,-0.584577000,0.532525000
72.054675,P1_INIT_POS_SETTLE,-0.014161000,-0.584577000,0.532525000
72.064955,P1_INIT_POS_SETTLE,-0.014161000,-0.584577000,0.532525000
72.075241,P1_INIT_POS_SETTLE,-0.014161000,-0.584577000,0.532525000
72.085514,P1_INIT_POS_SETTLE,-0.014161000,-0.584577000,0.532525000
72.095781,P1_INIT_POS_SETTLE,-0.014161000,-0.584577000,0.532525000
72.106056,P1_INIT_POS_SETTLE,-0.014161000,-0.584577000,0.532525000
72.116330,P1_INIT_POS_SETTLE,-0.014161000,-0.584577000,0.532525000
72.126615,P1_INIT_POS_SETTLE,-0.014161000,-0.584577000,0.532525000
72.136883,P1_INIT_POS_SETTLE,-0.014161000,-0.584577000,0.532525000
72.147150,P1_INIT_POS_SETTLE,-0.014161000,-0.584577000,0.532525000
72.157426,P1_INIT_POS_SETTLE,-0.014161000,-0.584577000,0.532525000
72.167710,P1_INIT_POS_SETTLE,-0.014161000,-0.584577000,0.532525000
72.177980,P1_INIT_POS_SETTLE,-0.014161000,-0.584577000,0.532525000
72.188253,P1_INIT_POS_SETTLE,-0.014161000,-0.584577000,0.532525000
72.198536,P1_INIT_POS_SETTLE,-0.014161000,-0.584577000,0.532525000
72.208806,P1_INIT_POS_SETTLE,-0.014161000,-0.584577000,0.532525000
72.219077,P1_INIT_POS_SETTLE,-0.014161000,-0.584577000,0.532525000
72.229343,P1_INIT_POS_SETTLE,-0.014161000,-0.584577000,0.532525000
72.239625,P1_INIT_POS_SETTLE,-0.014161000,-0.584577000,0.532525000
72.249942,P1_INIT_POS_SETTLE,-0.014161000,-0.584577000,0.532525000
72.260264,P1_INIT_POS_SETTLE,-0.014161000,-0.584577000,0.532525000
72.270547,P1_INIT_POS_SETTLE,-0.014161000,-0.584577000,0.532525000
72.280845,P1_INIT_POS_SETTLE,-0.014161000,-0.584577000,0.532525000
72.291123,P1_INIT_POS_SETTLE,-0.014161000,-0.584577000,0.532525000
72.301413,P1_INIT_POS_SETTLE,-0.014161000,-0.584577000,0.532525000
72.311699,P1_INIT_POS_SETTLE,-0.014161000,-0.584577000,0.532525000
72.321984,P1_INIT_POS_SETTLE,-0.014161000,-0.584577000,0.532525000
72.332257,P1_INIT_POS_SETTLE,-0.014161000,-0.584577000,0.532525000
72.342540,P1_INIT_POS_SETTLE,-0.014161000,-0.584577000,0.532525000
72.352815,P1_INIT_POS_SETTLE,-0.014161000,-0.584577000,0.532525000
72.363101,P1_INIT_POS_SETTLE,-0.014161000,-0.584577000,0.532525000
72.373371,P1_INIT_POS_SETTLE,-0.014161000,-0.584577000,0.532525000
72.383660,P1_INIT_POS_SETTLE,-0.014161000,-0.584577000,0.532525000
72.393931,P1_INIT_POS_SETTLE,-0.014161000,-0.584577000,0.532525000
72.404206,P1_INIT_POS_SETTLE,-0.014161000,-0.584577000,0.532525000
72.414485,P1_INIT_POS_SETTLE,-0.014161000,-0.584577000,0.532525000
72.424762,P1_INIT_POS_SETTLE,-0.014161000,-0.584577000,0.532525000
72.435033,P1_INIT_POS_SETTLE,-0.014161000,-0.584577000,0.532525000
72.445310,P1_INIT_POS_SETTLE,-0.014161000,-0.584577000,0.532525000
72.455583,P1_INIT_POS_SETTLE,-0.014161000,-0.584577000,0.532525000
72.465858,P1_INIT_POS_SETTLE,-0.014161000,-0.584577000,0.532525000
72.476135,P1_INIT_POS_SETTLE,-0.014161000,-0.584577000,0.532525000
72.486406,P1_INIT_POS_SETTLE,-0.014161000,-0.584577000,0.532525000
72.496687,P1_INIT_POS_SETTLE,-0.014161000,-0.584577000,0.532525000
72.506959,P1_INIT_POS_SETTLE,-0.014161000,-0.584577000,0.532525000
72.517232,P1_INIT_POS_SETTLE,-0.014161000,-0.584577000,0.532525000
72.527565,P1_INIT_POS_SETTLE,-0.014161000,-0.584577000,0.532525000
72.537836,P1_INIT_POS_SETTLE,-0.014161000,-0.584577000,0.532525000
72.548041,P1_INIT_POS_SETTLE,-0.014161000,-0.584577000,0.532525000
72.558222,P1_INIT_POS_SETTLE,-0.014161000,-0.584577000,0.532525000
72.568396,P1_INIT_POS_SETTLE,-0.014161000,-0.584577000,0.532525000
72.578574,P1_INIT_POS_SETTLE,-0.014161000,-0.584577000,0.532525000
72.588739,P1_INIT_POS_SETTLE,-0.014161000,-0.584577000,0.532525000
72.598899,P1_INIT_POS_SETTLE,-0.014161000,-0.584577000,0.532525000
72.609066,P1_INIT_POS_SETTLE,-0.014161000,-0.584577000,0.532525000
72.619228,P1_INIT_POS_SETTLE,-0.014161000,-0.584577000,0.532525000
72.629384,P1_INIT_POS_SETTLE,-0.014161000,-0.584577000,0.532525000
72.639546,P1_INIT_POS_SETTLE,-0.014161000,-0.584577000,0.532525000
72.649709,P1_INIT_POS_SETTLE,-0.014161000,-0.584577000,0.532525000
72.659941,P1_INIT_POS_SETTLE,-0.014161000,-0.584577000,0.532525000
72.670157,P1_INIT_POS_SETTLE,-0.014161000,-0.584577000,0.532525000
72.680421,P1_INIT_POS_SETTLE,-0.014161000,-0.584577000,0.532525000
72.690674,P1_INIT_POS_SETTLE,-0.014161000,-0.584577000,0.532525000
72.700860,P1_INIT_POS_SETTLE,-0.014161000,-0.584577000,0.532525000
72.711034,P1_INIT_POS_SETTLE,-0.014161000,-0.584577000,0.532525000
72.721194,P1_INIT_POS_SETTLE,-0.014161000,-0.584577000,0.532525000
72.731355,P1_INIT_POS_SETTLE,-0.014161000,-0.584577000,0.532525000
72.741516,P1_INIT_POS_SETTLE,-0.014161000,-0.584577000,0.532525000
72.751673,P1_INIT_POS_SETTLE,-0.014161000,-0.584577000,0.532525000
72.761840,P1_INIT_POS_SETTLE,-0.014161000,-0.584577000,0.532525000
72.772011,P1_INIT_POS_SETTLE,-0.014161000,-0.584577000,0.532525000
72.782169,P1_INIT_POS_SETTLE,-0.014161000,-0.584577000,0.532525000
72.792327,P1_INIT_POS_SETTLE,-0.014161000,-0.584577000,0.532525000
72.802517,P1_INIT_POS_SETTLE,-0.014161000,-0.584577000,0.532525000
72.812699,P1_INIT_POS_SETTLE,-0.014161000,-0.584577000,0.532525000
72.822878,P1_INIT_POS_SETTLE,-0.014161000,-0.584577000,0.532525000
72.833045,P1_INIT_POS_SETTLE,-0.014161000,-0.584577000,0.532525000
72.843208,P1_INIT_POS_SETTLE,-0.014161000,-0.584577000,0.532525000
72.853385,P1_INIT_POS_SETTLE,-0.014161000,-0.584577000,0.532525000
72.863590,P1_INIT_POS_SETTLE,-0.014161000,-0.584577000,0.532525000
72.873779,P1_INIT_POS_SETTLE,-0.014161000,-0.584577000,0.532525000
72.883955,P1_INIT_POS_SETTLE,-0.014161000,-0.584577000,0.532525000
72.894123,P1_INIT_POS_SETTLE,-0.014161000,-0.584577000,0.532525000
72.904286,P1_INIT_POS_SETTLE,-0.014161000,-0.584577000,0.532525000
72.914462,P1_INIT_POS_SETTLE,-0.014161000,-0.584577000,0.532525000
72.924626,P1_INIT_POS_SETTLE,-0.014161000,-0.584577000,0.532525000
72.934835,P1_INIT_POS_SETTLE,-0.014161000,-0.584577000,0.532525000
72.945021,P1_INIT_POS_SETTLE,-0.014161000,-0.584577000,0.532525000
72.955187,P1_INIT_POS_SETTLE,-0.014161000,-0.584577000,0.532525000
72.965351,P1_INIT_POS_SETTLE,-0.014161000,-0.584577000,0.532525000
72.975517,P1_INIT_POS_SETTLE,-0.014161000,-0.584577000,0.532525000
72.985676,P1_INIT_POS_SETTLE,-0.014161000,-0.584577000,0.532525000
72.995832,P1_INIT_POS_SETTLE,-0.014161000,-0.584577000,0.532525000
73.006014,P1_INIT_POS_SETTLE,-0.014161000,-0.584577000,0.532525000
73.016177,P1_INIT_POS_SETTLE,-0.014161000,-0.584577000,0.532525000
73.026334,P1_INIT_POS_SETTLE,-0.014161000,-0.584577000,0.532525000
73.036500,P1_INIT_POS_SETTLE,-0.014161000,-0.584577000,0.532525000
73.046679,P1_INIT_POS_SETTLE,-0.014161000,-0.584577000,0.532525000
73.056858,P1_INIT_POS_SETTLE,-0.014161000,-0.584577000,0.532525000
73.067039,P1_INIT_POS_SETTLE,-0.014161000,-0.584577000,0.532525000
73.077200,P1_INIT_POS_SETTLE,-0.014161000,-0.584577000,0.532525000
73.087366,P1_INIT_POS_SETTLE,-0.014161000,-0.584577000,0.532525000
73.097526,P1_INIT_POS_SETTLE,-0.014161000,-0.584577000,0.532525000
73.107689,P1_INIT_POS_SETTLE,-0.014161000,-0.584577000,0.532525000
73.117849,P1_INIT_POS_SETTLE,-0.014161000,-0.584577000,0.532525000
73.128015,P1_INIT_POS_SETTLE,-0.014161000,-0.584577000,0.532525000
73.138177,P1_INIT_POS_SETTLE,-0.014161000,-0.584577000,0.532525000
73.148345,P1_INIT_POS_SETTLE,-0.014161000,-0.584577000,0.532525000
73.158507,P1_INIT_POS_SETTLE,-0.014161000,-0.584577000,0.532525000
73.168666,P1_INIT_POS_SETTLE,-0.014161000,-0.584577000,0.532525000
73.178916,P1_INIT_POS_SETTLE,-0.014161000,-0.584577000,0.532525000
73.189133,P1_INIT_POS_SETTLE,-0.014161000,-0.584577000,0.532525000
73.199305,P1_INIT_POS_SETTLE,-0.014161000,-0.584577000,0.532525000
73.209507,P1_INIT_POS_SETTLE,-0.014161000,-0.584577000,0.532525000
73.219669,P1_INIT_POS_SETTLE,-0.014161000,-0.584577000,0.532525000
73.229847,P1_INIT_POS_SETTLE,-0.014161000,-0.584577000,0.532525000
73.240015,P1_INIT_POS_SETTLE,-0.014161000,-0.584577000,0.532525000
73.250179,P1_INIT_POS_SETTLE,-0.014161000,-0.584577000,0.532525000
73.260358,P1_INIT_POS_SETTLE,-0.014161000,-0.584577000,0.532525000
73.270532,P1_INIT_POS_SETTLE,-0.014161000,-0.584577000,0.532525000
73.280692,P1_INIT_POS_SETTLE,-0.014161000,-0.584577000,0.532525000
73.290861,P1_INIT_POS_SETTLE,-0.014161000,-0.584577000,0.532525000
73.301021,P1_INIT_POS_SETTLE,-0.014161000,-0.584577000,0.532525000
73.311184,P1_INIT_POS_SETTLE,-0.014161000,-0.584577000,0.532525000
73.321342,P1_INIT_POS_SETTLE,-0.014161000,-0.584577000,0.532525000
73.331505,P1_INIT_POS_SETTLE,-0.014161000,-0.584577000,0.532525000
73.341670,P1_INIT_POS_SETTLE,-0.014161000,-0.584577000,0.532525000
73.351835,P1_INIT_POS_SETTLE,-0.014161000,-0.584577000,0.532525000
73.361995,P1_INIT_POS_SETTLE,-0.014161000,-0.584577000,0.532525000
73.372182,P1_INIT_POS_SETTLE,-0.014161000,-0.584577000,0.532525000
73.382344,P1_INIT_POS_SETTLE,-0.014161000,-0.584577000,0.532525000
73.392502,P1_INIT_POS_SETTLE,-0.014161000,-0.584577000,0.532525000
73.402662,P1_INIT_POS_SETTLE,-0.014161000,-0.584577000,0.532525000
73.412821,P1_INIT_POS_SETTLE,-0.014161000,-0.584577000,0.532525000
73.422978,P1_INIT_POS_SETTLE,-0.014161000,-0.584577000,0.532525000
73.433135,P1_INIT_POS_SETTLE,-0.014161000,-0.584577000,0.532525000
73.443327,P1_INIT_POS_SETTLE,-0.014161000,-0.584577000,0.532525000
73.453517,P1_INIT_POS_SETTLE,-0.014161000,-0.584577000,0.532525000
73.463699,P1_INIT_POS_SETTLE,-0.014161000,-0.584577000,0.532525000
73.473881,P1_INIT_POS_SETTLE,-0.014161000,-0.584577000,0.532525000
73.484042,P1_INIT_POS_SETTLE,-0.014161000,-0.584577000,0.532525000
73.494236,P1_INIT_POS_SETTLE,-0.014161000,-0.584577000,0.532525000
73.504400,P1_INIT_POS_SETTLE,-0.014161000,-0.584577000,0.532525000
73.514584,P1_INIT_POS_SETTLE,-0.014161000,-0.584577000,0.532525000
73.524748,P1_INIT_POS_SETTLE,-0.014161000,-0.584577000,0.532525000
73.534943,P1_INIT_POS_SETTLE,-0.014161000,-0.584577000,0.532525000
73.545107,P1_INIT_POS_SETTLE,-0.014161000,-0.584577000,0.532525000
73.555272,P1_INIT_POS_SETTLE,-0.014161000,-0.584577000,0.532525000
73.565430,P1_INIT_POS_SETTLE,-0.014161000,-0.584577000,0.532525000
73.575624,P1_INIT_POS_SETTLE,-0.014161000,-0.584577000,0.532525000
73.585784,P1_INIT_POS_SETTLE,-0.014161000,-0.584577000,0.532525000
73.595945,P1_INIT_POS_SETTLE,-0.014161000,-0.584577000,0.532525000
73.606101,P1_INIT_POS_SETTLE,-0.014161000,-0.584577000,0.532525000
73.616268,P1_INIT_POS_SETTLE,-0.014161000,-0.584577000,0.532525000
73.626425,P1_INIT_POS_SETTLE,-0.014161000,-0.584577000,0.532525000
73.636615,P1_INIT_POS_SETTLE,-0.014161000,-0.584577000,0.532525000
73.646782,P1_INIT_POS_SETTLE,-0.014161000,-0.584577000,0.532525000
73.656947,P1_INIT_POS_SETTLE,-0.014161000,-0.584577000,0.532525000
73.667241,P1_INIT_POS_SETTLE,-0.014161000,-0.584577000,0.532525000
73.677535,P1_INIT_POS_SETTLE,-0.014161000,-0.584577000,0.532525000
73.687752,P1_INIT_POS_SETTLE,-0.014161000,-0.584577000,0.532525000
73.697930,P1_INIT_POS_SETTLE,-0.014161000,-0.584577000,0.532525000
73.708097,P1_INIT_POS_SETTLE,-0.014161000,-0.584577000,0.532525000
73.718262,P1_INIT_POS_SETTLE,-0.014161000,-0.584577000,0.532525000
73.728426,P1_INIT_POS_SETTLE,-0.014161000,-0.584577000,0.532525000
73.738632,P1_INIT_POS_SETTLE,-0.014161000,-0.584577000,0.532525000
73.748797,P1_INIT_POS_SETTLE,-0.014161000,-0.584577000,0.532525000
73.758965,P1_INIT_POS_SETTLE,-0.014161000,-0.584577000,0.532525000
73.769130,P1_INIT_POS_SETTLE,-0.014161000,-0.584577000,0.532525000
73.779299,P1_INIT_POS_SETTLE,-0.014161000,-0.584577000,0.532525000
73.789468,P1_INIT_POS_SETTLE,-0.014161000,-0.584577000,0.532525000
73.799634,P1_INIT_POS_SETTLE,-0.014161000,-0.584577000,0.532525000
73.809794,P1_INIT_POS_SETTLE,-0.014161000,-0.584577000,0.532525000
73.819949,P1_INIT_POS_SETTLE,-0.014161000,-0.584577000,0.532525000
73.830140,P1_INIT_POS_SETTLE,-0.014161000,-0.584577000,0.532525000
73.840306,P1_INIT_POS_SETTLE,-0.014161000,-0.584577000,0.532525000
73.850480,P1_INIT_POS_SETTLE,-0.014161000,-0.584577000,0.532525000
73.860644,P1_INIT_POS_SETTLE,-0.014161000,-0.584577000,0.532525000
73.870807,P1_INIT_POS_SETTLE,-0.014161000,-0.584577000,0.532525000
73.880971,P1_INIT_POS_SETTLE,-0.014161000,-0.584577000,0.532525000
73.891134,P1_INIT_POS_SETTLE,-0.014161000,-0.584577000,0.532525000
73.901295,P1_INIT_POS_SETTLE,-0.014161000,-0.584577000,0.532525000
73.911454,P1_INIT_POS_SETTLE,-0.014161000,-0.584577000,0.532525000
73.921624,P1_INIT_POS_SETTLE,-0.014161000,-0.584577000,0.532525000
73.931784,P1_INIT_POS_SETTLE,-0.014161000,-0.584577000,0.532525000
73.941945,P1_INIT_POS_SETTLE,-0.014161000,-0.584577000,0.532525000
73.952111,P1_INIT_POS_SETTLE,-0.014161000,-0.584577000,0.532525000
73.962277,P1_INIT_POS_SETTLE,-0.014161000,-0.584577000,0.532525000
73.972441,P1_INIT_POS_SETTLE,-0.014161000,-0.584577000,0.532525000
73.982618,P1_INIT_POS_SETTLE,-0.014161000,-0.584577000,0.532525000
73.992785,P1_INIT_POS_SETTLE,-0.014161000,-0.584577000,0.532525000
74.002947,P1_INIT_POS_SETTLE,-0.014161000,-0.584577000,0.532525000
74.013106,P1_INIT_POS_SETTLE,-0.014161000,-0.584577000,0.532525000
74.023266,P1_INIT_POS_SETTLE,-0.014161000,-0.584577000,0.532525000
74.033435,P1_INIT_POS_SETTLE,-0.014161000,-0.584577000,0.532525000
74.043653,P1_INIT_POS_SETTLE,-0.014161000,-0.584577000,0.532525000
74.053845,P1_INIT_POS_SETTLE,-0.014161000,-0.584577000,0.532525000
74.064020,P1_INIT_POS_SETTLE,-0.014161000,-0.584577000,0.532525000
74.074188,P1_INIT_POS_SETTLE,-0.014161000,-0.584577000,0.532525000
74.084346,P1_INIT_POS_SETTLE,-0.014161000,-0.584577000,0.532525000
74.094507,P1_INIT_POS_SETTLE,-0.014161000,-0.584577000,0.532525000
74.104671,P1_INIT_POS_SETTLE,-0.014161000,-0.584577000,0.532525000
74.114833,P1_INIT_POS_SETTLE,-0.014161000,-0.584577000,0.532525000
74.124989,P1_INIT_POS_SETTLE,-0.014161000,-0.584577000,0.532525000
74.135146,P1_INIT_POS_SETTLE,-0.014161000,-0.584577000,0.532525000
74.145305,P1_INIT_POS_SETTLE,-0.014161000,-0.584577000,0.532525000
74.155473,P1_INIT_POS_SETTLE,-0.014161000,-0.584577000,0.532525000
74.165636,P1_INIT_POS_SETTLE,-0.014161000,-0.584577000,0.532525000
74.175811,P1_INIT_POS_SETTLE,-0.014161000,-0.584577000,0.532525000
74.186050,P1_INIT_POS_SETTLE,-0.014161000,-0.584577000,0.532525000
74.196263,P1_INIT_POS_SETTLE,-0.014161000,-0.584577000,0.532525000
74.206434,P1_INIT_POS_SETTLE,-0.014161000,-0.584577000,0.532525000
74.216633,P1_INIT_POS_SETTLE,-0.014161000,-0.584577000,0.532525000
74.226792,P1_INIT_POS_SETTLE,-0.014161000,-0.584577000,0.532525000
74.236953,P1_INIT_POS_SETTLE,-0.014161000,-0.584577000,0.532525000
74.247120,P1_INIT_POS_SETTLE,-0.014161000,-0.584577000,0.532525000
74.257284,P1_INIT_POS_SETTLE,-0.014161000,-0.584577000,0.532525000
74.267444,P1_INIT_POS_SETTLE,-0.014161000,-0.584577000,0.532525000
74.277610,P1_INIT_POS_SETTLE,-0.014161000,-0.584577000,0.532525000
74.287767,P1_INIT_POS_SETTLE,-0.014161000,-0.584577000,0.532525000
74.297924,P1_INIT_POS_SETTLE,-0.014161000,-0.584577000,0.532525000
74.308080,P1_INIT_POS_SETTLE,-0.014161000,-0.584577000,0.532525000
74.318239,P1_INIT_POS_SETTLE,-0.014161000,-0.584577000,0.532525000
74.328397,P1_INIT_POS_SETTLE,-0.014161000,-0.584577000,0.532525000
74.338558,P1_INIT_POS_SETTLE,-0.014161000,-0.584577000,0.532525000
74.348717,P1_INIT_POS_SETTLE,-0.014161000,-0.584577000,0.532525000
74.358870,P1_INIT_POS_SETTLE,-0.014161000,-0.584577000,0.532525000
74.369026,P1_INIT_POS_SETTLE,-0.014161000,-0.584577000,0.532525000
74.379182,P1_INIT_POS_SETTLE,-0.014161000,-0.584577000,0.532525000
74.389339,P1_INIT_POS_SETTLE,-0.014161000,-0.584577000,0.532525000
74.399497,P1_INIT_POS_SETTLE,-0.014161000,-0.584577000,0.532525000
74.409650,P1_INIT_POS_SETTLE,-0.014161000,-0.584577000,0.532525000
74.419807,P1_INIT_POS_SETTLE,-0.014161000,-0.584577000,0.532525000
74.429965,P1_INIT_POS_SETTLE,-0.014161000,-0.584577000,0.532525000
74.440122,P1_INIT_POS_SETTLE,-0.014161000,-0.584577000,0.532525000
74.450278,P1_INIT_POS_SETTLE,-0.014161000,-0.584577000,0.532525000
74.460436,P1_INIT_POS_SETTLE,-0.014161000,-0.584577000,0.532525000
74.470599,P1_INIT_POS_SETTLE,-0.014161000,-0.584577000,0.532525000
74.480764,P1_INIT_POS_SETTLE,-0.014161000,-0.584577000,0.532525000
74.490923,P1_INIT_POS_SETTLE,-0.014161000,-0.584577000,0.532525000
74.501078,P1_INIT_POS_SETTLE,-0.014161000,-0.584577000,0.532525000
74.511243,P1_INIT_POS_SETTLE,-0.014161000,-0.584577000,0.532525000
74.521399,P1_INIT_POS_SETTLE,-0.014161000,-0.584577000,0.532525000
74.531558,P1_INIT_POS_SETTLE,-0.014161000,-0.584577000,0.532525000
74.541715,P1_INIT_POS_SETTLE,-0.014161000,-0.584577000,0.532525000
74.551876,P1_INIT_POS_SETTLE,-0.014161000,-0.584577000,0.532525000
74.562030,P1_INIT_POS_SETTLE,-0.014161000,-0.584577000,0.532525000
74.572184,P1_INIT_POS_SETTLE,-0.014161000,-0.584577000,0.532525000
74.582340,P1_INIT_POS_SETTLE,-0.014161000,-0.584577000,0.532525000
74.592497,P1_INIT_POS_SETTLE,-0.014161000,-0.584577000,0.532525000
74.602651,P1_INIT_POS_SETTLE,-0.014161000,-0.584577000,0.532525000
74.612807,P1_INIT_POS_SETTLE,-0.014161000,-0.584577000,0.532525000
74.622964,P1_INIT_POS_SETTLE,-0.014161000,-0.584577000,0.532525000
74.633123,P1_INIT_POS_SETTLE,-0.014161000,-0.584577000,0.532525000
74.643342,P1_INIT_POS_SETTLE,-0.014161000,-0.584577000,0.532525000
74.653537,P1_INIT_POS_SETTLE,-0.014161000,-0.584577000,0.532525000
74.663825,P1_INIT_POS_SETTLE,-0.014161000,-0.584577000,0.532525000
74.674110,P1_INIT_POS_SETTLE,-0.014161000,-0.584577000,0.532525000
74.684299,P1_INIT_POS_SETTLE,-0.014161000,-0.584577000,0.532525000
74.694524,P1_INIT_POS_SETTLE,-0.014161000,-0.584577000,0.532525000
74.704705,P1_INIT_POS_SETTLE,-0.014161000,-0.584577000,0.532525000
74.714877,P1_INIT_POS_SETTLE,-0.014161000,-0.584577000,0.532525000
74.725041,P1_INIT_POS_SETTLE,-0.014161000,-0.584577000,0.532525000
74.735207,P1_INIT_POS_SETTLE,-0.014161000,-0.584577000,0.532525000
74.745366,P1_INIT_POS_SETTLE,-0.014161000,-0.584577000,0.532525000
74.755524,P1_INIT_POS_SETTLE,-0.014161000,-0.584577000,0.532525000
74.765700,P1_INIT_POS_SETTLE,-0.014161000,-0.584577000,0.532525000
74.775867,P1_INIT_POS_SETTLE,-0.014161000,-0.584577000,0.532525000
74.786028,P1_INIT_POS_SETTLE,-0.014161000,-0.584577000,0.532525000
74.796188,P1_INIT_POS_SETTLE,-0.014161000,-0.584577000,0.532525000
74.806346,P1_INIT_POS_SETTLE,-0.014161000,-0.584577000,0.532525000
74.816508,P1_INIT_POS_SETTLE,-0.014161000,-0.584577000,0.532525000
74.826664,P1_INIT_POS_SETTLE,-0.014161000,-0.584577000,0.532525000
74.836819,P1_INIT_POS_SETTLE,-0.014161000,-0.584577000,0.532525000
74.846976,P1_INIT_POS_SETTLE,-0.014161000,-0.584577000,0.532525000
74.857139,P1_INIT_POS_SETTLE,-0.014161000,-0.584577000,0.532525000
74.867300,P1_INIT_POS_SETTLE,-0.014161000,-0.584577000,0.532525000
74.877489,P1_INIT_POS_SETTLE,-0.014161000,-0.584577000,0.532525000
74.887650,P1_INIT_POS_SETTLE,-0.014161000,-0.584577000,0.532525000
74.897821,P1_INIT_POS_SETTLE,-0.014161000,-0.584577000,0.532525000
74.907987,P1_INIT_POS_SETTLE,-0.014161000,-0.584577000,0.532525000
74.918154,P1_INIT_POS_SETTLE,-0.014161000,-0.584577000,0.532525000
74.928310,P1_INIT_POS_SETTLE,-0.014161000,-0.584577000,0.532525000
74.938471,P1_INIT_POS_SETTLE,-0.014161000,-0.584577000,0.532525000
74.948630,P1_INIT_POS_SETTLE,-0.014161000,-0.584577000,0.532525000
74.958785,P1_INIT_POS_SETTLE,-0.014161000,-0.584577000,0.532525000
74.968942,P1_INIT_POS_SETTLE,-0.014161000,-0.584577000,0.532525000
74.979098,P1_INIT_POS_SETTLE,-0.014161000,-0.584577000,0.532525000
74.989254,P1_INIT_POS_SETTLE,-0.014161000,-0.584577000,0.532525000
74.999409,P1_INIT_POS_SETTLE,-0.014161000,-0.584577000,0.532525000
75.009595,P1_INIT_POS_SETTLE,-0.014161000,-0.584577000,0.532525000
75.019758,P1_INIT_POS_SETTLE,-0.014161000,-0.584577000,0.532525000
75.029929,P1_INIT_POS_SETTLE,-0.014161000,-0.584577000,0.532525000
75.040087,P1_INIT_POS_SETTLE,-0.014161000,-0.584577000,0.532525000
75.050250,P1_INIT_POS_SETTLE,-0.014161000,-0.584577000,0.532525000
75.060407,P1_INIT_POS_SETTLE,-0.014161000,-0.584577000,0.532525000
75.070589,P1_INIT_POS_SETTLE,-0.014161000,-0.584577000,0.532525000
75.080752,P1_INIT_POS_SETTLE,-0.014161000,-0.584577000,0.532525000
75.090917,P1_INIT_POS_SETTLE,-0.014161000,-0.584577000,0.532525000
75.101103,P1_INIT_POS_SETTLE,-0.014161000,-0.584577000,0.532525000
75.111260,P1_INIT_POS_SETTLE,-0.014161000,-0.584577000,0.532525000
75.121417,P1_INIT_POS_SETTLE,-0.014161000,-0.584577000,0.532525000
75.131599,P1_INIT_POS_SETTLE,-0.014161000,-0.584577000,0.532525000
75.141763,P1_INIT_POS_SETTLE,-0.014161000,-0.584577000,0.532525000
75.151931,P1_INIT_POS_SETTLE,-0.014161000,-0.584577000,0.532525000
75.162088,P1_INIT_POS_SETTLE,-0.014161000,-0.584577000,0.532525000
75.172246,P1_INIT_POS_SETTLE,-0.014161000,-0.584577000,0.532525000
75.182449,P1_INIT_POS_SETTLE,-0.014161000,-0.584577000,0.532525000
75.192688,P1_INIT_POS_SETTLE,-0.014161000,-0.584577000,0.532525000
75.202892,P1_INIT_POS_SETTLE,-0.014161000,-0.584577000,0.532525000
75.213057,P1_INIT_POS_SETTLE,-0.014161000,-0.584577000,0.532525000
75.223225,P1_INIT_POS_SETTLE,-0.014161000,-0.584577000,0.532525000
75.233384,P1_INIT_POS_SETTLE,-0.014161000,-0.584577000,0.532525000
75.243555,P1_INIT_POS_SETTLE,-0.014161000,-0.584577000,0.532525000
75.253721,P1_INIT_POS_SETTLE,-0.014161000,-0.584577000,0.532525000
75.263885,P1_INIT_POS_SETTLE,-0.014161000,-0.584577000,0.532525000
75.274048,P1_INIT_POS_SETTLE,-0.014161000,-0.584577000,0.532525000
75.284215,P1_INIT_POS_SETTLE,-0.014161000,-0.584577000,0.532525000
75.294371,P1_INIT_POS_SETTLE,-0.014161000,-0.584577000,0.532525000
75.304527,P1_INIT_POS_SETTLE,-0.014161000,-0.584577000,0.532525000
75.314682,P1_INIT_POS_SETTLE,-0.014161000,-0.584577000,0.532525000
75.324860,P1_INIT_POS_SETTLE,-0.014161000,-0.584577000,0.532525000
75.335015,P1_INIT_POS_SETTLE,-0.014161000,-0.584577000,0.532525000
75.345172,P1_INIT_POS_SETTLE,-0.014161000,-0.584577000,0.532525000
75.355338,P1_INIT_POS_SETTLE,-0.014161000,-0.584577000,0.532525000
75.365497,P1_INIT_POS_SETTLE,-0.014161000,-0.584577000,0.532525000
75.375654,P1_INIT_POS_SETTLE,-0.014161000,-0.584577000,0.532525000
75.385813,P1_INIT_POS_SETTLE,-0.014161000,-0.584577000,0.532525000
75.395972,P1_INIT_POS_SETTLE,-0.014161000,-0.584577000,0.532525000
75.406132,P1_INIT_POS_SETTLE,-0.014161000,-0.584577000,0.532525000
75.416289,P1_INIT_POS_SETTLE,-0.014161000,-0.584577000,0.532525000
75.426446,P1_INIT_POS_SETTLE,-0.014161000,-0.584577000,0.532525000
75.436632,P1_INIT_POS_SETTLE,-0.014161000,-0.584577000,0.532525000
75.446792,P1_INIT_POS_SETTLE,-0.014161000,-0.584577000,0.532525000
75.456956,P1_INIT_POS_SETTLE,-0.014161000,-0.584577000,0.532525000
75.467113,P1_INIT_POS_SETTLE,-0.014161000,-0.584577000,0.532525000
75.477273,P1_INIT_POS_SETTLE,-0.014161000,-0.584577000,0.532525000
75.487430,P1_INIT_POS_SETTLE,-0.014161000,-0.584577000,0.532525000
75.497595,P1_INIT_POS_SETTLE,-0.014161000,-0.584577000,0.532525000
75.507754,P1_INIT_POS_SETTLE,-0.014161000,-0.584577000,0.532525000
75.517918,P1_INIT_POS_SETTLE,-0.014161000,-0.584577000,0.532525000
75.528077,P1_INIT_POS_SETTLE,-0.014161000,-0.584577000,0.532525000
75.538257,P1_INIT_POS_SETTLE,-0.014161000,-0.584577000,0.532525000
75.548442,P1_INIT_POS_SETTLE,-0.014161000,-0.584577000,0.532525000
75.558630,P1_INIT_POS_SETTLE,-0.014161000,-0.584577000,0.532525000
75.568792,P1_INIT_POS_SETTLE,-0.014161000,-0.584577000,0.532525000
75.578949,P1_INIT_POS_SETTLE,-0.014161000,-0.584577000,0.532525000
75.589105,P1_INIT_POS_SETTLE,-0.014161000,-0.584577000,0.532525000
75.599262,P1_INIT_POS_SETTLE,-0.014161000,-0.584577000,0.532525000
75.609428,P1_INIT_POS_SETTLE,-0.014161000,-0.584577000,0.532525000
75.619592,P1_INIT_POS_SETTLE,-0.014161000,-0.584577000,0.532525000
75.629755,P1_INIT_POS_SETTLE,-0.014161000,-0.584577000,0.532525000
75.639923,P1_INIT_POS_SETTLE,-0.014161000,-0.584577000,0.532525000
75.650084,P1_INIT_POS_SETTLE,-0.014161000,-0.584577000,0.532525000
75.660290,P1_INIT_POS_SETTLE,-0.014161000,-0.584577000,0.532525000
75.670567,P1_INIT_POS_SETTLE,-0.014161000,-0.584577000,0.532525000
75.680864,P1_INIT_POS_SETTLE,-0.014161000,-0.584577000,0.532525000
75.691108,P1_INIT_POS_SETTLE,-0.014161000,-0.584577000,0.532525000
75.701294,P1_INIT_POS_SETTLE,-0.014161000,-0.584577000,0.532525000
75.711484,P1_INIT_POS_SETTLE,-0.014161000,-0.584577000,0.532525000
75.721667,P1_INIT_POS_SETTLE,-0.014161000,-0.584577000,0.532525000
75.731831,P1_INIT_POS_SETTLE,-0.014161000,-0.584577000,0.532525000
75.741990,P1_INIT_POS_SETTLE,-0.014161000,-0.584577000,0.532525000
75.752151,P1_INIT_POS_SETTLE,-0.014161000,-0.584577000,0.532525000
75.762308,P1_INIT_POS_SETTLE,-0.014161000,-0.584577000,0.532525000
75.772496,P1_INIT_POS_SETTLE,-0.014161000,-0.584577000,0.532525000
75.782656,P1_INIT_POS_SETTLE,-0.014161000,-0.584577000,0.532525000
75.792815,P1_INIT_POS_SETTLE,-0.014161000,-0.584577000,0.532525000
75.802971,P1_INIT_POS_SETTLE,-0.014161000,-0.584577000,0.532525000
75.813131,P1_INIT_POS_SETTLE,-0.014161000,-0.584577000,0.532525000
75.823286,P1_INIT_POS_SETTLE,-0.014161000,-0.584577000,0.532525000
75.833441,P1_INIT_POS_SETTLE,-0.014161000,-0.584577000,0.532525000
75.843615,P1_INIT_POS_SETTLE,-0.014161000,-0.584577000,0.532525000
75.853781,P1_INIT_POS_SETTLE,-0.014161000,-0.584577000,0.532525000
75.863964,P1_INIT_POS_SETTLE,-0.014161000,-0.584577000,0.532525000
75.874119,P1_INIT_POS_SETTLE,-0.014161000,-0.584577000,0.532525000
75.884276,P1_INIT_POS_SETTLE,-0.014161000,-0.584577000,0.532525000
75.894448,P1_INIT_POS_SETTLE,-0.014161000,-0.584577000,0.532525000
75.904625,P1_INIT_POS_SETTLE,-0.014161000,-0.584577000,0.532525000
75.914789,P1_INIT_POS_SETTLE,-0.014161000,-0.584577000,0.532525000
75.924946,P1_INIT_POS_SETTLE,-0.014161000,-0.584577000,0.532525000
75.935111,P1_INIT_POS_SETTLE,-0.014161000,-0.584577000,0.532525000
75.945270,P1_INIT_POS_SETTLE,-0.014161000,-0.584577000,0.532525000
75.955427,P1_INIT_POS_SETTLE,-0.014161000,-0.584577000,0.532525000
75.965591,P1_INIT_POS_SETTLE,-0.014161000,-0.584577000,0.532525000
75.975751,P1_INIT_POS_SETTLE,-0.014161000,-0.584577000,0.532525000
75.985909,P1_INIT_POS_SETTLE,-0.014161000,-0.584577000,0.532525000
75.996069,P1_INIT_POS_SETTLE,-0.014161000,-0.584577000,0.532525000
76.006226,P1_INIT_POS_SETTLE,-0.014161000,-0.584577000,0.532525000
76.016384,P1_INIT_POS_SETTLE,-0.014161000,-0.584577000,0.532525000
76.026547,P1_INIT_POS_SETTLE,-0.014161000,-0.584577000,0.532525000
76.036703,P1_INIT_POS_SETTLE,-0.014161000,-0.584577000,0.532525000
76.046858,P1_INIT_POS_SETTLE,-0.014161000,-0.584577000,0.532525000
76.057013,P1_INIT_POS_SETTLE,-0.014161000,-0.584577000,0.532525000
76.067169,P1_INIT_POS_SETTLE,-0.014161000,-0.584577000,0.532525000
76.077323,P1_INIT_POS_SETTLE,-0.014161000,-0.584577000,0.532525000
76.087487,P1_INIT_POS_SETTLE,-0.014161000,-0.584577000,0.532525000
76.097648,P1_INIT_POS_SETTLE,-0.014161000,-0.584577000,0.532525000
76.107809,P1_INIT_POS_SETTLE,-0.014161000,-0.584577000,0.532525000
76.117969,P1_INIT_POS_SETTLE,-0.014161000,-0.584577000,0.532525000
76.128126,P1_INIT_POS_SETTLE,-0.014161000,-0.584577000,0.532525000
76.138289,P1_INIT_POS_SETTLE,-0.014161000,-0.584577000,0.532525000
76.148451,P1_INIT_POS_SETTLE,-0.014161000,-0.584577000,0.532525000
76.158612,P1_INIT_POS_SETTLE,-0.014161000,-0.584577000,0.532525000
76.168767,P1_INIT_POS_SETTLE,-0.014161000,-0.584577000,0.532525000
76.178963,P1_INIT_POS_SETTLE,-0.014161000,-0.584577000,0.532525000
76.189189,P1_INIT_POS_SETTLE,-0.014161000,-0.584577000,0.532525000
76.199391,P1_INIT_POS_SETTLE,-0.014161000,-0.584577000,0.532525000
76.209563,P1_INIT_POS_SETTLE,-0.014161000,-0.584577000,0.532525000
76.219756,P1_INIT_POS_SETTLE,-0.014161000,-0.584577000,0.532525000
76.229915,P1_INIT_POS_SETTLE,-0.014161000,-0.584577000,0.532525000
76.240073,P1_INIT_POS_SETTLE,-0.014161000,-0.584577000,0.532525000
76.250228,P1_INIT_POS_SETTLE,-0.014161000,-0.584577000,0.532525000
76.260388,P1_INIT_POS_SETTLE,-0.014161000,-0.584577000,0.532525000
76.270550,P1_INIT_POS_SETTLE,-0.014161000,-0.584577000,0.532525000
76.280750,P1_INIT_POS_SETTLE,-0.014161000,-0.584577000,0.532525000
76.290979,P1_INIT_POS_SETTLE,-0.014161000,-0.584577000,0.532525000
76.301207,P1_INIT_POS_SETTLE,-0.014161000,-0.584577000,0.532525000
76.311378,P1_INIT_POS_SETTLE,-0.014161000,-0.584577000,0.532525000
76.321558,P1_INIT_POS_SETTLE,-0.014161000,-0.584577000,0.532525000
76.331738,P1_INIT_POS_SETTLE,-0.014161000,-0.584577000,0.532525000
76.341915,P1_INIT_POS_SETTLE,-0.014161000,-0.584577000,0.532525000
76.352075,P1_INIT_POS_SETTLE,-0.014161000,-0.584577000,0.532525000
76.362235,P1_INIT_POS_SETTLE,-0.014161000,-0.584577000,0.532525000
76.372397,P1_INIT_POS_SETTLE,-0.014161000,-0.584577000,0.532525000
76.382580,P1_INIT_POS_SETTLE,-0.014161000,-0.584577000,0.532525000
76.392772,P1_INIT_POS_SETTLE,-0.014161000,-0.584577000,0.532525000
76.402956,P1_INIT_POS_SETTLE,-0.014161000,-0.584577000,0.532525000
76.413130,P1_INIT_POS_SETTLE,-0.014161000,-0.584577000,0.532525000
76.423294,P1_INIT_POS_SETTLE,-0.014161000,-0.584577000,0.532525000
76.433465,P1_INIT_POS_SETTLE,-0.014161000,-0.584577000,0.532525000
76.443638,P1_INIT_POS_SETTLE,-0.014161000,-0.584577000,0.532525000
76.453823,P1_INIT_POS_SETTLE,-0.014161000,-0.584577000,0.532525000
76.463997,P1_INIT_POS_SETTLE,-0.014161000,-0.584577000,0.532525000
76.474154,P1_INIT_POS_SETTLE,-0.014161000,-0.584577000,0.532525000
76.484328,P1_INIT_POS_SETTLE,-0.014161000,-0.584577000,0.532525000
76.494523,P1_INIT_POS_SETTLE,-0.014161000,-0.584577000,0.532525000
76.504707,P1_INIT_POS_SETTLE,-0.014161000,-0.584577000,0.532525000
76.514875,P1_INIT_POS_SETTLE,-0.014161000,-0.584577000,0.532525000
76.525043,P1_INIT_POS_SETTLE,-0.014161000,-0.584577000,0.532525000
76.535207,P1_INIT_POS_SETTLE,-0.014161000,-0.584577000,0.532525000
76.545363,P1_INIT_POS_SETTLE,-0.014161000,-0.584577000,0.532525000
76.555518,P1_INIT_POS_SETTLE,-0.014161000,-0.584577000,0.532525000
76.565677,P1_INIT_POS_SETTLE,-0.014161000,-0.584577000,0.532525000
76.575837,P1_INIT_POS_SETTLE,-0.014161000,-0.584577000,0.532525000
76.586001,P1_INIT_POS_SETTLE,-0.014161000,-0.584577000,0.532525000
76.596168,P1_INIT_POS_SETTLE,-0.014161000,-0.584577000,0.532525000
76.606337,P1_INIT_POS_SETTLE,-0.014161000,-0.584577000,0.532525000
76.616494,P1_INIT_POS_SETTLE,-0.014161000,-0.584577000,0.532525000
76.626653,P1_INIT_POS_SETTLE,-0.014161000,-0.584577000,0.532525000
76.636816,P1_INIT_POS_SETTLE,-0.014161000,-0.584577000,0.532525000
76.646978,P1_INIT_POS_SETTLE,-0.014161000,-0.584577000,0.532525000
76.657140,P1_INIT_POS_SETTLE,-0.014161000,-0.584577000,0.532525000
76.667342,P1_INIT_POS_SETTLE,-0.014161000,-0.584577000,0.532525000
76.677642,P1_INIT_POS_SETTLE,-0.014161000,-0.584577000,0.532525000
76.687902,P1_INIT_POS_SETTLE,-0.014161000,-0.584577000,0.532525000
76.698091,P1_INIT_POS_SETTLE,-0.014161000,-0.584577000,0.532525000
76.708290,P1_INIT_POS_SETTLE,-0.014161000,-0.584577000,0.532525000
76.718466,P1_INIT_POS_SETTLE,-0.014161000,-0.584577000,0.532525000
76.728634,P1_INIT_POS_SETTLE,-0.014161000,-0.584577000,0.532525000
76.738797,P1_INIT_POS_SETTLE,-0.014161000,-0.584577000,0.532525000
76.748957,P1_INIT_POS_SETTLE,-0.014161000,-0.584577000,0.532525000
76.759115,P1_INIT_POS_SETTLE,-0.014161000,-0.584577000,0.532525000
76.769276,P1_INIT_POS_SETTLE,-0.014161000,-0.584577000,0.532525000
76.779433,P1_INIT_POS_SETTLE,-0.014161000,-0.584577000,0.532525000
76.789629,P1_INIT_POS_SETTLE,-0.014161000,-0.584577000,0.532525000
76.799797,P1_INIT_POS_SETTLE,-0.014161000,-0.584577000,0.532525000
76.809961,P1_INIT_POS_SETTLE,-0.014161000,-0.584577000,0.532525000
76.820121,P1_INIT_POS_SETTLE,-0.014161000,-0.584577000,0.532525000
76.830284,P1_INIT_POS_SETTLE,-0.014161000,-0.584577000,0.532525000
76.840439,P1_INIT_POS_SETTLE,-0.014161000,-0.584577000,0.532525000
76.850625,P1_INIT_POS_SETTLE,-0.014161000,-0.584577000,0.532525000
76.860786,P1_INIT_POS_SETTLE,-0.014161000,-0.584577000,0.532525000
76.870948,P1_INIT_POS_SETTLE,-0.014161000,-0.584577000,0.532525000
76.881110,P1_INIT_POS_SETTLE,-0.014161000,-0.584577000,0.532525000
76.891275,P1_INIT_POS_SETTLE,-0.014161000,-0.584577000,0.532525000
76.901449,P1_INIT_POS_SETTLE,-0.014161000,-0.584577000,0.532525000
76.911627,P1_INIT_POS_SETTLE,-0.014161000,-0.584577000,0.532525000
76.921792,P1_INIT_POS_SETTLE,-0.014161000,-0.584577000,0.532525000
76.931953,P1_INIT_POS_SETTLE,-0.014161000,-0.584577000,0.532525000
76.942113,P1_INIT_POS_SETTLE,-0.014161000,-0.584577000,0.532525000
76.952277,P1_INIT_POS_SETTLE,-0.014161000,-0.584577000,0.532525000
76.962438,P1_INIT_POS_SETTLE,-0.014161000,-0.584577000,0.532525000
76.972602,P1_INIT_POS_SETTLE,-0.014161000,-0.584577000,0.532525000
76.982759,P1_INIT_POS_SETTLE,-0.014161000,-0.584577000,0.532525000
76.992916,P1_INIT_POS_SETTLE,-0.014161000,-0.584577000,0.532525000
77.003072,P1_INIT_POS_SETTLE,-0.014161000,-0.584577000,0.532525000
77.013227,P1_INIT_POS_SETTLE,-0.014161000,-0.584577000,0.532525000
77.023383,P1_INIT_POS_SETTLE,-0.014161000,-0.584577000,0.532525000
77.033537,P1_INIT_POS_SETTLE,-0.014161000,-0.584577000,0.532525000
77.043742,P1_INIT_POS_SETTLE,-0.014161000,-0.584577000,0.532525000
77.053935,P1_INIT_POS_SETTLE,-0.014161000,-0.584577000,0.532525000
77.064098,P1_INIT_POS_SETTLE,-0.014161000,-0.584577000,0.532525000
77.074263,P1_INIT_POS_SETTLE,-0.014161000,-0.584577000,0.532525000
77.084423,P1_INIT_POS_SETTLE,-0.014161000,-0.584577000,0.532525000
77.094589,P1_INIT_POS_SETTLE,-0.014161000,-0.584577000,0.532525000
77.104748,P1_INIT_POS_SETTLE,-0.014161000,-0.584577000,0.532525000
77.114909,P1_INIT_POS_SETTLE,-0.014161000,-0.584577000,0.532525000
77.125065,P1_INIT_POS_SETTLE,-0.014161000,-0.584577000,0.532525000
77.135224,P1_INIT_POS_SETTLE,-0.014161000,-0.584577000,0.532525000
77.145388,P1_INIT_POS_SETTLE,-0.014161000,-0.584577000,0.532525000
77.155553,P1_INIT_POS_SETTLE,-0.014161000,-0.584577000,0.532525000
77.165708,P1_INIT_POS_SETTLE,-0.014161000,-0.584577000,0.532525000
77.175875,P1_INIT_POS_SETTLE,-0.014161000,-0.584577000,0.532525000
77.186063,P1_INIT_POS_SETTLE,-0.014161000,-0.584577000,0.532525000
