t,phase,x,y,z
18.601324,P1_INIT_POS,-0.029317000,-0.542020000,0.398058000
18.611226,P1_INIT_POS,-0.029002000,-0.542059000,0.397771000
18.621218,P1_INIT_POS,-0.028735000,-0.542137000,0.397604000
18.631206,P1_INIT_POS,-0.028481000,-0.542252000,0.397525000
18.641202,P1_INIT_POS,-0.028084000,-0.542358000,0.397284000
18.651188,P1_INIT_POS,-0.027599000,-0.542434000,0.396860000
18.661192,P1_INIT_POS,-0.027137000,-0.542525000,0.396503000
18.671221,P1_INIT_POS,-0.026596000,-0.542626000,0.396097000
18.681195,P1_INIT_POS,-0.025977000,-0.542747000,0.395632000
18.691201,P1_INIT_POS,-0.025370000,-0.542879000,0.395217000
18.701227,P1_INIT_POS,-0.024749000,-0.542997000,0.394775000
18.711207,P1_INIT_POS,-0.024105000,-0.543108000,0.394303000
18.721189,P1_INIT_POS,-0.023458000,-0.543191000,0.393777000
18.731194,P1_INIT_POS,-0.022822000,-0.543266000,0.393253000
18.741188,P1_INIT_POS,-0.022211000,-0.543333000,0.392743000
18.751185,P1_INIT_POS,-0.021650000,-0.543400000,0.392240000
18.761198,P1_INIT_POS,-0.021128000,-0.543458000,0.391741000
18.771186,P1_INIT_POS,-0.020634000,-0.543506000,0.391228000
18.781188,P1_INIT_POS,-0.020171000,-0.543550000,0.390746000
18.791185,P1_INIT_POS,-0.019677000,-0.543588000,0.390244000
18.801262,P1_INIT_POS,-0.019152000,-0.543630000,0.389755000
18.811145,P1_INIT_POS,-0.018615000,-0.543667000,0.389258000
18.821121,P1_INIT_POS,-0.018081000,-0.543695000,0.388770000
18.831070,P1_INIT_POS,-0.017542000,-0.543719000,0.388286000
18.841119,P1_INIT_POS,-0.017010000,-0.543737000,0.387798000
18.851121,P1_INIT_POS,-0.016528000,-0.543748000,0.387346000
18.861183,P1_INIT_POS,-0.015950000,-0.543764000,0.386811000
18.871161,P1_INIT_POS,-0.015439000,-0.543781000,0.386339000
18.881139,P1_INIT_POS,-0.014917000,-0.543796000,0.385867000
18.891102,P1_INIT_POS,-0.014400000,-0.543801000,0.385384000
18.901172,P1_INIT_POS,-0.013849000,-0.543800000,0.384862000
18.911113,P1_INIT_POS,-0.013314000,-0.543801000,0.384372000
18.921127,P1_INIT_POS,-0.012775000,-0.543804000,0.383882000
18.931075,P1_INIT_POS,-0.012266000,-0.543807000,0.383413000
18.941126,P1_INIT_POS,-0.011771000,-0.543803000,0.382937000
18.951056,P1_INIT_POS,-0.011258000,-0.543808000,0.382488000
18.961114,P1_INIT_POS,-0.010761000,-0.543804000,0.382029000
18.971055,P1_INIT_POS,-0.010276000,-0.543796000,0.381567000
18.981108,P1_INIT_POS,-0.009784000,-0.543782000,0.381089000
18.991101,P1_INIT_POS,-0.009309000,-0.543772000,0.380621000
19.001172,P1_INIT_POS,-0.008850000,-0.543760000,0.380151000
19.011103,P1_INIT_POS,-0.008393000,-0.543754000,0.379679000
19.021152,P1_INIT_POS,-0.007928000,-0.543753000,0.379212000
19.031118,P1_INIT_POS,-0.007451000,-0.543759000,0.378743000
19.041124,P1_INIT_POS,-0.006984000,-0.543764000,0.378286000
19.051065,P1_INIT_POS,-0.006506000,-0.543765000,0.377817000
19.061115,P1_INIT_POS,-0.006021000,-0.543769000,0.377363000
19.071125,P1_INIT_POS,-0.005522000,-0.543778000,0.376922000
19.081123,P1_INIT_POS,-0.005024000,-0.543787000,0.376485000
19.091104,P1_INIT_POS,-0.004523000,-0.543790000,0.376027000
19.101196,P1_INIT_POS,-0.004058000,-0.543799000,0.375605000
19.111114,P1_INIT_POS,-0.003660000,-0.543800000,0.375222000
19.121146,P1_INIT_POS,-0.003156000,-0.543803000,0.374734000
19.131064,P1_INIT_POS,-0.002670000,-0.543796000,0.374240000
19.141124,P1_INIT_POS,-0.002235000,-0.543799000,0.373820000
19.151061,P1_INIT_POS,-0.001712000,-0.543808000,0.373337000
19.161112,P1_INIT_POS,-0.001249000,-0.543813000,0.372905000
19.171053,P1_INIT_POS,-0.000779000,-0.543817000,0.372463000
19.181113,P1_INIT_POS,-0.000282000,-0.543812000,0.372002000
19.191188,P1_INIT_POS,0.000180000,-0.543806000,0.371570000
19.201189,P1_INIT_POS,0.000738000,-0.543794000,0.371044000
19.211089,P1_INIT_POS,0.001262000,-0.543786000,0.370554000
19.221124,P1_INIT_POS,0.001722000,-0.543780000,0.370120000
19.231059,P1_INIT_POS,0.002247000,-0.543773000,0.369613000
19.241120,P1_INIT_POS,0.002807000,-0.543765000,0.369058000
19.251052,P1_INIT_POS,0.003278000,-0.543758000,0.368584000
19.261124,P1_INIT_POS,0.003771000,-0.543752000,0.368105000
19.271157,P1_INIT_POS,0.004286000,-0.543757000,0.367620000
19.281146,P1_INIT_POS,0.004777000,-0.543756000,0.367143000
19.291091,P1_INIT_POS,0.005240000,-0.543761000,0.366705000
19.301179,P1_INIT_POS,0.005646000,-0.543764000,0.366310000
19.311152,P1_INIT_POS,0.006158000,-0.543767000,0.365812000
19.321120,P1_INIT_POS,0.006650000,-0.543772000,0.365340000
19.331104,P1_INIT_POS,0.007133000,-0.543781000,0.364889000
19.341123,P1_INIT_POS,0.007629000,-0.543790000,0.364417000
19.351146,P1_INIT_POS,0.008118000,-0.543801000,0.363944000
19.361093,P1_INIT_POS,0.008644000,-0.543803000,0.363429000
19.371114,P1_INIT_POS,0.009157000,-0.543813000,0.362945000
19.381065,P1_INIT_POS,0.009625000,-0.543825000,0.362508000
19.391128,P1_INIT_POS,0.010112000,-0.543837000,0.362049000
19.401151,P1_INIT_POS,0.010627000,-0.543848000,0.361568000
19.411126,P1_INIT_POS,0.011064000,-0.543862000,0.361160000
19.421069,P1_INIT_POS,0.011606000,-0.543877000,0.360651000
19.431109,P1_INIT_POS,0.012100000,-0.543889000,0.360180000
19.441057,P1_INIT_POS,0.012531000,-0.543899000,0.359763000
19.451123,P1_INIT_POS,0.013053000,-0.543910000,0.359265000
19.461054,P1_INIT_POS,0.013530000,-0.543918000,0.358786000
19.471118,P1_INIT_POS,0.014024000,-0.543926000,0.358310000
19.481119,P1_INIT_POS,0.014527000,-0.543936000,0.357845000
19.491131,P1_INIT_POS,0.015027000,-0.543943000,0.357387000
19.501086,P1_INIT_POS,0.015552000,-0.543949000,0.356912000
19.511193,P1_INIT_POS,0.016074000,-0.543952000,0.356441000
19.521095,P1_INIT_POS,0.016541000,-0.543957000,0.356032000
19.531163,P1_INIT_POS,0.017127000,-0.543963000,0.355513000
19.541055,P1_INIT_POS,0.017669000,-0.543965000,0.355024000
19.551122,P1_INIT_POS,0.018197000,-0.543970000,0.354544000
19.561055,P1_INIT_POS,0.018709000,-0.543980000,0.354076000
19.571139,P1_INIT_POS,0.019202000,-0.543991000,0.353622000
19.571192,P1_INIT_POS_SETTLE,0.019202000,-0.543991000,0.353622000
19.581396,P1_INIT_POS_SETTLE,0.019769000,-0.543985000,0.353045000
19.591743,P1_INIT_POS_SETTLE,0.020275000,-0.543978000,0.352539000
19.602136,P1_INIT_POS_SETTLE,0.020760000,-0.543980000,0.352080000
19.612486,P1_INIT_POS_SETTLE,0.021297000,-0.543987000,0.351581000
19.622779,P1_INIT_POS_SETTLE,0.021799000,-0.543987000,0.351111000
19.633090,P1_INIT_POS_SETTLE,0.022291000,-0.543993000,0.350650000
19.643390,P1_INIT_POS_SETTLE,0.022819000,-0.543996000,0.350155000
19.653692,P1_INIT_POS_SETTLE,0.023245000,-0.543995000,0.349734000
19.663997,P1_INIT_POS_SETTLE,0.023773000,-0.543994000,0.349207000
19.674325,P1_INIT_POS_SETTLE,0.024234000,-0.544007000,0.348753000
19.684657,P1_INIT_POS_SETTLE,0.024750000,-0.544026000,0.348241000
19.694994,P1_INIT_POS_SETTLE,0.025215000,-0.544046000,0.347771000
19.705348,P1_INIT_POS_SETTLE,0.025689000,-0.544068000,0.347286000
19.715660,P1_INIT_POS_SETTLE,0.026229000,-0.544099000,0.346762000
19.725962,P1_INIT_POS_SETTLE,0.026716000,-0.544132000,0.346307000
19.736266,P1_INIT_POS_SETTLE,0.027200000,-0.544162000,0.345855000
19.746575,P1_INIT_POS_SETTLE,0.027748000,-0.544199000,0.345351000
19.756883,P1_INIT_POS_SETTLE,0.028237000,-0.544235000,0.344916000
19.767177,P1_INIT_POS_SETTLE,0.028735000,-0.544277000,0.344498000
19.777490,P1_INIT_POS_SETTLE,0.029278000,-0.544318000,0.344029000
19.787789,P1_INIT_POS_SETTLE,0.029782000,-0.544344000,0.343577000
19.798052,P1_INIT_POS_SETTLE,0.030267000,-0.544376000,0.343151000
19.808414,P1_INIT_POS_SETTLE,0.030810000,-0.544406000,0.342673000
19.818757,P1_INIT_POS_SETTLE,0.031318000,-0.544435000,0.342222000
19.829052,P1_INIT_POS_SETTLE,0.031829000,-0.544451000,0.341745000
19.839410,P1_INIT_POS_SETTLE,0.032408000,-0.544472000,0.341218000
19.849756,P1_INIT_POS_SETTLE,0.032913000,-0.544496000,0.340764000
19.860067,P1_INIT_POS_SETTLE,0.033395000,-0.544521000,0.340331000
19.870379,P1_INIT_POS_SETTLE,0.033878000,-0.544542000,0.339890000
19.880747,P1_INIT_POS_SETTLE,0.034432000,-0.544557000,0.339364000
19.891071,P1_INIT_POS_SETTLE,0.034949000,-0.544569000,0.338881000
19.901387,P1_INIT_POS_SETTLE,0.035500000,-0.544580000,0.338361000
19.911705,P1_INIT_POS_SETTLE,0.036013000,-0.544587000,0.337867000
19.922016,P1_INIT_POS_SETTLE,0.036477000,-0.544595000,0.337426000
19.932344,P1_INIT_POS_SETTLE,0.037099000,-0.544606000,0.336827000
19.942672,P1_INIT_POS_SETTLE,0.037585000,-0.544622000,0.336347000
19.952979,P1_INIT_POS_SETTLE,0.038079000,-0.544630000,0.335842000
19.963287,P1_INIT_POS_SETTLE,0.038562000,-0.544637000,0.335334000
19.973573,P1_INIT_POS_SETTLE,0.039111000,-0.544637000,0.334747000
19.983883,P1_INIT_POS_SETTLE,0.039607000,-0.544647000,0.334248000
19.994166,P1_INIT_POS_SETTLE,0.040100000,-0.544657000,0.333760000
20.004507,P1_INIT_POS_SETTLE,0.040647000,-0.544679000,0.333252000
20.014769,P1_INIT_POS_SETTLE,0.041153000,-0.544694000,0.332781000
20.025011,P1_INIT_POS_SETTLE,0.041626000,-0.544706000,0.332346000
20.035217,P1_INIT_POS_SETTLE,0.042195000,-0.544728000,0.331847000
20.045426,P1_INIT_POS_SETTLE,0.042754000,-0.544745000,0.331348000
20.055588,P1_INIT_POS_SETTLE,0.043276000,-0.544760000,0.330879000
20.065766,P1_INIT_POS_SETTLE,0.043778000,-0.544780000,0.330436000
20.075943,P1_INIT_POS_SETTLE,0.044278000,-0.544800000,0.329990000
20.086167,P1_INIT_POS_SETTLE,0.044772000,-0.544826000,0.329540000
20.096379,P1_INIT_POS_SETTLE,0.045288000,-0.544860000,0.329070000
20.106659,P1_INIT_POS_SETTLE,0.045776000,-0.544874000,0.328584000
20.116906,P1_INIT_POS_SETTLE,0.046256000,-0.544911000,0.328136000
20.127114,P1_INIT_POS_SETTLE,0.046721000,-0.544941000,0.327675000
20.137379,P1_INIT_POS_SETTLE,0.047245000,-0.544972000,0.327151000
20.147695,P1_INIT_POS_SETTLE,0.047733000,-0.545013000,0.326690000
20.158082,P1_INIT_POS_SETTLE,0.048171000,-0.545043000,0.326275000
20.168445,P1_INIT_POS_SETTLE,0.048697000,-0.545085000,0.325780000
20.178748,P1_INIT_POS_SETTLE,0.049227000,-0.545122000,0.325277000
20.189057,P1_INIT_POS_SETTLE,0.049728000,-0.545150000,0.324795000
20.199362,P1_INIT_POS_SETTLE,0.050261000,-0.545180000,0.324283000
20.209726,P1_INIT_POS_SETTLE,0.050743000,-0.545216000,0.323838000
20.220039,P1_INIT_POS_SETTLE,0.051227000,-0.545250000,0.323379000
20.230309,P1_INIT_POS_SETTLE,0.051786000,-0.545284000,0.322854000
20.240588,P1_INIT_POS_SETTLE,0.052287000,-0.545320000,0.322396000
20.250873,P1_INIT_POS_SETTLE,0.052742000,-0.545347000,0.321968000
20.261148,P1_INIT_POS_SETTLE,0.053275000,-0.545385000,0.321463000
20.271441,P1_INIT_POS_SETTLE,0.053806000,-0.545420000,0.320958000
20.281754,P1_INIT_POS_SETTLE,0.054313000,-0.545440000,0.320457000
20.292058,P1_INIT_POS_SETTLE,0.054804000,-0.545468000,0.319983000
20.302366,P1_INIT_POS_SETTLE,0.055367000,-0.545486000,0.319425000
20.312677,P1_INIT_POS_SETTLE,0.055898000,-0.545515000,0.318941000
20.322970,P1_INIT_POS_SETTLE,0.056416000,-0.545540000,0.318472000
20.333265,P1_INIT_POS_SETTLE,0.056955000,-0.545570000,0.317997000
20.343572,P1_INIT_POS_SETTLE,0.057546000,-0.545601000,0.317495000
20.353868,P1_INIT_POS_SETTLE,0.058081000,-0.545628000,0.317027000
20.364177,P1_INIT_POS_SETTLE,0.058600000,-0.545652000,0.316571000
20.374473,P1_INIT_POS_SETTLE,0.059181000,-0.545677000,0.316069000
20.384755,P1_INIT_POS_SETTLE,0.059713000,-0.545691000,0.315584000
20.395044,P1_INIT_POS_SETTLE,0.060252000,-0.545704000,0.315090000
20.405420,P1_INIT_POS_SETTLE,0.060827000,-0.545730000,0.314589000
20.415760,P1_INIT_POS_SETTLE,0.061326000,-0.545755000,0.314130000
20.426063,P1_INIT_POS_SETTLE,0.061819000,-0.545785000,0.313666000
20.436361,P1_INIT_POS_SETTLE,0.062359000,-0.545824000,0.313162000
20.446647,P1_INIT_POS_SETTLE,0.062879000,-0.545840000,0.312632000
20.456952,P1_INIT_POS_SETTLE,0.063412000,-0.545874000,0.312123000
20.467219,P1_INIT_POS_SETTLE,0.063925000,-0.545913000,0.311644000
20.477518,P1_INIT_POS_SETTLE,0.064489000,-0.545959000,0.311126000
20.487868,P1_INIT_POS_SETTLE,0.065007000,-0.545998000,0.310654000
20.498190,P1_INIT_POS_SETTLE,0.065523000,-0.546034000,0.310182000
20.508592,P1_INIT_POS_SETTLE,0.066072000,-0.546072000,0.309666000
20.518906,P1_INIT_POS_SETTLE,0.066523000,-0.546098000,0.309240000
20.529230,P1_INIT_POS_SETTLE,0.067086000,-0.546131000,0.308715000
20.539534,P1_INIT_POS_SETTLE,0.067642000,-0.546166000,0.308209000
20.549839,P1_INIT_POS_SETTLE,0.068083000,-0.546192000,0.307801000
20.560127,P1_INIT_POS_SETTLE,0.068580000,-0.546220000,0.307350000
20.570433,P1_INIT_POS_SETTLE,0.069177000,-0.546263000,0.306823000
20.580734,P1_INIT_POS_SETTLE,0.069625000,-0.546284000,0.306396000
20.591057,P1_INIT_POS_SETTLE,0.070162000,-0.546308000,0.305882000
20.601418,P1_INIT_POS_SETTLE,0.070627000,-0.546332000,0.305427000
20.611750,P1_INIT_POS_SETTLE,0.071144000,-0.546341000,0.304896000
20.622064,P1_INIT_POS_SETTLE,0.071608000,-0.546362000,0.304447000
20.632345,P1_INIT_POS_SETTLE,0.072074000,-0.546377000,0.303999000
20.642641,P1_INIT_POS_SETTLE,0.072603000,-0.546401000,0.303524000
20.652941,P1_INIT_POS_SETTLE,0.073099000,-0.546418000,0.303072000
20.663229,P1_INIT_POS_SETTLE,0.073577000,-0.546424000,0.302636000
20.673531,P1_INIT_POS_SETTLE,0.074195000,-0.546440000,0.302094000
20.683871,P1_INIT_POS_SETTLE,0.074670000,-0.546449000,0.301667000
20.694194,P1_INIT_POS_SETTLE,0.075147000,-0.546457000,0.301242000
20.704545,P1_INIT_POS_SETTLE,0.075682000,-0.546464000,0.300761000
20.714867,P1_INIT_POS_SETTLE,0.076184000,-0.546462000,0.300290000
20.725160,P1_INIT_POS_SETTLE,0.076728000,-0.546454000,0.299784000
20.735477,P1_INIT_POS_SETTLE,0.077289000,-0.546465000,0.299277000
20.745778,P1_INIT_POS_SETTLE,0.077754000,-0.546485000,0.298846000
20.756063,P1_INIT_POS_SETTLE,0.078238000,-0.546496000,0.298377000
20.766386,P1_INIT_POS_SETTLE,0.078773000,-0.546527000,0.297879000
20.776722,P1_INIT_POS_SETTLE,0.079279000,-0.546534000,0.297364000
20.787115,P1_INIT_POS_SETTLE,0.079791000,-0.546544000,0.296849000
20.797447,P1_INIT_POS_SETTLE,0.080343000,-0.546565000,0.296307000
20.807832,P1_INIT_POS_SETTLE,0.080842000,-0.546589000,0.295839000
20.818168,P1_INIT_POS_SETTLE,0.081343000,-0.546621000,0.295387000
20.828470,P1_INIT_POS_SETTLE,0.081844000,-0.546641000,0.294914000
20.838763,P1_INIT_POS_SETTLE,0.082416000,-0.546658000,0.294369000
20.849060,P1_INIT_POS_SETTLE,0.082952000,-0.546678000,0.293875000
20.859349,P1_INIT_POS_SETTLE,0.083462000,-0.546700000,0.293400000
20.869635,P1_INIT_POS_SETTLE,0.084025000,-0.546724000,0.292874000
20.879953,P1_INIT_POS_SETTLE,0.084536000,-0.546748000,0.292402000
20.890285,P1_INIT_POS_SETTLE,0.085043000,-0.546770000,0.291930000
20.900633,P1_INIT_POS_SETTLE,0.085594000,-0.546800000,0.291418000
20.910968,P1_INIT_POS_SETTLE,0.086038000,-0.546811000,0.290976000
20.921264,P1_INIT_POS_SETTLE,0.086583000,-0.546831000,0.290436000
20.931576,P1_INIT_POS_SETTLE,0.087136000,-0.546840000,0.289873000
20.941910,P1_INIT_POS_SETTLE,0.087609000,-0.546851000,0.289414000
20.952130,P1_INIT_POS_SETTLE,0.088171000,-0.546872000,0.288891000
20.962395,P1_INIT_POS_SETTLE,0.088742000,-0.546884000,0.288367000
20.972712,P1_INIT_POS_SETTLE,0.089272000,-0.546899000,0.287893000
20.983019,P1_INIT_POS_SETTLE,0.089805000,-0.546907000,0.287406000
20.993317,P1_INIT_POS_SETTLE,0.090285000,-0.546916000,0.286982000
21.003684,P1_INIT_POS_SETTLE,0.090852000,-0.546921000,0.286478000
21.014011,P1_INIT_POS_SETTLE,0.091423000,-0.546918000,0.285952000
21.024312,P1_INIT_POS_SETTLE,0.091890000,-0.546918000,0.285527000
21.034605,P1_INIT_POS_SETTLE,0.092492000,-0.546925000,0.284980000
21.044892,P1_INIT_POS_SETTLE,0.092946000,-0.546929000,0.284558000
21.055175,P1_INIT_POS_SETTLE,0.093485000,-0.546957000,0.284074000
21.065461,P1_INIT_POS_SETTLE,0.094039000,-0.546960000,0.283526000
21.075739,P1_INIT_POS_SETTLE,0.094463000,-0.546981000,0.283123000
21.086074,P1_INIT_POS_SETTLE,0.094965000,-0.546996000,0.282605000
21.096417,P1_INIT_POS_SETTLE,0.095517000,-0.547005000,0.282053000
21.106774,P1_INIT_POS_SETTLE,0.095965000,-0.547023000,0.281625000
21.117084,P1_INIT_POS_SETTLE,0.096491000,-0.547042000,0.281113000
21.127403,P1_INIT_POS_SETTLE,0.097022000,-0.547069000,0.280604000
21.137729,P1_INIT_POS_SETTLE,0.097514000,-0.547088000,0.280121000
21.148030,P1_INIT_POS_SETTLE,0.098028000,-0.547104000,0.279630000
21.158338,P1_INIT_POS_SETTLE,0.098583000,-0.547128000,0.279113000
21.168633,P1_INIT_POS_SETTLE,0.099091000,-0.547147000,0.278627000
21.178936,P1_INIT_POS_SETTLE,0.099617000,-0.547168000,0.278131000
21.189229,P1_INIT_POS_SETTLE,0.100123000,-0.547197000,0.277660000
21.199543,P1_INIT_POS_SETTLE,0.100631000,-0.547241000,0.277176000
21.209864,P1_INIT_POS_SETTLE,0.101104000,-0.547279000,0.276721000
21.220158,P1_INIT_POS_SETTLE,0.101569000,-0.547305000,0.276269000
21.230465,P1_INIT_POS_SETTLE,0.102210000,-0.547343000,0.275670000
21.240757,P1_INIT_POS_SETTLE,0.102666000,-0.547373000,0.275241000
21.251041,P1_INIT_POS_SETTLE,0.103182000,-0.547434000,0.274788000
21.261328,P1_INIT_POS_SETTLE,0.103746000,-0.547478000,0.274292000
21.271610,P1_INIT_POS_SETTLE,0.104247000,-0.547512000,0.273868000
21.281920,P1_INIT_POS_SETTLE,0.104837000,-0.547555000,0.273380000
21.292209,P1_INIT_POS_SETTLE,0.105347000,-0.547594000,0.272953000
21.302527,P1_INIT_POS_SETTLE,0.105861000,-0.547630000,0.272531000
21.312841,P1_INIT_POS_SETTLE,0.106394000,-0.547655000,0.272083000
21.584025,P1_INIT_DIVE,0.117059000,-0.548498000,0.262025000
21.593972,P1_INIT_DIVE,0.116866000,-0.548625000,0.262275000
21.604009,P1_INIT_DIVE,0.116908000,-0.548636000,0.262177000
21.613969,P1_INIT_DIVE,0.117352000,-0.548485000,0.261615000
21.623968,P1_INIT_DIVE,0.117707000,-0.548386000,0.261198000
21.633966,P1_INIT_DIVE,0.117609000,-0.548367000,0.261139000
21.643961,P1_INIT_DIVE,0.117376000,-0.548317000,0.261011000
21.653956,P1_INIT_DIVE,0.117426000,-0.548252000,0.260629000
21.663965,P1_INIT_DIVE,0.117632000,-0.548222000,0.260187000
21.673958,P1_INIT_DIVE,0.117847000,-0.548174000,0.259677000
21.683960,P1_INIT_DIVE,0.118230000,-0.548053000,0.258935000
21.694004,P1_INIT_DIVE,0.118632000,-0.547932000,0.258181000
21.704004,P1_INIT_DIVE,0.118817000,-0.547897000,0.257705000
21.713965,P1_INIT_DIVE,0.118809000,-0.547928000,0.257445000
21.723952,P1_INIT_DIVE,0.118801000,-0.547947000,0.257128000
21.733958,P1_INIT_DIVE,0.118840000,-0.547916000,0.256650000
21.743952,P1_INIT_DIVE,0.118832000,-0.547867000,0.256116000
21.753952,P1_INIT_DIVE,0.118782000,-0.547810000,0.255565000
21.763956,P1_INIT_DIVE,0.118671000,-0.547790000,0.255110000
21.773995,P1_INIT_DIVE,0.118535000,-0.547750000,0.254650000
21.783967,P1_INIT_DIVE,0.118480000,-0.547678000,0.254123000
21.793971,P1_INIT_DIVE,0.118472000,-0.547654000,0.253684000
21.804013,P1_INIT_DIVE,0.118461000,-0.547643000,0.253257000
21.813967,P1_INIT_DIVE,0.118487000,-0.547631000,0.252764000
21.823962,P1_INIT_DIVE,0.118527000,-0.547613000,0.252225000
21.833975,P1_INIT_DIVE,0.118552000,-0.547600000,0.251720000
21.843898,P1_INIT_DIVE,0.118516000,-0.547594000,0.251262000
21.853899,P1_INIT_DIVE,0.118455000,-0.547584000,0.250827000
21.863841,P1_INIT_DIVE,0.118420000,-0.547551000,0.250351000
21.873847,P1_INIT_DIVE,0.118391000,-0.547517000,0.249875000
21.883826,P1_INIT_DIVE,0.118339000,-0.547495000,0.249420000
21.894033,P1_INIT_DIVE,0.118309000,-0.547467000,0.248935000
21.904006,P1_INIT_DIVE,0.118329000,-0.547435000,0.248391000
21.913961,P1_INIT_DIVE,0.118316000,-0.547419000,0.247879000
21.923964,P1_INIT_DIVE,0.118272000,-0.547410000,0.247391000
21.933956,P1_INIT_DIVE,0.118190000,-0.547420000,0.246957000
21.943956,P1_INIT_DIVE,0.118131000,-0.547400000,0.246470000
21.953954,P1_INIT_DIVE,0.118108000,-0.547364000,0.245933000
21.963957,P1_INIT_DIVE,0.118073000,-0.547353000,0.245461000
21.973975,P1_INIT_DIVE,0.118015000,-0.547336000,0.244987000
21.983959,P1_INIT_DIVE,0.118011000,-0.547317000,0.244483000
21.994047,P1_INIT_DIVE,0.118015000,-0.547305000,0.243990000
21.994138,P1_INIT_DIVE_SETTLE,0.118015000,-0.547305000,0.243990000
22.004469,P1_INIT_DIVE_SETTLE,0.118011000,-0.547287000,0.243457000
22.014760,P1_INIT_DIVE_SETTLE,0.117993000,-0.547265000,0.242978000
22.025046,P1_INIT_DIVE_SETTLE,0.117951000,-0.547250000,0.242519000
22.035328,P1_INIT_DIVE_SETTLE,0.117909000,-0.547221000,0.241987000
22.045608,P1_INIT_DIVE_SETTLE,0.117899000,-0.547187000,0.241482000
22.055906,P1_INIT_DIVE_SETTLE,0.117885000,-0.547155000,0.240983000
22.066184,P1_INIT_DIVE_SETTLE,0.117867000,-0.547118000,0.240477000
22.076481,P1_INIT_DIVE_SETTLE,0.117850000,-0.547084000,0.239927000
22.086772,P1_INIT_DIVE_SETTLE,0.117809000,-0.547081000,0.239477000
22.097087,P1_INIT_DIVE_SETTLE,0.117757000,-0.547072000,0.238999000
22.107404,P1_INIT_DIVE_SETTLE,0.117761000,-0.547039000,0.238389000
22.117708,P1_INIT_DIVE_SETTLE,0.117756000,-0.547028000,0.237873000
22.127988,P1_INIT_DIVE_SETTLE,0.117694000,-0.547022000,0.237400000
22.138290,P1_INIT_DIVE_SETTLE,0.117657000,-0.547000000,0.236890000
22.148575,P1_INIT_DIVE_SETTLE,0.117658000,-0.546976000,0.236329000
22.158868,P1_INIT_DIVE_SETTLE,0.117657000,-0.546946000,0.235814000
22.169151,P1_INIT_DIVE_SETTLE,0.117625000,-0.546932000,0.235334000
22.179469,P1_INIT_DIVE_SETTLE,0.117603000,-0.546925000,0.234808000
22.189814,P1_INIT_DIVE_SETTLE,0.117601000,-0.546905000,0.234301000
22.200202,P1_INIT_DIVE_SETTLE,0.117588000,-0.546888000,0.233745000
22.210570,P1_INIT_DIVE_SETTLE,0.117547000,-0.546878000,0.233276000
22.220916,P1_INIT_DIVE_SETTLE,0.117501000,-0.546874000,0.232819000
22.231213,P1_INIT_DIVE_SETTLE,0.117482000,-0.546854000,0.232327000
22.241514,P1_INIT_DIVE_SETTLE,0.117470000,-0.546839000,0.231789000
22.251798,P1_INIT_DIVE_SETTLE,0.117415000,-0.546849000,0.231357000
22.262057,P1_INIT_DIVE_SETTLE,0.117332000,-0.546861000,0.230919000
22.272334,P1_INIT_DIVE_SETTLE,0.117293000,-0.546855000,0.230363000
22.282617,P1_INIT_DIVE_SETTLE,0.117285000,-0.546862000,0.229865000
22.292958,P1_INIT_DIVE_SETTLE,0.117189000,-0.546888000,0.229434000
22.303332,P1_INIT_DIVE_SETTLE,0.117100000,-0.546899000,0.228968000
22.313646,P1_INIT_DIVE_SETTLE,0.117071000,-0.546902000,0.228415000
22.323963,P1_INIT_DIVE_SETTLE,0.117037000,-0.546919000,0.227938000
22.334248,P1_INIT_DIVE_SETTLE,0.116967000,-0.546937000,0.227476000
22.344568,P1_INIT_DIVE_SETTLE,0.116937000,-0.546952000,0.226944000
22.354865,P1_INIT_DIVE_SETTLE,0.116945000,-0.546956000,0.226438000
22.365152,P1_INIT_DIVE_SETTLE,0.116954000,-0.546957000,0.225933000
22.375473,P1_INIT_DIVE_SETTLE,0.116912000,-0.546981000,0.225450000
22.385770,P1_INIT_DIVE_SETTLE,0.116826000,-0.547013000,0.225046000
22.396078,P1_INIT_DIVE_SETTLE,0.116789000,-0.547021000,0.224578000
22.406430,P1_INIT_DIVE_SETTLE,0.116832000,-0.547005000,0.223990000
22.416776,P1_INIT_DIVE_SETTLE,0.116808000,-0.547012000,0.223524000
22.427116,P1_INIT_DIVE_SETTLE,0.116744000,-0.547032000,0.223106000
22.437452,P1_INIT_DIVE_SETTLE,0.116704000,-0.547037000,0.222594000
22.447769,P1_INIT_DIVE_SETTLE,0.116731000,-0.547027000,0.222079000
22.458068,P1_INIT_DIVE_SETTLE,0.116704000,-0.547042000,0.221628000
22.468358,P1_INIT_DIVE_SETTLE,0.116629000,-0.547059000,0.221139000
22.478651,P1_INIT_DIVE_SETTLE,0.116606000,-0.547068000,0.220653000
22.488971,P1_INIT_DIVE_SETTLE,0.116626000,-0.547065000,0.220131000
22.499336,P1_INIT_DIVE_SETTLE,0.116621000,-0.547065000,0.219635000
22.509675,P1_INIT_DIVE_SETTLE,0.116531000,-0.547084000,0.219149000
22.520083,P1_INIT_DIVE_SETTLE,0.116454000,-0.547107000,0.218708000
22.530408,P1_INIT_DIVE_SETTLE,0.116434000,-0.547119000,0.218169000
22.540725,P1_INIT_DIVE_SETTLE,0.116446000,-0.547116000,0.217644000
22.551044,P1_INIT_DIVE_SETTLE,0.116439000,-0.547116000,0.217139000
22.561360,P1_INIT_DIVE_SETTLE,0.116395000,-0.547115000,0.216594000
22.571683,P1_INIT_DIVE_SETTLE,0.116372000,-0.547128000,0.216120000
22.582018,P1_INIT_DIVE_SETTLE,0.116363000,-0.547136000,0.215637000
22.592245,P1_INIT_DIVE_SETTLE,0.116388000,-0.547113000,0.215096000
22.602588,P1_INIT_DIVE_SETTLE,0.116409000,-0.547084000,0.214500000
22.612968,P1_INIT_DIVE_SETTLE,0.116390000,-0.547070000,0.214007000
22.623300,P1_INIT_DIVE_SETTLE,0.116353000,-0.547077000,0.213545000
22.633632,P1_INIT_DIVE_SETTLE,0.116341000,-0.547072000,0.213008000
22.643977,P1_INIT_DIVE_SETTLE,0.116362000,-0.547056000,0.212483000
22.654304,P1_INIT_DIVE_SETTLE,0.116372000,-0.547047000,0.211976000
22.664626,P1_INIT_DIVE_SETTLE,0.116335000,-0.547069000,0.211478000
22.674963,P1_INIT_DIVE_SETTLE,0.116334000,-0.547074000,0.210990000
22.685296,P1_INIT_DIVE_SETTLE,0.116401000,-0.547057000,0.210447000
22.695631,P1_INIT_DIVE_SETTLE,0.116451000,-0.547046000,0.209875000
22.706039,P1_INIT_DIVE_SETTLE,0.116423000,-0.547058000,0.209426000
22.716398,P1_INIT_DIVE_SETTLE,0.116389000,-0.547075000,0.208923000
22.726733,P1_INIT_DIVE_SETTLE,0.116403000,-0.547060000,0.208394000
22.737087,P1_INIT_DIVE_SETTLE,0.116408000,-0.547056000,0.207889000
22.747414,P1_INIT_DIVE_SETTLE,0.116344000,-0.547063000,0.207371000
22.757745,P1_INIT_DIVE_SETTLE,0.116308000,-0.547053000,0.206862000
22.768067,P1_INIT_DIVE_SETTLE,0.116358000,-0.547031000,0.206302000
22.778382,P1_INIT_DIVE_SETTLE,0.116391000,-0.547021000,0.205720000
22.788702,P1_INIT_DIVE_SETTLE,0.116390000,-0.547014000,0.205206000
22.799016,P1_INIT_DIVE_SETTLE,0.116423000,-0.547002000,0.204657000
22.809390,P1_INIT_DIVE_SETTLE,0.116454000,-0.547003000,0.204068000
22.819723,P1_INIT_DIVE_SETTLE,0.116444000,-0.547005000,0.203551000
22.830013,P1_INIT_DIVE_SETTLE,0.116424000,-0.547000000,0.203017000
22.840332,P1_INIT_DIVE_SETTLE,0.116436000,-0.546997000,0.202484000
22.850657,P1_INIT_DIVE_SETTLE,0.116449000,-0.546987000,0.201895000
22.861002,P1_INIT_DIVE_SETTLE,0.116470000,-0.546980000,0.201374000
22.871317,P1_INIT_DIVE_SETTLE,0.116465000,-0.546995000,0.200948000
22.881630,P1_INIT_DIVE_SETTLE,0.116464000,-0.547006000,0.200371000
22.891968,P1_INIT_DIVE_SETTLE,0.116523000,-0.546987000,0.199823000
22.902368,P1_INIT_DIVE_SETTLE,0.116565000,-0.546993000,0.199276000
22.912709,P1_INIT_DIVE_SETTLE,0.116523000,-0.547013000,0.198837000
22.923029,P1_INIT_DIVE_SETTLE,0.116486000,-0.547017000,0.198370000
22.933343,P1_INIT_DIVE_SETTLE,0.116530000,-0.546998000,0.197789000
22.943654,P1_INIT_DIVE_SETTLE,0.116566000,-0.546987000,0.197283000
22.953962,P1_INIT_DIVE_SETTLE,0.116510000,-0.547001000,0.196858000
22.964173,P1_INIT_DIVE_SETTLE,0.116475000,-0.546996000,0.196388000
22.974404,P1_INIT_DIVE_SETTLE,0.116505000,-0.546973000,0.195808000
22.984752,P1_INIT_DIVE_SETTLE,0.116488000,-0.546973000,0.195325000
22.995061,P1_INIT_DIVE_SETTLE,0.116419000,-0.546981000,0.194861000
23.005437,P1_INIT_DIVE_SETTLE,0.116350000,-0.546987000,0.194332000
23.015767,P1_INIT_DIVE_SETTLE,0.116362000,-0.546966000,0.193783000
23.026063,P1_INIT_DIVE_SETTLE,0.116423000,-0.546909000,0.193169000
23.036299,P1_INIT_DIVE_SETTLE,0.116398000,-0.546907000,0.192685000
23.046512,P1_INIT_DIVE_SETTLE,0.116302000,-0.546926000,0.192223000
23.056825,P1_INIT_DIVE_SETTLE,0.116319000,-0.546897000,0.191678000
23.067229,P1_INIT_DIVE_SETTLE,0.116395000,-0.546857000,0.191082000
23.077579,P1_INIT_DIVE_SETTLE,0.116370000,-0.546857000,0.190555000
23.087958,P1_INIT_DIVE_SETTLE,0.116258000,-0.546878000,0.190141000
23.098485,P1_INIT_DIVE_SETTLE,0.116268000,-0.546844000,0.189539000
23.108861,P1_INIT_DIVE_SETTLE,0.116362000,-0.546793000,0.188935000
23.119217,P1_INIT_DIVE_SETTLE,0.116345000,-0.546790000,0.188457000
23.129544,P1_INIT_DIVE_SETTLE,0.116248000,-0.546824000,0.188018000
25.414732,P1_INIT_DIVE_CENTER,0.123917000,-0.551864000,0.175493000
25.424661,P1_INIT_DIVE_CENTER,0.124391000,-0.551780000,0.175511000
25.434636,P1_INIT_DIVE_CENTER,0.124874000,-0.551645000,0.175366000
25.444650,P1_INIT_DIVE_CENTER,0.125214000,-0.551522000,0.175191000
25.454614,P1_INIT_DIVE_CENTER,0.125589000,-0.551453000,0.175128000
25.464587,P1_INIT_DIVE_CENTER,0.125721000,-0.551533000,0.175335000
25.464638,P1_INIT_DIVE_CENTER_SETTLE,0.125721000,-0.551533000,0.175335000
25.474839,P1_INIT_DIVE_CENTER_SETTLE,0.125804000,-0.551492000,0.175359000
25.484998,P1_INIT_DIVE_CENTER_SETTLE,0.126009000,-0.551310000,0.175117000
25.495157,P1_INIT_DIVE_CENTER_SETTLE,0.126057000,-0.551158000,0.174964000
25.505409,P1_INIT_DIVE_CENTER_SETTLE,0.125819000,-0.551077000,0.175031000
25.515776,P1_INIT_DIVE_CENTER_SETTLE,0.125527000,-0.550974000,0.175092000
25.526119,P1_INIT_DIVE_CENTER_SETTLE,0.125161000,-0.550834000,0.175100000
25.536422,P1_INIT_DIVE_CENTER_SETTLE,0.124656000,-0.550700000,0.175179000
25.546710,P1_INIT_DIVE_CENTER_SETTLE,0.124149000,-0.550561000,0.175266000
25.556898,P1_INIT_DIVE_CENTER_SETTLE,0.123598000,-0.550369000,0.175284000
25.567055,P1_INIT_DIVE_CENTER_SETTLE,0.123042000,-0.550149000,0.175273000
25.577207,P1_INIT_DIVE_CENTER_SETTLE,0.122442000,-0.549938000,0.175300000
25.587363,P1_INIT_DIVE_CENTER_SETTLE,0.121762000,-0.549720000,0.175369000
25.608028,P1_INIT,0.120673000,-0.549345000,0.175461000
25.617910,P1_INIT,0.120122000,-0.549165000,0.175511000
25.627901,P1_INIT,0.119674000,-0.548980000,0.175487000
25.637963,P1_INIT,0.119303000,-0.548808000,0.175395000
25.647921,P1_INIT,0.118895000,-0.548767000,0.175496000
25.657910,P1_INIT,0.118587000,-0.548770000,0.175604000
25.667897,P1_INIT,0.118489000,-0.548724000,0.175578000
25.677898,P1_INIT,0.118446000,-0.548727000,0.175621000
25.687898,P1_INIT,0.118372000,-0.548818000,0.175829000
25.697896,P1_INIT,0.118391000,-0.548977000,0.176134000
25.707942,P1_INIT,0.118661000,-0.549135000,0.176407000
25.717946,P1_INIT,0.118870000,-0.549328000,0.176792000
25.727904,P1_INIT,0.118939000,-0.549548000,0.177317000
25.737892,P1_INIT,0.119345000,-0.549618000,0.177611000
25.747894,P1_INIT,0.119844000,-0.549721000,0.177984000
25.757900,P1_INIT,0.119972000,-0.549966000,0.178741000
25.767890,P1_INIT,0.119947000,-0.550192000,0.179533000
25.777888,P1_INIT,0.120138000,-0.550288000,0.180009000
25.788067,P1_INIT,0.120381000,-0.550331000,0.180359000
25.797911,P1_INIT,0.120437000,-0.550432000,0.180858000
25.807944,P1_INIT,0.120413000,-0.550548000,0.181424000
25.817914,P1_INIT,0.120503000,-0.550593000,0.181854000
25.827890,P1_INIT,0.120665000,-0.550615000,0.182248000
25.837892,P1_INIT,0.120669000,-0.550702000,0.182802000
25.847910,P1_INIT,0.120603000,-0.550785000,0.183393000
25.857939,P1_INIT,0.120680000,-0.550795000,0.183821000
25.867964,P1_INIT,0.120782000,-0.550803000,0.184231000
25.877887,P1_INIT,0.120730000,-0.550859000,0.184780000
25.887916,P1_INIT,0.120637000,-0.550912000,0.185367000
25.897891,P1_INIT,0.120641000,-0.550907000,0.185853000
25.908004,P1_INIT,0.120694000,-0.550906000,0.186332000
25.917909,P1_INIT,0.120663000,-0.550936000,0.186896000
25.927964,P1_INIT,0.120612000,-0.550967000,0.187469000
25.937953,P1_INIT,0.120657000,-0.550936000,0.187895000
25.947893,P1_INIT,0.120721000,-0.550912000,0.188317000
25.957900,P1_INIT,0.120655000,-0.550925000,0.188846000
25.967945,P1_INIT,0.120546000,-0.550937000,0.189399000
25.977947,P1_INIT,0.120481000,-0.550931000,0.189910000
25.987890,P1_INIT,0.120450000,-0.550910000,0.190392000
25.997893,P1_INIT,0.120406000,-0.550886000,0.190880000
26.008051,P1_INIT,0.120353000,-0.550865000,0.191388000
26.017934,P1_INIT,0.120330000,-0.550822000,0.191855000
26.027898,P1_INIT,0.120335000,-0.550788000,0.192325000
26.037918,P1_INIT,0.120298000,-0.550779000,0.192840000
26.047946,P1_INIT,0.120249000,-0.550785000,0.193377000
26.047986,P1_INIT_SETTLE,0.120249000,-0.550785000,0.193377000
26.058144,P1_INIT_SETTLE,0.120216000,-0.550770000,0.193866000
26.068353,P1_INIT_SETTLE,0.120213000,-0.550749000,0.194375000
26.078702,P1_INIT_SETTLE,0.120172000,-0.550737000,0.194865000
26.089026,P1_INIT_SETTLE,0.120161000,-0.550704000,0.195330000
26.099301,P1_INIT_SETTLE,0.120167000,-0.550663000,0.195788000
26.109658,P1_INIT_SETTLE,0.120127000,-0.550638000,0.196342000
26.120017,P1_INIT_SETTLE,0.120060000,-0.550622000,0.196862000
26.130361,P1_INIT_SETTLE,0.120013000,-0.550602000,0.197420000
26.140701,P1_INIT_SETTLE,0.120007000,-0.550571000,0.197891000
26.151009,P1_INIT_SETTLE,0.119977000,-0.550552000,0.198389000
26.161308,P1_INIT_SETTLE,0.119918000,-0.550542000,0.198914000
26.171610,P1_INIT_SETTLE,0.119878000,-0.550534000,0.199494000
26.181909,P1_INIT_SETTLE,0.119847000,-0.550521000,0.200005000
26.192221,P1_INIT_SETTLE,0.119804000,-0.550506000,0.200500000
26.202596,P1_INIT_SETTLE,0.119767000,-0.550489000,0.201038000
26.212958,P1_INIT_SETTLE,0.119707000,-0.550481000,0.201538000
26.223266,P1_INIT_SETTLE,0.119654000,-0.550458000,0.202004000
26.233586,P1_INIT_SETTLE,0.119560000,-0.550464000,0.202596000
26.243891,P1_INIT_SETTLE,0.119467000,-0.550482000,0.203154000
26.254201,P1_INIT_SETTLE,0.119428000,-0.550468000,0.203649000
26.264514,P1_INIT_SETTLE,0.119410000,-0.550457000,0.204191000
26.274812,P1_INIT_SETTLE,0.119362000,-0.550460000,0.204728000
26.285129,P1_INIT_SETTLE,0.119320000,-0.550461000,0.205273000
26.295439,P1_INIT_SETTLE,0.119328000,-0.550454000,0.205836000
26.305762,P1_INIT_SETTLE,0.119341000,-0.550438000,0.206326000
26.316076,P1_INIT_SETTLE,0.119318000,-0.550435000,0.206841000
26.326383,P1_INIT_SETTLE,0.119258000,-0.550437000,0.207427000
26.336714,P1_INIT_SETTLE,0.119211000,-0.550425000,0.207933000
26.347040,P1_INIT_SETTLE,0.119188000,-0.550408000,0.208429000
26.357334,P1_INIT_SETTLE,0.119148000,-0.550396000,0.208951000
26.367619,P1_INIT_SETTLE,0.119090000,-0.550381000,0.209526000
26.377918,P1_INIT_SETTLE,0.119051000,-0.550376000,0.210060000
26.388235,P1_INIT_SETTLE,0.119029000,-0.550373000,0.210575000
26.398658,P1_INIT_SETTLE,0.119004000,-0.550374000,0.211149000
26.408989,P1_INIT_SETTLE,0.118991000,-0.550382000,0.211671000
26.419229,P1_INIT_SETTLE,0.118957000,-0.550396000,0.212209000
26.429535,P1_INIT_SETTLE,0.118935000,-0.550396000,0.212759000
26.439906,P1_INIT_SETTLE,0.118918000,-0.550389000,0.213237000
26.450249,P1_INIT_SETTLE,0.118889000,-0.550379000,0.213716000
26.460606,P1_INIT_SETTLE,0.118830000,-0.550366000,0.214245000
26.470958,P1_INIT_SETTLE,0.118799000,-0.550347000,0.214714000
26.481409,P1_INIT_SETTLE,0.118770000,-0.550330000,0.215234000
26.491751,P1_INIT_SETTLE,0.118764000,-0.550305000,0.215690000
26.502153,P1_INIT_SETTLE,0.118743000,-0.550296000,0.216174000
26.512518,P1_INIT_SETTLE,0.118725000,-0.550286000,0.216702000
26.522897,P1_INIT_SETTLE,0.118717000,-0.550277000,0.217189000
26.533325,P1_INIT_SETTLE,0.118714000,-0.550276000,0.217683000
26.543691,P1_INIT_SETTLE,0.118713000,-0.550285000,0.218242000
26.553983,P1_INIT_SETTLE,0.118715000,-0.550281000,0.218726000
26.564299,P1_INIT_SETTLE,0.118724000,-0.550273000,0.219193000
26.574691,P1_INIT_SETTLE,0.118708000,-0.550274000,0.219735000
26.585051,P1_INIT_SETTLE,0.118682000,-0.550274000,0.220238000
26.595392,P1_INIT_SETTLE,0.118652000,-0.550270000,0.220790000
26.605820,P1_INIT_SETTLE,0.118611000,-0.550273000,0.221298000
26.616218,P1_INIT_SETTLE,0.118586000,-0.550264000,0.221794000
26.626583,P1_INIT_SETTLE,0.118583000,-0.550253000,0.222337000
26.636938,P1_INIT_SETTLE,0.118585000,-0.550233000,0.222820000
26.647271,P1_INIT_SETTLE,0.118569000,-0.550220000,0.223319000
26.657618,P1_INIT_SETTLE,0.118577000,-0.550203000,0.223858000
26.667982,P1_INIT_SETTLE,0.118592000,-0.550193000,0.224348000
26.678323,P1_INIT_SETTLE,0.118574000,-0.550187000,0.224839000
26.688753,P1_INIT_SETTLE,0.118550000,-0.550181000,0.225368000
26.699229,P1_INIT_SETTLE,0.118548000,-0.550170000,0.225833000
26.709610,P1_INIT_SETTLE,0.118531000,-0.550157000,0.226339000
26.719941,P1_INIT_SETTLE,0.118467000,-0.550153000,0.226839000
26.730318,P1_INIT_SETTLE,0.118385000,-0.550158000,0.227361000
26.740655,P1_INIT_SETTLE,0.118336000,-0.550147000,0.227895000
26.751002,P1_INIT_SETTLE,0.118327000,-0.550129000,0.228368000
26.761315,P1_INIT_SETTLE,0.118308000,-0.550117000,0.228862000
26.771631,P1_INIT_SETTLE,0.118276000,-0.550112000,0.229436000
26.781958,P1_INIT_SETTLE,0.118213000,-0.550118000,0.229983000
26.792269,P1_INIT_SETTLE,0.118169000,-0.550127000,0.230523000
26.802681,P1_INIT_SETTLE,0.118143000,-0.550133000,0.231101000
26.813050,P1_INIT_SETTLE,0.118129000,-0.550128000,0.231600000
26.823383,P1_INIT_SETTLE,0.118093000,-0.550141000,0.232185000
26.833718,P1_INIT_SETTLE,0.118041000,-0.550150000,0.232714000
26.843971,P1_INIT_SETTLE,0.117993000,-0.550145000,0.233216000
26.854298,P1_INIT_SETTLE,0.117978000,-0.550131000,0.233712000
26.864632,P1_INIT_SETTLE,0.117965000,-0.550122000,0.234268000
26.874971,P1_INIT_SETTLE,0.117934000,-0.550120000,0.234790000
26.885302,P1_INIT_SETTLE,0.117930000,-0.550094000,0.235260000
26.895723,P1_INIT_SETTLE,0.117935000,-0.550079000,0.235815000
26.906126,P1_INIT_SETTLE,0.117907000,-0.550063000,0.236335000
26.916528,P1_INIT_SETTLE,0.117892000,-0.550039000,0.236891000
26.926886,P1_INIT_SETTLE,0.117887000,-0.550010000,0.237380000
26.937234,P1_INIT_SETTLE,0.117875000,-0.549992000,0.237872000
26.947567,P1_INIT_SETTLE,0.117882000,-0.549957000,0.238370000
26.957889,P1_INIT_SETTLE,0.117858000,-0.549931000,0.238841000
26.968202,P1_INIT_SETTLE,0.117801000,-0.549915000,0.239333000
26.978536,P1_INIT_SETTLE,0.117762000,-0.549877000,0.239837000
26.988858,P1_INIT_SETTLE,0.117733000,-0.549858000,0.240317000
26.999183,P1_INIT_SETTLE,0.117667000,-0.549846000,0.240813000
27.009560,P1_INIT_SETTLE,0.117621000,-0.549829000,0.241345000
27.019902,P1_INIT_SETTLE,0.117613000,-0.549804000,0.241812000
27.030226,P1_INIT_SETTLE,0.117591000,-0.549788000,0.242303000
27.040628,P1_INIT_SETTLE,0.117562000,-0.549778000,0.242873000
27.050965,P1_INIT_SETTLE,0.117540000,-0.549762000,0.243383000
27.061287,P1_INIT_SETTLE,0.117525000,-0.549757000,0.243905000
27.071618,P1_INIT_SETTLE,0.117530000,-0.549742000,0.244453000
27.081968,P1_INIT_SETTLE,0.117554000,-0.549717000,0.244926000
27.092315,P1_INIT_SETTLE,0.117539000,-0.549708000,0.245429000
27.102715,P1_INIT_SETTLE,0.117523000,-0.549695000,0.245984000
27.113085,P1_INIT_SETTLE,0.117525000,-0.549676000,0.246469000
27.123422,P1_INIT_SETTLE,0.117520000,-0.549657000,0.247011000
27.133785,P1_INIT_SETTLE,0.117518000,-0.549643000,0.247514000
27.144172,P1_INIT_SETTLE,0.117516000,-0.549625000,0.248006000
27.154556,P1_INIT_SETTLE,0.117522000,-0.549613000,0.248554000
27.164909,P1_INIT_SETTLE,0.117520000,-0.549601000,0.249063000
27.175216,P1_INIT_SETTLE,0.117512000,-0.549590000,0.249576000
27.185525,P1_INIT_SETTLE,0.117495000,-0.549576000,0.250143000
27.195861,P1_INIT_SETTLE,0.117499000,-0.549558000,0.250642000
27.206230,P1_INIT_SETTLE,0.117506000,-0.549551000,0.251150000
27.216581,P1_INIT_SETTLE,0.117493000,-0.549551000,0.251718000
27.226929,P1_INIT_SETTLE,0.117494000,-0.549546000,0.252210000
27.237234,P1_INIT_SETTLE,0.117499000,-0.549533000,0.252676000
27.247553,P1_INIT_SETTLE,0.117504000,-0.549525000,0.253201000
27.257915,P1_INIT_SETTLE,0.117472000,-0.549529000,0.253704000
27.268226,P1_INIT_SETTLE,0.117433000,-0.549522000,0.254188000
27.278578,P1_INIT_SETTLE,0.117386000,-0.549516000,0.254729000
27.289008,P1_INIT_SETTLE,0.117329000,-0.549517000,0.255234000
27.299354,P1_INIT_SETTLE,0.117298000,-0.549501000,0.255756000
27.309695,P1_INIT_SETTLE,0.117272000,-0.549489000,0.256236000
27.580883,P2_INIT_POS,0.117164000,-0.548490000,0.261365000
27.590832,P2_INIT_POS,0.117216000,-0.548468000,0.261351000
27.600819,P2_INIT_POS,0.117359000,-0.548426000,0.261230000
27.610823,P2_INIT_POS,0.117768000,-0.548313000,0.260906000
27.620818,P2_INIT_POS,0.118208000,-0.548229000,0.260587000
27.630772,P2_INIT_POS,0.118319000,-0.548185000,0.260369000
27.640774,P2_INIT_POS,0.118061000,-0.548243000,0.260365000
27.650784,P2_INIT_POS,0.117788000,-0.548358000,0.260418000
27.660772,P2_INIT_POS,0.117695000,-0.548372000,0.260219000
27.670772,P2_INIT_POS,0.117693000,-0.548341000,0.259914000
27.680779,P2_INIT_POS,0.117659000,-0.548324000,0.259669000
27.690801,P2_INIT_POS,0.117426000,-0.548386000,0.259636000
27.700833,P2_INIT_POS,0.117053000,-0.548473000,0.259708000
27.710797,P2_INIT_POS,0.116674000,-0.548557000,0.259803000
27.720791,P2_INIT_POS,0.116367000,-0.548641000,0.259887000
27.730769,P2_INIT_POS,0.115918000,-0.548704000,0.259953000
27.740819,P2_INIT_POS,0.115319000,-0.548731000,0.259995000
27.750787,P2_INIT_POS,0.114669000,-0.548733000,0.260026000
27.760757,P2_INIT_POS,0.114047000,-0.548728000,0.260060000
27.770766,P2_INIT_POS,0.113447000,-0.548706000,0.260109000
27.780787,P2_INIT_POS,0.112854000,-0.548664000,0.260173000
27.790825,P2_INIT_POS,0.112292000,-0.548602000,0.260220000
27.800825,P2_INIT_POS,0.111795000,-0.548541000,0.260249000
27.810809,P2_INIT_POS,0.111353000,-0.548503000,0.260278000
27.820774,P2_INIT_POS,0.110906000,-0.548475000,0.260297000
27.830771,P2_INIT_POS,0.110437000,-0.548452000,0.260309000
27.840801,P2_INIT_POS,0.109966000,-0.548429000,0.260322000
27.850780,P2_INIT_POS,0.109479000,-0.548407000,0.260354000
27.860759,P2_INIT_POS,0.108978000,-0.548371000,0.260392000
27.870802,P2_INIT_POS,0.108468000,-0.548323000,0.260430000
27.880765,P2_INIT_POS,0.107937000,-0.548271000,0.260472000
27.890812,P2_INIT_POS,0.107420000,-0.548221000,0.260501000
27.900879,P2_INIT_POS,0.106913000,-0.548179000,0.260519000
27.900968,P2_INIT_POS_SETTLE,0.106913000,-0.548179000,0.260519000
27.911270,P2_INIT_POS_SETTLE,0.106395000,-0.548149000,0.260540000
27.921580,P2_INIT_POS_SETTLE,0.105830000,-0.548121000,0.260559000
27.931913,P2_INIT_POS_SETTLE,0.105317000,-0.548100000,0.260582000
27.942179,P2_INIT_POS_SETTLE,0.104811000,-0.548076000,0.260614000
27.952492,P2_INIT_POS_SETTLE,0.104264000,-0.548043000,0.260647000
27.962812,P2_INIT_POS_SETTLE,0.103757000,-0.548013000,0.260677000
27.973127,P2_INIT_POS_SETTLE,0.103253000,-0.547979000,0.260698000
27.983426,P2_INIT_POS_SETTLE,0.102708000,-0.547944000,0.260722000
27.993757,P2_INIT_POS_SETTLE,0.102190000,-0.547916000,0.260749000
28.004113,P2_INIT_POS_SETTLE,0.101671000,-0.547887000,0.260773000
28.014548,P2_INIT_POS_SETTLE,0.101120000,-0.547848000,0.260788000
28.024908,P2_INIT_POS_SETTLE,0.100614000,-0.547815000,0.260808000
28.035208,P2_INIT_POS_SETTLE,0.100112000,-0.547787000,0.260837000
28.045504,P2_INIT_POS_SETTLE,0.099562000,-0.547751000,0.260864000
28.055815,P2_INIT_POS_SETTLE,0.099050000,-0.547715000,0.260885000
28.066068,P2_INIT_POS_SETTLE,0.098539000,-0.547679000,0.260909000
28.076351,P2_INIT_POS_SETTLE,0.097983000,-0.547642000,0.260934000
28.086646,P2_INIT_POS_SETTLE,0.097476000,-0.547607000,0.260953000
28.096969,P2_INIT_POS_SETTLE,0.096958000,-0.547586000,0.260984000
28.107360,P2_INIT_POS_SETTLE,0.096383000,-0.547565000,0.261020000
28.117719,P2_INIT_POS_SETTLE,0.095884000,-0.547544000,0.261042000
28.128029,P2_INIT_POS_SETTLE,0.095375000,-0.547524000,0.261072000
28.138364,P2_INIT_POS_SETTLE,0.094801000,-0.547494000,0.261110000
28.148676,P2_INIT_POS_SETTLE,0.094282000,-0.547464000,0.261140000
28.158968,P2_INIT_POS_SETTLE,0.093767000,-0.547435000,0.261167000
28.169259,P2_INIT_POS_SETTLE,0.093260000,-0.547413000,0.261194000
28.179568,P2_INIT_POS_SETTLE,0.092704000,-0.547392000,0.261219000
28.189873,P2_INIT_POS_SETTLE,0.092195000,-0.547379000,0.261248000
28.200200,P2_INIT_POS_SETTLE,0.091693000,-0.547367000,0.261276000
28.210527,P2_INIT_POS_SETTLE,0.091145000,-0.547353000,0.261300000
28.220864,P2_INIT_POS_SETTLE,0.090666000,-0.547340000,0.261308000
28.231164,P2_INIT_POS_SETTLE,0.090189000,-0.547332000,0.261317000
28.241465,P2_INIT_POS_SETTLE,0.089642000,-0.547329000,0.261337000
28.251767,P2_INIT_POS_SETTLE,0.089152000,-0.547322000,0.261353000
28.262069,P2_INIT_POS_SETTLE,0.088675000,-0.547316000,0.261367000
28.272375,P2_INIT_POS_SETTLE,0.088142000,-0.547307000,0.261378000
28.282682,P2_INIT_POS_SETTLE,0.087652000,-0.547308000,0.261393000
28.292972,P2_INIT_POS_SETTLE,0.087179000,-0.547317000,0.261406000
28.303324,P2_INIT_POS_SETTLE,0.086709000,-0.547319000,0.261410000
28.313637,P2_INIT_POS_SETTLE,0.086188000,-0.547331000,0.261425000
28.323978,P2_INIT_POS_SETTLE,0.085701000,-0.547353000,0.261454000
28.334317,P2_INIT_POS_SETTLE,0.085218000,-0.547374000,0.261473000
28.344709,P2_INIT_POS_SETTLE,0.084681000,-0.547390000,0.261489000
28.355000,P2_INIT_POS_SETTLE,0.084207000,-0.547404000,0.261504000
28.365303,P2_INIT_POS_SETTLE,0.083713000,-0.547419000,0.261535000
28.375597,P2_INIT_POS_SETTLE,0.083157000,-0.547434000,0.261567000
28.385927,P2_INIT_POS_SETTLE,0.082677000,-0.547458000,0.261589000
28.396252,P2_INIT_POS_SETTLE,0.082196000,-0.547474000,0.261608000
28.406617,P2_INIT_POS_SETTLE,0.081655000,-0.547492000,0.261629000
28.416959,P2_INIT_POS_SETTLE,0.081169000,-0.547504000,0.261647000
28.427263,P2_INIT_POS_SETTLE,0.080693000,-0.547514000,0.261659000
28.437579,P2_INIT_POS_SETTLE,0.080164000,-0.547518000,0.261670000
28.447885,P2_INIT_POS_SETTLE,0.079689000,-0.547521000,0.261686000
28.458185,P2_INIT_POS_SETTLE,0.079194000,-0.547517000,0.261707000
28.468505,P2_INIT_POS_SETTLE,0.078655000,-0.547511000,0.261727000
28.478830,P2_INIT_POS_SETTLE,0.078173000,-0.547505000,0.261740000
28.489135,P2_INIT_POS_SETTLE,0.077678000,-0.547501000,0.261769000
28.499456,P2_INIT_POS_SETTLE,0.077119000,-0.547495000,0.261814000
28.509817,P2_INIT_POS_SETTLE,0.076621000,-0.547485000,0.261842000
28.520139,P2_INIT_POS_SETTLE,0.076121000,-0.547473000,0.261865000
28.530464,P2_INIT_POS_SETTLE,0.075565000,-0.547456000,0.261899000
28.540819,P2_INIT_POS_SETTLE,0.075044000,-0.547444000,0.261943000
28.551174,P2_INIT_POS_SETTLE,0.074507000,-0.547432000,0.261997000
28.561490,P2_INIT_POS_SETTLE,0.073937000,-0.547405000,0.262031000
28.571808,P2_INIT_POS_SETTLE,0.073426000,-0.547384000,0.262062000
28.582111,P2_INIT_POS_SETTLE,0.072879000,-0.547358000,0.262107000
28.592421,P2_INIT_POS_SETTLE,0.072300000,-0.547324000,0.262140000
28.602825,P2_INIT_POS_SETTLE,0.071793000,-0.547296000,0.262161000
28.613173,P2_INIT_POS_SETTLE,0.071267000,-0.547269000,0.262194000
28.623508,P2_INIT_POS_SETTLE,0.070694000,-0.547242000,0.262229000
28.633845,P2_INIT_POS_SETTLE,0.070189000,-0.547211000,0.262241000
28.644111,P2_INIT_POS_SETTLE,0.069693000,-0.547187000,0.262254000
28.654452,P2_INIT_POS_SETTLE,0.069127000,-0.547159000,0.262274000
28.664769,P2_INIT_POS_SETTLE,0.068620000,-0.547132000,0.262288000
28.675070,P2_INIT_POS_SETTLE,0.068122000,-0.547111000,0.262304000
28.685376,P2_INIT_POS_SETTLE,0.067555000,-0.547089000,0.262322000
28.695707,P2_INIT_POS_SETTLE,0.067052000,-0.547071000,0.262332000
28.706035,P2_INIT_POS_SETTLE,0.066553000,-0.547060000,0.262348000
28.716428,P2_INIT_POS_SETTLE,0.065995000,-0.547048000,0.262369000
28.726743,P2_INIT_POS_SETTLE,0.065510000,-0.547040000,0.262375000
28.737053,P2_INIT_POS_SETTLE,0.065027000,-0.547034000,0.262376000
28.747399,P2_INIT_POS_SETTLE,0.064481000,-0.547036000,0.262390000
28.757708,P2_INIT_POS_SETTLE,0.063977000,-0.547049000,0.262418000
28.768028,P2_INIT_POS_SETTLE,0.063474000,-0.547055000,0.262433000
28.778348,P2_INIT_POS_SETTLE,0.062919000,-0.547063000,0.262452000
28.788744,P2_INIT_POS_SETTLE,0.062407000,-0.547068000,0.262467000
28.799244,P2_INIT_POS_SETTLE,0.061911000,-0.547071000,0.262471000
29.070456,P2_INIT_DIVE,0.055963000,-0.547590000,0.262387000
29.080421,P2_INIT_DIVE,0.055901000,-0.547600000,0.262411000
29.090493,P2_INIT_DIVE,0.056141000,-0.547543000,0.262217000
29.100505,P2_INIT_DIVE,0.056580000,-0.547449000,0.261874000
29.110495,P2_INIT_DIVE,0.056935000,-0.547395000,0.261606000
29.120455,P2_INIT_DIVE,0.057136000,-0.547339000,0.261371000
29.130432,P2_INIT_DIVE,0.057169000,-0.547255000,0.261035000
29.140461,P2_INIT_DIVE,0.057191000,-0.547216000,0.260685000
29.150506,P2_INIT_DIVE,0.057311000,-0.547150000,0.260224000
29.160455,P2_INIT_DIVE,0.057545000,-0.547043000,0.259593000
29.170437,P2_INIT_DIVE,0.057804000,-0.546933000,0.258921000
29.180458,P2_INIT_DIVE,0.058035000,-0.546846000,0.258300000
29.190520,P2_INIT_DIVE,0.058163000,-0.546796000,0.257808000
29.200505,P2_INIT_DIVE,0.058243000,-0.546775000,0.257381000
29.210441,P2_INIT_DIVE,0.058362000,-0.546774000,0.256922000
29.220446,P2_INIT_DIVE,0.058431000,-0.546794000,0.256459000
29.230434,P2_INIT_DIVE,0.058409000,-0.546810000,0.255994000
29.240457,P2_INIT_DIVE,0.058339000,-0.546810000,0.255502000
29.250428,P2_INIT_DIVE,0.058239000,-0.546814000,0.255032000
29.260468,P2_INIT_DIVE,0.058138000,-0.546809000,0.254582000
29.270433,P2_INIT_DIVE,0.058041000,-0.546803000,0.254168000
29.280437,P2_INIT_DIVE,0.057959000,-0.546792000,0.253739000
29.290486,P2_INIT_DIVE,0.057946000,-0.546789000,0.253273000
29.300482,P2_INIT_DIVE,0.057973000,-0.546805000,0.252779000
29.310431,P2_INIT_DIVE,0.057976000,-0.546839000,0.252287000
29.320454,P2_INIT_DIVE,0.057961000,-0.546891000,0.251813000
29.330404,P2_INIT_DIVE,0.057933000,-0.546931000,0.251329000
29.340429,P2_INIT_DIVE,0.057905000,-0.546962000,0.250863000
29.350429,P2_INIT_DIVE,0.057868000,-0.546982000,0.250409000
29.360429,P2_INIT_DIVE,0.057831000,-0.546991000,0.249967000
29.370400,P2_INIT_DIVE,0.057801000,-0.546977000,0.249498000
29.380429,P2_INIT_DIVE,0.057791000,-0.546972000,0.249027000
29.390383,P2_INIT_DIVE,0.057777000,-0.546978000,0.248554000
29.400457,P2_INIT_DIVE,0.057759000,-0.546989000,0.248068000
29.410390,P2_INIT_DIVE,0.057745000,-0.547009000,0.247581000
29.420404,P2_INIT_DIVE,0.057719000,-0.547039000,0.247100000
29.430381,P2_INIT_DIVE,0.057678000,-0.547068000,0.246632000
29.440399,P2_INIT_DIVE,0.057627000,-0.547105000,0.246193000
29.450378,P2_INIT_DIVE,0.057621000,-0.547092000,0.245654000
29.460400,P2_INIT_DIVE,0.057619000,-0.547091000,0.245136000
29.470381,P2_INIT_DIVE,0.057599000,-0.547095000,0.244649000
29.480397,P2_INIT_DIVE,0.057559000,-0.547105000,0.244171000
29.480476,P2_INIT_DIVE_SETTLE,0.057559000,-0.547105000,0.244171000
29.490759,P2_INIT_DIVE_SETTLE,0.057525000,-0.547110000,0.243678000
29.501072,P2_INIT_DIVE_SETTLE,0.057491000,-0.547113000,0.243177000
29.511402,P2_INIT_DIVE_SETTLE,0.057454000,-0.547111000,0.242618000
29.521705,P2_INIT_DIVE_SETTLE,0.057432000,-0.547104000,0.242104000
29.532018,P2_INIT_DIVE_SETTLE,0.057412000,-0.547089000,0.241583000
29.542305,P2_INIT_DIVE_SETTLE,0.057403000,-0.547075000,0.241066000
29.552595,P2_INIT_DIVE_SETTLE,0.057392000,-0.547051000,0.240490000
29.562892,P2_INIT_DIVE_SETTLE,0.057378000,-0.547043000,0.239986000
29.573188,P2_INIT_DIVE_SETTLE,0.057345000,-0.547034000,0.239475000
29.583479,P2_INIT_DIVE_SETTLE,0.057315000,-0.547025000,0.238898000
29.593792,P2_INIT_DIVE_SETTLE,0.057292000,-0.547019000,0.238366000
29.604105,P2_INIT_DIVE_SETTLE,0.057302000,-0.547003000,0.237802000
29.614418,P2_INIT_DIVE_SETTLE,0.057292000,-0.546996000,0.237232000
29.624708,P2_INIT_DIVE_SETTLE,0.057274000,-0.546985000,0.236718000
29.635018,P2_INIT_DIVE_SETTLE,0.057265000,-0.546973000,0.236215000
29.645343,P2_INIT_DIVE_SETTLE,0.057265000,-0.546956000,0.235652000
29.655633,P2_INIT_DIVE_SETTLE,0.057288000,-0.546937000,0.235125000
29.665965,P2_INIT_DIVE_SETTLE,0.057301000,-0.546924000,0.234609000
29.676251,P2_INIT_DIVE_SETTLE,0.057311000,-0.546916000,0.234094000
29.686554,P2_INIT_DIVE_SETTLE,0.057311000,-0.546916000,0.233545000
29.696854,P2_INIT_DIVE_SETTLE,0.057310000,-0.546914000,0.233042000
29.707201,P2_INIT_DIVE_SETTLE,0.057318000,-0.546911000,0.232534000
29.717518,P2_INIT_DIVE_SETTLE,0.057312000,-0.546918000,0.231994000
29.727844,P2_INIT_DIVE_SETTLE,0.057297000,-0.546919000,0.231487000
29.738132,P2_INIT_DIVE_SETTLE,0.057290000,-0.546929000,0.230992000
29.748487,P2_INIT_DIVE_SETTLE,0.057292000,-0.546921000,0.230407000
29.758787,P2_INIT_DIVE_SETTLE,0.057314000,-0.546904000,0.229852000
29.769086,P2_INIT_DIVE_SETTLE,0.057286000,-0.546913000,0.229369000
29.779377,P2_INIT_DIVE_SETTLE,0.057255000,-0.546922000,0.228835000
29.789690,P2_INIT_DIVE_SETTLE,0.057243000,-0.546928000,0.228337000
29.799990,P2_INIT_DIVE_SETTLE,0.057248000,-0.546921000,0.227815000
29.810312,P2_INIT_DIVE_SETTLE,0.057228000,-0.546916000,0.227303000
29.820606,P2_INIT_DIVE_SETTLE,0.057211000,-0.546921000,0.226769000
29.830950,P2_INIT_DIVE_SETTLE,0.057220000,-0.546916000,0.226244000
29.841251,P2_INIT_DIVE_SETTLE,0.057242000,-0.546912000,0.225708000
29.851564,P2_INIT_DIVE_SETTLE,0.057235000,-0.546924000,0.225163000
29.861859,P2_INIT_DIVE_SETTLE,0.057203000,-0.546936000,0.224673000
29.872148,P2_INIT_DIVE_SETTLE,0.057165000,-0.546957000,0.224184000
29.882457,P2_INIT_DIVE_SETTLE,0.057141000,-0.546957000,0.223604000
29.892773,P2_INIT_DIVE_SETTLE,0.057105000,-0.546971000,0.223105000
29.903085,P2_INIT_DIVE_SETTLE,0.057072000,-0.546963000,0.222579000
29.913406,P2_INIT_DIVE_SETTLE,0.057065000,-0.546952000,0.221989000
29.923717,P2_INIT_DIVE_SETTLE,0.057083000,-0.546947000,0.221460000
29.934033,P2_INIT_DIVE_SETTLE,0.057059000,-0.546958000,0.220990000
29.944339,P2_INIT_DIVE_SETTLE,0.057027000,-0.546972000,0.220523000
29.954659,P2_INIT_DIVE_SETTLE,0.057009000,-0.546970000,0.219957000
29.964979,P2_INIT_DIVE_SETTLE,0.057031000,-0.546979000,0.219447000
29.975276,P2_INIT_DIVE_SETTLE,0.057030000,-0.546986000,0.218948000
29.985588,P2_INIT_DIVE_SETTLE,0.057032000,-0.546988000,0.218394000
29.995895,P2_INIT_DIVE_SETTLE,0.057023000,-0.546999000,0.217913000
30.006214,P2_INIT_DIVE_SETTLE,0.057011000,-0.547013000,0.217440000
30.016514,P2_INIT_DIVE_SETTLE,0.056979000,-0.547041000,0.216937000
30.026818,P2_INIT_DIVE_SETTLE,0.056970000,-0.547056000,0.216449000
30.037108,P2_INIT_DIVE_SETTLE,0.056990000,-0.547052000,0.215915000
30.047388,P2_INIT_DIVE_SETTLE,0.056978000,-0.547055000,0.215363000
30.057659,P2_INIT_DIVE_SETTLE,0.056921000,-0.547060000,0.214899000
30.067986,P2_INIT_DIVE_SETTLE,0.056896000,-0.547067000,0.214430000
30.078322,P2_INIT_DIVE_SETTLE,0.056897000,-0.547062000,0.213936000
30.088619,P2_INIT_DIVE_SETTLE,0.056887000,-0.547066000,0.213418000
30.098926,P2_INIT_DIVE_SETTLE,0.056864000,-0.547056000,0.212927000
30.109288,P2_INIT_DIVE_SETTLE,0.056869000,-0.547036000,0.212411000
30.119655,P2_INIT_DIVE_SETTLE,0.056898000,-0.547029000,0.211854000
30.129992,P2_INIT_DIVE_SETTLE,0.056869000,-0.547024000,0.211373000
30.140291,P2_INIT_DIVE_SETTLE,0.056811000,-0.547034000,0.210925000
30.150633,P2_INIT_DIVE_SETTLE,0.056782000,-0.547022000,0.210369000
30.160970,P2_INIT_DIVE_SETTLE,0.056784000,-0.547015000,0.209848000
30.171267,P2_INIT_DIVE_SETTLE,0.056763000,-0.547010000,0.209346000
30.181562,P2_INIT_DIVE_SETTLE,0.056730000,-0.546992000,0.208781000
30.191873,P2_INIT_DIVE_SETTLE,0.056709000,-0.546978000,0.208318000
30.202183,P2_INIT_DIVE_SETTLE,0.056697000,-0.546955000,0.207747000
30.212498,P2_INIT_DIVE_SETTLE,0.056669000,-0.546956000,0.207224000
30.222802,P2_INIT_DIVE_SETTLE,0.056674000,-0.546931000,0.206700000
30.233069,P2_INIT_DIVE_SETTLE,0.056683000,-0.546918000,0.206186000
30.243333,P2_INIT_DIVE_SETTLE,0.056660000,-0.546899000,0.205644000
30.253616,P2_INIT_DIVE_SETTLE,0.056659000,-0.546890000,0.205154000
30.263873,P2_INIT_DIVE_SETTLE,0.056654000,-0.546884000,0.204674000
30.274164,P2_INIT_DIVE_SETTLE,0.056672000,-0.546860000,0.204153000
30.284468,P2_INIT_DIVE_SETTLE,0.056692000,-0.546839000,0.203591000
30.294764,P2_INIT_DIVE_SETTLE,0.056680000,-0.546833000,0.203100000
30.305104,P2_INIT_DIVE_SETTLE,0.056639000,-0.546841000,0.202634000
30.315423,P2_INIT_DIVE_SETTLE,0.056601000,-0.546839000,0.202094000
30.325708,P2_INIT_DIVE_SETTLE,0.056637000,-0.546795000,0.201500000
30.336001,P2_INIT_DIVE_SETTLE,0.056670000,-0.546774000,0.200964000
30.346299,P2_INIT_DIVE_SETTLE,0.056627000,-0.546765000,0.200447000
30.356637,P2_INIT_DIVE_SETTLE,0.056581000,-0.546760000,0.199985000
30.366944,P2_INIT_DIVE_SETTLE,0.056600000,-0.546739000,0.199476000
30.377246,P2_INIT_DIVE_SETTLE,0.056626000,-0.546718000,0.198955000
30.387574,P2_INIT_DIVE_SETTLE,0.056608000,-0.546705000,0.198415000
30.397881,P2_INIT_DIVE_SETTLE,0.056610000,-0.546688000,0.197910000
30.408203,P2_INIT_DIVE_SETTLE,0.056639000,-0.546676000,0.197389000
30.418507,P2_INIT_DIVE_SETTLE,0.056630000,-0.546669000,0.196853000
30.428811,P2_INIT_DIVE_SETTLE,0.056586000,-0.546677000,0.196401000
30.439099,P2_INIT_DIVE_SETTLE,0.056567000,-0.546660000,0.195884000
30.449352,P2_INIT_DIVE_SETTLE,0.056587000,-0.546654000,0.195311000
30.459649,P2_INIT_DIVE_SETTLE,0.056565000,-0.546643000,0.194795000
30.469960,P2_INIT_DIVE_SETTLE,0.056499000,-0.546654000,0.194336000
30.480270,P2_INIT_DIVE_SETTLE,0.056471000,-0.546645000,0.193830000
30.490590,P2_INIT_DIVE_SETTLE,0.056495000,-0.546644000,0.193271000
30.500911,P2_INIT_DIVE_SETTLE,0.056469000,-0.546649000,0.192803000
30.511156,P2_INIT_DIVE_SETTLE,0.056423000,-0.546666000,0.192371000
30.521395,P2_INIT_DIVE_SETTLE,0.056411000,-0.546671000,0.191845000
30.531713,P2_INIT_DIVE_SETTLE,0.056428000,-0.546671000,0.191341000
30.541999,P2_INIT_DIVE_SETTLE,0.056425000,-0.546678000,0.190854000
30.552282,P2_INIT_DIVE_SETTLE,0.056385000,-0.546687000,0.190337000
30.562613,P2_INIT_DIVE_SETTLE,0.056361000,-0.546704000,0.189860000
30.572955,P2_INIT_DIVE_SETTLE,0.056358000,-0.546706000,0.189339000
30.583238,P2_INIT_DIVE_SETTLE,0.056310000,-0.546745000,0.188886000
30.593571,P2_INIT_DIVE_SETTLE,0.056267000,-0.546746000,0.188321000
30.603912,P2_INIT_DIVE_SETTLE,0.056316000,-0.546722000,0.187724000
32.888862,P2_INIT_DIVE_CENTER,0.063110000,-0.552282000,0.175413000
32.898808,P2_INIT_DIVE_CENTER,0.063634000,-0.552149000,0.175358000
32.908806,P2_INIT_DIVE_CENTER,0.064071000,-0.552004000,0.175272000
32.918789,P2_INIT_DIVE_CENTER,0.064305000,-0.551873000,0.175202000
32.928755,P2_INIT_DIVE_CENTER,0.064583000,-0.551798000,0.175201000
32.938791,P2_INIT_DIVE_CENTER,0.064846000,-0.551779000,0.175275000
32.938876,P2_INIT_DIVE_CENTER_SETTLE,0.064846000,-0.551779000,0.175275000
32.949160,P2_INIT_DIVE_CENTER_SETTLE,0.064983000,-0.551708000,0.175274000
32.959451,P2_INIT_DIVE_CENTER_SETTLE,0.065059000,-0.551535000,0.175160000
32.969762,P2_INIT_DIVE_CENTER_SETTLE,0.065072000,-0.551389000,0.175065000
32.980066,P2_INIT_DIVE_CENTER_SETTLE,0.064942000,-0.551245000,0.175050000
32.990394,P2_INIT_DIVE_CENTER_SETTLE,0.064642000,-0.551085000,0.175094000
33.000765,P2_INIT_DIVE_CENTER_SETTLE,0.064224000,-0.550943000,0.175189000
33.011068,P2_INIT_DIVE_CENTER_SETTLE,0.063782000,-0.550772000,0.175247000
33.021390,P2_INIT_DIVE_CENTER_SETTLE,0.063331000,-0.550544000,0.175253000
33.031699,P2_INIT_DIVE_CENTER_SETTLE,0.062791000,-0.550311000,0.175290000
33.041974,P2_INIT_DIVE_CENTER_SETTLE,0.062171000,-0.550073000,0.175358000
33.052322,P2_INIT_DIVE_CENTER_SETTLE,0.061598000,-0.549829000,0.175389000
33.062650,P2_INIT_DIVE_CENTER_SETTLE,0.061023000,-0.549567000,0.175402000
33.083594,P2_INIT,0.059856000,-0.549135000,0.175530000
33.093565,P2_INIT,0.059337000,-0.548925000,0.175554000
33.103573,P2_INIT,0.058943000,-0.548714000,0.175478000
33.113559,P2_INIT,0.058600000,-0.548545000,0.175379000
33.123538,P2_INIT,0.058162000,-0.548517000,0.175530000
33.133554,P2_INIT,0.057819000,-0.548522000,0.175644000
33.143535,P2_INIT,0.057738000,-0.548468000,0.175546000
33.153548,P2_INIT,0.057699000,-0.548473000,0.175549000
33.163527,P2_INIT,0.057591000,-0.548586000,0.175793000
33.173560,P2_INIT,0.057605000,-0.548741000,0.176067000
33.183583,P2_INIT,0.057939000,-0.548949000,0.176352000
33.193535,P2_INIT,0.058179000,-0.549169000,0.176738000
33.203587,P2_INIT,0.058254000,-0.549406000,0.177286000
33.213539,P2_INIT,0.058582000,-0.549505000,0.177556000
33.223547,P2_INIT,0.059157000,-0.549651000,0.177912000
33.233533,P2_INIT,0.059242000,-0.549923000,0.178689000
33.243532,P2_INIT,0.059142000,-0.550159000,0.179507000
33.253529,P2_INIT,0.059350000,-0.550247000,0.179911000
33.263525,P2_INIT,0.059644000,-0.550296000,0.180192000
33.273528,P2_INIT,0.059642000,-0.550419000,0.180754000
33.283522,P2_INIT,0.059567000,-0.550532000,0.181342000
33.293538,P2_INIT,0.059735000,-0.550563000,0.181703000
33.303584,P2_INIT,0.059907000,-0.550610000,0.182106000
33.313532,P2_INIT,0.059857000,-0.550714000,0.182727000
33.323543,P2_INIT,0.059766000,-0.550788000,0.183312000
33.333539,P2_INIT,0.059834000,-0.550810000,0.183738000
33.343546,P2_INIT,0.059898000,-0.550848000,0.184189000
33.353519,P2_INIT,0.059811000,-0.550915000,0.184780000
33.363543,P2_INIT,0.059694000,-0.550959000,0.185366000
33.373538,P2_INIT,0.059687000,-0.550971000,0.185849000
33.383553,P2_INIT,0.059720000,-0.551000000,0.186350000
33.393577,P2_INIT,0.059671000,-0.551034000,0.186908000
33.403565,P2_INIT,0.059645000,-0.551039000,0.187392000
33.413567,P2_INIT,0.059673000,-0.551030000,0.187826000
33.423536,P2_INIT,0.059653000,-0.551028000,0.188294000
33.433548,P2_INIT,0.059537000,-0.551056000,0.188864000
33.443526,P2_INIT,0.059428000,-0.551071000,0.189417000
33.453544,P2_INIT,0.059367000,-0.551063000,0.189913000
33.463522,P2_INIT,0.059310000,-0.551050000,0.190416000
33.473549,P2_INIT,0.059238000,-0.551039000,0.190938000
33.483533,P2_INIT,0.059206000,-0.551022000,0.191446000
33.493562,P2_INIT,0.059195000,-0.551006000,0.191945000
33.503607,P2_INIT,0.059172000,-0.551000000,0.192466000
33.513556,P2_INIT,0.059148000,-0.550987000,0.192981000
33.523555,P2_INIT,0.059129000,-0.550976000,0.193487000
33.523638,P2_INIT_SETTLE,0.059129000,-0.550976000,0.193487000
33.533990,P2_INIT_SETTLE,0.059076000,-0.550968000,0.194009000
33.544321,P2_INIT_SETTLE,0.059022000,-0.550953000,0.194514000
33.554617,P2_INIT_SETTLE,0.058998000,-0.550930000,0.195002000
33.564916,P2_INIT_SETTLE,0.058994000,-0.550894000,0.195533000
33.575173,P2_INIT_SETTLE,0.058982000,-0.550870000,0.196042000
33.585435,P2_INIT_SETTLE,0.058925000,-0.550847000,0.196633000
33.595682,P2_INIT_SETTLE,0.058907000,-0.550822000,0.197158000
33.605914,P2_INIT_SETTLE,0.058925000,-0.550783000,0.197590000
33.616134,P2_INIT_SETTLE,0.058922000,-0.550757000,0.198149000
33.626356,P2_INIT_SETTLE,0.058885000,-0.550736000,0.198736000
33.636686,P2_INIT_SETTLE,0.058865000,-0.550701000,0.199234000
33.646861,P2_INIT_SETTLE,0.058841000,-0.550660000,0.199727000
33.657022,P2_INIT_SETTLE,0.058790000,-0.550628000,0.200241000
33.667175,P2_INIT_SETTLE,0.058733000,-0.550582000,0.200736000
33.677375,P2_INIT_SETTLE,0.058684000,-0.550545000,0.201288000
33.687701,P2_INIT_SETTLE,0.058630000,-0.550520000,0.201806000
33.698078,P2_INIT_SETTLE,0.058615000,-0.550484000,0.202238000
33.708453,P2_INIT_SETTLE,0.058604000,-0.550441000,0.202819000
33.718761,P2_INIT_SETTLE,0.058576000,-0.550412000,0.203332000
33.729076,P2_INIT_SETTLE,0.058544000,-0.550395000,0.203857000
33.739379,P2_INIT_SETTLE,0.058534000,-0.550381000,0.204421000
33.749694,P2_INIT_SETTLE,0.058542000,-0.550359000,0.204896000
33.760006,P2_INIT_SETTLE,0.058555000,-0.550339000,0.205370000
33.770310,P2_INIT_SETTLE,0.058557000,-0.550318000,0.205840000
33.780633,P2_INIT_SETTLE,0.058530000,-0.550303000,0.206368000
33.790977,P2_INIT_SETTLE,0.058489000,-0.550302000,0.206873000
33.801297,P2_INIT_SETTLE,0.058446000,-0.550302000,0.207378000
33.811615,P2_INIT_SETTLE,0.058427000,-0.550303000,0.207916000
33.821933,P2_INIT_SETTLE,0.058404000,-0.550303000,0.208408000
33.832235,P2_INIT_SETTLE,0.058377000,-0.550320000,0.208930000
33.842544,P2_INIT_SETTLE,0.058347000,-0.550327000,0.209495000
33.852848,P2_INIT_SETTLE,0.058320000,-0.550335000,0.210005000
33.863138,P2_INIT_SETTLE,0.058291000,-0.550358000,0.210525000
33.873450,P2_INIT_SETTLE,0.058243000,-0.550372000,0.211077000
33.883740,P2_INIT_SETTLE,0.058221000,-0.550386000,0.211558000
33.894007,P2_INIT_SETTLE,0.058201000,-0.550405000,0.212037000
33.904364,P2_INIT_SETTLE,0.058162000,-0.550425000,0.212579000
33.914725,P2_INIT_SETTLE,0.058110000,-0.550444000,0.213091000
33.924979,P2_INIT_SETTLE,0.058073000,-0.550445000,0.213577000
33.935273,P2_INIT_SETTLE,0.058087000,-0.550444000,0.214047000
33.945582,P2_INIT_SETTLE,0.058102000,-0.550440000,0.214522000
33.955864,P2_INIT_SETTLE,0.058087000,-0.550438000,0.215073000
33.966155,P2_INIT_SETTLE,0.058097000,-0.550439000,0.215571000
33.976438,P2_INIT_SETTLE,0.058122000,-0.550445000,0.216067000
33.986773,P2_INIT_SETTLE,0.058132000,-0.550458000,0.216638000
33.997361,P2_INIT_SETTLE,0.058128000,-0.550454000,0.217183000
34.007737,P2_INIT_SETTLE,0.058153000,-0.550439000,0.217654000
34.018091,P2_INIT_SETTLE,0.058171000,-0.550431000,0.218143000
34.028444,P2_INIT_SETTLE,0.058152000,-0.550426000,0.218707000
34.038761,P2_INIT_SETTLE,0.058143000,-0.550409000,0.219210000
34.049083,P2_INIT_SETTLE,0.058157000,-0.550387000,0.219687000
34.059397,P2_INIT_SETTLE,0.058155000,-0.550370000,0.220181000
34.069705,P2_INIT_SETTLE,0.058154000,-0.550347000,0.220730000
34.080026,P2_INIT_SETTLE,0.058144000,-0.550323000,0.221219000
34.090346,P2_INIT_SETTLE,0.058145000,-0.550302000,0.221762000
34.100702,P2_INIT_SETTLE,0.058156000,-0.550280000,0.222196000
34.111005,P2_INIT_SETTLE,0.058149000,-0.550260000,0.222746000
34.121343,P2_INIT_SETTLE,0.058143000,-0.550230000,0.223222000
34.131655,P2_INIT_SETTLE,0.058147000,-0.550188000,0.223715000
34.141969,P2_INIT_SETTLE,0.058149000,-0.550150000,0.224173000
34.152264,P2_INIT_SETTLE,0.058124000,-0.550115000,0.224642000
34.162567,P2_INIT_SETTLE,0.058100000,-0.550077000,0.225152000
34.172868,P2_INIT_SETTLE,0.058068000,-0.550039000,0.225616000
34.183198,P2_INIT_SETTLE,0.058029000,-0.550019000,0.226059000
34.193523,P2_INIT_SETTLE,0.057954000,-0.549987000,0.226650000
34.203894,P2_INIT_SETTLE,0.057920000,-0.549953000,0.227121000
34.214226,P2_INIT_SETTLE,0.057929000,-0.549915000,0.227586000
34.224527,P2_INIT_SETTLE,0.057928000,-0.549880000,0.228118000
34.234839,P2_INIT_SETTLE,0.057899000,-0.549859000,0.228634000
34.245124,P2_INIT_SETTLE,0.057872000,-0.549842000,0.229153000
34.255420,P2_INIT_SETTLE,0.057852000,-0.549831000,0.229718000
34.265709,P2_INIT_SETTLE,0.057829000,-0.549824000,0.230235000
34.276016,P2_INIT_SETTLE,0.057794000,-0.549804000,0.230729000
34.286345,P2_INIT_SETTLE,0.057774000,-0.549788000,0.231215000
34.296653,P2_INIT_SETTLE,0.057738000,-0.549777000,0.231723000
34.307049,P2_INIT_SETTLE,0.057675000,-0.549768000,0.232295000
34.317387,P2_INIT_SETTLE,0.057641000,-0.549746000,0.232842000
34.327689,P2_INIT_SETTLE,0.057621000,-0.549721000,0.233280000
34.338000,P2_INIT_SETTLE,0.057589000,-0.549706000,0.233840000
34.348321,P2_INIT_SETTLE,0.057550000,-0.549694000,0.234359000
34.358623,P2_INIT_SETTLE,0.057510000,-0.549679000,0.234924000
34.368944,P2_INIT_SETTLE,0.057486000,-0.549668000,0.235439000
34.379244,P2_INIT_SETTLE,0.057454000,-0.549655000,0.235955000
34.389583,P2_INIT_SETTLE,0.057397000,-0.549655000,0.236550000
34.399948,P2_INIT_SETTLE,0.057356000,-0.549650000,0.237069000
34.410273,P2_INIT_SETTLE,0.057316000,-0.549654000,0.237591000
34.420581,P2_INIT_SETTLE,0.057270000,-0.549654000,0.238152000
34.430899,P2_INIT_SETTLE,0.057246000,-0.549646000,0.238638000
34.441236,P2_INIT_SETTLE,0.057222000,-0.549635000,0.239118000
34.451589,P2_INIT_SETTLE,0.057149000,-0.549634000,0.239676000
34.461945,P2_INIT_SETTLE,0.057067000,-0.549629000,0.240178000
34.472279,P2_INIT_SETTLE,0.057002000,-0.549619000,0.240666000
34.482606,P2_INIT_SETTLE,0.056933000,-0.549619000,0.241220000
34.492931,P2_INIT_SETTLE,0.056850000,-0.549613000,0.241728000
34.503291,P2_INIT_SETTLE,0.056801000,-0.549602000,0.242218000
34.513611,P2_INIT_SETTLE,0.056756000,-0.549598000,0.242773000
34.523953,P2_INIT_SETTLE,0.056711000,-0.549601000,0.243299000
34.534254,P2_INIT_SETTLE,0.056651000,-0.549614000,0.243842000
34.544556,P2_INIT_SETTLE,0.056616000,-0.549625000,0.244419000
34.554865,P2_INIT_SETTLE,0.056599000,-0.549635000,0.244883000
34.565161,P2_INIT_SETTLE,0.056567000,-0.549656000,0.245457000
34.575465,P2_INIT_SETTLE,0.056530000,-0.549675000,0.246021000
34.585813,P2_INIT_SETTLE,0.056491000,-0.549694000,0.246541000
34.596140,P2_INIT_SETTLE,0.056462000,-0.549703000,0.247045000
34.606508,P2_INIT_SETTLE,0.056433000,-0.549716000,0.247599000
34.616879,P2_INIT_SETTLE,0.056417000,-0.549722000,0.248104000
34.627183,P2_INIT_SETTLE,0.056398000,-0.549733000,0.248615000
34.637510,P2_INIT_SETTLE,0.056394000,-0.549738000,0.249117000
34.647817,P2_INIT_SETTLE,0.056397000,-0.549747000,0.249674000
34.658070,P2_INIT_SETTLE,0.056380000,-0.549760000,0.250203000
34.668400,P2_INIT_SETTLE,0.056381000,-0.549757000,0.250757000
34.678784,P2_INIT_SETTLE,0.056370000,-0.549757000,0.251271000
34.689105,P2_INIT_SETTLE,0.056363000,-0.549753000,0.251780000
34.699430,P2_INIT_SETTLE,0.056357000,-0.549747000,0.252334000
34.709781,P2_INIT_SETTLE,0.056367000,-0.549737000,0.252815000
34.720083,P2_INIT_SETTLE,0.056392000,-0.549718000,0.253219000
34.730419,P2_INIT_SETTLE,0.056412000,-0.549702000,0.253782000
34.740817,P2_INIT_SETTLE,0.056387000,-0.549697000,0.254271000
34.751180,P2_INIT_SETTLE,0.056368000,-0.549676000,0.254732000
34.761513,P2_INIT_SETTLE,0.056376000,-0.549664000,0.255246000
34.771835,P2_INIT_SETTLE,0.056349000,-0.549649000,0.255678000
34.782053,P2_INIT_SETTLE,0.056314000,-0.549627000,0.256199000
35.053115,P3_INIT_POS,0.056170000,-0.548464000,0.261472000
35.063069,P3_INIT_POS,0.056193000,-0.548454000,0.261469000
35.073056,P3_INIT_POS,0.056358000,-0.548426000,0.261345000
35.083046,P3_INIT_POS,0.056780000,-0.548349000,0.261020000
35.093067,P3_INIT_POS,0.057231000,-0.548280000,0.260690000
35.103113,P3_INIT_POS,0.057383000,-0.548222000,0.260470000
35.113062,P3_INIT_POS,0.057183000,-0.548222000,0.260420000
35.123058,P3_INIT_POS,0.056897000,-0.548279000,0.260452000
35.133067,P3_INIT_POS,0.056787000,-0.548268000,0.260237000
35.143047,P3_INIT_POS,0.056771000,-0.548238000,0.259948000
35.153046,P3_INIT_POS,0.056741000,-0.548219000,0.259728000
35.163040,P3_INIT_POS,0.056504000,-0.548263000,0.259679000
35.173049,P3_INIT_POS,0.056146000,-0.548322000,0.259746000
35.183039,P3_INIT_POS,0.055807000,-0.548388000,0.259831000
35.193156,P3_INIT_POS,0.055504000,-0.548445000,0.259895000
35.203134,P3_INIT_POS,0.055040000,-0.548490000,0.259969000
35.213059,P3_INIT_POS,0.054478000,-0.548474000,0.259998000
35.223037,P3_INIT_POS,0.053742000,-0.548426000,0.259994000
35.233045,P3_INIT_POS,0.053160000,-0.548385000,0.259991000
35.243032,P3_INIT_POS,0.052530000,-0.548352000,0.260039000
35.253039,P3_INIT_POS,0.051859000,-0.548298000,0.260107000
35.263024,P3_INIT_POS,0.051298000,-0.548229000,0.260137000
35.273039,P3_INIT_POS,0.050794000,-0.548169000,0.260155000
35.283045,P3_INIT_POS,0.050345000,-0.548136000,0.260167000
35.293070,P3_INIT_POS,0.049951000,-0.548128000,0.260180000
35.303087,P3_INIT_POS,0.049447000,-0.548113000,0.260182000
35.313089,P3_INIT_POS,0.048983000,-0.548101000,0.260181000
35.323058,P3_INIT_POS,0.048500000,-0.548081000,0.260189000
35.333044,P3_INIT_POS,0.048003000,-0.548054000,0.260221000
35.343038,P3_INIT_POS,0.047492000,-0.548019000,0.260263000
35.353036,P3_INIT_POS,0.046966000,-0.547970000,0.260294000
35.363043,P3_INIT_POS,0.046456000,-0.547926000,0.260316000
35.363122,P3_INIT_POS_SETTLE,0.046456000,-0.547926000,0.260316000
35.373420,P3_INIT_POS_SETTLE,0.045947000,-0.547888000,0.260330000
35.383767,P3_INIT_POS_SETTLE,0.045395000,-0.547863000,0.260350000
35.394118,P3_INIT_POS_SETTLE,0.044885000,-0.547844000,0.260365000
35.404477,P3_INIT_POS_SETTLE,0.044329000,-0.547821000,0.260379000
35.414809,P3_INIT_POS_SETTLE,0.043819000,-0.547798000,0.260402000
35.425104,P3_INIT_POS_SETTLE,0.043369000,-0.547782000,0.260434000
35.435401,P3_INIT_POS_SETTLE,0.042771000,-0.547741000,0.260464000
35.445705,P3_INIT_POS_SETTLE,0.042260000,-0.547704000,0.260488000
35.455985,P3_INIT_POS_SETTLE,0.041755000,-0.547674000,0.260512000
35.466266,P3_INIT_POS_SETTLE,0.041245000,-0.547649000,0.260536000
35.476553,P3_INIT_POS_SETTLE,0.040739000,-0.547633000,0.260559000
35.486858,P3_INIT_POS_SETTLE,0.040243000,-0.547623000,0.260582000
35.497155,P3_INIT_POS_SETTLE,0.039703000,-0.547614000,0.260603000
35.507474,P3_INIT_POS_SETTLE,0.039164000,-0.547605000,0.260629000
35.517771,P3_INIT_POS_SETTLE,0.038659000,-0.547594000,0.260665000
35.528070,P3_INIT_POS_SETTLE,0.038162000,-0.547580000,0.260694000
35.538354,P3_INIT_POS_SETTLE,0.037628000,-0.547560000,0.260717000
35.548635,P3_INIT_POS_SETTLE,0.037117000,-0.547543000,0.260752000
35.558965,P3_INIT_POS_SETTLE,0.036659000,-0.547535000,0.260788000
35.569244,P3_INIT_POS_SETTLE,0.036151000,-0.547531000,0.260828000
35.579538,P3_INIT_POS_SETTLE,0.035601000,-0.547529000,0.260862000
35.589835,P3_INIT_POS_SETTLE,0.035105000,-0.547534000,0.260900000
35.600200,P3_INIT_POS_SETTLE,0.034542000,-0.547541000,0.260956000
35.610523,P3_INIT_POS_SETTLE,0.033994000,-0.547542000,0.261001000
35.620831,P3_INIT_POS_SETTLE,0.033495000,-0.547538000,0.261036000
35.631136,P3_INIT_POS_SETTLE,0.032973000,-0.547543000,0.261094000
35.641452,P3_INIT_POS_SETTLE,0.032462000,-0.547548000,0.261142000
35.651769,P3_INIT_POS_SETTLE,0.031963000,-0.547547000,0.261174000
35.662051,P3_INIT_POS_SETTLE,0.031458000,-0.547553000,0.261212000
35.672348,P3_INIT_POS_SETTLE,0.030933000,-0.547561000,0.261264000
35.682653,P3_INIT_POS_SETTLE,0.030370000,-0.547564000,0.261310000
35.692968,P3_INIT_POS_SETTLE,0.029838000,-0.547563000,0.261333000
35.703358,P3_INIT_POS_SETTLE,0.029327000,-0.547556000,0.261363000
35.713680,P3_INIT_POS_SETTLE,0.028818000,-0.547553000,0.261401000
35.724009,P3_INIT_POS_SETTLE,0.028319000,-0.547550000,0.261432000
35.734251,P3_INIT_POS_SETTLE,0.027834000,-0.547552000,0.261451000
35.744548,P3_INIT_POS_SETTLE,0.027287000,-0.547553000,0.261474000
35.754845,P3_INIT_POS_SETTLE,0.026784000,-0.547562000,0.261503000
35.765127,P3_INIT_POS_SETTLE,0.026298000,-0.547562000,0.261513000
35.775431,P3_INIT_POS_SETTLE,0.025771000,-0.547564000,0.261524000
35.785774,P3_INIT_POS_SETTLE,0.025270000,-0.547566000,0.261549000
35.796116,P3_INIT_POS_SETTLE,0.024782000,-0.547568000,0.261566000
35.806502,P3_INIT_POS_SETTLE,0.024257000,-0.547571000,0.261573000
35.816841,P3_INIT_POS_SETTLE,0.023768000,-0.547571000,0.261582000
35.827150,P3_INIT_POS_SETTLE,0.023288000,-0.547577000,0.261595000
35.837445,P3_INIT_POS_SETTLE,0.022763000,-0.547580000,0.261594000
35.847745,P3_INIT_POS_SETTLE,0.022290000,-0.547593000,0.261598000
35.858059,P3_INIT_POS_SETTLE,0.021791000,-0.547603000,0.261612000
35.868344,P3_INIT_POS_SETTLE,0.021257000,-0.547613000,0.261619000
35.878625,P3_INIT_POS_SETTLE,0.020761000,-0.547618000,0.261630000
35.888953,P3_INIT_POS_SETTLE,0.020256000,-0.547621000,0.261644000
35.899285,P3_INIT_POS_SETTLE,0.019757000,-0.547622000,0.261654000
35.909644,P3_INIT_POS_SETTLE,0.019217000,-0.547623000,0.261660000
35.919966,P3_INIT_POS_SETTLE,0.018708000,-0.547621000,0.261676000
35.930257,P3_INIT_POS_SETTLE,0.018207000,-0.547620000,0.261693000
35.940549,P3_INIT_POS_SETTLE,0.017671000,-0.547616000,0.261695000
35.950843,P3_INIT_POS_SETTLE,0.017188000,-0.547611000,0.261699000
35.961153,P3_INIT_POS_SETTLE,0.016673000,-0.547607000,0.261729000
35.971454,P3_INIT_POS_SETTLE,0.016119000,-0.547598000,0.261758000
35.981744,P3_INIT_POS_SETTLE,0.015629000,-0.547581000,0.261765000
35.992067,P3_INIT_POS_SETTLE,0.015077000,-0.547563000,0.261787000
36.002429,P3_INIT_POS_SETTLE,0.014570000,-0.547550000,0.261818000
36.012738,P3_INIT_POS_SETTLE,0.014068000,-0.547531000,0.261836000
36.023002,P3_INIT_POS_SETTLE,0.013578000,-0.547516000,0.261848000
36.033275,P3_INIT_POS_SETTLE,0.013074000,-0.547500000,0.261871000
36.043542,P3_INIT_POS_SETTLE,0.012531000,-0.547477000,0.261885000
36.053824,P3_INIT_POS_SETTLE,0.012044000,-0.547457000,0.261896000
36.064087,P3_INIT_POS_SETTLE,0.011540000,-0.547442000,0.261928000
36.074352,P3_INIT_POS_SETTLE,0.010977000,-0.547415000,0.261953000
36.084619,P3_INIT_POS_SETTLE,0.010465000,-0.547396000,0.261985000
36.094922,P3_INIT_POS_SETTLE,0.009941000,-0.547372000,0.262016000
36.105246,P3_INIT_POS_SETTLE,0.009426000,-0.547352000,0.262051000
36.115569,P3_INIT_POS_SETTLE,0.008861000,-0.547328000,0.262084000
36.125889,P3_INIT_POS_SETTLE,0.008340000,-0.547311000,0.262127000
36.136179,P3_INIT_POS_SETTLE,0.007808000,-0.547290000,0.262170000
36.146481,P3_INIT_POS_SETTLE,0.007240000,-0.547261000,0.262201000
36.156775,P3_INIT_POS_SETTLE,0.006737000,-0.547241000,0.262224000
36.167071,P3_INIT_POS_SETTLE,0.006213000,-0.547223000,0.262261000
36.177351,P3_INIT_POS_SETTLE,0.005635000,-0.547207000,0.262305000
36.187637,P3_INIT_POS_SETTLE,0.005132000,-0.547189000,0.262319000
36.198016,P3_INIT_POS_SETTLE,0.004631000,-0.547176000,0.262338000
36.208403,P3_INIT_POS_SETTLE,0.004072000,-0.547162000,0.262373000
36.218743,P3_INIT_POS_SETTLE,0.003560000,-0.547154000,0.262400000
36.489989,P3_INIT_DIVE,-0.002455000,-0.547956000,0.262323000
36.499851,P3_INIT_DIVE,-0.002495000,-0.547970000,0.262329000
36.509862,P3_INIT_DIVE,-0.002371000,-0.547953000,0.262199000
36.519829,P3_INIT_DIVE,-0.001964000,-0.547907000,0.261857000
36.529782,P3_INIT_DIVE,-0.001549000,-0.547888000,0.261535000
36.539774,P3_INIT_DIVE,-0.001285000,-0.547868000,0.261271000
36.549762,P3_INIT_DIVE,-0.001178000,-0.547796000,0.260927000
36.559760,P3_INIT_DIVE,-0.001087000,-0.547728000,0.260488000
36.569756,P3_INIT_DIVE,-0.000990000,-0.547706000,0.260086000
36.579756,P3_INIT_DIVE,-0.000832000,-0.547648000,0.259555000
36.589765,P3_INIT_DIVE,-0.000594000,-0.547563000,0.258894000
36.599943,P3_INIT_DIVE,-0.000336000,-0.547496000,0.258252000
36.609868,P3_INIT_DIVE,-0.000142000,-0.547467000,0.257719000
36.619829,P3_INIT_DIVE,-0.000049000,-0.547454000,0.257289000
36.629824,P3_INIT_DIVE,0.000068000,-0.547466000,0.256851000
36.639781,P3_INIT_DIVE,0.000167000,-0.547498000,0.256405000
36.649823,P3_INIT_DIVE,0.000153000,-0.547532000,0.255979000
36.659761,P3_INIT_DIVE,0.000053000,-0.547541000,0.255517000
36.669802,P3_INIT_DIVE,-0.000053000,-0.547531000,0.255012000
36.679758,P3_INIT_DIVE,-0.000164000,-0.547518000,0.254524000
36.689805,P3_INIT_DIVE,-0.000262000,-0.547484000,0.254036000
36.699805,P3_INIT_DIVE,-0.000343000,-0.547461000,0.253588000
36.709875,P3_INIT_DIVE,-0.000385000,-0.547439000,0.253120000
36.719785,P3_INIT_DIVE,-0.000373000,-0.547442000,0.252635000
36.729774,P3_INIT_DIVE,-0.000330000,-0.547455000,0.252114000
36.739792,P3_INIT_DIVE,-0.000315000,-0.547489000,0.251619000
36.749815,P3_INIT_DIVE,-0.000314000,-0.547526000,0.251132000
36.759759,P3_INIT_DIVE,-0.000318000,-0.547552000,0.250628000
36.769809,P3_INIT_DIVE,-0.000334000,-0.547569000,0.250139000
36.779779,P3_INIT_DIVE,-0.000370000,-0.547582000,0.249683000
36.789763,P3_INIT_DIVE,-0.000396000,-0.547589000,0.249174000
36.799792,P3_INIT_DIVE,-0.000434000,-0.547597000,0.248768000
36.809907,P3_INIT_DIVE,-0.000477000,-0.547595000,0.248284000
36.819785,P3_INIT_DIVE,-0.000480000,-0.547601000,0.247764000
36.829778,P3_INIT_DIVE,-0.000470000,-0.547594000,0.247204000
36.839767,P3_INIT_DIVE,-0.000511000,-0.547603000,0.246707000
36.849761,P3_INIT_DIVE,-0.000579000,-0.547613000,0.246241000
36.859769,P3_INIT_DIVE,-0.000619000,-0.547606000,0.245746000
36.869757,P3_INIT_DIVE,-0.000629000,-0.547586000,0.245222000
36.879755,P3_INIT_DIVE,-0.000640000,-0.547557000,0.244697000
36.889782,P3_INIT_DIVE,-0.000648000,-0.547529000,0.244172000
36.899853,P3_INIT_DIVE,-0.000656000,-0.547499000,0.243630000
36.899907,P3_INIT_DIVE_SETTLE,-0.000656000,-0.547499000,0.243630000
36.910158,P3_INIT_DIVE_SETTLE,-0.000672000,-0.547472000,0.243094000
36.920413,P3_INIT_DIVE_SETTLE,-0.000688000,-0.547463000,0.242523000
36.930639,P3_INIT_DIVE_SETTLE,-0.000726000,-0.547457000,0.242012000
36.940876,P3_INIT_DIVE_SETTLE,-0.000751000,-0.547443000,0.241478000
36.951066,P3_INIT_DIVE_SETTLE,-0.000758000,-0.547431000,0.240941000
36.961231,P3_INIT_DIVE_SETTLE,-0.000759000,-0.547406000,0.240400000
36.971525,P3_INIT_DIVE_SETTLE,-0.000789000,-0.547394000,0.239858000
36.981882,P3_INIT_DIVE_SETTLE,-0.000806000,-0.547374000,0.239355000
36.992223,P3_INIT_DIVE_SETTLE,-0.000809000,-0.547361000,0.238857000
37.002714,P3_INIT_DIVE_SETTLE,-0.000817000,-0.547357000,0.238323000
37.013009,P3_INIT_DIVE_SETTLE,-0.000847000,-0.547359000,0.237862000
37.023206,P3_INIT_DIVE_SETTLE,-0.000862000,-0.547359000,0.237372000
37.033403,P3_INIT_DIVE_SETTLE,-0.000857000,-0.547361000,0.236827000
37.043774,P3_INIT_DIVE_SETTLE,-0.000859000,-0.547365000,0.236340000
37.054057,P3_INIT_DIVE_SETTLE,-0.000890000,-0.547389000,0.235900000
37.064357,P3_INIT_DIVE_SETTLE,-0.000911000,-0.547389000,0.235361000
37.074701,P3_INIT_DIVE_SETTLE,-0.000885000,-0.547382000,0.234826000
37.085032,P3_INIT_DIVE_SETTLE,-0.000864000,-0.547379000,0.234326000
37.095364,P3_INIT_DIVE_SETTLE,-0.000886000,-0.547390000,0.233818000
37.105745,P3_INIT_DIVE_SETTLE,-0.000929000,-0.547400000,0.233363000
37.116109,P3_INIT_DIVE_SETTLE,-0.000956000,-0.547402000,0.232884000
37.126438,P3_INIT_DIVE_SETTLE,-0.000965000,-0.547402000,0.232341000
37.136794,P3_INIT_DIVE_SETTLE,-0.001012000,-0.547401000,0.231880000
37.147150,P3_INIT_DIVE_SETTLE,-0.001069000,-0.547402000,0.231419000
37.157491,P3_INIT_DIVE_SETTLE,-0.001061000,-0.547392000,0.230857000
37.167803,P3_INIT_DIVE_SETTLE,-0.001041000,-0.547390000,0.230346000
37.178213,P3_INIT_DIVE_SETTLE,-0.001080000,-0.547393000,0.229874000
37.188523,P3_INIT_DIVE_SETTLE,-0.001129000,-0.547401000,0.229349000
37.198856,P3_INIT_DIVE_SETTLE,-0.001170000,-0.547402000,0.228846000
37.209296,P3_INIT_DIVE_SETTLE,-0.001192000,-0.547396000,0.228324000
37.219684,P3_INIT_DIVE_SETTLE,-0.001216000,-0.547403000,0.227775000
37.230052,P3_INIT_DIVE_SETTLE,-0.001245000,-0.547411000,0.227295000
37.240415,P3_INIT_DIVE_SETTLE,-0.001269000,-0.547429000,0.226769000
37.250815,P3_INIT_DIVE_SETTLE,-0.001266000,-0.547442000,0.226279000
37.261186,P3_INIT_DIVE_SETTLE,-0.001231000,-0.547464000,0.225784000
37.271542,P3_INIT_DIVE_SETTLE,-0.001226000,-0.547485000,0.225241000
37.281938,P3_INIT_DIVE_SETTLE,-0.001215000,-0.547505000,0.224741000
37.292290,P3_INIT_DIVE_SETTLE,-0.001188000,-0.547525000,0.224219000
37.302641,P3_INIT_DIVE_SETTLE,-0.001180000,-0.547563000,0.223673000
37.313087,P3_INIT_DIVE_SETTLE,-0.001200000,-0.547597000,0.223199000
37.323435,P3_INIT_DIVE_SETTLE,-0.001147000,-0.547581000,0.222542000
37.333763,P3_INIT_DIVE_SETTLE,-0.001067000,-0.547578000,0.221962000
37.344101,P3_INIT_DIVE_SETTLE,-0.001063000,-0.547587000,0.221473000
37.354422,P3_INIT_DIVE_SETTLE,-0.001090000,-0.547597000,0.220958000
37.364748,P3_INIT_DIVE_SETTLE,-0.001045000,-0.547591000,0.220403000
37.375059,P3_INIT_DIVE_SETTLE,-0.000990000,-0.547586000,0.219849000
37.385363,P3_INIT_DIVE_SETTLE,-0.001011000,-0.547587000,0.219303000
37.395686,P3_INIT_DIVE_SETTLE,-0.001036000,-0.547582000,0.218792000
37.406099,P3_INIT_DIVE_SETTLE,-0.000994000,-0.547562000,0.218222000
37.416374,P3_INIT_DIVE_SETTLE,-0.000969000,-0.547547000,0.217617000
37.426627,P3_INIT_DIVE_SETTLE,-0.001008000,-0.547551000,0.217137000
37.436844,P3_INIT_DIVE_SETTLE,-0.001047000,-0.547531000,0.216606000
37.447036,P3_INIT_DIVE_SETTLE,-0.001048000,-0.547512000,0.216046000
37.457200,P3_INIT_DIVE_SETTLE,-0.001059000,-0.547492000,0.215509000
37.467359,P3_INIT_DIVE_SETTLE,-0.001140000,-0.547485000,0.215000000
37.477515,P3_INIT_DIVE_SETTLE,-0.001176000,-0.547463000,0.214491000
37.487769,P3_INIT_DIVE_SETTLE,-0.001178000,-0.547442000,0.213966000
37.498043,P3_INIT_DIVE_SETTLE,-0.001186000,-0.547428000,0.213471000
37.508431,P3_INIT_DIVE_SETTLE,-0.001221000,-0.547427000,0.212948000
37.518765,P3_INIT_DIVE_SETTLE,-0.001240000,-0.547416000,0.212442000
37.529093,P3_INIT_DIVE_SETTLE,-0.001260000,-0.547421000,0.211951000
37.539394,P3_INIT_DIVE_SETTLE,-0.001315000,-0.547438000,0.211437000
37.549706,P3_INIT_DIVE_SETTLE,-0.001371000,-0.547453000,0.210968000
37.559934,P3_INIT_DIVE_SETTLE,-0.001351000,-0.547429000,0.210390000
37.570294,P3_INIT_DIVE_SETTLE,-0.001329000,-0.547422000,0.209858000
37.580616,P3_INIT_DIVE_SETTLE,-0.001414000,-0.547433000,0.209393000
37.590901,P3_INIT_DIVE_SETTLE,-0.001502000,-0.547443000,0.208984000
37.601127,P3_INIT_DIVE_SETTLE,-0.001506000,-0.547433000,0.208477000
37.611328,P3_INIT_DIVE_SETTLE,-0.001522000,-0.547427000,0.207938000
37.621543,P3_INIT_DIVE_SETTLE,-0.001584000,-0.547423000,0.207486000
37.631736,P3_INIT_DIVE_SETTLE,-0.001626000,-0.547412000,0.207003000
37.641905,P3_INIT_DIVE_SETTLE,-0.001647000,-0.547408000,0.206516000
37.652106,P3_INIT_DIVE_SETTLE,-0.001669000,-0.547393000,0.206030000
37.662278,P3_INIT_DIVE_SETTLE,-0.001733000,-0.547400000,0.205596000
37.672480,P3_INIT_DIVE_SETTLE,-0.001810000,-0.547396000,0.205091000
37.682638,P3_INIT_DIVE_SETTLE,-0.001846000,-0.547384000,0.204586000
37.692871,P3_INIT_DIVE_SETTLE,-0.001857000,-0.547352000,0.204035000
37.703112,P3_INIT_DIVE_SETTLE,-0.001866000,-0.547348000,0.203533000
37.713323,P3_INIT_DIVE_SETTLE,-0.001907000,-0.547338000,0.203010000
37.723486,P3_INIT_DIVE_SETTLE,-0.001936000,-0.547341000,0.202546000
37.733650,P3_INIT_DIVE_SETTLE,-0.001943000,-0.547328000,0.202054000
37.743826,P3_INIT_DIVE_SETTLE,-0.001963000,-0.547326000,0.201581000
37.753994,P3_INIT_DIVE_SETTLE,-0.001994000,-0.547339000,0.201143000
37.764143,P3_INIT_DIVE_SETTLE,-0.002009000,-0.547327000,0.200639000
37.774297,P3_INIT_DIVE_SETTLE,-0.001971000,-0.547305000,0.200044000
37.784465,P3_INIT_DIVE_SETTLE,-0.001973000,-0.547304000,0.199564000
37.794636,P3_INIT_DIVE_SETTLE,-0.002012000,-0.547301000,0.199104000
37.804870,P3_INIT_DIVE_SETTLE,-0.002065000,-0.547307000,0.198656000
37.815126,P3_INIT_DIVE_SETTLE,-0.002089000,-0.547289000,0.198150000
37.825395,P3_INIT_DIVE_SETTLE,-0.002076000,-0.547268000,0.197550000
37.835712,P3_INIT_DIVE_SETTLE,-0.002072000,-0.547237000,0.196994000
37.846038,P3_INIT_DIVE_SETTLE,-0.002064000,-0.547197000,0.196435000
37.856331,P3_INIT_DIVE_SETTLE,-0.002081000,-0.547172000,0.195874000
37.866638,P3_INIT_DIVE_SETTLE,-0.002122000,-0.547170000,0.195420000
37.877006,P3_INIT_DIVE_SETTLE,-0.002158000,-0.547157000,0.194936000
37.887236,P3_INIT_DIVE_SETTLE,-0.002133000,-0.547121000,0.194371000
37.897613,P3_INIT_DIVE_SETTLE,-0.002075000,-0.547092000,0.193747000
37.908010,P3_INIT_DIVE_SETTLE,-0.002062000,-0.547076000,0.193228000
37.918363,P3_INIT_DIVE_SETTLE,-0.002046000,-0.547052000,0.192644000
37.928699,P3_INIT_DIVE_SETTLE,-0.002049000,-0.547051000,0.192152000
37.939045,P3_INIT_DIVE_SETTLE,-0.002085000,-0.547044000,0.191665000
37.949364,P3_INIT_DIVE_SETTLE,-0.002106000,-0.547028000,0.191089000
37.959693,P3_INIT_DIVE_SETTLE,-0.002123000,-0.547018000,0.190567000
37.970032,P3_INIT_DIVE_SETTLE,-0.002141000,-0.546994000,0.190030000
37.980358,P3_INIT_DIVE_SETTLE,-0.002153000,-0.546962000,0.189438000
37.990704,P3_INIT_DIVE_SETTLE,-0.002142000,-0.546926000,0.188888000
38.001085,P3_INIT_DIVE_SETTLE,-0.002137000,-0.546926000,0.188404000
38.011471,P3_INIT_DIVE_SETTLE,-0.002161000,-0.546932000,0.187896000
40.296697,P3_INIT_DIVE_CENTER,0.004637000,-0.552675000,0.175748000
40.306647,P3_INIT_DIVE_CENTER,0.005153000,-0.552573000,0.175735000
40.316625,P3_INIT_DIVE_CENTER,0.005560000,-0.552447000,0.175690000
40.326616,P3_INIT_DIVE_CENTER,0.005827000,-0.552319000,0.175613000
40.336614,P3_INIT_DIVE_CENTER,0.006055000,-0.552254000,0.175624000
40.346616,P3_INIT_DIVE_CENTER,0.006241000,-0.552237000,0.175718000
40.346714,P3_INIT_DIVE_CENTER_SETTLE,0.006241000,-0.552237000,0.175718000
40.357004,P3_INIT_DIVE_CENTER_SETTLE,0.006415000,-0.552140000,0.175661000
40.367317,P3_INIT_DIVE_CENTER_SETTLE,0.006501000,-0.551946000,0.175525000
40.377619,P3_INIT_DIVE_CENTER_SETTLE,0.006420000,-0.551760000,0.175477000
40.387919,P3_INIT_DIVE_CENTER_SETTLE,0.006232000,-0.551610000,0.175495000
40.398241,P3_INIT_DIVE_CENTER_SETTLE,0.005955000,-0.551449000,0.175523000
40.408602,P3_INIT_DIVE_CENTER_SETTLE,0.005469000,-0.551258000,0.175601000
40.418942,P3_INIT_DIVE_CENTER_SETTLE,0.004983000,-0.551059000,0.175646000
40.429312,P3_INIT_DIVE_CENTER_SETTLE,0.004552000,-0.550835000,0.175635000
40.439646,P3_INIT_DIVE_CENTER_SETTLE,0.003926000,-0.550560000,0.175674000
40.449951,P3_INIT_DIVE_CENTER_SETTLE,0.003310000,-0.550310000,0.175739000
40.460241,P3_INIT_DIVE_CENTER_SETTLE,0.002746000,-0.550069000,0.175777000
40.481197,P3_INIT,0.001620000,-0.549585000,0.175814000
40.491144,P3_INIT,0.001064000,-0.549388000,0.175881000
40.501145,P3_INIT,0.000636000,-0.549188000,0.175826000
40.511142,P3_INIT,0.000285000,-0.549034000,0.175739000
40.521137,P3_INIT,-0.000187000,-0.549008000,0.175918000
40.531124,P3_INIT,-0.000508000,-0.548994000,0.176004000
40.541117,P3_INIT,-0.000577000,-0.548974000,0.175938000
40.551121,P3_INIT,-0.000648000,-0.549006000,0.176006000
40.561115,P3_INIT,-0.000721000,-0.549144000,0.176277000
40.571119,P3_INIT,-0.000666000,-0.549356000,0.176621000
40.581121,P3_INIT,-0.000384000,-0.549588000,0.176917000
40.591131,P3_INIT,-0.000194000,-0.549832000,0.177349000
40.601139,P3_INIT,-0.000091000,-0.550011000,0.177801000
40.611145,P3_INIT,0.000318000,-0.550151000,0.178091000
40.621107,P3_INIT,0.000660000,-0.550361000,0.178596000
40.631153,P3_INIT,0.000694000,-0.550595000,0.179359000
40.641107,P3_INIT,0.000679000,-0.550765000,0.180038000
40.651117,P3_INIT,0.000839000,-0.550860000,0.180463000
40.661101,P3_INIT,0.001012000,-0.550927000,0.180847000
40.671114,P3_INIT,0.001067000,-0.551004000,0.181342000
40.681110,P3_INIT,0.001097000,-0.551073000,0.181868000
40.691162,P3_INIT,0.001182000,-0.551124000,0.182362000
40.701180,P3_INIT,0.001248000,-0.551194000,0.182908000
40.711149,P3_INIT,0.001247000,-0.551261000,0.183494000
40.721108,P3_INIT,0.001252000,-0.551308000,0.184021000
40.731134,P3_INIT,0.001303000,-0.551343000,0.184499000
40.741116,P3_INIT,0.001324000,-0.551366000,0.184976000
40.751134,P3_INIT,0.001288000,-0.551384000,0.185497000
40.761106,P3_INIT,0.001212000,-0.551391000,0.186039000
40.771120,P3_INIT,0.001165000,-0.551375000,0.186538000
40.781095,P3_INIT,0.001147000,-0.551370000,0.187036000
40.791169,P3_INIT,0.001102000,-0.551365000,0.187554000
40.801179,P3_INIT,0.001083000,-0.551353000,0.188036000
40.811115,P3_INIT,0.001103000,-0.551329000,0.188475000
40.821111,P3_INIT,0.001108000,-0.551314000,0.188937000
40.831128,P3_INIT,0.001067000,-0.551317000,0.189467000
40.841129,P3_INIT,0.001041000,-0.551314000,0.189985000
40.851105,P3_INIT,0.001051000,-0.551303000,0.190462000
40.861114,P3_INIT,0.001039000,-0.551289000,0.190938000
40.871102,P3_INIT,0.000994000,-0.551275000,0.191435000
40.881109,P3_INIT,0.000958000,-0.551257000,0.191907000
40.891125,P3_INIT,0.000941000,-0.551227000,0.192355000
40.901146,P3_INIT,0.000919000,-0.551211000,0.192836000
40.911117,P3_INIT,0.000884000,-0.551194000,0.193327000
40.921115,P3_INIT,0.000845000,-0.551191000,0.193840000
40.921193,P3_INIT_SETTLE,0.000845000,-0.551191000,0.193840000
40.931496,P3_INIT_SETTLE,0.000816000,-0.551184000,0.194388000
40.941797,P3_INIT_SETTLE,0.000830000,-0.551179000,0.194867000
40.952077,P3_INIT_SETTLE,0.000834000,-0.551170000,0.195347000
40.962383,P3_INIT_SETTLE,0.000818000,-0.551170000,0.195902000
40.972692,P3_INIT_SETTLE,0.000802000,-0.551155000,0.196376000
40.983007,P3_INIT_SETTLE,0.000808000,-0.551140000,0.196842000
40.993344,P3_INIT_SETTLE,0.000802000,-0.551125000,0.197308000
41.003684,P3_INIT_SETTLE,0.000774000,-0.551106000,0.197829000
41.014006,P3_INIT_SETTLE,0.000739000,-0.551094000,0.198313000
41.024313,P3_INIT_SETTLE,0.000699000,-0.551091000,0.198811000
41.034634,P3_INIT_SETTLE,0.000679000,-0.551069000,0.199335000
41.044984,P3_INIT_SETTLE,0.000702000,-0.551050000,0.199792000
41.055288,P3_INIT_SETTLE,0.000697000,-0.551035000,0.200278000
41.065578,P3_INIT_SETTLE,0.000671000,-0.551028000,0.200852000
41.075898,P3_INIT_SETTLE,0.000650000,-0.551028000,0.201383000
41.086187,P3_INIT_SETTLE,0.000634000,-0.551018000,0.201885000
41.096561,P3_INIT_SETTLE,0.000599000,-0.551004000,0.202443000
41.106923,P3_INIT_SETTLE,0.000538000,-0.550991000,0.202964000
41.117250,P3_INIT_SETTLE,0.000484000,-0.550972000,0.203474000
41.127584,P3_INIT_SETTLE,0.000438000,-0.550952000,0.204032000
41.137890,P3_INIT_SETTLE,0.000387000,-0.550937000,0.204555000
41.148185,P3_INIT_SETTLE,0.000340000,-0.550926000,0.205091000
41.158498,P3_INIT_SETTLE,0.000307000,-0.550918000,0.205675000
41.168785,P3_INIT_SETTLE,0.000280000,-0.550902000,0.206190000
41.179072,P3_INIT_SETTLE,0.000274000,-0.550889000,0.206695000
41.189363,P3_INIT_SETTLE,0.000239000,-0.550888000,0.207271000
41.199745,P3_INIT_SETTLE,0.000201000,-0.550876000,0.207767000
41.210065,P3_INIT_SETTLE,0.000191000,-0.550864000,0.208247000
41.220382,P3_INIT_SETTLE,0.000159000,-0.550836000,0.208769000
41.230683,P3_INIT_SETTLE,0.000119000,-0.550811000,0.209255000
41.241008,P3_INIT_SETTLE,0.000063000,-0.550788000,0.209752000
41.251300,P3_INIT_SETTLE,-0.000005000,-0.550770000,0.210259000
41.261589,P3_INIT_SETTLE,-0.000053000,-0.550745000,0.210797000
41.271904,P3_INIT_SETTLE,-0.000078000,-0.550719000,0.211280000
41.282201,P3_INIT_SETTLE,-0.000103000,-0.550702000,0.211782000
41.292532,P3_INIT_SETTLE,-0.000160000,-0.550690000,0.212366000
41.302881,P3_INIT_SETTLE,-0.000204000,-0.550687000,0.212907000
41.313185,P3_INIT_SETTLE,-0.000226000,-0.550671000,0.213406000
41.323499,P3_INIT_SETTLE,-0.000259000,-0.550648000,0.213957000
41.333817,P3_INIT_SETTLE,-0.000285000,-0.550624000,0.214454000
41.344081,P3_INIT_SETTLE,-0.000306000,-0.550598000,0.214954000
41.354377,P3_INIT_SETTLE,-0.000339000,-0.550564000,0.215507000
41.364674,P3_INIT_SETTLE,-0.000384000,-0.550536000,0.216013000
41.374951,P3_INIT_SETTLE,-0.000402000,-0.550515000,0.216529000
41.385235,P3_INIT_SETTLE,-0.000402000,-0.550489000,0.217026000
41.395553,P3_INIT_SETTLE,-0.000392000,-0.550456000,0.217560000
41.405903,P3_INIT_SETTLE,-0.000392000,-0.550438000,0.218062000
41.416214,P3_INIT_SETTLE,-0.000370000,-0.550418000,0.218543000
41.426530,P3_INIT_SETTLE,-0.000361000,-0.550390000,0.219063000
41.436888,P3_INIT_SETTLE,-0.000369000,-0.550363000,0.219535000
41.447193,P3_INIT_SETTLE,-0.000385000,-0.550332000,0.220006000
41.457506,P3_INIT_SETTLE,-0.000407000,-0.550289000,0.220508000
41.467818,P3_INIT_SETTLE,-0.000447000,-0.550258000,0.220988000
41.478110,P3_INIT_SETTLE,-0.000493000,-0.550236000,0.221479000
41.488409,P3_INIT_SETTLE,-0.000524000,-0.550203000,0.221999000
41.498729,P3_INIT_SETTLE,-0.000554000,-0.550180000,0.222488000
41.509067,P3_INIT_SETTLE,-0.000571000,-0.550169000,0.222985000
41.519359,P3_INIT_SETTLE,-0.000587000,-0.550162000,0.223538000
41.529685,P3_INIT_SETTLE,-0.000607000,-0.550168000,0.224050000
41.539996,P3_INIT_SETTLE,-0.000605000,-0.550185000,0.224559000
41.550292,P3_INIT_SETTLE,-0.000617000,-0.550199000,0.225064000
41.560578,P3_INIT_SETTLE,-0.000635000,-0.550217000,0.225611000
41.570875,P3_INIT_SETTLE,-0.000672000,-0.550243000,0.226128000
41.581148,P3_INIT_SETTLE,-0.000709000,-0.550266000,0.226634000
41.591425,P3_INIT_SETTLE,-0.000738000,-0.550286000,0.227186000
41.601778,P3_INIT_SETTLE,-0.000769000,-0.550313000,0.227710000
41.612075,P3_INIT_SETTLE,-0.000791000,-0.550343000,0.228231000
41.622347,P3_INIT_SETTLE,-0.000798000,-0.550363000,0.228789000
41.632621,P3_INIT_SETTLE,-0.000804000,-0.550380000,0.229295000
41.642970,P3_INIT_SETTLE,-0.000834000,-0.550396000,0.229820000
41.653199,P3_INIT_SETTLE,-0.000843000,-0.550408000,0.230325000
41.663478,P3_INIT_SETTLE,-0.000833000,-0.550422000,0.230870000
41.673786,P3_INIT_SETTLE,-0.000853000,-0.550429000,0.231373000
41.684088,P3_INIT_SETTLE,-0.000875000,-0.550434000,0.231860000
41.694381,P3_INIT_SETTLE,-0.000898000,-0.550430000,0.232373000
41.704738,P3_INIT_SETTLE,-0.000909000,-0.550431000,0.232840000
41.715053,P3_INIT_SETTLE,-0.000945000,-0.550421000,0.233310000
41.725356,P3_INIT_SETTLE,-0.000973000,-0.550410000,0.233814000
41.735642,P3_INIT_SETTLE,-0.000980000,-0.550411000,0.234287000
41.745959,P3_INIT_SETTLE,-0.001018000,-0.550401000,0.234760000
41.756329,P3_INIT_SETTLE,-0.001034000,-0.550390000,0.235226000
41.766647,P3_INIT_SETTLE,-0.001039000,-0.550385000,0.235753000
41.776967,P3_INIT_SETTLE,-0.001059000,-0.550372000,0.236236000
41.787273,P3_INIT_SETTLE,-0.001075000,-0.550366000,0.236729000
41.797583,P3_INIT_SETTLE,-0.001077000,-0.550359000,0.237275000
41.807914,P3_INIT_SETTLE,-0.001094000,-0.550358000,0.237786000
41.818224,P3_INIT_SETTLE,-0.001120000,-0.550351000,0.238302000
41.828519,P3_INIT_SETTLE,-0.001123000,-0.550336000,0.238834000
41.838857,P3_INIT_SETTLE,-0.001133000,-0.550325000,0.239323000
41.849151,P3_INIT_SETTLE,-0.001156000,-0.550316000,0.239830000
41.859458,P3_INIT_SETTLE,-0.001198000,-0.550289000,0.240370000
41.869764,P3_INIT_SETTLE,-0.001219000,-0.550264000,0.240854000
41.880044,P3_INIT_SETTLE,-0.001227000,-0.550235000,0.241338000
41.890345,P3_INIT_SETTLE,-0.001238000,-0.550207000,0.241835000
41.900698,P3_INIT_SETTLE,-0.001250000,-0.550176000,0.242380000
41.911006,P3_INIT_SETTLE,-0.001267000,-0.550137000,0.242874000
41.921302,P3_INIT_SETTLE,-0.001294000,-0.550106000,0.243389000
41.931592,P3_INIT_SETTLE,-0.001320000,-0.550069000,0.243940000
41.941917,P3_INIT_SETTLE,-0.001334000,-0.550036000,0.244430000
41.952210,P3_INIT_SETTLE,-0.001334000,-0.550004000,0.244913000
41.962509,P3_INIT_SETTLE,-0.001339000,-0.549966000,0.245430000
41.972785,P3_INIT_SETTLE,-0.001340000,-0.549947000,0.245918000
41.983077,P3_INIT_SETTLE,-0.001336000,-0.549927000,0.246398000
41.993389,P3_INIT_SETTLE,-0.001325000,-0.549894000,0.246895000
42.003747,P3_INIT_SETTLE,-0.001305000,-0.549859000,0.247330000
42.014096,P3_INIT_SETTLE,-0.001272000,-0.549825000,0.247762000
42.024436,P3_INIT_SETTLE,-0.001266000,-0.549787000,0.248259000
42.034767,P3_INIT_SETTLE,-0.001298000,-0.549750000,0.248727000
42.045125,P3_INIT_SETTLE,-0.001323000,-0.549702000,0.249169000
42.055453,P3_INIT_SETTLE,-0.001339000,-0.549660000,0.249668000
42.065769,P3_INIT_SETTLE,-0.001351000,-0.549627000,0.250135000
42.076082,P3_INIT_SETTLE,-0.001358000,-0.549587000,0.250586000
42.086427,P3_INIT_SETTLE,-0.001352000,-0.549547000,0.251086000
42.096838,P3_INIT_SETTLE,-0.001333000,-0.549522000,0.251552000
42.107308,P3_INIT_SETTLE,-0.001330000,-0.549498000,0.252040000
42.117717,P3_INIT_SETTLE,-0.001340000,-0.549480000,0.252586000
42.128083,P3_INIT_SETTLE,-0.001351000,-0.549465000,0.253079000
42.138409,P3_INIT_SETTLE,-0.001365000,-0.549449000,0.253618000
42.148772,P3_INIT_SETTLE,-0.001400000,-0.549434000,0.254113000
42.159088,P3_INIT_SETTLE,-0.001409000,-0.549424000,0.254600000
42.169309,P3_INIT_SETTLE,-0.001404000,-0.549413000,0.255082000
42.179638,P3_INIT_SETTLE,-0.001418000,-0.549399000,0.255617000
42.189995,P3_INIT_SETTLE,-0.001411000,-0.549389000,0.256097000
42.200362,P3_INIT_SETTLE,-0.001432000,-0.549385000,0.256639000
42.471536,WATER_INIT_POS,-0.001800000,-0.548382000,0.261306000
42.481508,WATER_INIT_POS,-0.001776000,-0.548381000,0.261299000
42.491496,WATER_INIT_POS,-0.001629000,-0.548367000,0.261177000
42.501527,WATER_INIT_POS,-0.001223000,-0.548327000,0.260857000
42.511516,WATER_INIT_POS,-0.000843000,-0.548303000,0.260554000
42.521515,WATER_INIT_POS,-0.000757000,-0.548236000,0.260317000
42.531465,WATER_INIT_POS,-0.000752000,-0.548116000,0.259976000
42.541491,WATER_INIT_POS,-0.000815000,-0.548056000,0.259707000
42.551484,WATER_INIT_POS,-0.001076000,-0.548050000,0.259604000
42.561482,WATER_INIT_POS,-0.001235000,-0.547991000,0.259312000
42.571456,WATER_INIT_POS,-0.001300000,-0.547916000,0.258925000
42.581485,WATER_INIT_POS,-0.001561000,-0.547903000,0.258777000
42.591522,WATER_INIT_POS,-0.001881000,-0.547902000,0.258709000
42.601530,WATER_INIT_POS,-0.002135000,-0.547911000,0.258661000
42.611528,WATER_INIT_POS,-0.002429000,-0.547966000,0.258757000
42.621482,WATER_INIT_POS,-0.002943000,-0.548008000,0.258976000
42.631489,WATER_INIT_POS,-0.003592000,-0.548000000,0.259163000
42.641513,WATER_INIT_POS,-0.004277000,-0.547915000,0.259234000
42.651514,WATER_INIT_POS,-0.004984000,-0.547810000,0.259283000
42.661485,WATER_INIT_POS,-0.005691000,-0.547704000,0.259352000
42.671477,WATER_INIT_POS,-0.006363000,-0.547584000,0.259414000
42.681471,WATER_INIT_POS,-0.006986000,-0.547445000,0.259446000
42.691484,WATER_INIT_POS,-0.007550000,-0.547309000,0.259474000
42.701513,WATER_INIT_POS,-0.008039000,-0.547197000,0.259502000
42.711486,WATER_INIT_POS,-0.008485000,-0.547120000,0.259540000
42.721511,WATER_INIT_POS,-0.008927000,-0.547059000,0.259568000
42.731532,WATER_INIT_POS,-0.009382000,-0.547014000,0.259601000
42.741509,WATER_INIT_POS,-0.009862000,-0.546967000,0.259641000
42.751459,WATER_INIT_POS,-0.010359000,-0.546902000,0.259684000
42.761391,WATER_INIT_POS,-0.010875000,-0.546825000,0.259740000
42.771481,WATER_INIT_POS,-0.011408000,-0.546736000,0.259801000
42.781480,WATER_INIT_POS,-0.011932000,-0.546636000,0.259842000
42.791463,WATER_INIT_POS,-0.012447000,-0.546541000,0.259878000
42.801540,WATER_INIT_POS,-0.012954000,-0.546450000,0.259907000
42.811496,WATER_INIT_POS,-0.013442000,-0.546370000,0.259922000
42.821478,WATER_INIT_POS,-0.013926000,-0.546303000,0.259940000
42.831470,WATER_INIT_POS,-0.014415000,-0.546238000,0.259949000
42.841475,WATER_INIT_POS,-0.014895000,-0.546183000,0.259965000
42.851547,WATER_INIT_POS,-0.015355000,-0.546117000,0.259968000
42.861499,WATER_INIT_POS,-0.015834000,-0.546040000,0.259982000
42.861580,WATER_INIT_POS_SETTLE,-0.015834000,-0.546040000,0.259982000
42.871892,WATER_INIT_POS_SETTLE,-0.016326000,-0.545957000,0.260007000
42.882192,WATER_INIT_POS_SETTLE,-0.016808000,-0.545870000,0.260019000
42.892490,WATER_INIT_POS_SETTLE,-0.017346000,-0.545780000,0.260044000
42.902871,WATER_INIT_POS_SETTLE,-0.017845000,-0.545712000,0.260077000
42.913218,WATER_INIT_POS_SETTLE,-0.018352000,-0.545642000,0.260105000
42.923527,WATER_INIT_POS_SETTLE,-0.018852000,-0.545581000,0.260129000
42.933838,WATER_INIT_POS_SETTLE,-0.019399000,-0.545508000,0.260155000
42.944160,WATER_INIT_POS_SETTLE,-0.019921000,-0.545436000,0.260199000
42.954494,WATER_INIT_POS_SETTLE,-0.020492000,-0.545349000,0.260244000
42.964810,WATER_INIT_POS_SETTLE,-0.021012000,-0.545264000,0.260277000
42.975135,WATER_INIT_POS_SETTLE,-0.021540000,-0.545178000,0.260314000
42.985477,WATER_INIT_POS_SETTLE,-0.022107000,-0.545093000,0.260353000
42.995818,WATER_INIT_POS_SETTLE,-0.022601000,-0.545019000,0.260367000
43.006174,WATER_INIT_POS_SETTLE,-0.023107000,-0.544952000,0.260391000
43.016538,WATER_INIT_POS_SETTLE,-0.023675000,-0.544879000,0.260432000
43.026887,WATER_INIT_POS_SETTLE,-0.024180000,-0.544805000,0.260455000
43.037216,WATER_INIT_POS_SETTLE,-0.024679000,-0.544737000,0.260483000
43.047570,WATER_INIT_POS_SETTLE,-0.025253000,-0.544654000,0.260519000
43.057948,WATER_INIT_POS_SETTLE,-0.025768000,-0.544583000,0.260550000
43.068270,WATER_INIT_POS_SETTLE,-0.026291000,-0.544510000,0.260578000
43.078622,WATER_INIT_POS_SETTLE,-0.026862000,-0.544432000,0.260606000
43.088962,WATER_INIT_POS_SETTLE,-0.027382000,-0.544371000,0.260640000
43.099304,WATER_INIT_POS_SETTLE,-0.027905000,-0.544309000,0.260667000
43.109657,WATER_INIT_POS_SETTLE,-0.028469000,-0.544250000,0.260693000
43.120031,WATER_INIT_POS_SETTLE,-0.028989000,-0.544195000,0.260723000
43.130358,WATER_INIT_POS_SETTLE,-0.029562000,-0.544132000,0.260754000
43.140691,WATER_INIT_POS_SETTLE,-0.030082000,-0.544071000,0.260773000
43.150969,WATER_INIT_POS_SETTLE,-0.030590000,-0.544012000,0.260782000
43.161290,WATER_INIT_POS_SETTLE,-0.031095000,-0.543957000,0.260794000
43.171599,WATER_INIT_POS_SETTLE,-0.031637000,-0.543908000,0.260807000
43.181935,WATER_INIT_POS_SETTLE,-0.032135000,-0.543867000,0.260824000
43.192251,WATER_INIT_POS_SETTLE,-0.032629000,-0.543827000,0.260835000
43.202606,WATER_INIT_POS_SETTLE,-0.033169000,-0.543783000,0.260835000
43.212974,WATER_INIT_POS_SETTLE,-0.033645000,-0.543743000,0.260825000
43.223300,WATER_INIT_POS_SETTLE,-0.034124000,-0.543701000,0.260822000
43.233616,WATER_INIT_POS_SETTLE,-0.034673000,-0.543647000,0.260827000
43.243981,WATER_INIT_POS_SETTLE,-0.035158000,-0.543613000,0.260837000
43.254346,WATER_INIT_POS_SETTLE,-0.035646000,-0.543573000,0.260844000
43.264698,WATER_INIT_POS_SETTLE,-0.036193000,-0.543528000,0.260854000
43.275011,WATER_INIT_POS_SETTLE,-0.036695000,-0.543487000,0.260866000
43.285328,WATER_INIT_POS_SETTLE,-0.037184000,-0.543446000,0.260866000
43.295655,WATER_INIT_POS_SETTLE,-0.037725000,-0.543399000,0.260869000
43.306008,WATER_INIT_POS_SETTLE,-0.038234000,-0.543346000,0.260883000
43.316365,WATER_INIT_POS_SETTLE,-0.038777000,-0.543294000,0.260898000
43.326683,WATER_INIT_POS_SETTLE,-0.039270000,-0.543245000,0.260915000
43.337008,WATER_INIT_POS_SETTLE,-0.039778000,-0.543199000,0.260950000
43.347314,WATER_INIT_POS_SETTLE,-0.040262000,-0.543153000,0.260974000
43.357629,WATER_INIT_POS_SETTLE,-0.040775000,-0.543098000,0.260977000
43.367996,WATER_INIT_POS_SETTLE,-0.041262000,-0.543047000,0.261002000
43.378345,WATER_INIT_POS_SETTLE,-0.041803000,-0.542991000,0.261040000
43.388685,WATER_INIT_POS_SETTLE,-0.042282000,-0.542937000,0.261070000
43.399033,WATER_INIT_POS_SETTLE,-0.042778000,-0.542874000,0.261105000
43.409394,WATER_INIT_POS_SETTLE,-0.043343000,-0.542805000,0.261161000
43.419748,WATER_INIT_POS_SETTLE,-0.043845000,-0.542735000,0.261199000
43.430082,WATER_INIT_POS_SETTLE,-0.044364000,-0.542663000,0.261249000
43.440400,WATER_INIT_POS_SETTLE,-0.044944000,-0.542586000,0.261314000
43.450764,WATER_INIT_POS_SETTLE,-0.045465000,-0.542514000,0.261367000
43.461126,WATER_INIT_POS_SETTLE,-0.045986000,-0.542441000,0.261419000
43.471445,WATER_INIT_POS_SETTLE,-0.046562000,-0.542356000,0.261477000
43.481763,WATER_INIT_POS_SETTLE,-0.047091000,-0.542283000,0.261539000
43.492067,WATER_INIT_POS_SETTLE,-0.047614000,-0.542199000,0.261584000
43.502445,WATER_INIT_POS_SETTLE,-0.048180000,-0.542113000,0.261630000
43.512780,WATER_INIT_POS_SETTLE,-0.048701000,-0.542035000,0.261676000
43.523114,WATER_INIT_POS_SETTLE,-0.049218000,-0.541965000,0.261727000
43.533429,WATER_INIT_POS_SETTLE,-0.049764000,-0.541886000,0.261757000
43.543742,WATER_INIT_POS_SETTLE,-0.050243000,-0.541814000,0.261767000
43.554067,WATER_INIT_POS_SETTLE,-0.050738000,-0.541749000,0.261792000
43.564402,WATER_INIT_POS_SETTLE,-0.051267000,-0.541679000,0.261807000
43.574739,WATER_INIT_POS_SETTLE,-0.051750000,-0.541615000,0.261817000
43.585056,WATER_INIT_POS_SETTLE,-0.052235000,-0.541550000,0.261828000
43.595383,WATER_INIT_POS_SETTLE,-0.052782000,-0.541476000,0.261844000
43.605743,WATER_INIT_POS_SETTLE,-0.053272000,-0.541414000,0.261855000
43.616070,WATER_INIT_POS_SETTLE,-0.053748000,-0.541348000,0.261849000
43.626384,WATER_INIT_POS_SETTLE,-0.054302000,-0.541275000,0.261870000
43.636689,WATER_INIT_POS_SETTLE,-0.054814000,-0.541208000,0.261896000
43.646985,WATER_INIT_POS_SETTLE,-0.055307000,-0.541156000,0.261920000
43.657298,WATER_INIT_POS_SETTLE,-0.055820000,-0.541096000,0.261936000
43.667590,WATER_INIT_POS_SETTLE,-0.056366000,-0.541030000,0.261946000
43.677933,WATER_INIT_POS_SETTLE,-0.056852000,-0.540976000,0.261952000
43.688270,WATER_INIT_POS_SETTLE,-0.057358000,-0.540919000,0.261966000
43.698658,WATER_INIT_POS_SETTLE,-0.057907000,-0.540862000,0.261984000
43.709057,WATER_INIT_POS_SETTLE,-0.058406000,-0.540811000,0.262005000
43.719394,WATER_INIT_POS_SETTLE,-0.058943000,-0.540752000,0.262013000
43.729700,WATER_INIT_POS_SETTLE,-0.059420000,-0.540701000,0.262010000
43.740018,WATER_INIT_POS_SETTLE,-0.059898000,-0.540649000,0.262009000
43.750334,WATER_INIT_POS_SETTLE,-0.060419000,-0.540590000,0.262008000
43.760641,WATER_INIT_POS_SETTLE,-0.060880000,-0.540533000,0.262003000
43.770962,WATER_INIT_POS_SETTLE,-0.061365000,-0.540476000,0.262017000
43.781276,WATER_INIT_POS_SETTLE,-0.061863000,-0.540419000,0.262043000
43.791592,WATER_INIT_POS_SETTLE,-0.062384000,-0.540349000,0.262038000
43.801984,WATER_INIT_POS_SETTLE,-0.062875000,-0.540281000,0.262042000
43.812323,WATER_INIT_POS_SETTLE,-0.063427000,-0.540209000,0.262065000
43.822623,WATER_INIT_POS_SETTLE,-0.063914000,-0.540143000,0.262078000
43.832940,WATER_INIT_POS_SETTLE,-0.064419000,-0.540070000,0.262099000
43.843232,WATER_INIT_POS_SETTLE,-0.064944000,-0.539992000,0.262140000
43.853580,WATER_INIT_POS_SETTLE,-0.065514000,-0.539910000,0.262178000
43.863913,WATER_INIT_POS_SETTLE,-0.066031000,-0.539832000,0.262205000
43.874210,WATER_INIT_POS_SETTLE,-0.066551000,-0.539750000,0.262229000
43.884510,WATER_INIT_POS_SETTLE,-0.067115000,-0.539669000,0.262262000
43.894815,WATER_INIT_POS_SETTLE,-0.067627000,-0.539598000,0.262294000
43.905138,WATER_INIT_POS_SETTLE,-0.068133000,-0.539521000,0.262307000
43.915478,WATER_INIT_POS_SETTLE,-0.068687000,-0.539441000,0.262325000
43.925800,WATER_INIT_POS_SETTLE,-0.069207000,-0.539371000,0.262360000
43.936093,WATER_INIT_POS_SETTLE,-0.069732000,-0.539301000,0.262393000
43.946402,WATER_INIT_POS_SETTLE,-0.070284000,-0.539219000,0.262394000
44.217501,WATER_DIVE,-0.075600000,-0.538935000,0.262181000
44.227443,WATER_DIVE,-0.075605000,-0.538943000,0.262192000
44.237424,WATER_DIVE,-0.075461000,-0.538970000,0.262074000
44.247506,WATER_DIVE,-0.075077000,-0.538990000,0.261725000
44.257568,WATER_DIVE,-0.074671000,-0.539021000,0.261354000
44.267550,WATER_DIVE,-0.074432000,-0.539030000,0.261032000
44.277490,WATER_DIVE,-0.074331000,-0.538985000,0.260688000
44.287494,WATER_DIVE,-0.074189000,-0.538955000,0.260206000
44.297506,WATER_DIVE,-0.074103000,-0.538936000,0.259792000
44.307520,WATER_DIVE,-0.073941000,-0.538883000,0.259211000
44.317515,WATER_DIVE,-0.073672000,-0.538810000,0.258476000
44.327645,WATER_DIVE,-0.073389000,-0.538762000,0.257775000
44.337574,WATER_DIVE,-0.073200000,-0.538755000,0.257211000
44.347568,WATER_DIVE,-0.073085000,-0.538763000,0.256725000
44.357489,WATER_DIVE,-0.072964000,-0.538778000,0.256245000
44.367490,WATER_DIVE,-0.072881000,-0.538805000,0.255773000
44.377470,WATER_DIVE,-0.072870000,-0.538818000,0.255307000
44.387479,WATER_DIVE,-0.072910000,-0.538809000,0.254816000
44.397498,WATER_DIVE,-0.072972000,-0.538779000,0.254305000
44.407557,WATER_DIVE,-0.073044000,-0.538749000,0.253823000
44.417502,WATER_DIVE,-0.073144000,-0.538716000,0.253397000
44.427519,WATER_DIVE,-0.073205000,-0.538691000,0.252959000
44.437489,WATER_DIVE,-0.073222000,-0.538682000,0.252497000
44.447482,WATER_DIVE,-0.073221000,-0.538687000,0.252029000
44.457536,WATER_DIVE,-0.073216000,-0.538706000,0.251560000
44.467518,WATER_DIVE,-0.073236000,-0.538723000,0.251090000
44.477482,WATER_DIVE,-0.073286000,-0.538757000,0.250664000
44.487477,WATER_DIVE,-0.073305000,-0.538755000,0.250149000
44.497481,WATER_DIVE,-0.073326000,-0.538750000,0.249697000
44.507524,WATER_DIVE,-0.073386000,-0.538740000,0.249188000
44.517526,WATER_DIVE,-0.073447000,-0.538736000,0.248755000
44.527479,WATER_DIVE,-0.073488000,-0.538726000,0.248294000
44.537489,WATER_DIVE,-0.073503000,-0.538726000,0.247863000
44.547478,WATER_DIVE,-0.073536000,-0.538721000,0.247334000
44.557513,WATER_DIVE,-0.073565000,-0.538726000,0.246841000
44.567476,WATER_DIVE,-0.073578000,-0.538726000,0.246323000
44.577483,WATER_DIVE,-0.073599000,-0.538730000,0.245825000
44.587487,WATER_DIVE,-0.073640000,-0.538735000,0.245346000
44.597535,WATER_DIVE,-0.073693000,-0.538731000,0.244872000
44.607524,WATER_DIVE,-0.073726000,-0.538708000,0.244346000
44.617534,WATER_DIVE,-0.073768000,-0.538690000,0.243843000
44.627476,WATER_DIVE,-0.073819000,-0.538666000,0.243338000
44.627551,WATER_DIVE_SETTLE,-0.073819000,-0.538666000,0.243338000
44.637839,WATER_DIVE_SETTLE,-0.073863000,-0.538654000,0.242847000
44.648130,WATER_DIVE_SETTLE,-0.073904000,-0.538637000,0.242344000
44.658468,WATER_DIVE_SETTLE,-0.073941000,-0.538630000,0.241810000
44.668800,WATER_DIVE_SETTLE,-0.073957000,-0.538626000,0.241318000
44.679092,WATER_DIVE_SETTLE,-0.073973000,-0.538621000,0.240824000
44.689404,WATER_DIVE_SETTLE,-0.073995000,-0.538616000,0.240287000
44.699736,WATER_DIVE_SETTLE,-0.074041000,-0.538614000,0.239826000
44.710081,WATER_DIVE_SETTLE,-0.074081000,-0.538609000,0.239346000
44.720335,WATER_DIVE_SETTLE,-0.074116000,-0.538607000,0.238815000
44.730624,WATER_DIVE_SETTLE,-0.074136000,-0.538587000,0.238289000
44.740936,WATER_DIVE_SETTLE,-0.074139000,-0.538568000,0.237759000
44.751218,WATER_DIVE_SETTLE,-0.074174000,-0.538559000,0.237276000
44.761525,WATER_DIVE_SETTLE,-0.074228000,-0.538548000,0.236766000
44.771833,WATER_DIVE_SETTLE,-0.074262000,-0.538533000,0.236277000
44.782108,WATER_DIVE_SETTLE,-0.074262000,-0.538507000,0.235746000
44.792422,WATER_DIVE_SETTLE,-0.074267000,-0.538481000,0.235175000
44.802811,WATER_DIVE_SETTLE,-0.074268000,-0.538456000,0.234642000
44.813138,WATER_DIVE_SETTLE,-0.074282000,-0.538439000,0.234138000
44.823455,WATER_DIVE_SETTLE,-0.074300000,-0.538425000,0.233586000
44.833759,WATER_DIVE_SETTLE,-0.074325000,-0.538413000,0.233084000
44.844080,WATER_DIVE_SETTLE,-0.074330000,-0.538395000,0.232544000
44.854411,WATER_DIVE_SETTLE,-0.074352000,-0.538380000,0.231974000
44.864739,WATER_DIVE_SETTLE,-0.074382000,-0.538358000,0.231444000
44.875039,WATER_DIVE_SETTLE,-0.074395000,-0.538345000,0.230916000
44.885340,WATER_DIVE_SETTLE,-0.074398000,-0.538340000,0.230348000
44.895654,WATER_DIVE_SETTLE,-0.074422000,-0.538340000,0.229859000
44.906027,WATER_DIVE_SETTLE,-0.074440000,-0.538339000,0.229359000
44.916351,WATER_DIVE_SETTLE,-0.074446000,-0.538342000,0.228814000
44.926675,WATER_DIVE_SETTLE,-0.074451000,-0.538349000,0.228322000
44.936976,WATER_DIVE_SETTLE,-0.074452000,-0.538350000,0.227810000
44.947276,WATER_DIVE_SETTLE,-0.074462000,-0.538360000,0.227319000
44.957590,WATER_DIVE_SETTLE,-0.074502000,-0.538372000,0.226801000
44.967908,WATER_DIVE_SETTLE,-0.074557000,-0.538398000,0.226369000
44.978121,WATER_DIVE_SETTLE,-0.074597000,-0.538414000,0.225919000
44.988369,WATER_DIVE_SETTLE,-0.074597000,-0.538406000,0.225337000
44.998619,WATER_DIVE_SETTLE,-0.074616000,-0.538408000,0.224847000
45.008892,WATER_DIVE_SETTLE,-0.074642000,-0.538411000,0.224372000
45.019132,WATER_DIVE_SETTLE,-0.074667000,-0.538429000,0.223915000
45.029387,WATER_DIVE_SETTLE,-0.074714000,-0.538441000,0.223426000
45.039704,WATER_DIVE_SETTLE,-0.074750000,-0.538450000,0.222967000
45.049992,WATER_DIVE_SETTLE,-0.074774000,-0.538455000,0.222479000
45.060294,WATER_DIVE_SETTLE,-0.074788000,-0.538452000,0.221978000
45.070650,WATER_DIVE_SETTLE,-0.074807000,-0.538460000,0.221449000
45.080976,WATER_DIVE_SETTLE,-0.074828000,-0.538472000,0.220977000
45.091275,WATER_DIVE_SETTLE,-0.074836000,-0.538479000,0.220493000
45.101648,WATER_DIVE_SETTLE,-0.074853000,-0.538505000,0.220036000
45.111983,WATER_DIVE_SETTLE,-0.074899000,-0.538517000,0.219532000
45.122298,WATER_DIVE_SETTLE,-0.074928000,-0.538524000,0.219047000
45.132609,WATER_DIVE_SETTLE,-0.074975000,-0.538534000,0.218530000
45.142921,WATER_DIVE_SETTLE,-0.075016000,-0.538530000,0.218043000
45.153237,WATER_DIVE_SETTLE,-0.075045000,-0.538536000,0.217560000
45.163549,WATER_DIVE_SETTLE,-0.075095000,-0.538530000,0.217042000
45.173850,WATER_DIVE_SETTLE,-0.075129000,-0.538528000,0.216562000
45.184137,WATER_DIVE_SETTLE,-0.075150000,-0.538532000,0.216090000
45.194443,WATER_DIVE_SETTLE,-0.075158000,-0.538539000,0.215561000
45.204783,WATER_DIVE_SETTLE,-0.075155000,-0.538542000,0.215070000
45.215113,WATER_DIVE_SETTLE,-0.075175000,-0.538550000,0.214610000
45.225410,WATER_DIVE_SETTLE,-0.075214000,-0.538546000,0.214111000
45.235717,WATER_DIVE_SETTLE,-0.075220000,-0.538541000,0.213634000
45.246018,WATER_DIVE_SETTLE,-0.075223000,-0.538535000,0.213159000
45.256302,WATER_DIVE_SETTLE,-0.075241000,-0.538528000,0.212695000
45.266614,WATER_DIVE_SETTLE,-0.075245000,-0.538511000,0.212155000
45.276926,WATER_DIVE_SETTLE,-0.075275000,-0.538500000,0.211689000
45.287281,WATER_DIVE_SETTLE,-0.075324000,-0.538500000,0.211247000
45.297606,WATER_DIVE_SETTLE,-0.075355000,-0.538479000,0.210706000
45.307955,WATER_DIVE_SETTLE,-0.075375000,-0.538464000,0.210203000
45.318274,WATER_DIVE_SETTLE,-0.075442000,-0.538469000,0.209774000
45.328593,WATER_DIVE_SETTLE,-0.075450000,-0.538437000,0.209187000
45.338932,WATER_DIVE_SETTLE,-0.075410000,-0.538414000,0.208626000
45.349235,WATER_DIVE_SETTLE,-0.075424000,-0.538417000,0.208165000
45.359532,WATER_DIVE_SETTLE,-0.075456000,-0.538394000,0.207634000
45.369834,WATER_DIVE_SETTLE,-0.075431000,-0.538365000,0.207090000
45.380121,WATER_DIVE_SETTLE,-0.075440000,-0.538348000,0.206596000
45.390416,WATER_DIVE_SETTLE,-0.075493000,-0.538326000,0.206085000
45.400755,WATER_DIVE_SETTLE,-0.075525000,-0.538294000,0.205585000
45.411035,WATER_DIVE_SETTLE,-0.075517000,-0.538257000,0.205047000
45.421390,WATER_DIVE_SETTLE,-0.075500000,-0.538224000,0.204481000
45.431710,WATER_DIVE_SETTLE,-0.075500000,-0.538193000,0.203981000
45.442032,WATER_DIVE_SETTLE,-0.075502000,-0.538172000,0.203497000
45.452348,WATER_DIVE_SETTLE,-0.075508000,-0.538148000,0.202954000
45.462660,WATER_DIVE_SETTLE,-0.075500000,-0.538125000,0.202439000
45.473016,WATER_DIVE_SETTLE,-0.075519000,-0.538102000,0.201945000
45.483343,WATER_DIVE_SETTLE,-0.075549000,-0.538064000,0.201425000
45.493648,WATER_DIVE_SETTLE,-0.075575000,-0.538025000,0.200852000
45.504090,WATER_DIVE_SETTLE,-0.075600000,-0.537985000,0.200336000
45.514394,WATER_DIVE_SETTLE,-0.075585000,-0.537941000,0.199728000
45.524729,WATER_DIVE_SETTLE,-0.075559000,-0.537917000,0.199190000
45.535015,WATER_DIVE_SETTLE,-0.075551000,-0.537885000,0.198652000
45.545317,WATER_DIVE_SETTLE,-0.075531000,-0.537874000,0.198135000
45.555609,WATER_DIVE_SETTLE,-0.075501000,-0.537860000,0.197554000
45.565893,WATER_DIVE_SETTLE,-0.075466000,-0.537845000,0.197012000
45.576175,WATER_DIVE_SETTLE,-0.075454000,-0.537830000,0.196498000
45.586477,WATER_DIVE_SETTLE,-0.075439000,-0.537806000,0.195922000
45.596783,WATER_DIVE_SETTLE,-0.075412000,-0.537789000,0.195390000
45.607141,WATER_DIVE_SETTLE,-0.075394000,-0.537783000,0.194875000
45.617488,WATER_DIVE_SETTLE,-0.075392000,-0.537772000,0.194312000
45.627857,WATER_DIVE_SETTLE,-0.075410000,-0.537764000,0.193810000
45.638170,WATER_DIVE_SETTLE,-0.075427000,-0.537754000,0.193292000
45.648484,WATER_DIVE_SETTLE,-0.075443000,-0.537749000,0.192734000
45.658786,WATER_DIVE_SETTLE,-0.075425000,-0.537706000,0.192139000
45.669104,WATER_DIVE_SETTLE,-0.075403000,-0.537663000,0.191550000
45.679412,WATER_DIVE_SETTLE,-0.075421000,-0.537648000,0.190994000
45.689731,WATER_DIVE_SETTLE,-0.075459000,-0.537647000,0.190525000
45.700047,WATER_DIVE_SETTLE,-0.075460000,-0.537637000,0.190011000
45.710378,WATER_DIVE_SETTLE,-0.075441000,-0.537617000,0.189399000
45.720682,WATER_DIVE_SETTLE,-0.075438000,-0.537604000,0.188857000
45.730986,WATER_DIVE_SETTLE,-0.075437000,-0.537576000,0.188304000
45.741267,WATER_DIVE_SETTLE,-0.075422000,-0.537561000,0.187762000
52.227099,WATER_SWIRL_CENTER,-0.050706000,-0.543497000,0.176353000
52.237060,WATER_SWIRL_CENTER,-0.050197000,-0.543351000,0.176352000
52.247040,WATER_SWIRL_CENTER,-0.049757000,-0.543191000,0.176317000
52.257046,WATER_SWIRL_CENTER,-0.049435000,-0.543014000,0.176217000
52.267034,WATER_SWIRL_CENTER,-0.049298000,-0.542960000,0.176264000
52.277046,WATER_SWIRL_CENTER,-0.049234000,-0.542977000,0.176363000
52.287031,WATER_SWIRL_CENTER,-0.048979000,-0.542961000,0.176205000
52.297045,WATER_SWIRL_CENTER,-0.048723000,-0.542899000,0.175956000
52.307084,WATER_SWIRL_CENTER,-0.048788000,-0.542828000,0.175900000
52.317076,WATER_SWIRL_CENTER,-0.049051000,-0.542764000,0.175951000
52.327046,WATER_SWIRL_CENTER,-0.049327000,-0.542688000,0.175949000
52.337025,WATER_SWIRL_CENTER,-0.049668000,-0.542601000,0.175925000
52.347032,WATER_SWIRL_CENTER,-0.050122000,-0.542490000,0.175917000
52.357027,WATER_SWIRL_CENTER,-0.050565000,-0.542370000,0.175871000
52.367022,WATER_SWIRL_CENTER,-0.051065000,-0.542208000,0.175812000
52.367094,WATER_SWIRL_CENTER_SETTLE,-0.051065000,-0.542208000,0.175812000
52.377395,WATER_SWIRL_CENTER_SETTLE,-0.051686000,-0.542023000,0.175818000
52.387702,WATER_SWIRL_CENTER_SETTLE,-0.052242000,-0.541863000,0.175853000
52.398065,WATER_SWIRL_CENTER_SETTLE,-0.052741000,-0.541703000,0.175855000
52.408411,WATER_SWIRL_CENTER_SETTLE,-0.053285000,-0.541550000,0.175849000
52.418745,WATER_SWIRL_CENTER_SETTLE,-0.053768000,-0.541438000,0.175854000
52.429061,WATER_SWIRL_CENTER_SETTLE,-0.054263000,-0.541339000,0.175861000
52.439381,WATER_SWIRL_CENTER_SETTLE,-0.054817000,-0.541230000,0.175874000
52.449685,WATER_SWIRL_CENTER_SETTLE,-0.055322000,-0.541128000,0.175897000
52.460000,WATER_SWIRL_CENTER_SETTLE,-0.055820000,-0.541025000,0.175930000
52.470292,WATER_SWIRL_CENTER_SETTLE,-0.056318000,-0.540934000,0.175990000
52.480587,WATER_SWIRL_CENTER_SETTLE,-0.056868000,-0.540823000,0.176039000
52.490875,WATER_SWIRL_CENTER_SETTLE,-0.057338000,-0.540732000,0.176062000
52.501211,WATER_SWIRL_CENTER_SETTLE,-0.057815000,-0.540642000,0.176074000
52.511571,WATER_SWIRL_CENTER_SETTLE,-0.058341000,-0.540548000,0.176082000
52.521952,WATER_SWIRL_CENTER_SETTLE,-0.058849000,-0.540474000,0.176119000
52.532288,WATER_SWIRL_CENTER_SETTLE,-0.059341000,-0.540393000,0.176134000
52.542599,WATER_SWIRL_CENTER_SETTLE,-0.059871000,-0.540311000,0.176155000
52.552934,WATER_SWIRL_CENTER_SETTLE,-0.060379000,-0.540234000,0.176197000
52.563240,WATER_SWIRL_CENTER_SETTLE,-0.060896000,-0.540157000,0.176239000
52.573542,WATER_SWIRL_CENTER_SETTLE,-0.061446000,-0.540062000,0.176252000
52.583853,WATER_SWIRL_CENTER_SETTLE,-0.061961000,-0.539975000,0.176266000
52.594155,WATER_SWIRL_CENTER_SETTLE,-0.062469000,-0.539901000,0.176288000
52.604517,WATER_SWIRL_CENTER_SETTLE,-0.063035000,-0.539822000,0.176308000
52.614853,WATER_SWIRL_CENTER_SETTLE,-0.063544000,-0.539759000,0.176334000
52.625089,WATER_SWIRL_CENTER_SETTLE,-0.064050000,-0.539698000,0.176348000
52.635288,WATER_SWIRL_CENTER_SETTLE,-0.064561000,-0.539638000,0.176374000
52.645636,WATER_SWIRL_CENTER_SETTLE,-0.065130000,-0.539574000,0.176393000
52.655955,WATER_SWIRL_CENTER_SETTLE,-0.065623000,-0.539517000,0.176390000
52.666247,WATER_SWIRL_CENTER_SETTLE,-0.066111000,-0.539459000,0.176376000
52.676535,WATER_SWIRL_CENTER_SETTLE,-0.066648000,-0.539400000,0.176367000
52.686850,WATER_SWIRL_CENTER_SETTLE,-0.067160000,-0.539360000,0.176388000
52.697449,WATER_SWIRL_CENTER_SETTLE,-0.067736000,-0.539309000,0.176411000
52.707817,WATER_SWIRL_CENTER_SETTLE,-0.068227000,-0.539270000,0.176410000
52.718177,WATER_SWIRL_CENTER_SETTLE,-0.068706000,-0.539227000,0.176394000
52.728501,WATER_SWIRL_CENTER_SETTLE,-0.069273000,-0.539176000,0.176399000
52.738785,WATER_SWIRL_CENTER_SETTLE,-0.069783000,-0.539128000,0.176405000
52.749078,WATER_SWIRL_CENTER_SETTLE,-0.070292000,-0.539079000,0.176417000
52.769973,WATER_INIT,-0.071387000,-0.538976000,0.176445000
52.779956,WATER_INIT,-0.071890000,-0.538925000,0.176439000
52.789960,WATER_INIT,-0.072282000,-0.538897000,0.176346000
52.799957,WATER_INIT,-0.072505000,-0.538859000,0.176129000
52.809972,WATER_INIT,-0.072902000,-0.538908000,0.176222000
52.819925,WATER_INIT,-0.073349000,-0.538992000,0.176416000
52.829944,WATER_INIT,-0.073523000,-0.539042000,0.176399000
52.839931,WATER_INIT,-0.073513000,-0.539121000,0.176351000
52.849951,WATER_INIT,-0.073513000,-0.539297000,0.176513000
52.859929,WATER_INIT,-0.073504000,-0.539542000,0.176863000
52.869941,WATER_INIT,-0.073303000,-0.539829000,0.177243000
52.879937,WATER_INIT,-0.073100000,-0.540090000,0.177698000
52.889937,WATER_INIT,-0.072879000,-0.540297000,0.178125000
52.899949,WATER_INIT,-0.072546000,-0.540529000,0.178574000
52.909968,WATER_INIT,-0.072330000,-0.540768000,0.179154000
52.920009,WATER_INIT,-0.072250000,-0.540996000,0.179816000
52.929980,WATER_INIT,-0.072205000,-0.541172000,0.180433000
52.939939,WATER_INIT,-0.072145000,-0.541261000,0.180916000
52.949933,WATER_INIT,-0.072063000,-0.541309000,0.181335000
52.959884,WATER_INIT,-0.072001000,-0.541330000,0.181766000
52.970045,WATER_INIT,-0.071921000,-0.541352000,0.182220000
52.979981,WATER_INIT,-0.071827000,-0.541387000,0.182703000
52.989971,WATER_INIT,-0.071757000,-0.541403000,0.183190000
52.999995,WATER_INIT,-0.071728000,-0.541412000,0.183694000
53.009984,WATER_INIT,-0.071737000,-0.541407000,0.184197000
53.019955,WATER_INIT,-0.071759000,-0.541406000,0.184713000
53.029872,WATER_INIT,-0.071777000,-0.541394000,0.185209000
53.039897,WATER_INIT,-0.071784000,-0.541364000,0.185684000
53.049850,WATER_INIT,-0.071789000,-0.541344000,0.186175000
53.059869,WATER_INIT,-0.071807000,-0.541325000,0.186694000
53.069818,WATER_INIT,-0.071811000,-0.541306000,0.187198000
53.079831,WATER_INIT,-0.071804000,-0.541284000,0.187691000
53.089854,WATER_INIT,-0.071794000,-0.541268000,0.188174000
53.099907,WATER_INIT,-0.071790000,-0.541255000,0.188658000
53.109859,WATER_INIT,-0.071798000,-0.541250000,0.189162000
53.119881,WATER_INIT,-0.071833000,-0.541233000,0.189685000
53.129964,WATER_INIT,-0.071868000,-0.541209000,0.190203000
53.139846,WATER_INIT,-0.071876000,-0.541179000,0.190706000
53.149847,WATER_INIT,-0.071881000,-0.541153000,0.191215000
53.159833,WATER_INIT,-0.071897000,-0.541119000,0.191702000
53.169849,WATER_INIT,-0.071900000,-0.541093000,0.192181000
53.179855,WATER_INIT,-0.071917000,-0.541058000,0.192647000
53.189840,WATER_INIT,-0.071934000,-0.541029000,0.193112000
53.199860,WATER_INIT,-0.071979000,-0.541001000,0.193608000
53.209899,WATER_INIT,-0.072050000,-0.540980000,0.194129000
53.209944,WATER_INIT_SETTLE,-0.072050000,-0.540980000,0.194129000
53.220103,WATER_INIT_SETTLE,-0.072083000,-0.540942000,0.194614000
53.230268,WATER_INIT_SETTLE,-0.072076000,-0.540891000,0.195060000
53.240608,WATER_INIT_SETTLE,-0.072072000,-0.540858000,0.195598000
53.250967,WATER_INIT_SETTLE,-0.072104000,-0.540830000,0.196115000
53.261296,WATER_INIT_SETTLE,-0.072124000,-0.540813000,0.196627000
53.271613,WATER_INIT_SETTLE,-0.072129000,-0.540794000,0.197164000
53.281947,WATER_INIT_SETTLE,-0.072128000,-0.540767000,0.197624000
53.292268,WATER_INIT_SETTLE,-0.072144000,-0.540745000,0.198102000
53.302655,WATER_INIT_SETTLE,-0.072186000,-0.540717000,0.198631000
53.312966,WATER_INIT_SETTLE,-0.072204000,-0.540687000,0.199097000
53.323195,WATER_INIT_SETTLE,-0.072236000,-0.540664000,0.199594000
53.333442,WATER_INIT_SETTLE,-0.072263000,-0.540632000,0.200124000
53.343646,WATER_INIT_SETTLE,-0.072278000,-0.540609000,0.200601000
53.353860,WATER_INIT_SETTLE,-0.072290000,-0.540587000,0.201086000
53.364075,WATER_INIT_SETTLE,-0.072309000,-0.540570000,0.201575000
53.374325,WATER_INIT_SETTLE,-0.072339000,-0.540561000,0.202128000
53.384520,WATER_INIT_SETTLE,-0.072373000,-0.540554000,0.202633000
53.394703,WATER_INIT_SETTLE,-0.072413000,-0.540546000,0.203144000
53.404940,WATER_INIT_SETTLE,-0.072436000,-0.540529000,0.203622000
53.415140,WATER_INIT_SETTLE,-0.072471000,-0.540519000,0.204106000
53.425321,WATER_INIT_SETTLE,-0.072520000,-0.540506000,0.204643000
53.435487,WATER_INIT_SETTLE,-0.072587000,-0.540491000,0.205135000
53.445667,WATER_INIT_SETTLE,-0.072642000,-0.540484000,0.205622000
53.455866,WATER_INIT_SETTLE,-0.072694000,-0.540480000,0.206120000
53.466037,WATER_INIT_SETTLE,-0.072774000,-0.540472000,0.206625000
53.476227,WATER_INIT_SETTLE,-0.072828000,-0.540461000,0.207119000
53.486403,WATER_INIT_SETTLE,-0.072878000,-0.540457000,0.207669000
53.496579,WATER_INIT_SETTLE,-0.072912000,-0.540462000,0.208180000
53.506885,WATER_INIT_SETTLE,-0.072928000,-0.540469000,0.208687000
53.517116,WATER_INIT_SETTLE,-0.072960000,-0.540480000,0.209205000
53.527383,WATER_INIT_SETTLE,-0.072995000,-0.540512000,0.209800000
53.537755,WATER_INIT_SETTLE,-0.073008000,-0.540522000,0.210289000
53.548111,WATER_INIT_SETTLE,-0.073013000,-0.540528000,0.210774000
53.558461,WATER_INIT_SETTLE,-0.073038000,-0.540543000,0.211330000
53.568788,WATER_INIT_SETTLE,-0.073106000,-0.540550000,0.211859000
53.579124,WATER_INIT_SETTLE,-0.073152000,-0.540555000,0.212380000
53.589461,WATER_INIT_SETTLE,-0.073175000,-0.540560000,0.212925000
53.599777,WATER_INIT_SETTLE,-0.073197000,-0.540556000,0.213422000
53.610137,WATER_INIT_SETTLE,-0.073219000,-0.540560000,0.213933000
53.620459,WATER_INIT_SETTLE,-0.073215000,-0.540565000,0.214474000
53.630779,WATER_INIT_SETTLE,-0.073213000,-0.540568000,0.214972000
53.641051,WATER_INIT_SETTLE,-0.073205000,-0.540580000,0.215474000
53.651358,WATER_INIT_SETTLE,-0.073213000,-0.540591000,0.216036000
53.661661,WATER_INIT_SETTLE,-0.073242000,-0.540594000,0.216540000
53.671944,WATER_INIT_SETTLE,-0.073278000,-0.540592000,0.217026000
53.682243,WATER_INIT_SETTLE,-0.073314000,-0.540586000,0.217511000
53.692605,WATER_INIT_SETTLE,-0.073340000,-0.540578000,0.218031000
53.702986,WATER_INIT_SETTLE,-0.073363000,-0.540567000,0.218500000
53.713336,WATER_INIT_SETTLE,-0.073385000,-0.540552000,0.219024000
53.723586,WATER_INIT_SETTLE,-0.073412000,-0.540545000,0.219510000
53.733965,WATER_INIT_SETTLE,-0.073435000,-0.540530000,0.219993000
53.744198,WATER_INIT_SETTLE,-0.073449000,-0.540514000,0.220477000
53.754403,WATER_INIT_SETTLE,-0.073463000,-0.540499000,0.221008000
53.764610,WATER_INIT_SETTLE,-0.073479000,-0.540482000,0.221491000
53.774954,WATER_INIT_SETTLE,-0.073461000,-0.540477000,0.221974000
53.785186,WATER_INIT_SETTLE,-0.073469000,-0.540474000,0.222478000
53.795377,WATER_INIT_SETTLE,-0.073493000,-0.540470000,0.223045000
53.805620,WATER_INIT_SETTLE,-0.073488000,-0.540468000,0.223533000
53.816033,WATER_INIT_SETTLE,-0.073490000,-0.540463000,0.224016000
53.826235,WATER_INIT_SETTLE,-0.073498000,-0.540464000,0.224514000
53.836429,WATER_INIT_SETTLE,-0.073509000,-0.540451000,0.225034000
53.846630,WATER_INIT_SETTLE,-0.073516000,-0.540440000,0.225494000
53.856995,WATER_INIT_SETTLE,-0.073523000,-0.540426000,0.225962000
53.867189,WATER_INIT_SETTLE,-0.073528000,-0.540420000,0.226434000
53.877384,WATER_INIT_SETTLE,-0.073531000,-0.540415000,0.226952000
53.887587,WATER_INIT_SETTLE,-0.073526000,-0.540406000,0.227413000
53.897938,WATER_INIT_SETTLE,-0.073511000,-0.540398000,0.227872000
53.908174,WATER_INIT_SETTLE,-0.073507000,-0.540392000,0.228338000
53.918386,WATER_INIT_SETTLE,-0.073495000,-0.540381000,0.228842000
53.928619,WATER_INIT_SETTLE,-0.073477000,-0.540380000,0.229298000
53.939006,WATER_INIT_SETTLE,-0.073471000,-0.540380000,0.229767000
53.949215,WATER_INIT_SETTLE,-0.073459000,-0.540378000,0.230222000
53.959400,WATER_INIT_SETTLE,-0.073451000,-0.540387000,0.230733000
53.969581,WATER_INIT_SETTLE,-0.073449000,-0.540393000,0.231198000
53.979956,WATER_INIT_SETTLE,-0.073444000,-0.540399000,0.231651000
53.990142,WATER_INIT_SETTLE,-0.073449000,-0.540401000,0.232098000
54.000315,WATER_INIT_SETTLE,-0.073475000,-0.540407000,0.232603000
54.010556,WATER_INIT_SETTLE,-0.073497000,-0.540411000,0.233053000
54.020764,WATER_INIT_SETTLE,-0.073517000,-0.540409000,0.233498000
54.030976,WATER_INIT_SETTLE,-0.073548000,-0.540412000,0.233953000
54.041180,WATER_INIT_SETTLE,-0.073548000,-0.540418000,0.234398000
54.051356,WATER_INIT_SETTLE,-0.073557000,-0.540424000,0.234891000
54.061547,WATER_INIT_SETTLE,-0.073543000,-0.540439000,0.235346000
54.071710,WATER_INIT_SETTLE,-0.073550000,-0.540455000,0.235816000
54.081900,WATER_INIT_SETTLE,-0.073563000,-0.540467000,0.236290000
54.092073,WATER_INIT_SETTLE,-0.073569000,-0.540486000,0.236772000
54.102312,WATER_INIT_SETTLE,-0.073588000,-0.540501000,0.237262000
54.112508,WATER_INIT_SETTLE,-0.073616000,-0.540519000,0.237814000
54.122736,WATER_INIT_SETTLE,-0.073628000,-0.540537000,0.238311000
54.133143,WATER_INIT_SETTLE,-0.073633000,-0.540557000,0.238807000
54.143518,WATER_INIT_SETTLE,-0.073631000,-0.540578000,0.239349000
54.153880,WATER_INIT_SETTLE,-0.073631000,-0.540601000,0.239852000
54.164221,WATER_INIT_SETTLE,-0.073649000,-0.540621000,0.240361000
54.174557,WATER_INIT_SETTLE,-0.073668000,-0.540641000,0.240915000
54.184917,WATER_INIT_SETTLE,-0.073705000,-0.540645000,0.241410000
54.195244,WATER_INIT_SETTLE,-0.073733000,-0.540653000,0.241899000
54.205616,WATER_INIT_SETTLE,-0.073791000,-0.540656000,0.242450000
54.215986,WATER_INIT_SETTLE,-0.073849000,-0.540659000,0.242952000
54.226323,WATER_INIT_SETTLE,-0.073880000,-0.540664000,0.243442000
54.236656,WATER_INIT_SETTLE,-0.073892000,-0.540664000,0.243969000
54.247014,WATER_INIT_SETTLE,-0.073911000,-0.540672000,0.244463000
54.257341,WATER_INIT_SETTLE,-0.073950000,-0.540675000,0.245016000
54.267646,WATER_INIT_SETTLE,-0.073977000,-0.540683000,0.245520000
54.277980,WATER_INIT_SETTLE,-0.074006000,-0.540690000,0.246029000
54.288458,WATER_INIT_SETTLE,-0.074050000,-0.540691000,0.246539000
54.298787,WATER_INIT_SETTLE,-0.074119000,-0.540684000,0.247114000
54.309173,WATER_INIT_SETTLE,-0.074164000,-0.540681000,0.247640000
54.319531,WATER_INIT_SETTLE,-0.074219000,-0.540672000,0.248220000
54.329870,WATER_INIT_SETTLE,-0.074247000,-0.540664000,0.248735000
54.340104,WATER_INIT_SETTLE,-0.074242000,-0.540664000,0.249240000
54.350351,WATER_INIT_SETTLE,-0.074237000,-0.540661000,0.249796000
54.360529,WATER_INIT_SETTLE,-0.074263000,-0.540659000,0.250320000
54.370698,WATER_INIT_SETTLE,-0.074311000,-0.540651000,0.250846000
54.380861,WATER_INIT_SETTLE,-0.074355000,-0.540642000,0.251365000
54.391044,WATER_INIT_SETTLE,-0.074399000,-0.540624000,0.251859000
54.401231,WATER_INIT_SETTLE,-0.074439000,-0.540603000,0.252336000
54.411435,WATER_INIT_SETTLE,-0.074486000,-0.540588000,0.252882000
54.421613,WATER_INIT_SETTLE,-0.074542000,-0.540570000,0.253379000
54.431790,WATER_INIT_SETTLE,-0.074574000,-0.540552000,0.253854000
54.441997,WATER_INIT_SETTLE,-0.074586000,-0.540541000,0.254322000
54.452154,WATER_INIT_SETTLE,-0.074611000,-0.540536000,0.254819000
54.462365,WATER_INIT_SETTLE,-0.074651000,-0.540520000,0.255356000
54.472718,WATER_INIT_SETTLE,-0.074681000,-0.540502000,0.255829000
54.483026,WATER_INIT_SETTLE,-0.074711000,-0.540485000,0.256317000
54.493312,WATER_INIT_SETTLE,-0.074756000,-0.540468000,0.256826000
54.764472,WATER_TO_NAPKIN_INIT_POS,-0.075198000,-0.539468000,0.261020000
54.774457,WATER_TO_NAPKIN_INIT_POS,-0.075177000,-0.539466000,0.261010000
54.784444,WATER_TO_NAPKIN_INIT_POS,-0.075017000,-0.539485000,0.260875000
54.794450,WATER_TO_NAPKIN_INIT_POS,-0.074697000,-0.539509000,0.260595000
54.804464,WATER_TO_NAPKIN_INIT_POS,-0.074456000,-0.539566000,0.260438000
54.814444,WATER_TO_NAPKIN_INIT_POS,-0.074399000,-0.539686000,0.260558000
54.824413,WATER_TO_NAPKIN_INIT_POS,-0.074265000,-0.539793000,0.260631000
54.834444,WATER_TO_NAPKIN_INIT_POS,-0.073991000,-0.539883000,0.260604000
54.844406,WATER_TO_NAPKIN_INIT_POS,-0.073697000,-0.539992000,0.260638000
54.854433,WATER_TO_NAPKIN_INIT_POS,-0.073337000,-0.540165000,0.260783000
54.864404,WATER_TO_NAPKIN_INIT_POS,-0.072939000,-0.540388000,0.261043000
54.874433,WATER_TO_NAPKIN_INIT_POS,-0.072627000,-0.540626000,0.261490000
54.884396,WATER_TO_NAPKIN_INIT_POS,-0.072333000,-0.540832000,0.261980000
54.894440,WATER_TO_NAPKIN_INIT_POS,-0.071992000,-0.540995000,0.262406000
54.904452,WATER_TO_NAPKIN_INIT_POS,-0.071848000,-0.541130000,0.262969000
54.914440,WATER_TO_NAPKIN_INIT_POS,-0.071865000,-0.541232000,0.263600000
54.924405,WATER_TO_NAPKIN_INIT_POS,-0.071828000,-0.541308000,0.264144000
54.934459,WATER_TO_NAPKIN_INIT_POS,-0.071817000,-0.541357000,0.264656000
54.944404,WATER_TO_NAPKIN_INIT_POS,-0.071872000,-0.541363000,0.265172000
54.954436,WATER_TO_NAPKIN_INIT_POS,-0.071949000,-0.541349000,0.265669000
54.964393,WATER_TO_NAPKIN_INIT_POS,-0.071978000,-0.541335000,0.266147000
54.974452,WATER_TO_NAPKIN_INIT_POS,-0.071973000,-0.541339000,0.266650000
54.984408,WATER_TO_NAPKIN_INIT_POS,-0.071934000,-0.541358000,0.267167000
54.994444,WATER_TO_NAPKIN_INIT_POS,-0.071900000,-0.541381000,0.267683000
55.004452,WATER_TO_NAPKIN_INIT_POS,-0.071901000,-0.541383000,0.268181000
55.014438,WATER_TO_NAPKIN_INIT_POS,-0.071922000,-0.541367000,0.268667000
55.024406,WATER_TO_NAPKIN_INIT_POS,-0.071958000,-0.541348000,0.269161000
55.034432,WATER_TO_NAPKIN_INIT_POS,-0.071999000,-0.541319000,0.269644000
55.044391,WATER_TO_NAPKIN_INIT_POS,-0.072030000,-0.541295000,0.270130000
55.054434,WATER_TO_NAPKIN_INIT_POS,-0.072052000,-0.541261000,0.270602000
55.064393,WATER_TO_NAPKIN_INIT_POS,-0.072076000,-0.541235000,0.271079000
55.074426,WATER_TO_NAPKIN_INIT_POS,-0.072093000,-0.541204000,0.271541000
55.084393,WATER_TO_NAPKIN_INIT_POS,-0.072103000,-0.541187000,0.272021000
55.094436,WATER_TO_NAPKIN_INIT_POS,-0.072101000,-0.541173000,0.272495000
55.104441,WATER_TO_NAPKIN_INIT_POS,-0.072113000,-0.541147000,0.272963000
55.114424,WATER_TO_NAPKIN_INIT_POS,-0.072128000,-0.541118000,0.273440000
55.124405,WATER_TO_NAPKIN_INIT_POS,-0.072130000,-0.541098000,0.273926000
55.134453,WATER_TO_NAPKIN_INIT_POS,-0.072121000,-0.541082000,0.274421000
55.144415,WATER_TO_NAPKIN_INIT_POS,-0.072117000,-0.541068000,0.274921000
55.154441,WATER_TO_NAPKIN_INIT_POS,-0.072106000,-0.541060000,0.275424000
55.164390,WATER_TO_NAPKIN_INIT_POS,-0.072107000,-0.541055000,0.275926000
55.174437,WATER_TO_NAPKIN_INIT_POS,-0.072114000,-0.541048000,0.276414000
55.184387,WATER_TO_NAPKIN_INIT_POS,-0.072119000,-0.541050000,0.276911000
55.194437,WATER_TO_NAPKIN_INIT_POS,-0.072133000,-0.541051000,0.277415000
55.204451,WATER_TO_NAPKIN_INIT_POS,-0.072136000,-0.541048000,0.277896000
55.214412,WATER_TO_NAPKIN_INIT_POS,-0.072145000,-0.541047000,0.278384000
55.224445,WATER_TO_NAPKIN_INIT_POS,-0.072145000,-0.541047000,0.278865000
55.234433,WATER_TO_NAPKIN_INIT_POS,-0.072154000,-0.541049000,0.279351000
55.244412,WATER_TO_NAPKIN_INIT_POS,-0.072171000,-0.541052000,0.279837000
55.254402,WATER_TO_NAPKIN_INIT_POS,-0.072185000,-0.541050000,0.280316000
55.264444,WATER_TO_NAPKIN_INIT_POS,-0.072215000,-0.541045000,0.280795000
55.274402,WATER_TO_NAPKIN_INIT_POS,-0.072233000,-0.541042000,0.281274000
55.284411,WATER_TO_NAPKIN_INIT_POS,-0.072281000,-0.541042000,0.281783000
55.294409,WATER_TO_NAPKIN_INIT_POS,-0.072322000,-0.541036000,0.282292000
55.304511,WATER_TO_NAPKIN_INIT_POS,-0.072338000,-0.541033000,0.282784000
55.304603,WATER_TO_NAPKIN_INIT_POS_SETTLE,-0.072338000,-0.541033000,0.282784000
55.314919,WATER_TO_NAPKIN_INIT_POS_SETTLE,-0.072343000,-0.541024000,0.283269000
55.325239,WATER_TO_NAPKIN_INIT_POS_SETTLE,-0.072346000,-0.541025000,0.283770000
55.335550,WATER_TO_NAPKIN_INIT_POS_SETTLE,-0.072362000,-0.541029000,0.284338000
55.345887,WATER_TO_NAPKIN_INIT_POS_SETTLE,-0.072385000,-0.541030000,0.284858000
55.356212,WATER_TO_NAPKIN_INIT_POS_SETTLE,-0.072417000,-0.541025000,0.285371000
55.366546,WATER_TO_NAPKIN_INIT_POS_SETTLE,-0.072443000,-0.541027000,0.285942000
55.376860,WATER_TO_NAPKIN_INIT_POS_SETTLE,-0.072483000,-0.541023000,0.286465000
55.387758,WATER_TO_NAPKIN_INIT_POS_SETTLE,-0.072510000,-0.541017000,0.286972000
55.398173,WATER_TO_NAPKIN_INIT_POS_SETTLE,-0.072521000,-0.541019000,0.287531000
55.408569,WATER_TO_NAPKIN_INIT_POS_SETTLE,-0.072541000,-0.541021000,0.288101000
55.418960,WATER_TO_NAPKIN_INIT_POS_SETTLE,-0.072548000,-0.541024000,0.288607000
55.429312,WATER_TO_NAPKIN_INIT_POS_SETTLE,-0.072569000,-0.541029000,0.289118000
55.439650,WATER_TO_NAPKIN_INIT_POS_SETTLE,-0.072615000,-0.541028000,0.289683000
55.449979,WATER_TO_NAPKIN_INIT_POS_SETTLE,-0.072652000,-0.541026000,0.290182000
55.460343,WATER_TO_NAPKIN_INIT_POS_SETTLE,-0.072695000,-0.541017000,0.290728000
55.470685,WATER_TO_NAPKIN_INIT_POS_SETTLE,-0.072745000,-0.541010000,0.291235000
55.481049,WATER_TO_NAPKIN_INIT_POS_SETTLE,-0.072803000,-0.540990000,0.291733000
55.491417,WATER_TO_NAPKIN_INIT_POS_SETTLE,-0.072837000,-0.540975000,0.292281000
55.501790,WATER_TO_NAPKIN_INIT_POS_SETTLE,-0.072857000,-0.540971000,0.292793000
55.512135,WATER_TO_NAPKIN_INIT_POS_SETTLE,-0.072870000,-0.540967000,0.293299000
55.522474,WATER_TO_NAPKIN_INIT_POS_SETTLE,-0.072886000,-0.540961000,0.293862000
55.532775,WATER_TO_NAPKIN_INIT_POS_SETTLE,-0.072900000,-0.540962000,0.294381000
55.543097,WATER_TO_NAPKIN_INIT_POS_SETTLE,-0.072917000,-0.540961000,0.294904000
55.553425,WATER_TO_NAPKIN_INIT_POS_SETTLE,-0.072943000,-0.540958000,0.295485000
55.563744,WATER_TO_NAPKIN_INIT_POS_SETTLE,-0.072970000,-0.540960000,0.296018000
55.574056,WATER_TO_NAPKIN_INIT_POS_SETTLE,-0.072998000,-0.540958000,0.296552000
55.584391,WATER_TO_NAPKIN_INIT_POS_SETTLE,-0.073017000,-0.540961000,0.297131000
55.594704,WATER_TO_NAPKIN_INIT_POS_SETTLE,-0.073041000,-0.540972000,0.297674000
55.605088,WATER_TO_NAPKIN_INIT_POS_SETTLE,-0.073051000,-0.540981000,0.298199000
55.615423,WATER_TO_NAPKIN_INIT_POS_SETTLE,-0.073041000,-0.540986000,0.298740000
55.625847,WATER_TO_NAPKIN_INIT_POS_SETTLE,-0.073049000,-0.540989000,0.299249000
55.636204,WATER_TO_NAPKIN_INIT_POS_SETTLE,-0.073089000,-0.540996000,0.299782000
55.646527,WATER_TO_NAPKIN_INIT_POS_SETTLE,-0.073129000,-0.540995000,0.300348000
55.656847,WATER_TO_NAPKIN_INIT_POS_SETTLE,-0.073165000,-0.540991000,0.300860000
55.667164,WATER_TO_NAPKIN_INIT_POS_SETTLE,-0.073205000,-0.540982000,0.301379000
55.677487,WATER_TO_NAPKIN_INIT_POS_SETTLE,-0.073255000,-0.540971000,0.301952000
55.687803,WATER_TO_NAPKIN_INIT_POS_SETTLE,-0.073290000,-0.540958000,0.302463000
55.698136,WATER_TO_NAPKIN_INIT_POS_SETTLE,-0.073307000,-0.540946000,0.302971000
55.708536,WATER_TO_NAPKIN_INIT_POS_SETTLE,-0.073318000,-0.540942000,0.303544000
55.718867,WATER_TO_NAPKIN_INIT_POS_SETTLE,-0.073334000,-0.540937000,0.304060000
55.729180,WATER_TO_NAPKIN_INIT_POS_SETTLE,-0.073341000,-0.540926000,0.304557000
55.739544,WATER_TO_NAPKIN_INIT_POS_SETTLE,-0.073353000,-0.540921000,0.305114000
55.749898,WATER_TO_NAPKIN_INIT_POS_SETTLE,-0.073368000,-0.540910000,0.305611000
55.760207,WATER_TO_NAPKIN_INIT_POS_SETTLE,-0.073387000,-0.540900000,0.306105000
55.770519,WATER_TO_NAPKIN_INIT_POS_SETTLE,-0.073398000,-0.540886000,0.306629000
55.780827,WATER_TO_NAPKIN_INIT_POS_SETTLE,-0.073403000,-0.540875000,0.307094000
55.791221,WATER_TO_NAPKIN_INIT_POS_SETTLE,-0.073412000,-0.540868000,0.307563000
55.801610,WATER_TO_NAPKIN_INIT_POS_SETTLE,-0.073416000,-0.540860000,0.308079000
55.811993,WATER_TO_NAPKIN_INIT_POS_SETTLE,-0.073413000,-0.540855000,0.308539000
55.822308,WATER_TO_NAPKIN_INIT_POS_SETTLE,-0.073404000,-0.540850000,0.308991000
55.832616,WATER_TO_NAPKIN_INIT_POS_SETTLE,-0.073407000,-0.540841000,0.309488000
55.842950,WATER_TO_NAPKIN_INIT_POS_SETTLE,-0.073424000,-0.540832000,0.309968000
55.853264,WATER_TO_NAPKIN_INIT_POS_SETTLE,-0.073434000,-0.540824000,0.310440000
55.863593,WATER_TO_NAPKIN_INIT_POS_SETTLE,-0.073433000,-0.540812000,0.310943000
55.873904,WATER_TO_NAPKIN_INIT_POS_SETTLE,-0.073430000,-0.540806000,0.311419000
55.884212,WATER_TO_NAPKIN_INIT_POS_SETTLE,-0.073439000,-0.540805000,0.311912000
55.894530,WATER_TO_NAPKIN_INIT_POS_SETTLE,-0.073430000,-0.540808000,0.312446000
55.904902,WATER_TO_NAPKIN_INIT_POS_SETTLE,-0.073405000,-0.540816000,0.312931000
55.915248,WATER_TO_NAPKIN_INIT_POS_SETTLE,-0.073388000,-0.540823000,0.313424000
55.925561,WATER_TO_NAPKIN_INIT_POS_SETTLE,-0.073386000,-0.540829000,0.313969000
55.935897,WATER_TO_NAPKIN_INIT_POS_SETTLE,-0.073373000,-0.540838000,0.314458000
55.946284,WATER_TO_NAPKIN_INIT_POS_SETTLE,-0.073371000,-0.540841000,0.314941000
55.956647,WATER_TO_NAPKIN_INIT_POS_SETTLE,-0.073372000,-0.540853000,0.315491000
55.966992,WATER_TO_NAPKIN_INIT_POS_SETTLE,-0.073376000,-0.540858000,0.315977000
55.977295,WATER_TO_NAPKIN_INIT_POS_SETTLE,-0.073378000,-0.540870000,0.316508000
55.987615,WATER_TO_NAPKIN_INIT_POS_SETTLE,-0.073376000,-0.540879000,0.316985000
55.997980,WATER_TO_NAPKIN_INIT_POS_SETTLE,-0.073386000,-0.540889000,0.317468000
56.008334,WATER_TO_NAPKIN_INIT_POS_SETTLE,-0.073392000,-0.540900000,0.317948000
56.018658,WATER_TO_NAPKIN_INIT_POS_SETTLE,-0.073405000,-0.540911000,0.318483000
56.028960,WATER_TO_NAPKIN_INIT_POS_SETTLE,-0.073420000,-0.540916000,0.318960000
56.039269,WATER_TO_NAPKIN_INIT_POS_SETTLE,-0.073425000,-0.540921000,0.319434000
56.049572,WATER_TO_NAPKIN_INIT_POS_SETTLE,-0.073440000,-0.540926000,0.319968000
56.059879,WATER_TO_NAPKIN_INIT_POS_SETTLE,-0.073454000,-0.540932000,0.320459000
56.070179,WATER_TO_NAPKIN_INIT_POS_SETTLE,-0.073464000,-0.540937000,0.320956000
56.080488,WATER_TO_NAPKIN_INIT_POS_SETTLE,-0.073477000,-0.540939000,0.321496000
56.090806,WATER_TO_NAPKIN_INIT_POS_SETTLE,-0.073486000,-0.540941000,0.321993000
56.101163,WATER_TO_NAPKIN_INIT_POS_SETTLE,-0.073506000,-0.540941000,0.322493000
56.111486,WATER_TO_NAPKIN_INIT_POS_SETTLE,-0.073522000,-0.540938000,0.323040000
56.121809,WATER_TO_NAPKIN_INIT_POS_SETTLE,-0.073543000,-0.540937000,0.323553000
56.132082,WATER_TO_NAPKIN_INIT_POS_SETTLE,-0.073564000,-0.540937000,0.324068000
56.142458,WATER_TO_NAPKIN_INIT_POS_SETTLE,-0.073596000,-0.540932000,0.324630000
56.152807,WATER_TO_NAPKIN_INIT_POS_SETTLE,-0.073605000,-0.540928000,0.325119000
56.163045,WATER_TO_NAPKIN_INIT_POS_SETTLE,-0.073607000,-0.540933000,0.325618000
56.173372,WATER_TO_NAPKIN_INIT_POS_SETTLE,-0.073640000,-0.540933000,0.326182000
56.183693,WATER_TO_NAPKIN_INIT_POS_SETTLE,-0.073675000,-0.540930000,0.326683000
56.193947,WATER_TO_NAPKIN_INIT_POS_SETTLE,-0.073706000,-0.540927000,0.327179000
56.204313,WATER_TO_NAPKIN_INIT_POS_SETTLE,-0.073741000,-0.540926000,0.327680000
56.214659,WATER_TO_NAPKIN_INIT_POS_SETTLE,-0.073775000,-0.540922000,0.328221000
56.225015,WATER_TO_NAPKIN_INIT_POS_SETTLE,-0.073803000,-0.540917000,0.328705000
56.235341,WATER_TO_NAPKIN_INIT_POS_SETTLE,-0.073820000,-0.540912000,0.329230000
56.245645,WATER_TO_NAPKIN_INIT_POS_SETTLE,-0.073843000,-0.540910000,0.329717000
56.255943,WATER_TO_NAPKIN_INIT_POS_SETTLE,-0.073865000,-0.540903000,0.330206000
56.266329,WATER_TO_NAPKIN_INIT_POS_SETTLE,-0.073894000,-0.540896000,0.330698000
56.276678,WATER_TO_NAPKIN_INIT_POS_SETTLE,-0.073912000,-0.540880000,0.331221000
56.286981,WATER_TO_NAPKIN_INIT_POS_SETTLE,-0.073929000,-0.540869000,0.331708000
56.297285,WATER_TO_NAPKIN_INIT_POS_SETTLE,-0.073965000,-0.540852000,0.332219000
56.307640,WATER_TO_NAPKIN_INIT_POS_SETTLE,-0.073989000,-0.540836000,0.332779000
56.317988,WATER_TO_NAPKIN_INIT_POS_SETTLE,-0.073993000,-0.540814000,0.333265000
56.328308,WATER_TO_NAPKIN_INIT_POS_SETTLE,-0.073990000,-0.540800000,0.333761000
56.338610,WATER_TO_NAPKIN_INIT_POS_SETTLE,-0.074002000,-0.540787000,0.334345000
56.348970,WATER_TO_NAPKIN_INIT_POS_SETTLE,-0.074029000,-0.540774000,0.334882000
56.359301,WATER_TO_NAPKIN_INIT_POS_SETTLE,-0.074041000,-0.540758000,0.335403000
56.369606,WATER_TO_NAPKIN_INIT_POS_SETTLE,-0.074056000,-0.540739000,0.335968000
56.379898,WATER_TO_NAPKIN_INIT_POS_SETTLE,-0.074078000,-0.540726000,0.336491000
56.390204,WATER_TO_NAPKIN_INIT_POS_SETTLE,-0.074095000,-0.540712000,0.337004000
56.400571,WATER_TO_NAPKIN_INIT_POS_SETTLE,-0.074110000,-0.540702000,0.337571000
56.410910,WATER_TO_NAPKIN_INIT_POS_SETTLE,-0.074136000,-0.540688000,0.338087000
56.421216,WATER_TO_NAPKIN_INIT_POS_SETTLE,-0.074150000,-0.540683000,0.338597000
56.431540,WATER_TO_NAPKIN_INIT_POS_SETTLE,-0.074166000,-0.540677000,0.339148000
56.441855,WATER_TO_NAPKIN_INIT_POS_SETTLE,-0.074189000,-0.540674000,0.339654000
56.452154,WATER_TO_NAPKIN_INIT_POS_SETTLE,-0.074218000,-0.540666000,0.340152000
56.462448,WATER_TO_NAPKIN_INIT_POS_SETTLE,-0.074254000,-0.540658000,0.340690000
56.472746,WATER_TO_NAPKIN_INIT_POS_SETTLE,-0.074274000,-0.540651000,0.341174000
56.483005,WATER_TO_NAPKIN_INIT_POS_SETTLE,-0.074297000,-0.540647000,0.341665000
56.493306,WATER_TO_NAPKIN_INIT_POS_SETTLE,-0.074322000,-0.540642000,0.342196000
56.503671,WATER_TO_NAPKIN_INIT_POS_SETTLE,-0.074341000,-0.540638000,0.342679000
56.513987,WATER_TO_NAPKIN_INIT_POS_SETTLE,-0.074358000,-0.540630000,0.343161000
56.524279,WATER_TO_NAPKIN_INIT_POS_SETTLE,-0.074377000,-0.540626000,0.343653000
56.534596,WATER_TO_NAPKIN_INIT_POS_SETTLE,-0.074393000,-0.540623000,0.344181000
56.544912,WATER_TO_NAPKIN_INIT_POS_SETTLE,-0.074406000,-0.540620000,0.344663000
56.555217,WATER_TO_NAPKIN_INIT_POS_SETTLE,-0.074415000,-0.540619000,0.345148000
56.565513,WATER_TO_NAPKIN_INIT_POS_SETTLE,-0.074433000,-0.540615000,0.345692000
56.575848,WATER_TO_NAPKIN_INIT_POS_SETTLE,-0.074448000,-0.540607000,0.346181000
56.586136,WATER_TO_NAPKIN_INIT_POS_SETTLE,-0.074435000,-0.540607000,0.346660000
56.596382,WATER_TO_NAPKIN_INIT_POS_SETTLE,-0.074424000,-0.540607000,0.347185000
56.606657,WATER_TO_NAPKIN_INIT_POS_SETTLE,-0.074415000,-0.540603000,0.347658000
56.616938,WATER_TO_NAPKIN_INIT_POS_SETTLE,-0.074418000,-0.540601000,0.348136000
56.627170,WATER_TO_NAPKIN_INIT_POS_SETTLE,-0.074437000,-0.540590000,0.348612000
56.637503,WATER_TO_NAPKIN_INIT_POS_SETTLE,-0.074445000,-0.540583000,0.349119000
56.647824,WATER_TO_NAPKIN_INIT_POS_SETTLE,-0.074457000,-0.540570000,0.349584000
56.658123,WATER_TO_NAPKIN_INIT_POS_SETTLE,-0.074463000,-0.540560000,0.350040000
56.668484,WATER_TO_NAPKIN_INIT_POS_SETTLE,-0.074460000,-0.540549000,0.350526000
56.678804,WATER_TO_NAPKIN_INIT_POS_SETTLE,-0.074465000,-0.540539000,0.350975000
56.689116,WATER_TO_NAPKIN_INIT_POS_SETTLE,-0.074473000,-0.540535000,0.351440000
56.699459,WATER_TO_NAPKIN_INIT_POS_SETTLE,-0.074470000,-0.540530000,0.351937000
56.709869,WATER_TO_NAPKIN_INIT_POS_SETTLE,-0.074458000,-0.540520000,0.352373000
56.720222,WATER_TO_NAPKIN_INIT_POS_SETTLE,-0.074466000,-0.540506000,0.352819000
56.730619,WATER_TO_NAPKIN_INIT_POS_SETTLE,-0.074492000,-0.540486000,0.353329000
56.740953,WATER_TO_NAPKIN_INIT_POS_SETTLE,-0.074513000,-0.540470000,0.353796000
56.751408,WATER_TO_NAPKIN_INIT_POS_SETTLE,-0.074512000,-0.540460000,0.354314000
56.761790,WATER_TO_NAPKIN_INIT_POS_SETTLE,-0.074489000,-0.540452000,0.354770000
56.772136,WATER_TO_NAPKIN_INIT_POS_SETTLE,-0.074464000,-0.540445000,0.355230000
56.782480,WATER_TO_NAPKIN_INIT_POS_SETTLE,-0.074453000,-0.540442000,0.355774000
56.792836,WATER_TO_NAPKIN_INIT_POS_SETTLE,-0.074449000,-0.540434000,0.356270000
56.803243,WATER_TO_NAPKIN_INIT_POS_SETTLE,-0.074447000,-0.540427000,0.356775000
56.813605,WATER_TO_NAPKIN_INIT_POS_SETTLE,-0.074456000,-0.540416000,0.357335000
56.823987,WATER_TO_NAPKIN_INIT_POS_SETTLE,-0.074451000,-0.540406000,0.357832000
56.834347,WATER_TO_NAPKIN_INIT_POS_SETTLE,-0.074457000,-0.540391000,0.358378000
56.844687,WATER_TO_NAPKIN_INIT_POS_SETTLE,-0.074470000,-0.540384000,0.358896000
56.855032,WATER_TO_NAPKIN_INIT_POS_SETTLE,-0.074483000,-0.540377000,0.359413000
56.865356,WATER_TO_NAPKIN_INIT_POS_SETTLE,-0.074506000,-0.540369000,0.359991000
56.875678,WATER_TO_NAPKIN_INIT_POS_SETTLE,-0.074525000,-0.540365000,0.360518000
56.885934,WATER_TO_NAPKIN_INIT_POS_SETTLE,-0.074544000,-0.540364000,0.361045000
56.896238,WATER_TO_NAPKIN_INIT_POS_SETTLE,-0.074574000,-0.540361000,0.361577000
56.906609,WATER_TO_NAPKIN_INIT_POS_SETTLE,-0.074632000,-0.540352000,0.362171000
56.916963,WATER_TO_NAPKIN_INIT_POS_SETTLE,-0.074697000,-0.540338000,0.362703000
57.188486,NAPKIN_LIFT1_POS,-0.075712000,-0.539735000,0.367716000
57.198148,NAPKIN_LIFT1_POS,-0.075716000,-0.539730000,0.367735000
57.208199,NAPKIN_LIFT1_POS,-0.075573000,-0.539752000,0.367606000
57.218123,NAPKIN_LIFT1_POS,-0.075263000,-0.539822000,0.367316000
57.228145,NAPKIN_LIFT1_POS,-0.074960000,-0.539915000,0.367036000
57.238232,NAPKIN_LIFT1_POS,-0.074639000,-0.540043000,0.366728000
57.248146,NAPKIN_LIFT1_POS,-0.074276000,-0.540170000,0.366295000
57.258141,NAPKIN_LIFT1_POS,-0.074145000,-0.540255000,0.366007000
57.268127,NAPKIN_LIFT1_POS,-0.074172000,-0.540322000,0.365858000
57.278142,NAPKIN_LIFT1_POS,-0.074017000,-0.540375000,0.365507000
57.288134,NAPKIN_LIFT1_POS,-0.073806000,-0.540419000,0.365140000
57.298119,NAPKIN_LIFT1_POS,-0.073673000,-0.540473000,0.364956000
57.308150,NAPKIN_LIFT1_POS,-0.073576000,-0.540535000,0.364823000
57.318141,NAPKIN_LIFT1_POS,-0.073606000,-0.540597000,0.364820000
57.328113,NAPKIN_LIFT1_POS,-0.073806000,-0.540637000,0.364959000
57.338130,NAPKIN_LIFT1_POS,-0.074156000,-0.540649000,0.365153000
57.348103,NAPKIN_LIFT1_POS,-0.074590000,-0.540633000,0.365312000
57.358182,NAPKIN_LIFT1_POS,-0.075055000,-0.540583000,0.365389000
57.368112,NAPKIN_LIFT1_POS,-0.075663000,-0.540486000,0.365466000
57.378125,NAPKIN_LIFT1_POS,-0.076388000,-0.540349000,0.365549000
57.388111,NAPKIN_LIFT1_POS,-0.077124000,-0.540209000,0.365613000
57.398139,NAPKIN_LIFT1_POS,-0.077815000,-0.540086000,0.365669000
57.408137,NAPKIN_LIFT1_POS,-0.078439000,-0.539987000,0.365721000
57.418126,NAPKIN_LIFT1_POS,-0.079022000,-0.539905000,0.365772000
57.428097,NAPKIN_LIFT1_POS,-0.079566000,-0.539834000,0.365797000
57.438158,NAPKIN_LIFT1_POS,-0.080079000,-0.539774000,0.365803000
57.448111,NAPKIN_LIFT1_POS,-0.080579000,-0.539718000,0.365806000
57.458142,NAPKIN_LIFT1_POS,-0.081094000,-0.539660000,0.365820000
57.468094,NAPKIN_LIFT1_POS,-0.081621000,-0.539600000,0.365837000
57.478135,NAPKIN_LIFT1_POS,-0.082155000,-0.539533000,0.365848000
57.488107,NAPKIN_LIFT1_POS,-0.082682000,-0.539471000,0.365861000
57.498128,NAPKIN_LIFT1_POS,-0.083196000,-0.539415000,0.365871000
57.508126,NAPKIN_LIFT1_POS,-0.083700000,-0.539361000,0.365881000
57.518163,NAPKIN_LIFT1_POS,-0.084214000,-0.539312000,0.365895000
57.528114,NAPKIN_LIFT1_POS,-0.084722000,-0.539262000,0.365895000
57.538154,NAPKIN_LIFT1_POS,-0.085233000,-0.539211000,0.365890000
57.548126,NAPKIN_LIFT1_POS,-0.085738000,-0.539164000,0.365880000
57.558197,NAPKIN_LIFT1_POS,-0.086245000,-0.539118000,0.365872000
57.568142,NAPKIN_LIFT1_POS,-0.086750000,-0.539075000,0.365865000
57.578130,NAPKIN_LIFT1_POS,-0.087249000,-0.539038000,0.365863000
57.588127,NAPKIN_LIFT1_POS,-0.087753000,-0.538995000,0.365857000
57.598111,NAPKIN_LIFT1_POS,-0.088254000,-0.538951000,0.365858000
57.608154,NAPKIN_LIFT1_POS,-0.088750000,-0.538911000,0.365857000
57.618098,NAPKIN_LIFT1_POS,-0.089249000,-0.538868000,0.365854000
57.628129,NAPKIN_LIFT1_POS,-0.089761000,-0.538822000,0.365857000
57.638110,NAPKIN_LIFT1_POS,-0.090273000,-0.538780000,0.365865000
57.648117,NAPKIN_LIFT1_POS,-0.090769000,-0.538742000,0.365862000
57.658087,NAPKIN_LIFT1_POS,-0.091257000,-0.538707000,0.365855000
57.668115,NAPKIN_LIFT1_POS,-0.091748000,-0.538670000,0.365851000
57.678092,NAPKIN_LIFT1_POS,-0.092247000,-0.538636000,0.365855000
57.688141,NAPKIN_LIFT1_POS,-0.092755000,-0.538604000,0.365864000
57.698095,NAPKIN_LIFT1_POS,-0.093262000,-0.538576000,0.365872000
57.708148,NAPKIN_LIFT1_POS,-0.093772000,-0.538540000,0.365868000
57.718097,NAPKIN_LIFT1_POS,-0.094267000,-0.538511000,0.365858000
57.728116,NAPKIN_LIFT1_POS,-0.094762000,-0.538486000,0.365853000
57.738100,NAPKIN_LIFT1_POS,-0.095254000,-0.538464000,0.365845000
57.748127,NAPKIN_LIFT1_POS,-0.095753000,-0.538442000,0.365839000
57.758135,NAPKIN_LIFT1_POS,-0.096247000,-0.538424000,0.365829000
57.768132,NAPKIN_LIFT1_POS,-0.096739000,-0.538404000,0.365816000
57.778090,NAPKIN_LIFT1_POS,-0.097238000,-0.538383000,0.365809000
57.788111,NAPKIN_LIFT1_POS,-0.097729000,-0.538374000,0.365803000
57.798095,NAPKIN_LIFT1_POS,-0.098215000,-0.538364000,0.365782000
57.808156,NAPKIN_LIFT1_POS,-0.098701000,-0.538355000,0.365761000
57.818084,NAPKIN_LIFT1_POS,-0.099190000,-0.538346000,0.365742000
57.828123,NAPKIN_LIFT1_POS,-0.099681000,-0.538339000,0.365727000
57.838102,NAPKIN_LIFT1_POS,-0.100171000,-0.538341000,0.365720000
57.848124,NAPKIN_LIFT1_POS,-0.100671000,-0.538335000,0.365712000
57.858082,NAPKIN_LIFT1_POS,-0.101162000,-0.538333000,0.365708000
57.868117,NAPKIN_LIFT1_POS,-0.101645000,-0.538333000,0.365697000
57.878142,NAPKIN_LIFT1_POS,-0.102148000,-0.538324000,0.365691000
57.888140,NAPKIN_LIFT1_POS,-0.102650000,-0.538317000,0.365695000
57.898093,NAPKIN_LIFT1_POS,-0.103142000,-0.538309000,0.365694000
57.908154,NAPKIN_LIFT1_POS,-0.103634000,-0.538303000,0.365693000
57.918095,NAPKIN_LIFT1_POS,-0.104131000,-0.538295000,0.365693000
57.928115,NAPKIN_LIFT1_POS,-0.104630000,-0.538284000,0.365697000
57.938111,NAPKIN_LIFT1_POS,-0.105123000,-0.538273000,0.365707000
57.948130,NAPKIN_LIFT1_POS,-0.105623000,-0.538251000,0.365716000
57.958122,NAPKIN_LIFT1_POS,-0.106129000,-0.538227000,0.365723000
57.968141,NAPKIN_LIFT1_POS,-0.106618000,-0.538207000,0.365729000
57.978095,NAPKIN_LIFT1_POS,-0.107103000,-0.538188000,0.365739000
57.988119,NAPKIN_LIFT1_POS,-0.107613000,-0.538163000,0.365764000
57.998102,NAPKIN_LIFT1_POS,-0.108117000,-0.538135000,0.365779000
58.008145,NAPKIN_LIFT1_POS,-0.108613000,-0.538110000,0.365801000
58.018095,NAPKIN_LIFT1_POS,-0.109126000,-0.538076000,0.365832000
58.028105,NAPKIN_LIFT1_POS,-0.109627000,-0.538045000,0.365849000
58.038110,NAPKIN_LIFT1_POS,-0.110123000,-0.538021000,0.365864000
58.048108,NAPKIN_LIFT1_POS,-0.110621000,-0.537996000,0.365884000
58.058096,NAPKIN_LIFT1_POS,-0.111124000,-0.537971000,0.365911000
58.068100,NAPKIN_LIFT1_POS,-0.111634000,-0.537943000,0.365936000
58.078098,NAPKIN_LIFT1_POS,-0.112131000,-0.537920000,0.365950000
58.088126,NAPKIN_LIFT1_POS,-0.112639000,-0.537895000,0.365973000
58.098091,NAPKIN_LIFT1_POS,-0.113171000,-0.537863000,0.366012000
58.108142,NAPKIN_LIFT1_POS,-0.113703000,-0.537831000,0.366045000
58.118145,NAPKIN_LIFT1_POS,-0.114221000,-0.537804000,0.366066000
58.128107,NAPKIN_LIFT1_POS,-0.114730000,-0.537777000,0.366078000
58.138103,NAPKIN_LIFT1_POS,-0.115253000,-0.537748000,0.366087000
58.148113,NAPKIN_LIFT1_POS,-0.115769000,-0.537728000,0.366110000
58.158127,NAPKIN_LIFT1_POS,-0.116288000,-0.537705000,0.366131000
58.168124,NAPKIN_LIFT1_POS,-0.116797000,-0.537684000,0.366146000
58.178086,NAPKIN_LIFT1_POS,-0.117316000,-0.537660000,0.366155000
58.188129,NAPKIN_LIFT1_POS,-0.117826000,-0.537641000,0.366161000
58.198162,NAPKIN_LIFT1_POS,-0.118328000,-0.537625000,0.366160000
58.198244,NAPKIN_LIFT1_POS_SETTLE,-0.118328000,-0.537625000,0.366160000
58.208643,NAPKIN_LIFT1_POS_SETTLE,-0.118891000,-0.537600000,0.366165000
58.219006,NAPKIN_LIFT1_POS_SETTLE,-0.119401000,-0.537578000,0.366173000
58.229351,NAPKIN_LIFT1_POS_SETTLE,-0.119890000,-0.537569000,0.366177000
58.239680,NAPKIN_LIFT1_POS_SETTLE,-0.120429000,-0.537550000,0.366161000
58.249998,NAPKIN_LIFT1_POS_SETTLE,-0.120913000,-0.537538000,0.366150000
58.260305,NAPKIN_LIFT1_POS_SETTLE,-0.121382000,-0.537528000,0.366135000
58.270602,NAPKIN_LIFT1_POS_SETTLE,-0.121899000,-0.537521000,0.366126000
58.280921,NAPKIN_LIFT1_POS_SETTLE,-0.122380000,-0.537512000,0.366123000
58.291224,NAPKIN_LIFT1_POS_SETTLE,-0.122851000,-0.537504000,0.366119000
58.301582,NAPKIN_LIFT1_POS_SETTLE,-0.123378000,-0.537484000,0.366110000
58.311939,NAPKIN_LIFT1_POS_SETTLE,-0.123859000,-0.537468000,0.366111000
58.322265,NAPKIN_LIFT1_POS_SETTLE,-0.124334000,-0.537460000,0.366110000
58.332570,NAPKIN_LIFT1_POS_SETTLE,-0.124858000,-0.537449000,0.366105000
58.342878,NAPKIN_LIFT1_POS_SETTLE,-0.125352000,-0.537433000,0.366116000
58.353166,NAPKIN_LIFT1_POS_SETTLE,-0.125846000,-0.537415000,0.366127000
58.363502,NAPKIN_LIFT1_POS_SETTLE,-0.126387000,-0.537397000,0.366135000
58.373832,NAPKIN_LIFT1_POS_SETTLE,-0.126872000,-0.537379000,0.366139000
58.384124,NAPKIN_LIFT1_POS_SETTLE,-0.127376000,-0.537353000,0.366156000
58.394417,NAPKIN_LIFT1_POS_SETTLE,-0.127934000,-0.537327000,0.366179000
58.404757,NAPKIN_LIFT1_POS_SETTLE,-0.128430000,-0.537307000,0.366185000
58.415060,NAPKIN_LIFT1_POS_SETTLE,-0.128926000,-0.537287000,0.366188000
58.425397,NAPKIN_LIFT1_POS_SETTLE,-0.129500000,-0.537262000,0.366227000
58.435741,NAPKIN_LIFT1_POS_SETTLE,-0.130026000,-0.537238000,0.366262000
58.446060,NAPKIN_LIFT1_POS_SETTLE,-0.130529000,-0.537216000,0.366269000
58.456383,NAPKIN_LIFT1_POS_SETTLE,-0.131089000,-0.537186000,0.366268000
58.466692,NAPKIN_LIFT1_POS_SETTLE,-0.131617000,-0.537158000,0.366282000
58.477003,NAPKIN_LIFT1_POS_SETTLE,-0.132141000,-0.537137000,0.366307000
58.487302,NAPKIN_LIFT1_POS_SETTLE,-0.132663000,-0.537113000,0.366329000
58.497657,NAPKIN_LIFT1_POS_SETTLE,-0.133225000,-0.537094000,0.366328000
58.508005,NAPKIN_LIFT1_POS_SETTLE,-0.133738000,-0.537072000,0.366313000
58.518319,NAPKIN_LIFT1_POS_SETTLE,-0.134271000,-0.537041000,0.366316000
58.528628,NAPKIN_LIFT1_POS_SETTLE,-0.134851000,-0.537011000,0.366328000
58.538952,NAPKIN_LIFT1_POS_SETTLE,-0.135370000,-0.536988000,0.366335000
58.549170,NAPKIN_LIFT1_POS_SETTLE,-0.135890000,-0.536961000,0.366343000
58.559403,NAPKIN_LIFT1_POS_SETTLE,-0.136473000,-0.536927000,0.366352000
58.569651,NAPKIN_LIFT1_POS_SETTLE,-0.136999000,-0.536899000,0.366361000
58.579904,NAPKIN_LIFT1_POS_SETTLE,-0.137513000,-0.536870000,0.366364000
58.590089,NAPKIN_LIFT1_POS_SETTLE,-0.138025000,-0.536848000,0.366384000
58.600315,NAPKIN_LIFT1_POS_SETTLE,-0.138540000,-0.536822000,0.366401000
58.610528,NAPKIN_LIFT1_POS_SETTLE,-0.139088000,-0.536796000,0.366408000
58.620874,NAPKIN_LIFT1_POS_SETTLE,-0.139590000,-0.536770000,0.366411000
58.631097,NAPKIN_LIFT1_POS_SETTLE,-0.140098000,-0.536739000,0.366426000
58.641302,NAPKIN_LIFT1_POS_SETTLE,-0.140608000,-0.536711000,0.366449000
58.651493,NAPKIN_LIFT1_POS_SETTLE,-0.141158000,-0.536681000,0.366465000
58.661781,NAPKIN_LIFT1_POS_SETTLE,-0.141650000,-0.536652000,0.366471000
58.672016,NAPKIN_LIFT1_POS_SETTLE,-0.142145000,-0.536625000,0.366490000
58.682197,NAPKIN_LIFT1_POS_SETTLE,-0.142646000,-0.536592000,0.366514000
58.692419,NAPKIN_LIFT1_POS_SETTLE,-0.143177000,-0.536567000,0.366523000
58.702863,NAPKIN_LIFT1_POS_SETTLE,-0.143659000,-0.536548000,0.366524000
58.713141,NAPKIN_LIFT1_POS_SETTLE,-0.144136000,-0.536532000,0.366526000
58.723377,NAPKIN_LIFT1_POS_SETTLE,-0.144670000,-0.536516000,0.366526000
58.733563,NAPKIN_LIFT1_POS_SETTLE,-0.145149000,-0.536502000,0.366527000
58.743782,NAPKIN_LIFT1_POS_SETTLE,-0.145645000,-0.536486000,0.366536000
58.753971,NAPKIN_LIFT1_POS_SETTLE,-0.146130000,-0.536476000,0.366538000
58.764201,NAPKIN_LIFT1_POS_SETTLE,-0.146613000,-0.536466000,0.366530000
58.774497,NAPKIN_LIFT1_POS_SETTLE,-0.147134000,-0.536459000,0.366506000
58.784809,NAPKIN_LIFT1_POS_SETTLE,-0.147607000,-0.536458000,0.366483000
58.795114,NAPKIN_LIFT1_POS_SETTLE,-0.148095000,-0.536463000,0.366480000
58.805471,NAPKIN_LIFT1_POS_SETTLE,-0.148651000,-0.536461000,0.366481000
58.815878,NAPKIN_LIFT1_POS_SETTLE,-0.149139000,-0.536467000,0.366466000
58.826128,NAPKIN_LIFT1_POS_SETTLE,-0.149633000,-0.536470000,0.366440000
58.836356,NAPKIN_LIFT1_POS_SETTLE,-0.150200000,-0.536470000,0.366442000
58.846594,NAPKIN_LIFT1_POS_SETTLE,-0.150713000,-0.536474000,0.366454000
58.857043,NAPKIN_LIFT1_POS_SETTLE,-0.151212000,-0.536478000,0.366453000
58.867275,NAPKIN_LIFT1_POS_SETTLE,-0.151714000,-0.536476000,0.366454000
58.877477,NAPKIN_LIFT1_POS_SETTLE,-0.152251000,-0.536482000,0.366451000
58.887824,NAPKIN_LIFT1_POS_SETTLE,-0.152744000,-0.536482000,0.366457000
58.898107,NAPKIN_LIFT1_POS_SETTLE,-0.153250000,-0.536476000,0.366479000
58.908369,NAPKIN_LIFT1_POS_SETTLE,-0.153806000,-0.536466000,0.366517000
58.918603,NAPKIN_LIFT1_POS_SETTLE,-0.154322000,-0.536445000,0.366542000
58.928829,NAPKIN_LIFT1_POS_SETTLE,-0.154825000,-0.536425000,0.366555000
58.939041,NAPKIN_LIFT1_POS_SETTLE,-0.155323000,-0.536401000,0.366576000
58.949235,NAPKIN_LIFT1_POS_SETTLE,-0.155840000,-0.536373000,0.366626000
58.959426,NAPKIN_LIFT1_POS_SETTLE,-0.156391000,-0.536340000,0.366664000
58.969696,NAPKIN_LIFT1_POS_SETTLE,-0.156881000,-0.536316000,0.366693000
58.980032,NAPKIN_LIFT1_POS_SETTLE,-0.157366000,-0.536297000,0.366721000
58.990351,NAPKIN_LIFT1_POS_SETTLE,-0.157905000,-0.536262000,0.366745000
59.000704,NAPKIN_LIFT1_POS_SETTLE,-0.158390000,-0.536234000,0.366767000
59.011046,NAPKIN_LIFT1_POS_SETTLE,-0.158905000,-0.536200000,0.366809000
59.021343,NAPKIN_LIFT1_POS_SETTLE,-0.159456000,-0.536166000,0.366846000
59.031644,NAPKIN_LIFT1_POS_SETTLE,-0.159957000,-0.536133000,0.366862000
59.041966,NAPKIN_LIFT1_POS_SETTLE,-0.160453000,-0.536102000,0.366872000
59.052258,NAPKIN_LIFT1_POS_SETTLE,-0.160943000,-0.536078000,0.366879000
59.062576,NAPKIN_LIFT1_POS_SETTLE,-0.161482000,-0.536051000,0.366881000
59.072882,NAPKIN_LIFT1_POS_SETTLE,-0.161993000,-0.536021000,0.366887000
59.083169,NAPKIN_LIFT1_POS_SETTLE,-0.162500000,-0.535996000,0.366893000
59.093468,NAPKIN_LIFT1_POS_SETTLE,-0.163055000,-0.535972000,0.366897000
59.103798,NAPKIN_LIFT1_POS_SETTLE,-0.163566000,-0.535949000,0.366900000
59.114117,NAPKIN_LIFT1_POS_SETTLE,-0.164079000,-0.535926000,0.366896000
59.124428,NAPKIN_LIFT1_POS_SETTLE,-0.164630000,-0.535901000,0.366868000
59.134742,NAPKIN_LIFT1_POS_SETTLE,-0.165136000,-0.535884000,0.366853000
59.145025,NAPKIN_LIFT1_POS_SETTLE,-0.165649000,-0.535867000,0.366858000
59.155310,NAPKIN_LIFT1_POS_SETTLE,-0.166159000,-0.535859000,0.366869000
59.165617,NAPKIN_LIFT1_POS_SETTLE,-0.166649000,-0.535854000,0.366858000
59.175956,NAPKIN_LIFT1_POS_SETTLE,-0.167182000,-0.535843000,0.366815000
59.186248,NAPKIN_LIFT1_POS_SETTLE,-0.167667000,-0.535838000,0.366784000
59.196756,NAPKIN_LIFT1_POS_SETTLE,-0.168214000,-0.535829000,0.366780000
59.207114,NAPKIN_LIFT1_POS_SETTLE,-0.168730000,-0.535816000,0.366793000
59.217433,NAPKIN_LIFT1_POS_SETTLE,-0.169267000,-0.535807000,0.366783000
59.227729,NAPKIN_LIFT1_POS_SETTLE,-0.169734000,-0.535804000,0.366754000
59.238031,NAPKIN_LIFT1_POS_SETTLE,-0.170217000,-0.535790000,0.366733000
59.248322,NAPKIN_LIFT1_POS_SETTLE,-0.170701000,-0.535782000,0.366730000
59.258608,NAPKIN_LIFT1_POS_SETTLE,-0.171240000,-0.535772000,0.366738000
59.268887,NAPKIN_LIFT1_POS_SETTLE,-0.171723000,-0.535763000,0.366736000
59.279179,NAPKIN_LIFT1_POS_SETTLE,-0.172214000,-0.535741000,0.366722000
59.289507,NAPKIN_LIFT1_POS_SETTLE,-0.172750000,-0.535718000,0.366709000
59.299811,NAPKIN_LIFT1_POS_SETTLE,-0.173240000,-0.535693000,0.366697000
59.310157,NAPKIN_LIFT1_POS_SETTLE,-0.173734000,-0.535668000,0.366697000
59.320484,NAPKIN_LIFT1_POS_SETTLE,-0.174286000,-0.535641000,0.366705000
59.330794,NAPKIN_LIFT1_POS_SETTLE,-0.174796000,-0.535608000,0.366712000
59.341094,NAPKIN_LIFT1_POS_SETTLE,-0.175301000,-0.535577000,0.366710000
59.351415,NAPKIN_LIFT1_POS_SETTLE,-0.175851000,-0.535545000,0.366708000
59.361751,NAPKIN_LIFT1_POS_SETTLE,-0.176358000,-0.535513000,0.366717000
59.372134,NAPKIN_LIFT1_POS_SETTLE,-0.176875000,-0.535475000,0.366730000
59.382492,NAPKIN_LIFT1_POS_SETTLE,-0.177463000,-0.535420000,0.366751000
59.392821,NAPKIN_LIFT1_POS_SETTLE,-0.177990000,-0.535375000,0.366768000
59.403201,NAPKIN_LIFT1_POS_SETTLE,-0.178495000,-0.535330000,0.366766000
59.413558,NAPKIN_LIFT1_POS_SETTLE,-0.179055000,-0.535283000,0.366777000
59.423860,NAPKIN_LIFT1_POS_SETTLE,-0.179594000,-0.535226000,0.366808000
59.434155,NAPKIN_LIFT1_POS_SETTLE,-0.180124000,-0.535179000,0.366839000
59.444459,NAPKIN_LIFT1_POS_SETTLE,-0.180685000,-0.535134000,0.366851000
59.454766,NAPKIN_LIFT1_POS_SETTLE,-0.181199000,-0.535094000,0.366873000
59.465058,NAPKIN_LIFT1_POS_SETTLE,-0.181716000,-0.535048000,0.366886000
59.475362,NAPKIN_LIFT1_POS_SETTLE,-0.182277000,-0.535009000,0.366904000
59.485686,NAPKIN_LIFT1_POS_SETTLE,-0.182789000,-0.534972000,0.366923000
59.496044,NAPKIN_LIFT1_POS_SETTLE,-0.183296000,-0.534941000,0.366948000
59.506426,NAPKIN_LIFT1_POS_SETTLE,-0.183842000,-0.534915000,0.366971000
59.516785,NAPKIN_LIFT1_POS_SETTLE,-0.184342000,-0.534884000,0.366977000
59.527105,NAPKIN_LIFT1_POS_SETTLE,-0.184841000,-0.534856000,0.366976000
59.537414,NAPKIN_LIFT1_POS_SETTLE,-0.185383000,-0.534831000,0.366973000
59.547705,NAPKIN_LIFT1_POS_SETTLE,-0.185893000,-0.534807000,0.366990000
59.558008,NAPKIN_LIFT1_POS_SETTLE,-0.186394000,-0.534792000,0.367005000
59.568262,NAPKIN_LIFT1_POS_SETTLE,-0.186890000,-0.534778000,0.367000000
59.578538,NAPKIN_LIFT1_POS_SETTLE,-0.187432000,-0.534763000,0.366986000
59.588993,NAPKIN_LIFT1_POS_SETTLE,-0.187924000,-0.534751000,0.366977000
59.599407,NAPKIN_LIFT1_POS_SETTLE,-0.188473000,-0.534745000,0.366985000
59.609753,NAPKIN_LIFT1_POS_SETTLE,-0.188970000,-0.534738000,0.366994000
59.620052,NAPKIN_LIFT1_POS_SETTLE,-0.189463000,-0.534731000,0.366994000
59.630354,NAPKIN_LIFT1_POS_SETTLE,-0.189991000,-0.534735000,0.366991000
59.640661,NAPKIN_LIFT1_POS_SETTLE,-0.190468000,-0.534733000,0.366979000
59.650986,NAPKIN_LIFT1_POS_SETTLE,-0.190937000,-0.534734000,0.366968000
59.661275,NAPKIN_LIFT1_POS_SETTLE,-0.191410000,-0.534739000,0.366966000
59.671570,NAPKIN_LIFT1_POS_SETTLE,-0.191935000,-0.534734000,0.366963000
59.681884,NAPKIN_LIFT1_POS_SETTLE,-0.192406000,-0.534732000,0.366967000
59.692198,NAPKIN_LIFT1_POS_SETTLE,-0.192887000,-0.534725000,0.366975000
59.702561,NAPKIN_LIFT1_POS_SETTLE,-0.193412000,-0.534715000,0.366972000
59.712897,NAPKIN_LIFT1_POS_SETTLE,-0.193871000,-0.534714000,0.366960000
59.723197,NAPKIN_LIFT1_POS_SETTLE,-0.194328000,-0.534717000,0.366951000
59.733514,NAPKIN_LIFT1_POS_SETTLE,-0.194847000,-0.534711000,0.366947000
59.743829,NAPKIN_LIFT1_POS_SETTLE,-0.195330000,-0.534701000,0.366944000
59.754116,NAPKIN_LIFT1_POS_SETTLE,-0.195808000,-0.534701000,0.366944000
59.764411,NAPKIN_LIFT1_POS_SETTLE,-0.196340000,-0.534702000,0.366944000
59.774752,NAPKIN_LIFT1_POS_SETTLE,-0.196841000,-0.534687000,0.366943000
59.785055,NAPKIN_LIFT1_POS_SETTLE,-0.197350000,-0.534671000,0.366943000
59.795376,NAPKIN_LIFT1_POS_SETTLE,-0.197927000,-0.534640000,0.366943000
59.805718,NAPKIN_LIFT1_POS_SETTLE,-0.198457000,-0.534619000,0.366957000
59.816074,NAPKIN_LIFT1_POS_SETTLE,-0.198982000,-0.534598000,0.366973000
59.826403,NAPKIN_LIFT1_POS_SETTLE,-0.199550000,-0.534583000,0.366988000
59.836732,NAPKIN_LIFT1_POS_SETTLE,-0.200063000,-0.534567000,0.366984000
59.847012,NAPKIN_LIFT1_POS_SETTLE,-0.200586000,-0.534541000,0.366981000
59.857319,NAPKIN_LIFT1_POS_SETTLE,-0.201190000,-0.534512000,0.367030000
59.867618,NAPKIN_LIFT1_POS_SETTLE,-0.201734000,-0.534483000,0.367069000
59.877911,NAPKIN_LIFT1_POS_SETTLE,-0.202266000,-0.534450000,0.367086000
59.888272,NAPKIN_LIFT1_POS_SETTLE,-0.202797000,-0.534413000,0.367099000
59.898639,NAPKIN_LIFT1_POS_SETTLE,-0.203393000,-0.534367000,0.367121000
59.908964,NAPKIN_LIFT1_POS_SETTLE,-0.203937000,-0.534322000,0.367156000
59.919279,NAPKIN_LIFT1_POS_SETTLE,-0.204476000,-0.534284000,0.367200000
59.929569,NAPKIN_LIFT1_POS_SETTLE,-0.205041000,-0.534249000,0.367225000
59.939866,NAPKIN_LIFT1_POS_SETTLE,-0.205548000,-0.534217000,0.367233000
59.950158,NAPKIN_LIFT1_POS_SETTLE,-0.206066000,-0.534181000,0.367260000
59.960462,NAPKIN_LIFT1_POS_SETTLE,-0.206655000,-0.534131000,0.367302000
59.970809,NAPKIN_LIFT1_POS_SETTLE,-0.207176000,-0.534093000,0.367335000
59.981064,NAPKIN_LIFT1_POS_SETTLE,-0.207685000,-0.534055000,0.367356000
59.991385,NAPKIN_LIFT1_POS_SETTLE,-0.208257000,-0.534010000,0.367384000
60.001759,NAPKIN_LIFT1_POS_SETTLE,-0.208783000,-0.533967000,0.367408000
60.012081,NAPKIN_LIFT1_POS_SETTLE,-0.209301000,-0.533930000,0.367423000
60.022379,NAPKIN_LIFT1_POS_SETTLE,-0.209857000,-0.533897000,0.367438000
60.032660,NAPKIN_LIFT1_POS_SETTLE,-0.210378000,-0.533862000,0.367459000
60.042940,NAPKIN_LIFT1_POS_SETTLE,-0.210888000,-0.533832000,0.367473000
60.053224,NAPKIN_LIFT1_POS_SETTLE,-0.211395000,-0.533804000,0.367481000
60.063523,NAPKIN_LIFT1_POS_SETTLE,-0.211947000,-0.533776000,0.367492000
60.073808,NAPKIN_LIFT1_POS_SETTLE,-0.212449000,-0.533749000,0.367502000
60.084091,NAPKIN_LIFT1_POS_SETTLE,-0.212946000,-0.533723000,0.367512000
60.094379,NAPKIN_LIFT1_POS_SETTLE,-0.213484000,-0.533697000,0.367516000
60.104736,NAPKIN_LIFT1_POS_SETTLE,-0.213980000,-0.533669000,0.367514000
60.115054,NAPKIN_LIFT1_POS_SETTLE,-0.214467000,-0.533657000,0.367524000
60.125344,NAPKIN_LIFT1_POS_SETTLE,-0.215011000,-0.533640000,0.367542000
60.135656,NAPKIN_LIFT1_POS_SETTLE,-0.215500000,-0.533631000,0.367556000
60.145976,NAPKIN_LIFT1_POS_SETTLE,-0.215987000,-0.533623000,0.367566000
60.156270,NAPKIN_LIFT1_POS_SETTLE,-0.216459000,-0.533627000,0.367566000
60.166565,NAPKIN_LIFT1_POS_SETTLE,-0.216989000,-0.533629000,0.367578000
60.176876,NAPKIN_LIFT1_POS_SETTLE,-0.217470000,-0.533634000,0.367575000
60.187271,NAPKIN_LIFT1_POS_SETTLE,-0.217939000,-0.533655000,0.367571000
60.197599,NAPKIN_LIFT1_POS_SETTLE,-0.218471000,-0.533671000,0.367573000
60.207944,NAPKIN_LIFT1_POS_SETTLE,-0.218962000,-0.533681000,0.367570000
60.218267,NAPKIN_LIFT1_POS_SETTLE,-0.219458000,-0.533689000,0.367562000
60.228580,NAPKIN_LIFT1_POS_SETTLE,-0.220010000,-0.533696000,0.367563000
60.238920,NAPKIN_LIFT1_POS_SETTLE,-0.220510000,-0.533706000,0.367565000
60.249222,NAPKIN_LIFT1_POS_SETTLE,-0.221011000,-0.533710000,0.367565000
60.259525,NAPKIN_LIFT1_POS_SETTLE,-0.221541000,-0.533722000,0.367542000
60.269837,NAPKIN_LIFT1_POS_SETTLE,-0.222018000,-0.533737000,0.367526000
60.280103,NAPKIN_LIFT1_POS_SETTLE,-0.222514000,-0.533748000,0.367541000
60.290402,NAPKIN_LIFT1_POS_SETTLE,-0.223066000,-0.533754000,0.367566000
60.300736,NAPKIN_LIFT1_POS_SETTLE,-0.223559000,-0.533750000,0.367570000
60.311040,NAPKIN_LIFT1_POS_SETTLE,-0.224057000,-0.533739000,0.367569000
60.321347,NAPKIN_LIFT1_POS_SETTLE,-0.224611000,-0.533721000,0.367578000
60.331634,NAPKIN_LIFT1_POS_SETTLE,-0.225125000,-0.533698000,0.367611000
60.341933,NAPKIN_LIFT1_POS_SETTLE,-0.225629000,-0.533676000,0.367639000
60.352136,NAPKIN_LIFT1_POS_SETTLE,-0.226124000,-0.533650000,0.367655000
60.362388,NAPKIN_LIFT1_POS_SETTLE,-0.226645000,-0.533628000,0.367657000
60.372711,NAPKIN_LIFT1_POS_SETTLE,-0.227140000,-0.533594000,0.367661000
60.382996,NAPKIN_LIFT1_POS_SETTLE,-0.227634000,-0.533563000,0.367672000
60.393344,NAPKIN_LIFT1_POS_SETTLE,-0.228145000,-0.533522000,0.367697000
60.403697,NAPKIN_LIFT1_POS_SETTLE,-0.228690000,-0.533483000,0.367708000
60.414040,NAPKIN_LIFT1_POS_SETTLE,-0.229210000,-0.533431000,0.367722000
60.424351,NAPKIN_LIFT1_POS_SETTLE,-0.229792000,-0.533368000,0.367737000
60.434662,NAPKIN_LIFT1_POS_SETTLE,-0.230315000,-0.533313000,0.367748000
60.444952,NAPKIN_LIFT1_POS_SETTLE,-0.230833000,-0.533261000,0.367755000
60.455265,NAPKIN_LIFT1_POS_SETTLE,-0.231351000,-0.533209000,0.367758000
60.465603,NAPKIN_LIFT1_POS_SETTLE,-0.231925000,-0.533149000,0.367766000
60.475945,NAPKIN_LIFT1_POS_SETTLE,-0.232441000,-0.533104000,0.367780000
60.486240,NAPKIN_LIFT1_POS_SETTLE,-0.232966000,-0.533055000,0.367799000
60.496539,NAPKIN_LIFT1_POS_SETTLE,-0.233544000,-0.533000000,0.367824000
60.506873,NAPKIN_LIFT1_POS_SETTLE,-0.234062000,-0.532946000,0.367827000
60.517181,NAPKIN_LIFT1_POS_SETTLE,-0.234571000,-0.532900000,0.367830000
60.527485,NAPKIN_LIFT1_POS_SETTLE,-0.235133000,-0.532853000,0.367851000
60.537790,NAPKIN_LIFT1_POS_SETTLE,-0.235664000,-0.532796000,0.367874000
60.548040,NAPKIN_LIFT1_POS_SETTLE,-0.236176000,-0.532757000,0.367894000
60.558335,NAPKIN_LIFT1_POS_SETTLE,-0.236733000,-0.532723000,0.367912000
60.568620,NAPKIN_LIFT1_POS_SETTLE,-0.237244000,-0.532690000,0.367925000
60.578960,NAPKIN_LIFT1_POS_SETTLE,-0.237736000,-0.532666000,0.367915000
60.589283,NAPKIN_LIFT1_POS_SETTLE,-0.238209000,-0.532659000,0.367897000
60.599592,NAPKIN_LIFT1_POS_SETTLE,-0.238744000,-0.532652000,0.367887000
60.609920,NAPKIN_LIFT1_POS_SETTLE,-0.239250000,-0.532643000,0.367896000
60.620213,NAPKIN_LIFT1_POS_SETTLE,-0.239757000,-0.532637000,0.367913000
60.630500,NAPKIN_LIFT1_POS_SETTLE,-0.240308000,-0.532636000,0.367910000
60.640788,NAPKIN_LIFT1_POS_SETTLE,-0.240795000,-0.532634000,0.367876000
60.651069,NAPKIN_LIFT1_POS_SETTLE,-0.241276000,-0.532639000,0.367848000
60.661334,NAPKIN_LIFT1_POS_SETTLE,-0.241818000,-0.532640000,0.367840000
60.671612,NAPKIN_LIFT1_POS_SETTLE,-0.242303000,-0.532645000,0.367834000
60.681919,NAPKIN_LIFT1_POS_SETTLE,-0.242787000,-0.532649000,0.367834000
60.692207,NAPKIN_LIFT1_POS_SETTLE,-0.243269000,-0.532650000,0.367831000
60.702536,NAPKIN_LIFT1_POS_SETTLE,-0.243795000,-0.532649000,0.367822000
60.712874,NAPKIN_LIFT1_POS_SETTLE,-0.244281000,-0.532645000,0.367822000
60.723189,NAPKIN_LIFT1_POS_SETTLE,-0.244763000,-0.532639000,0.367823000
60.733561,NAPKIN_LIFT1_POS_SETTLE,-0.245282000,-0.532635000,0.367816000
60.743884,NAPKIN_LIFT1_POS_SETTLE,-0.245745000,-0.532638000,0.367804000
60.754098,NAPKIN_LIFT1_POS_SETTLE,-0.246216000,-0.532633000,0.367799000
60.764280,NAPKIN_LIFT1_POS_SETTLE,-0.246689000,-0.532621000,0.367792000
60.774561,NAPKIN_LIFT1_POS_SETTLE,-0.247192000,-0.532619000,0.367769000
60.785001,NAPKIN_LIFT1_POS_SETTLE,-0.247656000,-0.532615000,0.367753000
60.795371,NAPKIN_LIFT1_POS_SETTLE,-0.248175000,-0.532602000,0.367733000
60.805756,NAPKIN_LIFT1_POS_SETTLE,-0.248669000,-0.532580000,0.367724000
60.816116,NAPKIN_LIFT1_POS_SETTLE,-0.249173000,-0.532549000,0.367714000
60.826472,NAPKIN_LIFT1_POS_SETTLE,-0.249712000,-0.532529000,0.367695000
60.836796,NAPKIN_LIFT1_POS_SETTLE,-0.250202000,-0.532508000,0.367676000
60.847131,NAPKIN_LIFT1_POS_SETTLE,-0.250690000,-0.532491000,0.367662000
60.857466,NAPKIN_LIFT1_POS_SETTLE,-0.251234000,-0.532462000,0.367635000
60.867816,NAPKIN_LIFT1_POS_SETTLE,-0.251734000,-0.532434000,0.367619000
60.878165,NAPKIN_LIFT1_POS_SETTLE,-0.252236000,-0.532406000,0.367625000
60.888515,NAPKIN_LIFT1_POS_SETTLE,-0.252812000,-0.532362000,0.367650000
60.899102,NAPKIN_LIFT1_POS_SETTLE,-0.253275000,-0.532331000,0.367656000
60.909408,NAPKIN_LIFT1_POS_SETTLE,-0.253891000,-0.532280000,0.367652000
60.919768,NAPKIN_LIFT1_POS_SETTLE,-0.254415000,-0.532239000,0.367659000
60.930111,NAPKIN_LIFT1_POS_SETTLE,-0.254921000,-0.532210000,0.367660000
60.940428,NAPKIN_LIFT1_POS_SETTLE,-0.255476000,-0.532186000,0.367680000
60.950759,NAPKIN_LIFT1_POS_SETTLE,-0.255990000,-0.532164000,0.367710000
60.961082,NAPKIN_LIFT1_POS_SETTLE,-0.256502000,-0.532142000,0.367731000
60.971402,NAPKIN_LIFT1_POS_SETTLE,-0.257054000,-0.532126000,0.367741000
60.981768,NAPKIN_LIFT1_POS_SETTLE,-0.257569000,-0.532105000,0.367751000
60.992149,NAPKIN_LIFT1_POS_SETTLE,-0.258093000,-0.532079000,0.367759000
61.002491,NAPKIN_LIFT1_POS_SETTLE,-0.258675000,-0.532055000,0.367787000
61.012869,NAPKIN_LIFT1_POS_SETTLE,-0.259210000,-0.532036000,0.367825000
61.023100,NAPKIN_LIFT1_POS_SETTLE,-0.259732000,-0.532025000,0.367848000
61.033367,NAPKIN_LIFT1_POS_SETTLE,-0.260300000,-0.532009000,0.367863000
61.043727,NAPKIN_LIFT1_POS_SETTLE,-0.260802000,-0.532008000,0.367870000
61.054063,NAPKIN_LIFT1_POS_SETTLE,-0.261301000,-0.532007000,0.367893000
61.064382,NAPKIN_LIFT1_POS_SETTLE,-0.261855000,-0.532007000,0.367942000
61.074699,NAPKIN_LIFT1_POS_SETTLE,-0.262350000,-0.532005000,0.367977000
61.085038,NAPKIN_LIFT1_POS_SETTLE,-0.262834000,-0.532004000,0.367994000
61.095358,NAPKIN_LIFT1_POS_SETTLE,-0.263368000,-0.531998000,0.368014000
61.105790,NAPKIN_LIFT1_POS_SETTLE,-0.263864000,-0.531984000,0.368043000
61.116144,NAPKIN_LIFT1_POS_SETTLE,-0.264355000,-0.531972000,0.368072000
61.126472,NAPKIN_LIFT1_POS_SETTLE,-0.264885000,-0.531961000,0.368097000
61.136824,NAPKIN_LIFT1_POS_SETTLE,-0.265373000,-0.531943000,0.368117000
61.147112,NAPKIN_LIFT1_POS_SETTLE,-0.265857000,-0.531923000,0.368133000
61.157435,NAPKIN_LIFT1_POS_SETTLE,-0.266368000,-0.531909000,0.368124000
61.167733,NAPKIN_LIFT1_POS_SETTLE,-0.266839000,-0.531894000,0.368121000
61.177948,NAPKIN_LIFT1_POS_SETTLE,-0.267323000,-0.531871000,0.368119000
61.188299,NAPKIN_LIFT1_POS_SETTLE,-0.267802000,-0.531850000,0.368110000
61.198629,NAPKIN_LIFT1_POS_SETTLE,-0.268352000,-0.531817000,0.368110000
61.469795,NAPKIN_S1_POS,-0.274731000,-0.533012000,0.367955000
61.479715,NAPKIN_S1_POS,-0.274766000,-0.533010000,0.367958000
61.489710,NAPKIN_S1_POS,-0.274661000,-0.533086000,0.367797000
61.499760,NAPKIN_S1_POS,-0.274382000,-0.533288000,0.367473000
61.509783,NAPKIN_S1_POS,-0.274113000,-0.533490000,0.367115000
61.519656,NAPKIN_S1_POS,-0.273965000,-0.533599000,0.366685000
61.529618,NAPKIN_S1_POS,-0.273832000,-0.533706000,0.366142000
61.539585,NAPKIN_S1_POS,-0.273769000,-0.533801000,0.365681000
61.549588,NAPKIN_S1_POS,-0.273803000,-0.533834000,0.365335000
61.559578,NAPKIN_S1_POS,-0.273665000,-0.533915000,0.364723000
61.569578,NAPKIN_S1_POS,-0.273383000,-0.534055000,0.363967000
61.579577,NAPKIN_S1_POS,-0.273157000,-0.534173000,0.363276000
61.589685,NAPKIN_S1_POS,-0.273019000,-0.534275000,0.362712000
61.599698,NAPKIN_S1_POS,-0.272930000,-0.534357000,0.362269000
61.609617,NAPKIN_S1_POS,-0.272840000,-0.534449000,0.361899000
61.619608,NAPKIN_S1_POS,-0.272786000,-0.534514000,0.361526000
61.629583,NAPKIN_S1_POS,-0.272803000,-0.534512000,0.361117000
61.639636,NAPKIN_S1_POS,-0.272864000,-0.534462000,0.360650000
61.649612,NAPKIN_S1_POS,-0.272950000,-0.534380000,0.360173000
61.659593,NAPKIN_S1_POS,-0.273028000,-0.534304000,0.359668000
61.669584,NAPKIN_S1_POS,-0.273069000,-0.534256000,0.359138000
61.679584,NAPKIN_S1_POS,-0.273123000,-0.534225000,0.358682000
61.689580,NAPKIN_S1_POS,-0.273159000,-0.534213000,0.358201000
61.699699,NAPKIN_S1_POS,-0.273170000,-0.534215000,0.357726000
61.709611,NAPKIN_S1_POS,-0.273183000,-0.534221000,0.357273000
61.719652,NAPKIN_S1_POS,-0.273175000,-0.534229000,0.356788000
61.729612,NAPKIN_S1_POS,-0.273183000,-0.534214000,0.356311000
61.739627,NAPKIN_S1_POS,-0.273211000,-0.534178000,0.355834000
61.749647,NAPKIN_S1_POS,-0.273246000,-0.534141000,0.355364000
61.759682,NAPKIN_S1_POS,-0.273286000,-0.534101000,0.354901000
61.769587,NAPKIN_S1_POS,-0.273325000,-0.534071000,0.354450000
61.779647,NAPKIN_S1_POS,-0.273369000,-0.534046000,0.354000000
61.789651,NAPKIN_S1_POS,-0.273418000,-0.534023000,0.353578000
61.799721,NAPKIN_S1_POS,-0.273447000,-0.534011000,0.353131000
61.809648,NAPKIN_S1_POS,-0.273454000,-0.533995000,0.352646000
61.819604,NAPKIN_S1_POS,-0.273493000,-0.533958000,0.352200000
61.829584,NAPKIN_S1_POS,-0.273526000,-0.533909000,0.351726000
61.829619,NAPKIN_S1_POS_SETTLE,-0.273526000,-0.533909000,0.351726000
61.839788,NAPKIN_S1_POS_SETTLE,-0.273539000,-0.533874000,0.351229000
61.849944,NAPKIN_S1_POS_SETTLE,-0.273573000,-0.533842000,0.350827000
61.860116,NAPKIN_S1_POS_SETTLE,-0.273626000,-0.533803000,0.350335000
61.870270,NAPKIN_S1_POS_SETTLE,-0.273664000,-0.533772000,0.349872000
61.880604,NAPKIN_S1_POS_SETTLE,-0.273701000,-0.533739000,0.349362000
61.890968,NAPKIN_S1_POS_SETTLE,-0.273741000,-0.533701000,0.348904000
61.901338,NAPKIN_S1_POS_SETTLE,-0.273776000,-0.533650000,0.348394000
61.911712,NAPKIN_S1_POS_SETTLE,-0.273787000,-0.533611000,0.347937000
61.922053,NAPKIN_S1_POS_SETTLE,-0.273802000,-0.533575000,0.347493000
61.932383,NAPKIN_S1_POS_SETTLE,-0.273827000,-0.533536000,0.347010000
61.942714,NAPKIN_S1_POS_SETTLE,-0.273850000,-0.533502000,0.346570000
61.953043,NAPKIN_S1_POS_SETTLE,-0.273873000,-0.533466000,0.346111000
61.963388,NAPKIN_S1_POS_SETTLE,-0.273906000,-0.533427000,0.345607000
61.973729,NAPKIN_S1_POS_SETTLE,-0.273941000,-0.533391000,0.345156000
61.984053,NAPKIN_S1_POS_SETTLE,-0.273976000,-0.533350000,0.344689000
61.994412,NAPKIN_S1_POS_SETTLE,-0.273993000,-0.533317000,0.344152000
62.004816,NAPKIN_S1_POS_SETTLE,-0.274012000,-0.533288000,0.343674000
62.015164,NAPKIN_S1_POS_SETTLE,-0.274031000,-0.533259000,0.343188000
62.025476,NAPKIN_S1_POS_SETTLE,-0.274019000,-0.533244000,0.342612000
62.035776,NAPKIN_S1_POS_SETTLE,-0.274025000,-0.533228000,0.342108000
62.046096,NAPKIN_S1_POS_SETTLE,-0.274054000,-0.533202000,0.341627000
62.056423,NAPKIN_S1_POS_SETTLE,-0.274075000,-0.533180000,0.341080000
62.066797,NAPKIN_S1_POS_SETTLE,-0.274079000,-0.533168000,0.340568000
62.077142,NAPKIN_S1_POS_SETTLE,-0.274099000,-0.533147000,0.340084000
62.087489,NAPKIN_S1_POS_SETTLE,-0.274095000,-0.533136000,0.339523000
62.097811,NAPKIN_S1_POS_SETTLE,-0.274072000,-0.533135000,0.338985000
62.108175,NAPKIN_S1_POS_SETTLE,-0.274074000,-0.533120000,0.338530000
62.118498,NAPKIN_S1_POS_SETTLE,-0.274110000,-0.533085000,0.337967000
62.128802,NAPKIN_S1_POS_SETTLE,-0.274109000,-0.533069000,0.337463000
62.139120,NAPKIN_S1_POS_SETTLE,-0.274091000,-0.533061000,0.336939000
62.149425,NAPKIN_S1_POS_SETTLE,-0.274092000,-0.533041000,0.336376000
62.159730,NAPKIN_S1_POS_SETTLE,-0.274103000,-0.533017000,0.335862000
62.170038,NAPKIN_S1_POS_SETTLE,-0.274105000,-0.533000000,0.335345000
62.180349,NAPKIN_S1_POS_SETTLE,-0.274087000,-0.532990000,0.334772000
62.190682,NAPKIN_S1_POS_SETTLE,-0.274097000,-0.532967000,0.334281000
62.200969,NAPKIN_S1_POS_SETTLE,-0.274123000,-0.532939000,0.333802000
62.211286,NAPKIN_S1_POS_SETTLE,-0.274143000,-0.532915000,0.333304000
62.221590,NAPKIN_S1_POS_SETTLE,-0.274162000,-0.532887000,0.332745000
62.231902,NAPKIN_S1_POS_SETTLE,-0.274186000,-0.532869000,0.332249000
62.242209,NAPKIN_S1_POS_SETTLE,-0.274172000,-0.532862000,0.331694000
62.252533,NAPKIN_S1_POS_SETTLE,-0.274174000,-0.532852000,0.331108000
62.262852,NAPKIN_S1_POS_SETTLE,-0.274191000,-0.532842000,0.330591000
62.273184,NAPKIN_S1_POS_SETTLE,-0.274194000,-0.532836000,0.330056000
62.283514,NAPKIN_S1_POS_SETTLE,-0.274211000,-0.532827000,0.329496000
62.293829,NAPKIN_S1_POS_SETTLE,-0.274220000,-0.532819000,0.328978000
62.304189,NAPKIN_S1_POS_SETTLE,-0.274229000,-0.532804000,0.328436000
62.314530,NAPKIN_S1_POS_SETTLE,-0.274231000,-0.532791000,0.327849000
62.324843,NAPKIN_S1_POS_SETTLE,-0.274223000,-0.532782000,0.327320000
62.335164,NAPKIN_S1_POS_SETTLE,-0.274222000,-0.532778000,0.326803000
62.345488,NAPKIN_S1_POS_SETTLE,-0.274224000,-0.532783000,0.326266000
62.355814,NAPKIN_S1_POS_SETTLE,-0.274224000,-0.532778000,0.325753000
62.366122,NAPKIN_S1_POS_SETTLE,-0.274218000,-0.532782000,0.325254000
62.376445,NAPKIN_S1_POS_SETTLE,-0.274241000,-0.532774000,0.324787000
62.386771,NAPKIN_S1_POS_SETTLE,-0.274268000,-0.532751000,0.324230000
62.397136,NAPKIN_S1_POS_SETTLE,-0.274295000,-0.532732000,0.323742000
62.407515,NAPKIN_S1_POS_SETTLE,-0.274312000,-0.532711000,0.323173000
62.417879,NAPKIN_S1_POS_SETTLE,-0.274323000,-0.532695000,0.322642000
62.428208,NAPKIN_S1_POS_SETTLE,-0.274344000,-0.532683000,0.322156000
62.438557,NAPKIN_S1_POS_SETTLE,-0.274337000,-0.532673000,0.321560000
62.448892,NAPKIN_S1_POS_SETTLE,-0.274326000,-0.532675000,0.321036000
62.459226,NAPKIN_S1_POS_SETTLE,-0.274338000,-0.532669000,0.320545000
62.469547,NAPKIN_S1_POS_SETTLE,-0.274342000,-0.532661000,0.319994000
62.479875,NAPKIN_S1_POS_SETTLE,-0.274341000,-0.532654000,0.319488000
62.490187,NAPKIN_S1_POS_SETTLE,-0.274337000,-0.532641000,0.318987000
62.500527,NAPKIN_S1_POS_SETTLE,-0.274344000,-0.532625000,0.318446000
62.510869,NAPKIN_S1_POS_SETTLE,-0.274345000,-0.532618000,0.318016000
62.521182,NAPKIN_S1_POS_SETTLE,-0.274353000,-0.532611000,0.317500000
62.531511,NAPKIN_S1_POS_SETTLE,-0.274358000,-0.532606000,0.316988000
62.541835,NAPKIN_S1_POS_SETTLE,-0.274389000,-0.532593000,0.316550000
62.552105,NAPKIN_S1_POS_SETTLE,-0.274427000,-0.532571000,0.316111000
62.562413,NAPKIN_S1_POS_SETTLE,-0.274447000,-0.532546000,0.315580000
62.572722,NAPKIN_S1_POS_SETTLE,-0.274487000,-0.532527000,0.315154000
62.583095,NAPKIN_S1_POS_SETTLE,-0.274534000,-0.532495000,0.314725000
62.593440,NAPKIN_S1_POS_SETTLE,-0.274540000,-0.532468000,0.314160000
62.603782,NAPKIN_S1_POS_SETTLE,-0.274564000,-0.532446000,0.313734000
62.614135,NAPKIN_S1_POS_SETTLE,-0.274622000,-0.532412000,0.313256000
62.624448,NAPKIN_S1_POS_SETTLE,-0.274659000,-0.532381000,0.312749000
62.634770,NAPKIN_S1_POS_SETTLE,-0.274666000,-0.532368000,0.312316000
62.645093,NAPKIN_S1_POS_SETTLE,-0.274691000,-0.532338000,0.311801000
62.655408,NAPKIN_S1_POS_SETTLE,-0.274738000,-0.532293000,0.311299000
62.665734,NAPKIN_S1_POS_SETTLE,-0.274757000,-0.532265000,0.310883000
62.676030,NAPKIN_S1_POS_SETTLE,-0.274781000,-0.532230000,0.310383000
62.686537,NAPKIN_S1_POS_SETTLE,-0.274775000,-0.532206000,0.309852000
62.696875,NAPKIN_S1_POS_SETTLE,-0.274758000,-0.532193000,0.309356000
62.707217,NAPKIN_S1_POS_SETTLE,-0.274740000,-0.532187000,0.308865000
62.717559,NAPKIN_S1_POS_SETTLE,-0.274747000,-0.532161000,0.308339000
62.727907,NAPKIN_S1_POS_SETTLE,-0.274767000,-0.532137000,0.307881000
62.738234,NAPKIN_S1_POS_SETTLE,-0.274772000,-0.532114000,0.307387000
62.748549,NAPKIN_S1_POS_SETTLE,-0.274770000,-0.532085000,0.306814000
62.758874,NAPKIN_S1_POS_SETTLE,-0.274754000,-0.532061000,0.306265000
62.769184,NAPKIN_S1_POS_SETTLE,-0.274740000,-0.532048000,0.305730000
62.779490,NAPKIN_S1_POS_SETTLE,-0.274731000,-0.532039000,0.305212000
62.789780,NAPKIN_S1_POS_SETTLE,-0.274735000,-0.532022000,0.304640000
62.800152,NAPKIN_S1_POS_SETTLE,-0.274734000,-0.532015000,0.304115000
63.071419,NAPKIN_S2_POS_STROKE1,-0.274973000,-0.532258000,0.293180000
63.081389,NAPKIN_S2_POS_STROKE1,-0.275139000,-0.532269000,0.293329000
63.091346,NAPKIN_S2_POS_STROKE1,-0.275066000,-0.532358000,0.293165000
63.101415,NAPKIN_S2_POS_STROKE1,-0.274804000,-0.532532000,0.292792000
63.111342,NAPKIN_S2_POS_STROKE1,-0.274623000,-0.532715000,0.292557000
63.121319,NAPKIN_S2_POS_STROKE1,-0.274796000,-0.532819000,0.292821000
63.131338,NAPKIN_S2_POS_STROKE1,-0.274936000,-0.533001000,0.293083000
63.141334,NAPKIN_S2_POS_STROKE1,-0.274574000,-0.533439000,0.292816000
63.151387,NAPKIN_S2_POS_STROKE1,-0.274029000,-0.534051000,0.292412000
63.161318,NAPKIN_S2_POS_STROKE1,-0.273823000,-0.534513000,0.292374000
63.171338,NAPKIN_S2_POS_STROKE1,-0.273767000,-0.535040000,0.292597000
63.181311,NAPKIN_S2_POS_STROKE1,-0.273707000,-0.535484000,0.292770000
63.191329,NAPKIN_S2_POS_STROKE1,-0.273636000,-0.535985000,0.292909000
63.201418,NAPKIN_S2_POS_STROKE1,-0.273643000,-0.536480000,0.293008000
63.211333,NAPKIN_S2_POS_STROKE1,-0.273653000,-0.536850000,0.292975000
63.221340,NAPKIN_S2_POS_STROKE1,-0.273616000,-0.537316000,0.292851000
63.231317,NAPKIN_S2_POS_STROKE1,-0.273570000,-0.537729000,0.292774000
63.241342,NAPKIN_S2_POS_STROKE1,-0.273496000,-0.538270000,0.292701000
63.251312,NAPKIN_S2_POS_STROKE1,-0.273453000,-0.538727000,0.292693000
63.261339,NAPKIN_S2_POS_STROKE1,-0.273385000,-0.539310000,0.292681000
63.271303,NAPKIN_S2_POS_STROKE1,-0.273321000,-0.539797000,0.292679000
63.281331,NAPKIN_S2_POS_STROKE1,-0.273278000,-0.540386000,0.292721000
63.291336,NAPKIN_S2_POS_STROKE1,-0.273240000,-0.540916000,0.292743000
63.301404,NAPKIN_S2_POS_STROKE1,-0.273211000,-0.541443000,0.292747000
63.311336,NAPKIN_S2_POS_STROKE1,-0.273198000,-0.541904000,0.292743000
63.321340,NAPKIN_S2_POS_STROKE1,-0.273213000,-0.542384000,0.292734000
63.331317,NAPKIN_S2_POS_STROKE1,-0.273164000,-0.542914000,0.292698000
63.341340,NAPKIN_S2_POS_STROKE1,-0.273107000,-0.543508000,0.292680000
63.351301,NAPKIN_S2_POS_STROKE1,-0.273074000,-0.543941000,0.292687000
63.351378,NAPKIN_S2_POS_STROKE1_SETTLE,-0.273069000,-0.544047000,0.292688000
63.361703,NAPKIN_S2_POS_STROKE1_SETTLE,-0.273037000,-0.544586000,0.292700000
63.372014,NAPKIN_S2_POS_STROKE1_SETTLE,-0.273001000,-0.545128000,0.292724000
63.382317,NAPKIN_S2_POS_STROKE1_SETTLE,-0.272985000,-0.545660000,0.292749000
63.392629,NAPKIN_S2_POS_STROKE1_SETTLE,-0.272992000,-0.546222000,0.292758000
63.403015,NAPKIN_S2_POS_STROKE1_SETTLE,-0.273023000,-0.546665000,0.292763000
63.413354,NAPKIN_S2_POS_STROKE1_SETTLE,-0.273067000,-0.547249000,0.292758000
63.423661,NAPKIN_S2_POS_STROKE1_SETTLE,-0.273084000,-0.547750000,0.292719000
63.433995,NAPKIN_S2_POS_STROKE1_SETTLE,-0.273092000,-0.548246000,0.292678000
63.444344,NAPKIN_S2_POS_STROKE1_SETTLE,-0.273114000,-0.548741000,0.292658000
63.454647,NAPKIN_S2_POS_STROKE1_SETTLE,-0.273144000,-0.549269000,0.292628000
63.464980,NAPKIN_S2_POS_STROKE1_SETTLE,-0.273157000,-0.549746000,0.292600000
63.475283,NAPKIN_S2_POS_STROKE1_SETTLE,-0.273194000,-0.550215000,0.292612000
63.485583,NAPKIN_S2_POS_STROKE1_SETTLE,-0.273236000,-0.550724000,0.292609000
63.495943,NAPKIN_S2_POS_STROKE1_SETTLE,-0.273260000,-0.551178000,0.292585000
63.506279,NAPKIN_S2_POS_STROKE1_SETTLE,-0.273274000,-0.551654000,0.292566000
63.516698,NAPKIN_S2_POS_STROKE1_SETTLE,-0.273262000,-0.552191000,0.292513000
63.527026,NAPKIN_S2_POS_STROKE1_SETTLE,-0.273257000,-0.552677000,0.292493000
63.537363,NAPKIN_S2_POS_STROKE1_SETTLE,-0.273266000,-0.553207000,0.292503000
63.547703,NAPKIN_S2_POS_STROKE1_SETTLE,-0.273262000,-0.553701000,0.292509000
63.558036,NAPKIN_S2_POS_STROKE1_SETTLE,-0.273277000,-0.554185000,0.292525000
63.568400,NAPKIN_S2_POS_STROKE1_SETTLE,-0.273309000,-0.554714000,0.292566000
63.578728,NAPKIN_S2_POS_STROKE1_SETTLE,-0.273336000,-0.555202000,0.292599000
63.589056,NAPKIN_S2_POS_STROKE1_SETTLE,-0.273351000,-0.555645000,0.292603000
63.599440,NAPKIN_S2_POS_STROKE1_SETTLE,-0.273359000,-0.556254000,0.292598000
63.609804,NAPKIN_S2_POS_STROKE1_SETTLE,-0.273376000,-0.556751000,0.292588000
63.620127,NAPKIN_S2_POS_STROKE1_SETTLE,-0.273373000,-0.557256000,0.292570000
63.630442,NAPKIN_S2_POS_STROKE1_SETTLE,-0.273405000,-0.557796000,0.292586000
63.640742,NAPKIN_S2_POS_STROKE1_SETTLE,-0.273434000,-0.558245000,0.292612000
63.651048,NAPKIN_S2_POS_STROKE1_SETTLE,-0.273458000,-0.558788000,0.292622000
63.661361,NAPKIN_S2_POS_STROKE1_SETTLE,-0.273445000,-0.559357000,0.292615000
63.671655,NAPKIN_S2_POS_STROKE1_SETTLE,-0.273415000,-0.559886000,0.292596000
63.682017,NAPKIN_S2_POS_STROKE1_SETTLE,-0.273392000,-0.560409000,0.292567000
63.692351,NAPKIN_S2_POS_STROKE1_SETTLE,-0.273341000,-0.560993000,0.292507000
63.702701,NAPKIN_S2_POS_STROKE1_SETTLE,-0.273297000,-0.561524000,0.292456000
63.713041,NAPKIN_S2_POS_STROKE1_SETTLE,-0.273302000,-0.562028000,0.292441000
63.723356,NAPKIN_S2_POS_STROKE1_SETTLE,-0.273328000,-0.562522000,0.292438000
63.733656,NAPKIN_S2_POS_STROKE1_SETTLE,-0.273341000,-0.563063000,0.292426000
63.743960,NAPKIN_S2_POS_STROKE1_SETTLE,-0.273350000,-0.563552000,0.292408000
63.754259,NAPKIN_S2_POS_STROKE1_SETTLE,-0.273362000,-0.563982000,0.292389000
63.764549,NAPKIN_S2_POS_STROKE1_SETTLE,-0.273368000,-0.564565000,0.292368000
63.774852,NAPKIN_S2_POS_STROKE1_SETTLE,-0.273367000,-0.564997000,0.292334000
63.785140,NAPKIN_S2_POS_STROKE1_SETTLE,-0.273357000,-0.565519000,0.292298000
63.795490,NAPKIN_S2_POS_STROKE1_SETTLE,-0.273373000,-0.566031000,0.292277000
63.805899,NAPKIN_S2_POS_STROKE1_SETTLE,-0.273406000,-0.566479000,0.292270000
63.816234,NAPKIN_S2_POS_STROKE1_SETTLE,-0.273415000,-0.566901000,0.292268000
63.826560,NAPKIN_S2_POS_STROKE1_SETTLE,-0.273417000,-0.567420000,0.292261000
63.836880,NAPKIN_S2_POS_STROKE1_SETTLE,-0.273440000,-0.567929000,0.292277000
63.847188,NAPKIN_S2_POS_STROKE1_SETTLE,-0.273467000,-0.568401000,0.292301000
63.857505,NAPKIN_S2_POS_STROKE1_SETTLE,-0.273492000,-0.568872000,0.292309000
63.867814,NAPKIN_S2_POS_STROKE1_SETTLE,-0.273504000,-0.569394000,0.292290000
63.878116,NAPKIN_S2_POS_STROKE1_SETTLE,-0.273520000,-0.569879000,0.292291000
63.888419,NAPKIN_S2_POS_STROKE1_SETTLE,-0.273522000,-0.570423000,0.292267000
63.898738,NAPKIN_S2_POS_STROKE1_SETTLE,-0.273518000,-0.570927000,0.292259000
63.909063,NAPKIN_S2_POS_STROKE1_SETTLE,-0.273531000,-0.571428000,0.292266000
63.919384,NAPKIN_S2_POS_STROKE1_SETTLE,-0.273542000,-0.571983000,0.292279000
63.929688,NAPKIN_S2_POS_STROKE1_SETTLE,-0.273553000,-0.572489000,0.292302000
63.940000,NAPKIN_S2_POS_STROKE1_SETTLE,-0.273586000,-0.572927000,0.292326000
63.950306,NAPKIN_S2_POS_STROKE1_SETTLE,-0.273614000,-0.573468000,0.292343000
63.960602,NAPKIN_S2_POS_STROKE1_SETTLE,-0.273641000,-0.574012000,0.292359000
63.970931,NAPKIN_S2_POS_STROKE1_SETTLE,-0.273696000,-0.574491000,0.292396000
63.981230,NAPKIN_S2_POS_STROKE1_SETTLE,-0.273741000,-0.574975000,0.292412000
63.991552,NAPKIN_S2_POS_STROKE1_SETTLE,-0.273760000,-0.575521000,0.292408000
64.001902,NAPKIN_S2_POS_STROKE1_SETTLE,-0.273749000,-0.575980000,0.292396000
64.012277,NAPKIN_S2_POS_STROKE1_SETTLE,-0.273731000,-0.576534000,0.292363000
64.022586,NAPKIN_S2_POS_STROKE1_SETTLE,-0.273710000,-0.577052000,0.292350000
64.032932,NAPKIN_S2_POS_STROKE1_SETTLE,-0.273713000,-0.577608000,0.292341000
64.043244,NAPKIN_S2_POS_STROKE1_SETTLE,-0.273723000,-0.578106000,0.292328000
64.053546,NAPKIN_S2_POS_STROKE1_SETTLE,-0.273732000,-0.578661000,0.292311000
64.063984,NAPKIN_S2_POS_STROKE1_SETTLE,-0.273743000,-0.579152000,0.292280000
64.074215,NAPKIN_S2_POS_STROKE1_SETTLE,-0.273767000,-0.579587000,0.292265000
64.345149,NAPKIN_S1_POS_STROKE1,-0.273442000,-0.590433000,0.291519000
64.355107,NAPKIN_S1_POS_STROKE1,-0.273489000,-0.590466000,0.291588000
64.365077,NAPKIN_S1_POS_STROKE1,-0.273416000,-0.590540000,0.291523000
64.375077,NAPKIN_S1_POS_STROKE1,-0.273134000,-0.590718000,0.291266000
64.385026,NAPKIN_S1_POS_STROKE1,-0.272805000,-0.590862000,0.290868000
64.395070,NAPKIN_S1_POS_STROKE1,-0.272503000,-0.590965000,0.290504000
64.405239,NAPKIN_S1_POS_STROKE1,-0.272381000,-0.590986000,0.290428000
64.415125,NAPKIN_S1_POS_STROKE1,-0.272393000,-0.590866000,0.290340000
64.425089,NAPKIN_S1_POS_STROKE1,-0.272285000,-0.590726000,0.290126000
64.435078,NAPKIN_S1_POS_STROKE1,-0.271779000,-0.590679000,0.289595000
64.445032,NAPKIN_S1_POS_STROKE1,-0.271218000,-0.590621000,0.289112000
64.455069,NAPKIN_S1_POS_STROKE1,-0.270940000,-0.590449000,0.288997000
64.465017,NAPKIN_S1_POS_STROKE1,-0.270830000,-0.590178000,0.289048000
64.475065,NAPKIN_S1_POS_STROKE1,-0.270704000,-0.589864000,0.289041000
64.485013,NAPKIN_S1_POS_STROKE1,-0.270612000,-0.589525000,0.289064000
64.495072,NAPKIN_S1_POS_STROKE1,-0.270510000,-0.589200000,0.289118000
64.505148,NAPKIN_S1_POS_STROKE1,-0.270497000,-0.588796000,0.289181000
64.515080,NAPKIN_S1_POS_STROKE1,-0.270595000,-0.588281000,0.289226000
64.525071,NAPKIN_S1_POS_STROKE1,-0.270754000,-0.587709000,0.289264000
64.535086,NAPKIN_S1_POS_STROKE1,-0.270922000,-0.587126000,0.289282000
64.545061,NAPKIN_S1_POS_STROKE1,-0.271078000,-0.586531000,0.289293000
64.555093,NAPKIN_S1_POS_STROKE1,-0.271231000,-0.585946000,0.289334000
64.565056,NAPKIN_S1_POS_STROKE1,-0.271376000,-0.585353000,0.289361000
64.575086,NAPKIN_S1_POS_STROKE1,-0.271484000,-0.584781000,0.289366000
64.585059,NAPKIN_S1_POS_STROKE1,-0.271563000,-0.584212000,0.289373000
64.595102,NAPKIN_S1_POS_STROKE1,-0.271651000,-0.583646000,0.289424000
64.605333,NAPKIN_S1_POS_STROKE1,-0.271732000,-0.583027000,0.289482000
64.615189,NAPKIN_S1_POS_STROKE1,-0.271756000,-0.582546000,0.289501000
64.625193,NAPKIN_S1_POS_STROKE1,-0.271768000,-0.582034000,0.289530000
64.635174,NAPKIN_S1_POS_STROKE1,-0.271797000,-0.581522000,0.289570000
64.635256,NAPKIN_S1_POS_STROKE1_SETTLE,-0.271797000,-0.581522000,0.289570000
64.645605,NAPKIN_S1_POS_STROKE1_SETTLE,-0.271846000,-0.580965000,0.289651000
64.655989,NAPKIN_S1_POS_STROKE1_SETTLE,-0.271883000,-0.580477000,0.289731000
64.666316,NAPKIN_S1_POS_STROKE1_SETTLE,-0.271937000,-0.579973000,0.289815000
64.676626,NAPKIN_S1_POS_STROKE1_SETTLE,-0.271987000,-0.579421000,0.289904000
64.686922,NAPKIN_S1_POS_STROKE1_SETTLE,-0.272048000,-0.578907000,0.289990000
64.697219,NAPKIN_S1_POS_STROKE1_SETTLE,-0.272138000,-0.578374000,0.290093000
64.707581,NAPKIN_S1_POS_STROKE1_SETTLE,-0.272218000,-0.577791000,0.290178000
64.717925,NAPKIN_S1_POS_STROKE1_SETTLE,-0.272269000,-0.577266000,0.290221000
64.728239,NAPKIN_S1_POS_STROKE1_SETTLE,-0.272326000,-0.576750000,0.290268000
64.738538,NAPKIN_S1_POS_STROKE1_SETTLE,-0.272392000,-0.576171000,0.290307000
64.748834,NAPKIN_S1_POS_STROKE1_SETTLE,-0.272453000,-0.575642000,0.290341000
64.759116,NAPKIN_S1_POS_STROKE1_SETTLE,-0.272515000,-0.575101000,0.290375000
64.769406,NAPKIN_S1_POS_STROKE1_SETTLE,-0.272574000,-0.574505000,0.290419000
64.779705,NAPKIN_S1_POS_STROKE1_SETTLE,-0.272617000,-0.573971000,0.290465000
64.789964,NAPKIN_S1_POS_STROKE1_SETTLE,-0.272687000,-0.573416000,0.290535000
64.800301,NAPKIN_S1_POS_STROKE1_SETTLE,-0.272779000,-0.572850000,0.290602000
64.810667,NAPKIN_S1_POS_STROKE1_SETTLE,-0.272854000,-0.572260000,0.290672000
64.821019,NAPKIN_S1_POS_STROKE1_SETTLE,-0.272891000,-0.571719000,0.290677000
64.831337,NAPKIN_S1_POS_STROKE1_SETTLE,-0.272930000,-0.571129000,0.290685000
64.841631,NAPKIN_S1_POS_STROKE1_SETTLE,-0.272988000,-0.570578000,0.290696000
64.851929,NAPKIN_S1_POS_STROKE1_SETTLE,-0.273019000,-0.570039000,0.290689000
64.862224,NAPKIN_S1_POS_STROKE1_SETTLE,-0.273054000,-0.569497000,0.290681000
64.872545,NAPKIN_S1_POS_STROKE1_SETTLE,-0.273090000,-0.568911000,0.290681000
64.882861,NAPKIN_S1_POS_STROKE1_SETTLE,-0.273130000,-0.568372000,0.290676000
64.893164,NAPKIN_S1_POS_STROKE1_SETTLE,-0.273171000,-0.567841000,0.290674000
64.903530,NAPKIN_S1_POS_STROKE1_SETTLE,-0.273220000,-0.567269000,0.290692000
64.913849,NAPKIN_S1_POS_STROKE1_SETTLE,-0.273253000,-0.566764000,0.290704000
64.924142,NAPKIN_S1_POS_STROKE1_SETTLE,-0.273291000,-0.566271000,0.290738000
64.934441,NAPKIN_S1_POS_STROKE1_SETTLE,-0.273317000,-0.565743000,0.290772000
64.944751,NAPKIN_S1_POS_STROKE1_SETTLE,-0.273342000,-0.565264000,0.290812000
64.954987,NAPKIN_S1_POS_STROKE1_SETTLE,-0.273351000,-0.564799000,0.290846000
64.965273,NAPKIN_S1_POS_STROKE1_SETTLE,-0.273339000,-0.564344000,0.290871000
64.975631,NAPKIN_S1_POS_STROKE1_SETTLE,-0.273328000,-0.563841000,0.290894000
64.985947,NAPKIN_S1_POS_STROKE1_SETTLE,-0.273325000,-0.563380000,0.290926000
64.996251,NAPKIN_S1_POS_STROKE1_SETTLE,-0.273316000,-0.562924000,0.290952000
65.006583,NAPKIN_S1_POS_STROKE1_SETTLE,-0.273307000,-0.562416000,0.290969000
65.016912,NAPKIN_S1_POS_STROKE1_SETTLE,-0.273303000,-0.561952000,0.290992000
65.027207,NAPKIN_S1_POS_STROKE1_SETTLE,-0.273315000,-0.561475000,0.291016000
65.037517,NAPKIN_S1_POS_STROKE1_SETTLE,-0.273337000,-0.560930000,0.291034000
65.047800,NAPKIN_S1_POS_STROKE1_SETTLE,-0.273351000,-0.560432000,0.291037000
65.058080,NAPKIN_S1_POS_STROKE1_SETTLE,-0.273379000,-0.559924000,0.291040000
65.068375,NAPKIN_S1_POS_STROKE1_SETTLE,-0.273424000,-0.559360000,0.291055000
65.078658,NAPKIN_S1_POS_STROKE1_SETTLE,-0.273471000,-0.558846000,0.291077000
65.088966,NAPKIN_S1_POS_STROKE1_SETTLE,-0.273518000,-0.558327000,0.291085000
65.099266,NAPKIN_S1_POS_STROKE1_SETTLE,-0.273566000,-0.557807000,0.291094000
65.109594,NAPKIN_S1_POS_STROKE1_SETTLE,-0.273610000,-0.557234000,0.291091000
65.119897,NAPKIN_S1_POS_STROKE1_SETTLE,-0.273628000,-0.556724000,0.291067000
65.130184,NAPKIN_S1_POS_STROKE1_SETTLE,-0.273646000,-0.556208000,0.291041000
65.140481,NAPKIN_S1_POS_STROKE1_SETTLE,-0.273678000,-0.555648000,0.291036000
65.150758,NAPKIN_S1_POS_STROKE1_SETTLE,-0.273715000,-0.555119000,0.291016000
65.161063,NAPKIN_S1_POS_STROKE1_SETTLE,-0.273746000,-0.554591000,0.290985000
65.171347,NAPKIN_S1_POS_STROKE1_SETTLE,-0.273798000,-0.554005000,0.290958000
65.181631,NAPKIN_S1_POS_STROKE1_SETTLE,-0.273854000,-0.553472000,0.290942000
65.191951,NAPKIN_S1_POS_STROKE1_SETTLE,-0.273886000,-0.552949000,0.290911000
65.202288,NAPKIN_S1_POS_STROKE1_SETTLE,-0.273919000,-0.552433000,0.290885000
65.212624,NAPKIN_S1_POS_STROKE1_SETTLE,-0.273979000,-0.551856000,0.290888000
65.223060,NAPKIN_S1_POS_STROKE1_SETTLE,-0.274018000,-0.551348000,0.290900000
65.233284,NAPKIN_S1_POS_STROKE1_SETTLE,-0.274047000,-0.550848000,0.290896000
65.243600,NAPKIN_S1_POS_STROKE1_SETTLE,-0.274066000,-0.550313000,0.290899000
65.253889,NAPKIN_S1_POS_STROKE1_SETTLE,-0.274095000,-0.549833000,0.290932000
65.264099,NAPKIN_S1_POS_STROKE1_SETTLE,-0.274124000,-0.549362000,0.290977000
65.274272,NAPKIN_S1_POS_STROKE1_SETTLE,-0.274134000,-0.548891000,0.290989000
65.284549,NAPKIN_S1_POS_STROKE1_SETTLE,-0.274152000,-0.548373000,0.291018000
65.294934,NAPKIN_S1_POS_STROKE1_SETTLE,-0.274157000,-0.547909000,0.291043000
65.305283,NAPKIN_S1_POS_STROKE1_SETTLE,-0.274142000,-0.547449000,0.291050000
65.315614,NAPKIN_S1_POS_STROKE1_SETTLE,-0.274151000,-0.546928000,0.291075000
65.325949,NAPKIN_S1_POS_STROKE1_SETTLE,-0.274183000,-0.546440000,0.291114000
65.336247,NAPKIN_S1_POS_STROKE1_SETTLE,-0.274191000,-0.545957000,0.291112000
65.346540,NAPKIN_S1_POS_STROKE1_SETTLE,-0.274218000,-0.545417000,0.291115000
65.356837,NAPKIN_S1_POS_STROKE1_SETTLE,-0.274261000,-0.544914000,0.291137000
65.367122,NAPKIN_S1_POS_STROKE1_SETTLE,-0.274297000,-0.544409000,0.291141000
65.377413,NAPKIN_S1_POS_STROKE1_SETTLE,-0.274359000,-0.543844000,0.291167000
65.387726,NAPKIN_S1_POS_STROKE1_SETTLE,-0.274396000,-0.543342000,0.291193000
65.398028,NAPKIN_S1_POS_STROKE1_SETTLE,-0.274423000,-0.542843000,0.291191000
65.408366,NAPKIN_S1_POS_STROKE1_SETTLE,-0.274465000,-0.542283000,0.291195000
65.418711,NAPKIN_S1_POS_STROKE1_SETTLE,-0.274511000,-0.541779000,0.291212000
65.429069,NAPKIN_S1_POS_STROKE1_SETTLE,-0.274550000,-0.541271000,0.291209000
65.439385,NAPKIN_S1_POS_STROKE1_SETTLE,-0.274597000,-0.540708000,0.291208000
65.449703,NAPKIN_S1_POS_STROKE1_SETTLE,-0.274656000,-0.540184000,0.291204000
65.460012,NAPKIN_S1_POS_STROKE1_SETTLE,-0.274700000,-0.539660000,0.291175000
65.470334,NAPKIN_S1_POS_STROKE1_SETTLE,-0.274729000,-0.539149000,0.291144000
65.741464,NAPKIN_S2_POS_STROKE2,-0.274781000,-0.533010000,0.291971000
65.751445,NAPKIN_S2_POS_STROKE2,-0.274817000,-0.532989000,0.291976000
65.761403,NAPKIN_S2_POS_STROKE2,-0.274733000,-0.533026000,0.291845000
65.771447,NAPKIN_S2_POS_STROKE2,-0.274483000,-0.533160000,0.291567000
65.781389,NAPKIN_S2_POS_STROKE2,-0.274240000,-0.533337000,0.291352000
65.791441,NAPKIN_S2_POS_STROKE2,-0.274372000,-0.533438000,0.291626000
65.801445,NAPKIN_S2_POS_STROKE2,-0.274542000,-0.533583000,0.291921000
65.811443,NAPKIN_S2_POS_STROKE2,-0.274279000,-0.533928000,0.291739000
65.821432,NAPKIN_S2_POS_STROKE2,-0.273835000,-0.534390000,0.291400000
65.831425,NAPKIN_S2_POS_STROKE2,-0.273616000,-0.534812000,0.291326000
65.841422,NAPKIN_S2_POS_STROKE2,-0.273555000,-0.535234000,0.291492000
65.851456,NAPKIN_S2_POS_STROKE2,-0.273484000,-0.535698000,0.291667000
65.861425,NAPKIN_S2_POS_STROKE2,-0.273374000,-0.536200000,0.291798000
65.871404,NAPKIN_S2_POS_STROKE2,-0.273340000,-0.536673000,0.291917000
65.881391,NAPKIN_S2_POS_STROKE2,-0.273369000,-0.537098000,0.291992000
65.891445,NAPKIN_S2_POS_STROKE2,-0.273375000,-0.537521000,0.291980000
65.901482,NAPKIN_S2_POS_STROKE2,-0.273349000,-0.537962000,0.291939000
65.911447,NAPKIN_S2_POS_STROKE2,-0.273337000,-0.538412000,0.291927000
65.921439,NAPKIN_S2_POS_STROKE2,-0.273326000,-0.538879000,0.291925000
65.931439,NAPKIN_S2_POS_STROKE2,-0.273310000,-0.539370000,0.291946000
65.941457,NAPKIN_S2_POS_STROKE2,-0.273276000,-0.539891000,0.291979000
65.951432,NAPKIN_S2_POS_STROKE2,-0.273236000,-0.540429000,0.292018000
65.961436,NAPKIN_S2_POS_STROKE2,-0.273207000,-0.540976000,0.292050000
65.971456,NAPKIN_S2_POS_STROKE2,-0.273172000,-0.541519000,0.292049000
65.981441,NAPKIN_S2_POS_STROKE2,-0.273194000,-0.542019000,0.292064000
65.991448,NAPKIN_S2_POS_STROKE2,-0.273200000,-0.542523000,0.292051000
66.001452,NAPKIN_S2_POS_STROKE2,-0.273212000,-0.543006000,0.292016000
66.011439,NAPKIN_S2_POS_STROKE2,-0.273201000,-0.543513000,0.291994000
66.011524,NAPKIN_S2_POS_STROKE2_SETTLE,-0.273201000,-0.543513000,0.291994000
66.021877,NAPKIN_S2_POS_STROKE2_SETTLE,-0.273200000,-0.544031000,0.291994000
66.032210,NAPKIN_S2_POS_STROKE2_SETTLE,-0.273182000,-0.544561000,0.292000000
66.042525,NAPKIN_S2_POS_STROKE2_SETTLE,-0.273166000,-0.545137000,0.292004000
66.052862,NAPKIN_S2_POS_STROKE2_SETTLE,-0.273146000,-0.545670000,0.292017000
66.063183,NAPKIN_S2_POS_STROKE2_SETTLE,-0.273135000,-0.546185000,0.292016000
66.073504,NAPKIN_S2_POS_STROKE2_SETTLE,-0.273142000,-0.546724000,0.292010000
66.083824,NAPKIN_S2_POS_STROKE2_SETTLE,-0.273151000,-0.547214000,0.292010000
66.094150,NAPKIN_S2_POS_STROKE2_SETTLE,-0.273139000,-0.547708000,0.291986000
66.104520,NAPKIN_S2_POS_STROKE2_SETTLE,-0.273106000,-0.548263000,0.291955000
66.114877,NAPKIN_S2_POS_STROKE2_SETTLE,-0.273093000,-0.548757000,0.291944000
66.125213,NAPKIN_S2_POS_STROKE2_SETTLE,-0.273097000,-0.549244000,0.291944000
66.135543,NAPKIN_S2_POS_STROKE2_SETTLE,-0.273101000,-0.549778000,0.291931000
66.145882,NAPKIN_S2_POS_STROKE2_SETTLE,-0.273124000,-0.550253000,0.291940000
66.156206,NAPKIN_S2_POS_STROKE2_SETTLE,-0.273183000,-0.550696000,0.291947000
66.166530,NAPKIN_S2_POS_STROKE2_SETTLE,-0.273242000,-0.551189000,0.291929000
66.176857,NAPKIN_S2_POS_STROKE2_SETTLE,-0.273270000,-0.551655000,0.291887000
66.187180,NAPKIN_S2_POS_STROKE2_SETTLE,-0.273310000,-0.552124000,0.291862000
66.197494,NAPKIN_S2_POS_STROKE2_SETTLE,-0.273335000,-0.552646000,0.291821000
66.207812,NAPKIN_S2_POS_STROKE2_SETTLE,-0.273347000,-0.553134000,0.291779000
66.218165,NAPKIN_S2_POS_STROKE2_SETTLE,-0.273345000,-0.553641000,0.291757000
66.228512,NAPKIN_S2_POS_STROKE2_SETTLE,-0.273365000,-0.554185000,0.291757000
66.238816,NAPKIN_S2_POS_STROKE2_SETTLE,-0.273363000,-0.554690000,0.291741000
66.249145,NAPKIN_S2_POS_STROKE2_SETTLE,-0.273374000,-0.555187000,0.291746000
66.259511,NAPKIN_S2_POS_STROKE2_SETTLE,-0.273397000,-0.555737000,0.291768000
66.269864,NAPKIN_S2_POS_STROKE2_SETTLE,-0.273408000,-0.556228000,0.291767000
66.280181,NAPKIN_S2_POS_STROKE2_SETTLE,-0.273401000,-0.556746000,0.291772000
66.290496,NAPKIN_S2_POS_STROKE2_SETTLE,-0.273383000,-0.557321000,0.291767000
66.300877,NAPKIN_S2_POS_STROKE2_SETTLE,-0.273340000,-0.557859000,0.291750000
66.311223,NAPKIN_S2_POS_STROKE2_SETTLE,-0.273278000,-0.558407000,0.291733000
66.321527,NAPKIN_S2_POS_STROKE2_SETTLE,-0.273235000,-0.558990000,0.291718000
66.331860,NAPKIN_S2_POS_STROKE2_SETTLE,-0.273188000,-0.559538000,0.291721000
66.342201,NAPKIN_S2_POS_STROKE2_SETTLE,-0.273155000,-0.560073000,0.291739000
66.352527,NAPKIN_S2_POS_STROKE2_SETTLE,-0.273164000,-0.560638000,0.291786000
66.362853,NAPKIN_S2_POS_STROKE2_SETTLE,-0.273186000,-0.561150000,0.291838000
66.373180,NAPKIN_S2_POS_STROKE2_SETTLE,-0.273195000,-0.561659000,0.291874000
66.383495,NAPKIN_S2_POS_STROKE2_SETTLE,-0.273205000,-0.562209000,0.291901000
66.393817,NAPKIN_S2_POS_STROKE2_SETTLE,-0.273199000,-0.562711000,0.291904000
66.404172,NAPKIN_S2_POS_STROKE2_SETTLE,-0.273202000,-0.563194000,0.291901000
66.414516,NAPKIN_S2_POS_STROKE2_SETTLE,-0.273190000,-0.563733000,0.291891000
66.424853,NAPKIN_S2_POS_STROKE2_SETTLE,-0.273197000,-0.564205000,0.291887000
66.435181,NAPKIN_S2_POS_STROKE2_SETTLE,-0.273215000,-0.564670000,0.291897000
66.445498,NAPKIN_S2_POS_STROKE2_SETTLE,-0.273255000,-0.565161000,0.291904000
66.455801,NAPKIN_S2_POS_STROKE2_SETTLE,-0.273298000,-0.565601000,0.291913000
66.466120,NAPKIN_S2_POS_STROKE2_SETTLE,-0.273354000,-0.566036000,0.291930000
66.476469,NAPKIN_S2_POS_STROKE2_SETTLE,-0.273396000,-0.566522000,0.291934000
66.486832,NAPKIN_S2_POS_STROKE2_SETTLE,-0.273415000,-0.566983000,0.291944000
66.497170,NAPKIN_S2_POS_STROKE2_SETTLE,-0.273444000,-0.567442000,0.291963000
66.507548,NAPKIN_S2_POS_STROKE2_SETTLE,-0.273470000,-0.567947000,0.291968000
66.517917,NAPKIN_S2_POS_STROKE2_SETTLE,-0.273480000,-0.568426000,0.291972000
66.528232,NAPKIN_S2_POS_STROKE2_SETTLE,-0.273488000,-0.568914000,0.291981000
66.538558,NAPKIN_S2_POS_STROKE2_SETTLE,-0.273495000,-0.569448000,0.291968000
66.548880,NAPKIN_S2_POS_STROKE2_SETTLE,-0.273522000,-0.569932000,0.291978000
66.559191,NAPKIN_S2_POS_STROKE2_SETTLE,-0.273559000,-0.570411000,0.291992000
66.569511,NAPKIN_S2_POS_STROKE2_SETTLE,-0.273588000,-0.570947000,0.291999000
66.579851,NAPKIN_S2_POS_STROKE2_SETTLE,-0.273602000,-0.571454000,0.292022000
66.590187,NAPKIN_S2_POS_STROKE2_SETTLE,-0.273646000,-0.571945000,0.292067000
66.600536,NAPKIN_S2_POS_STROKE2_SETTLE,-0.273682000,-0.572495000,0.292109000
66.610871,NAPKIN_S2_POS_STROKE2_SETTLE,-0.273698000,-0.572994000,0.292136000
66.621211,NAPKIN_S2_POS_STROKE2_SETTLE,-0.273733000,-0.573486000,0.292174000
66.631545,NAPKIN_S2_POS_STROKE2_SETTLE,-0.273767000,-0.574021000,0.292187000
66.641860,NAPKIN_S2_POS_STROKE2_SETTLE,-0.273771000,-0.574527000,0.292189000
66.652161,NAPKIN_S2_POS_STROKE2_SETTLE,-0.273780000,-0.575029000,0.292197000
66.662486,NAPKIN_S2_POS_STROKE2_SETTLE,-0.273797000,-0.575576000,0.292204000
66.672812,NAPKIN_S2_POS_STROKE2_SETTLE,-0.273801000,-0.576090000,0.292218000
66.683177,NAPKIN_S2_POS_STROKE2_SETTLE,-0.273793000,-0.576606000,0.292213000
66.693522,NAPKIN_S2_POS_STROKE2_SETTLE,-0.273767000,-0.577175000,0.292188000
66.703861,NAPKIN_S2_POS_STROKE2_SETTLE,-0.273775000,-0.577680000,0.292184000
66.714208,NAPKIN_S2_POS_STROKE2_SETTLE,-0.273777000,-0.578182000,0.292161000
66.724535,NAPKIN_S2_POS_STROKE2_SETTLE,-0.273787000,-0.578735000,0.292145000
66.734854,NAPKIN_S2_POS_STROKE2_SETTLE,-0.273811000,-0.579221000,0.292140000
66.745164,NAPKIN_S2_POS_STROKE2_SETTLE,-0.273819000,-0.579714000,0.292126000
67.016414,NAPKIN_S1_POS_STROKE2,-0.273521000,-0.590431000,0.291518000
67.026402,NAPKIN_S1_POS_STROKE2,-0.273567000,-0.590461000,0.291588000
67.036334,NAPKIN_S1_POS_STROKE2,-0.273453000,-0.590562000,0.291510000
67.046302,NAPKIN_S1_POS_STROKE2,-0.273207000,-0.590721000,0.291293000
67.056314,NAPKIN_S1_POS_STROKE2,-0.272888000,-0.590859000,0.290906000
67.066342,NAPKIN_S1_POS_STROKE2,-0.272560000,-0.590967000,0.290502000
67.076306,NAPKIN_S1_POS_STROKE2,-0.272454000,-0.590983000,0.290437000
67.086325,NAPKIN_S1_POS_STROKE2,-0.272486000,-0.590866000,0.290392000
67.096358,NAPKIN_S1_POS_STROKE2,-0.272305000,-0.590742000,0.290107000
67.106410,NAPKIN_S1_POS_STROKE2,-0.271773000,-0.590701000,0.289539000
67.116290,NAPKIN_S1_POS_STROKE2,-0.271315000,-0.590619000,0.289125000
67.126304,NAPKIN_S1_POS_STROKE2,-0.271048000,-0.590437000,0.289001000
67.136279,NAPKIN_S1_POS_STROKE2,-0.270915000,-0.590174000,0.289042000
67.146298,NAPKIN_S1_POS_STROKE2,-0.270789000,-0.589861000,0.289054000
67.156274,NAPKIN_S1_POS_STROKE2,-0.270733000,-0.589497000,0.289086000
67.166297,NAPKIN_S1_POS_STROKE2,-0.270623000,-0.589170000,0.289128000
67.176275,NAPKIN_S1_POS_STROKE2,-0.270582000,-0.588782000,0.289169000
67.186297,NAPKIN_S1_POS_STROKE2,-0.270682000,-0.588263000,0.289214000
67.196278,NAPKIN_S1_POS_STROKE2,-0.270839000,-0.587697000,0.289256000
67.206399,NAPKIN_S1_POS_STROKE2,-0.271027000,-0.587053000,0.289286000
67.216307,NAPKIN_S1_POS_STROKE2,-0.271177000,-0.586519000,0.289308000
67.226392,NAPKIN_S1_POS_STROKE2,-0.271333000,-0.585880000,0.289330000
67.236311,NAPKIN_S1_POS_STROKE2,-0.271440000,-0.585366000,0.289342000
67.246306,NAPKIN_S1_POS_STROKE2,-0.271540000,-0.584801000,0.289355000
67.256305,NAPKIN_S1_POS_STROKE2,-0.271637000,-0.584227000,0.289368000
67.266297,NAPKIN_S1_POS_STROKE2,-0.271702000,-0.583670000,0.289399000
67.276316,NAPKIN_S1_POS_STROKE2,-0.271761000,-0.583125000,0.289458000
67.286289,NAPKIN_S1_POS_STROKE2,-0.271830000,-0.582577000,0.289537000
67.296296,NAPKIN_S1_POS_STROKE2,-0.271875000,-0.582057000,0.289598000
67.306344,NAPKIN_S1_POS_STROKE2,-0.271909000,-0.581497000,0.289654000
67.306432,NAPKIN_S1_POS_STROKE2_SETTLE,-0.271909000,-0.581497000,0.289654000
67.316765,NAPKIN_S1_POS_STROKE2_SETTLE,-0.271928000,-0.581003000,0.289698000
67.327029,NAPKIN_S1_POS_STROKE2_SETTLE,-0.271949000,-0.580518000,0.289757000
67.337362,NAPKIN_S1_POS_STROKE2_SETTLE,-0.271982000,-0.579975000,0.289820000
67.347697,NAPKIN_S1_POS_STROKE2_SETTLE,-0.272034000,-0.579469000,0.289899000
67.358003,NAPKIN_S1_POS_STROKE2_SETTLE,-0.272073000,-0.578966000,0.289971000
67.368335,NAPKIN_S1_POS_STROKE2_SETTLE,-0.272129000,-0.578397000,0.290044000
67.378642,NAPKIN_S1_POS_STROKE2_SETTLE,-0.272209000,-0.577864000,0.290127000
67.388960,NAPKIN_S1_POS_STROKE2_SETTLE,-0.272290000,-0.577329000,0.290198000
67.399285,NAPKIN_S1_POS_STROKE2_SETTLE,-0.272350000,-0.576811000,0.290239000
67.409642,NAPKIN_S1_POS_STROKE2_SETTLE,-0.272425000,-0.576231000,0.290284000
67.420008,NAPKIN_S1_POS_STROKE2_SETTLE,-0.272469000,-0.575711000,0.290302000
67.430399,NAPKIN_S1_POS_STROKE2_SETTLE,-0.272507000,-0.575134000,0.290303000
67.440751,NAPKIN_S1_POS_STROKE2_SETTLE,-0.272563000,-0.574588000,0.290317000
67.450995,NAPKIN_S1_POS_STROKE2_SETTLE,-0.272609000,-0.574054000,0.290354000
67.461195,NAPKIN_S1_POS_STROKE2_SETTLE,-0.272657000,-0.573521000,0.290415000
67.471381,NAPKIN_S1_POS_STROKE2_SETTLE,-0.272750000,-0.572907000,0.290491000
67.481545,NAPKIN_S1_POS_STROKE2_SETTLE,-0.272835000,-0.572348000,0.290546000
67.491699,NAPKIN_S1_POS_STROKE2_SETTLE,-0.272899000,-0.571795000,0.290574000
67.501893,NAPKIN_S1_POS_STROKE2_SETTLE,-0.272934000,-0.571260000,0.290588000
67.512100,NAPKIN_S1_POS_STROKE2_SETTLE,-0.272973000,-0.570720000,0.290607000
67.522276,NAPKIN_S1_POS_STROKE2_SETTLE,-0.273024000,-0.570171000,0.290623000
67.532549,NAPKIN_S1_POS_STROKE2_SETTLE,-0.273052000,-0.569581000,0.290619000
67.542904,NAPKIN_S1_POS_STROKE2_SETTLE,-0.273084000,-0.569050000,0.290621000
67.553293,NAPKIN_S1_POS_STROKE2_SETTLE,-0.273113000,-0.568516000,0.290616000
67.563640,NAPKIN_S1_POS_STROKE2_SETTLE,-0.273162000,-0.567928000,0.290631000
67.573980,NAPKIN_S1_POS_STROKE2_SETTLE,-0.273216000,-0.567403000,0.290654000
67.584317,NAPKIN_S1_POS_STROKE2_SETTLE,-0.273249000,-0.566890000,0.290667000
67.594645,NAPKIN_S1_POS_STROKE2_SETTLE,-0.273300000,-0.566338000,0.290710000
67.605011,NAPKIN_S1_POS_STROKE2_SETTLE,-0.273329000,-0.565849000,0.290741000
67.615367,NAPKIN_S1_POS_STROKE2_SETTLE,-0.273345000,-0.565326000,0.290775000
67.625697,NAPKIN_S1_POS_STROKE2_SETTLE,-0.273370000,-0.564855000,0.290829000
67.636069,NAPKIN_S1_POS_STROKE2_SETTLE,-0.273369000,-0.564391000,0.290854000
67.646416,NAPKIN_S1_POS_STROKE2_SETTLE,-0.273352000,-0.563890000,0.290879000
67.656766,NAPKIN_S1_POS_STROKE2_SETTLE,-0.273356000,-0.563430000,0.290920000
67.667105,NAPKIN_S1_POS_STROKE2_SETTLE,-0.273355000,-0.562966000,0.290949000
67.677431,NAPKIN_S1_POS_STROKE2_SETTLE,-0.273347000,-0.562466000,0.290981000
67.687755,NAPKIN_S1_POS_STROKE2_SETTLE,-0.273348000,-0.561995000,0.291004000
67.698084,NAPKIN_S1_POS_STROKE2_SETTLE,-0.273368000,-0.561511000,0.291034000
67.708437,NAPKIN_S1_POS_STROKE2_SETTLE,-0.273384000,-0.560969000,0.291052000
67.718760,NAPKIN_S1_POS_STROKE2_SETTLE,-0.273413000,-0.560470000,0.291072000
67.729074,NAPKIN_S1_POS_STROKE2_SETTLE,-0.273439000,-0.559961000,0.291080000
67.739390,NAPKIN_S1_POS_STROKE2_SETTLE,-0.273476000,-0.559399000,0.291095000
67.749704,NAPKIN_S1_POS_STROKE2_SETTLE,-0.273531000,-0.558881000,0.291128000
67.760015,NAPKIN_S1_POS_STROKE2_SETTLE,-0.273581000,-0.558362000,0.291142000
67.770324,NAPKIN_S1_POS_STROKE2_SETTLE,-0.273617000,-0.557839000,0.291136000
67.780645,NAPKIN_S1_POS_STROKE2_SETTLE,-0.273662000,-0.557265000,0.291138000
67.790970,NAPKIN_S1_POS_STROKE2_SETTLE,-0.273701000,-0.556744000,0.291131000
67.801323,NAPKIN_S1_POS_STROKE2_SETTLE,-0.273720000,-0.556228000,0.291103000
67.811657,NAPKIN_S1_POS_STROKE2_SETTLE,-0.273735000,-0.555662000,0.291079000
67.821994,NAPKIN_S1_POS_STROKE2_SETTLE,-0.273759000,-0.555142000,0.291050000
67.832383,NAPKIN_S1_POS_STROKE2_SETTLE,-0.273791000,-0.554558000,0.291012000
67.842752,NAPKIN_S1_POS_STROKE2_SETTLE,-0.273826000,-0.554031000,0.290984000
67.853076,NAPKIN_S1_POS_STROKE2_SETTLE,-0.273874000,-0.553498000,0.290961000
67.863425,NAPKIN_S1_POS_STROKE2_SETTLE,-0.273915000,-0.552918000,0.290927000
67.873839,NAPKIN_S1_POS_STROKE2_SETTLE,-0.273948000,-0.552397000,0.290897000
67.884216,NAPKIN_S1_POS_STROKE2_SETTLE,-0.273991000,-0.551886000,0.290902000
67.894559,NAPKIN_S1_POS_STROKE2_SETTLE,-0.274035000,-0.551321000,0.290905000
67.904952,NAPKIN_S1_POS_STROKE2_SETTLE,-0.274059000,-0.550824000,0.290907000
67.915305,NAPKIN_S1_POS_STROKE2_SETTLE,-0.274079000,-0.550342000,0.290922000
67.925632,NAPKIN_S1_POS_STROKE2_SETTLE,-0.274110000,-0.549815000,0.290957000
67.935962,NAPKIN_S1_POS_STROKE2_SETTLE,-0.274139000,-0.549341000,0.291002000
67.946265,NAPKIN_S1_POS_STROKE2_SETTLE,-0.274153000,-0.548869000,0.291022000
67.956565,NAPKIN_S1_POS_STROKE2_SETTLE,-0.274166000,-0.548345000,0.291047000
67.966874,NAPKIN_S1_POS_STROKE2_SETTLE,-0.274185000,-0.547878000,0.291082000
67.977168,NAPKIN_S1_POS_STROKE2_SETTLE,-0.274181000,-0.547414000,0.291102000
67.987478,NAPKIN_S1_POS_STROKE2_SETTLE,-0.274186000,-0.546895000,0.291124000
67.997795,NAPKIN_S1_POS_STROKE2_SETTLE,-0.274204000,-0.546408000,0.291136000
68.008155,NAPKIN_S1_POS_STROKE2_SETTLE,-0.274219000,-0.545922000,0.291146000
68.018486,NAPKIN_S1_POS_STROKE2_SETTLE,-0.274242000,-0.545387000,0.291153000
68.028785,NAPKIN_S1_POS_STROKE2_SETTLE,-0.274281000,-0.544881000,0.291162000
68.039116,NAPKIN_S1_POS_STROKE2_SETTLE,-0.274303000,-0.544379000,0.291154000
68.049431,NAPKIN_S1_POS_STROKE2_SETTLE,-0.274343000,-0.543825000,0.291165000
68.059773,NAPKIN_S1_POS_STROKE2_SETTLE,-0.274395000,-0.543314000,0.291191000
68.070100,NAPKIN_S1_POS_STROKE2_SETTLE,-0.274412000,-0.542818000,0.291181000
68.080448,NAPKIN_S1_POS_STROKE2_SETTLE,-0.274452000,-0.542263000,0.291185000
68.090760,NAPKIN_S1_POS_STROKE2_SETTLE,-0.274506000,-0.541749000,0.291195000
68.101134,NAPKIN_S1_POS_STROKE2_SETTLE,-0.274549000,-0.541234000,0.291186000
68.111492,NAPKIN_S1_POS_STROKE2_SETTLE,-0.274592000,-0.540672000,0.291174000
68.121832,NAPKIN_S1_POS_STROKE2_SETTLE,-0.274649000,-0.540147000,0.291167000
68.132138,NAPKIN_S1_POS_STROKE2_SETTLE,-0.274697000,-0.539625000,0.291145000
68.142465,NAPKIN_S1_POS_STROKE2_SETTLE,-0.274737000,-0.539054000,0.291113000
68.413644,NAPKIN_S2_POS_STROKE3,-0.274761000,-0.533035000,0.291916000
68.423555,NAPKIN_S2_POS_STROKE3,-0.274790000,-0.533020000,0.291916000
68.433573,NAPKIN_S2_POS_STROKE3,-0.274701000,-0.533061000,0.291781000
68.443528,NAPKIN_S2_POS_STROKE3,-0.274458000,-0.533196000,0.291519000
68.453547,NAPKIN_S2_POS_STROKE3,-0.274230000,-0.533366000,0.291307000
68.463501,NAPKIN_S2_POS_STROKE3,-0.274389000,-0.533452000,0.291579000
68.473544,NAPKIN_S2_POS_STROKE3,-0.274555000,-0.533605000,0.291881000
68.483492,NAPKIN_S2_POS_STROKE3,-0.274278000,-0.533952000,0.291675000
68.493535,NAPKIN_S2_POS_STROKE3,-0.273824000,-0.534412000,0.291309000
68.503535,NAPKIN_S2_POS_STROKE3,-0.273627000,-0.534823000,0.291254000
68.513561,NAPKIN_S2_POS_STROKE3,-0.273567000,-0.535241000,0.291416000
68.523525,NAPKIN_S2_POS_STROKE3,-0.273487000,-0.535696000,0.291583000
68.533537,NAPKIN_S2_POS_STROKE3,-0.273400000,-0.536176000,0.291726000
68.543489,NAPKIN_S2_POS_STROKE3,-0.273369000,-0.536641000,0.291845000
68.553533,NAPKIN_S2_POS_STROKE3,-0.273373000,-0.537073000,0.291889000
68.563484,NAPKIN_S2_POS_STROKE3,-0.273351000,-0.537507000,0.291868000
68.573531,NAPKIN_S2_POS_STROKE3,-0.273329000,-0.537944000,0.291847000
68.583492,NAPKIN_S2_POS_STROKE3,-0.273327000,-0.538386000,0.291851000
68.593528,NAPKIN_S2_POS_STROKE3,-0.273305000,-0.538864000,0.291855000
68.603526,NAPKIN_S2_POS_STROKE3,-0.273281000,-0.539365000,0.291886000
68.613530,NAPKIN_S2_POS_STROKE3,-0.273259000,-0.539877000,0.291941000
68.623476,NAPKIN_S2_POS_STROKE3,-0.273224000,-0.540414000,0.291987000
68.633530,NAPKIN_S2_POS_STROKE3,-0.273181000,-0.540970000,0.292017000
68.643520,NAPKIN_S2_POS_STROKE3,-0.273152000,-0.541503000,0.292016000
68.653529,NAPKIN_S2_POS_STROKE3,-0.273166000,-0.542007000,0.292028000
68.663485,NAPKIN_S2_POS_STROKE3,-0.273188000,-0.542499000,0.292025000
68.673543,NAPKIN_S2_POS_STROKE3,-0.273203000,-0.542982000,0.292001000
68.683483,NAPKIN_S2_POS_STROKE3,-0.273196000,-0.543488000,0.291985000
68.683559,NAPKIN_S2_POS_STROKE3_SETTLE,-0.273196000,-0.543488000,0.291985000
68.693852,NAPKIN_S2_POS_STROKE3_SETTLE,-0.273188000,-0.544010000,0.291986000
68.704182,NAPKIN_S2_POS_STROKE3_SETTLE,-0.273182000,-0.544530000,0.291993000
68.714486,NAPKIN_S2_POS_STROKE3_SETTLE,-0.273171000,-0.545104000,0.292004000
68.724786,NAPKIN_S2_POS_STROKE3_SETTLE,-0.273137000,-0.545644000,0.292006000
68.735075,NAPKIN_S2_POS_STROKE3_SETTLE,-0.273127000,-0.546154000,0.292005000
68.745346,NAPKIN_S2_POS_STROKE3_SETTLE,-0.273151000,-0.546681000,0.292013000
68.755636,NAPKIN_S2_POS_STROKE3_SETTLE,-0.273166000,-0.547166000,0.292015000
68.765987,NAPKIN_S2_POS_STROKE3_SETTLE,-0.273151000,-0.547656000,0.291986000
68.776325,NAPKIN_S2_POS_STROKE3_SETTLE,-0.273126000,-0.548204000,0.291957000
68.786639,NAPKIN_S2_POS_STROKE3_SETTLE,-0.273101000,-0.548707000,0.291934000
68.796975,NAPKIN_S2_POS_STROKE3_SETTLE,-0.273091000,-0.549196000,0.291917000
68.807332,NAPKIN_S2_POS_STROKE3_SETTLE,-0.273103000,-0.549679000,0.291920000
68.817682,NAPKIN_S2_POS_STROKE3_SETTLE,-0.273130000,-0.550204000,0.291935000
68.828005,NAPKIN_S2_POS_STROKE3_SETTLE,-0.273184000,-0.550647000,0.291937000
68.838406,NAPKIN_S2_POS_STROKE3_SETTLE,-0.273244000,-0.551141000,0.291924000
68.848768,NAPKIN_S2_POS_STROKE3_SETTLE,-0.273276000,-0.551607000,0.291893000
68.859054,NAPKIN_S2_POS_STROKE3_SETTLE,-0.273312000,-0.552071000,0.291857000
68.869382,NAPKIN_S2_POS_STROKE3_SETTLE,-0.273320000,-0.552599000,0.291803000
68.879696,NAPKIN_S2_POS_STROKE3_SETTLE,-0.273322000,-0.553093000,0.291760000
68.890051,NAPKIN_S2_POS_STROKE3_SETTLE,-0.273317000,-0.553601000,0.291733000
68.900431,NAPKIN_S2_POS_STROKE3_SETTLE,-0.273332000,-0.554149000,0.291725000
68.910784,NAPKIN_S2_POS_STROKE3_SETTLE,-0.273343000,-0.554653000,0.291728000
68.921135,NAPKIN_S2_POS_STROKE3_SETTLE,-0.273373000,-0.555143000,0.291743000
68.931469,NAPKIN_S2_POS_STROKE3_SETTLE,-0.273392000,-0.555685000,0.291736000
68.941764,NAPKIN_S2_POS_STROKE3_SETTLE,-0.273404000,-0.556189000,0.291743000
68.952098,NAPKIN_S2_POS_STROKE3_SETTLE,-0.273385000,-0.556714000,0.291737000
68.962396,NAPKIN_S2_POS_STROKE3_SETTLE,-0.273351000,-0.557293000,0.291714000
68.972706,NAPKIN_S2_POS_STROKE3_SETTLE,-0.273321000,-0.557834000,0.291723000
68.983026,NAPKIN_S2_POS_STROKE3_SETTLE,-0.273272000,-0.558381000,0.291716000
68.993351,NAPKIN_S2_POS_STROKE3_SETTLE,-0.273231000,-0.558966000,0.291704000
69.003707,NAPKIN_S2_POS_STROKE3_SETTLE,-0.273190000,-0.559508000,0.291714000
69.014031,NAPKIN_S2_POS_STROKE3_SETTLE,-0.273163000,-0.560043000,0.291728000
69.024352,NAPKIN_S2_POS_STROKE3_SETTLE,-0.273177000,-0.560602000,0.291769000
69.034658,NAPKIN_S2_POS_STROKE3_SETTLE,-0.273200000,-0.561110000,0.291820000
69.045036,NAPKIN_S2_POS_STROKE3_SETTLE,-0.273205000,-0.561621000,0.291852000
69.055352,NAPKIN_S2_POS_STROKE3_SETTLE,-0.273197000,-0.562185000,0.291867000
69.065657,NAPKIN_S2_POS_STROKE3_SETTLE,-0.273190000,-0.562691000,0.291872000
69.075947,NAPKIN_S2_POS_STROKE3_SETTLE,-0.273170000,-0.563190000,0.291861000
69.086247,NAPKIN_S2_POS_STROKE3_SETTLE,-0.273149000,-0.563690000,0.291852000
69.096749,NAPKIN_S2_POS_STROKE3_SETTLE,-0.273162000,-0.564210000,0.291853000
69.107118,NAPKIN_S2_POS_STROKE3_SETTLE,-0.273172000,-0.564677000,0.291850000
69.117465,NAPKIN_S2_POS_STROKE3_SETTLE,-0.273224000,-0.565166000,0.291868000
69.127780,NAPKIN_S2_POS_STROKE3_SETTLE,-0.273272000,-0.565606000,0.291883000
69.138120,NAPKIN_S2_POS_STROKE3_SETTLE,-0.273322000,-0.566042000,0.291895000
69.148454,NAPKIN_S2_POS_STROKE3_SETTLE,-0.273364000,-0.566525000,0.291894000
69.158776,NAPKIN_S2_POS_STROKE3_SETTLE,-0.273383000,-0.566985000,0.291907000
69.169120,NAPKIN_S2_POS_STROKE3_SETTLE,-0.273412000,-0.567445000,0.291921000
69.179446,NAPKIN_S2_POS_STROKE3_SETTLE,-0.273427000,-0.567957000,0.291918000
69.189756,NAPKIN_S2_POS_STROKE3_SETTLE,-0.273439000,-0.568436000,0.291926000
69.200051,NAPKIN_S2_POS_STROKE3_SETTLE,-0.273430000,-0.568928000,0.291915000
69.210354,NAPKIN_S2_POS_STROKE3_SETTLE,-0.273445000,-0.569445000,0.291900000
69.220675,NAPKIN_S2_POS_STROKE3_SETTLE,-0.273485000,-0.569925000,0.291918000
69.230940,NAPKIN_S2_POS_STROKE3_SETTLE,-0.273528000,-0.570403000,0.291936000
69.241228,NAPKIN_S2_POS_STROKE3_SETTLE,-0.273567000,-0.570891000,0.291965000
69.251604,NAPKIN_S2_POS_STROKE3_SETTLE,-0.273584000,-0.571444000,0.291983000
69.261967,NAPKIN_S2_POS_STROKE3_SETTLE,-0.273629000,-0.571934000,0.292020000
69.272300,NAPKIN_S2_POS_STROKE3_SETTLE,-0.273649000,-0.572436000,0.292049000
69.282626,NAPKIN_S2_POS_STROKE3_SETTLE,-0.273684000,-0.572975000,0.292086000
69.292968,NAPKIN_S2_POS_STROKE3_SETTLE,-0.273709000,-0.573477000,0.292123000
69.303364,NAPKIN_S2_POS_STROKE3_SETTLE,-0.273730000,-0.574018000,0.292132000
69.313703,NAPKIN_S2_POS_STROKE3_SETTLE,-0.273736000,-0.574528000,0.292140000
69.324024,NAPKIN_S2_POS_STROKE3_SETTLE,-0.273751000,-0.575029000,0.292151000
69.334348,NAPKIN_S2_POS_STROKE3_SETTLE,-0.273772000,-0.575579000,0.292170000
69.344686,NAPKIN_S2_POS_STROKE3_SETTLE,-0.273775000,-0.576094000,0.292183000
69.355043,NAPKIN_S2_POS_STROKE3_SETTLE,-0.273762000,-0.576609000,0.292166000
69.365359,NAPKIN_S2_POS_STROKE3_SETTLE,-0.273741000,-0.577179000,0.292150000
69.375685,NAPKIN_S2_POS_STROKE3_SETTLE,-0.273740000,-0.577682000,0.292130000
69.386007,NAPKIN_S2_POS_STROKE3_SETTLE,-0.273760000,-0.578176000,0.292123000
69.396345,NAPKIN_S2_POS_STROKE3_SETTLE,-0.273786000,-0.578720000,0.292130000
69.406708,NAPKIN_S2_POS_STROKE3_SETTLE,-0.273805000,-0.579204000,0.292119000
69.417130,NAPKIN_S2_POS_STROKE3_SETTLE,-0.273803000,-0.579699000,0.292092000
69.688470,NAPKIN_S1_POS_STROKE3,-0.273569000,-0.590419000,0.291623000
69.698285,NAPKIN_S1_POS_STROKE3,-0.273602000,-0.590447000,0.291672000
69.708315,NAPKIN_S1_POS_STROKE3,-0.273472000,-0.590549000,0.291566000
69.718277,NAPKIN_S1_POS_STROKE3,-0.273186000,-0.590729000,0.291303000
69.728268,NAPKIN_S1_POS_STROKE3,-0.272874000,-0.590862000,0.290922000
69.738251,NAPKIN_S1_POS_STROKE3,-0.272595000,-0.590965000,0.290614000
69.748260,NAPKIN_S1_POS_STROKE3,-0.272521000,-0.590959000,0.290555000
69.758251,NAPKIN_S1_POS_STROKE3,-0.272522000,-0.590850000,0.290473000
69.768252,NAPKIN_S1_POS_STROKE3,-0.272327000,-0.590750000,0.290197000
69.778246,NAPKIN_S1_POS_STROKE3,-0.271795000,-0.590716000,0.289645000
69.788288,NAPKIN_S1_POS_STROKE3,-0.271338000,-0.590614000,0.289243000
69.798262,NAPKIN_S1_POS_STROKE3,-0.271113000,-0.590417000,0.289158000
69.808402,NAPKIN_S1_POS_STROKE3,-0.270965000,-0.590124000,0.289196000
69.818281,NAPKIN_S1_POS_STROKE3,-0.270863000,-0.589829000,0.289192000
69.828277,NAPKIN_S1_POS_STROKE3,-0.270805000,-0.589462000,0.289202000
69.838271,NAPKIN_S1_POS_STROKE3,-0.270712000,-0.589127000,0.289240000
69.848315,NAPKIN_S1_POS_STROKE3,-0.270677000,-0.588726000,0.289261000
69.858273,NAPKIN_S1_POS_STROKE3,-0.270758000,-0.588223000,0.289290000
69.868255,NAPKIN_S1_POS_STROKE3,-0.270921000,-0.587660000,0.289341000
69.878265,NAPKIN_S1_POS_STROKE3,-0.271080000,-0.587085000,0.289363000
69.888395,NAPKIN_S1_POS_STROKE3,-0.271232000,-0.586446000,0.289348000
69.898253,NAPKIN_S1_POS_STROKE3,-0.271343000,-0.585934000,0.289357000
69.908315,NAPKIN_S1_POS_STROKE3,-0.271454000,-0.585372000,0.289366000
69.918259,NAPKIN_S1_POS_STROKE3,-0.271564000,-0.584810000,0.289394000
69.928272,NAPKIN_S1_POS_STROKE3,-0.271655000,-0.584246000,0.289408000
69.938246,NAPKIN_S1_POS_STROKE3,-0.271727000,-0.583686000,0.289441000
69.948274,NAPKIN_S1_POS_STROKE3,-0.271769000,-0.583149000,0.289478000
69.958232,NAPKIN_S1_POS_STROKE3,-0.271823000,-0.582606000,0.289533000
69.968276,NAPKIN_S1_POS_STROKE3,-0.271882000,-0.582079000,0.289606000
69.978226,NAPKIN_S1_POS_STROKE3,-0.271912000,-0.581576000,0.289659000
69.978302,NAPKIN_S1_POS_STROKE3_SETTLE,-0.271912000,-0.581576000,0.289659000
69.988602,NAPKIN_S1_POS_STROKE3_SETTLE,-0.271943000,-0.581035000,0.289713000
69.998931,NAPKIN_S1_POS_STROKE3_SETTLE,-0.271976000,-0.580550000,0.289778000
70.009244,NAPKIN_S1_POS_STROKE3_SETTLE,-0.272002000,-0.580061000,0.289833000
70.019556,NAPKIN_S1_POS_STROKE3_SETTLE,-0.272070000,-0.579500000,0.289920000
70.029868,NAPKIN_S1_POS_STROKE3_SETTLE,-0.272107000,-0.578997000,0.289979000
70.040172,NAPKIN_S1_POS_STROKE3_SETTLE,-0.272142000,-0.578486000,0.290034000
70.050518,NAPKIN_S1_POS_STROKE3_SETTLE,-0.272219000,-0.577913000,0.290131000
70.060776,NAPKIN_S1_POS_STROKE3_SETTLE,-0.272313000,-0.577376000,0.290208000
70.070989,NAPKIN_S1_POS_STROKE3_SETTLE,-0.272368000,-0.576865000,0.290262000
70.081173,NAPKIN_S1_POS_STROKE3_SETTLE,-0.272441000,-0.576339000,0.290306000
70.091367,NAPKIN_S1_POS_STROKE3_SETTLE,-0.272500000,-0.575762000,0.290333000
70.101599,NAPKIN_S1_POS_STROKE3_SETTLE,-0.272557000,-0.575230000,0.290358000
70.111855,NAPKIN_S1_POS_STROKE3_SETTLE,-0.272621000,-0.574678000,0.290386000
70.122079,NAPKIN_S1_POS_STROKE3_SETTLE,-0.272676000,-0.574135000,0.290415000
70.132371,NAPKIN_S1_POS_STROKE3_SETTLE,-0.272725000,-0.573549000,0.290477000
70.142856,NAPKIN_S1_POS_STROKE3_SETTLE,-0.272799000,-0.572996000,0.290543000
70.153094,NAPKIN_S1_POS_STROKE3_SETTLE,-0.272875000,-0.572443000,0.290601000
70.163305,NAPKIN_S1_POS_STROKE3_SETTLE,-0.272938000,-0.571892000,0.290639000
70.173624,NAPKIN_S1_POS_STROKE3_SETTLE,-0.272993000,-0.571297000,0.290670000
70.183957,NAPKIN_S1_POS_STROKE3_SETTLE,-0.273020000,-0.570763000,0.290678000
70.194259,NAPKIN_S1_POS_STROKE3_SETTLE,-0.273064000,-0.570211000,0.290678000
70.204639,NAPKIN_S1_POS_STROKE3_SETTLE,-0.273086000,-0.569618000,0.290656000
70.214971,NAPKIN_S1_POS_STROKE3_SETTLE,-0.273119000,-0.569076000,0.290652000
70.225292,NAPKIN_S1_POS_STROKE3_SETTLE,-0.273152000,-0.568544000,0.290656000
70.235603,NAPKIN_S1_POS_STROKE3_SETTLE,-0.273200000,-0.567954000,0.290660000
70.245944,NAPKIN_S1_POS_STROKE3_SETTLE,-0.273232000,-0.567434000,0.290661000
70.256285,NAPKIN_S1_POS_STROKE3_SETTLE,-0.273264000,-0.566924000,0.290681000
70.266607,NAPKIN_S1_POS_STROKE3_SETTLE,-0.273307000,-0.566372000,0.290709000
70.276920,NAPKIN_S1_POS_STROKE3_SETTLE,-0.273329000,-0.565885000,0.290742000
70.287231,NAPKIN_S1_POS_STROKE3_SETTLE,-0.273330000,-0.565413000,0.290755000
70.297559,NAPKIN_S1_POS_STROKE3_SETTLE,-0.273355000,-0.564893000,0.290809000
70.307927,NAPKIN_S1_POS_STROKE3_SETTLE,-0.273362000,-0.564425000,0.290846000
70.318276,NAPKIN_S1_POS_STROKE3_SETTLE,-0.273360000,-0.563966000,0.290875000
70.328592,NAPKIN_S1_POS_STROKE3_SETTLE,-0.273367000,-0.563454000,0.290911000
70.338923,NAPKIN_S1_POS_STROKE3_SETTLE,-0.273371000,-0.562989000,0.290945000
70.349240,NAPKIN_S1_POS_STROKE3_SETTLE,-0.273369000,-0.562521000,0.290961000
70.359571,NAPKIN_S1_POS_STROKE3_SETTLE,-0.273360000,-0.562003000,0.290979000
70.369919,NAPKIN_S1_POS_STROKE3_SETTLE,-0.273363000,-0.561529000,0.290998000
70.380228,NAPKIN_S1_POS_STROKE3_SETTLE,-0.273376000,-0.561044000,0.291025000
70.390574,NAPKIN_S1_POS_STROKE3_SETTLE,-0.273405000,-0.560494000,0.291050000
70.400929,NAPKIN_S1_POS_STROKE3_SETTLE,-0.273436000,-0.559992000,0.291077000
70.411279,NAPKIN_S1_POS_STROKE3_SETTLE,-0.273472000,-0.559484000,0.291098000
70.421610,NAPKIN_S1_POS_STROKE3_SETTLE,-0.273544000,-0.558908000,0.291139000
70.431930,NAPKIN_S1_POS_STROKE3_SETTLE,-0.273595000,-0.558388000,0.291154000
70.442248,NAPKIN_S1_POS_STROKE3_SETTLE,-0.273632000,-0.557869000,0.291157000
70.452614,NAPKIN_S1_POS_STROKE3_SETTLE,-0.273684000,-0.557291000,0.291165000
70.462989,NAPKIN_S1_POS_STROKE3_SETTLE,-0.273723000,-0.556770000,0.291167000
70.473340,NAPKIN_S1_POS_STROKE3_SETTLE,-0.273745000,-0.556200000,0.291140000
70.483662,NAPKIN_S1_POS_STROKE3_SETTLE,-0.273772000,-0.555681000,0.291129000
70.494009,NAPKIN_S1_POS_STROKE3_SETTLE,-0.273803000,-0.555154000,0.291111000
70.504409,NAPKIN_S1_POS_STROKE3_SETTLE,-0.273836000,-0.554571000,0.291071000
70.514764,NAPKIN_S1_POS_STROKE3_SETTLE,-0.273866000,-0.554044000,0.291037000
70.525101,NAPKIN_S1_POS_STROKE3_SETTLE,-0.273905000,-0.553511000,0.291007000
70.535432,NAPKIN_S1_POS_STROKE3_SETTLE,-0.273952000,-0.552927000,0.290982000
70.545754,NAPKIN_S1_POS_STROKE3_SETTLE,-0.273980000,-0.552411000,0.290961000
70.556083,NAPKIN_S1_POS_STROKE3_SETTLE,-0.274011000,-0.551901000,0.290954000
70.566395,NAPKIN_S1_POS_STROKE3_SETTLE,-0.274049000,-0.551339000,0.290952000
70.576730,NAPKIN_S1_POS_STROKE3_SETTLE,-0.274080000,-0.550835000,0.290954000
70.587226,NAPKIN_S1_POS_STROKE3_SETTLE,-0.274107000,-0.550346000,0.290968000
70.597605,NAPKIN_S1_POS_STROKE3_SETTLE,-0.274125000,-0.549817000,0.290984000
70.608075,NAPKIN_S1_POS_STROKE3_SETTLE,-0.274145000,-0.549343000,0.291012000
70.618436,NAPKIN_S1_POS_STROKE3_SETTLE,-0.274154000,-0.548829000,0.291037000
70.628747,NAPKIN_S1_POS_STROKE3_SETTLE,-0.274161000,-0.548355000,0.291049000
70.639096,NAPKIN_S1_POS_STROKE3_SETTLE,-0.274174000,-0.547881000,0.291075000
70.649467,NAPKIN_S1_POS_STROKE3_SETTLE,-0.274174000,-0.547370000,0.291105000
70.659855,NAPKIN_S1_POS_STROKE3_SETTLE,-0.274180000,-0.546894000,0.291114000
70.670204,NAPKIN_S1_POS_STROKE3_SETTLE,-0.274186000,-0.546425000,0.291123000
70.680544,NAPKIN_S1_POS_STROKE3_SETTLE,-0.274202000,-0.545890000,0.291124000
70.690857,NAPKIN_S1_POS_STROKE3_SETTLE,-0.274209000,-0.545401000,0.291098000
70.701090,NAPKIN_S1_POS_STROKE3_SETTLE,-0.274236000,-0.544903000,0.291095000
70.711364,NAPKIN_S1_POS_STROKE3_SETTLE,-0.274292000,-0.544343000,0.291113000
70.721714,NAPKIN_S1_POS_STROKE3_SETTLE,-0.274328000,-0.543838000,0.291120000
70.732027,NAPKIN_S1_POS_STROKE3_SETTLE,-0.274377000,-0.543332000,0.291150000
70.742350,NAPKIN_S1_POS_STROKE3_SETTLE,-0.274404000,-0.542783000,0.291146000
70.752670,NAPKIN_S1_POS_STROKE3_SETTLE,-0.274447000,-0.542271000,0.291150000
70.762995,NAPKIN_S1_POS_STROKE3_SETTLE,-0.274497000,-0.541761000,0.291167000
70.773404,NAPKIN_S1_POS_STROKE3_SETTLE,-0.274552000,-0.541194000,0.291181000
70.783747,NAPKIN_S1_POS_STROKE3_SETTLE,-0.274593000,-0.540685000,0.291190000
70.794105,NAPKIN_S1_POS_STROKE3_SETTLE,-0.274641000,-0.540167000,0.291182000
70.804481,NAPKIN_S1_POS_STROKE3_SETTLE,-0.274697000,-0.539589000,0.291164000
70.814862,NAPKIN_S1_POS_STROKE3_SETTLE,-0.274734000,-0.539074000,0.291143000
71.086054,NAPKIN_LIFT1_POS_FINISH,-0.274777000,-0.533029000,0.291958000
71.096059,NAPKIN_LIFT1_POS_FINISH,-0.274825000,-0.533003000,0.291972000
71.106014,NAPKIN_LIFT1_POS_FINISH,-0.274733000,-0.533042000,0.291828000
71.115965,NAPKIN_LIFT1_POS_FINISH,-0.274482000,-0.533179000,0.291556000
71.125975,NAPKIN_LIFT1_POS_FINISH,-0.274365000,-0.533343000,0.291588000
71.135959,NAPKIN_LIFT1_POS_FINISH,-0.274342000,-0.533512000,0.291853000
71.145966,NAPKIN_LIFT1_POS_FINISH,-0.274149000,-0.533730000,0.292018000
71.155958,NAPKIN_LIFT1_POS_FINISH,-0.273787000,-0.533984000,0.292013000
71.165964,NAPKIN_LIFT1_POS_FINISH,-0.273417000,-0.534227000,0.292059000
71.175944,NAPKIN_LIFT1_POS_FINISH,-0.273192000,-0.534427000,0.292409000
71.185960,NAPKIN_LIFT1_POS_FINISH,-0.273075000,-0.534613000,0.293029000
71.195977,NAPKIN_LIFT1_POS_FINISH,-0.272949000,-0.534790000,0.293696000
71.206028,NAPKIN_LIFT1_POS_FINISH,-0.272707000,-0.534981000,0.294110000
71.215964,NAPKIN_LIFT1_POS_FINISH,-0.272431000,-0.535180000,0.294479000
71.225967,NAPKIN_LIFT1_POS_FINISH,-0.272410000,-0.535265000,0.295112000
71.235946,NAPKIN_LIFT1_POS_FINISH,-0.272534000,-0.535260000,0.295876000
71.245957,NAPKIN_LIFT1_POS_FINISH,-0.272595000,-0.535250000,0.296546000
71.256008,NAPKIN_LIFT1_POS_FINISH,-0.272601000,-0.535235000,0.297074000
71.265960,NAPKIN_LIFT1_POS_FINISH,-0.272611000,-0.535193000,0.297510000
71.275959,NAPKIN_LIFT1_POS_FINISH,-0.272623000,-0.535152000,0.297943000
71.285950,NAPKIN_LIFT1_POS_FINISH,-0.272619000,-0.535132000,0.298414000
71.295964,NAPKIN_LIFT1_POS_FINISH,-0.272600000,-0.535141000,0.298923000
71.306026,NAPKIN_LIFT1_POS_FINISH,-0.272556000,-0.535166000,0.299414000
71.315962,NAPKIN_LIFT1_POS_FINISH,-0.272511000,-0.535177000,0.299902000
71.325965,NAPKIN_LIFT1_POS_FINISH,-0.272474000,-0.535166000,0.300370000
71.336004,NAPKIN_LIFT1_POS_FINISH,-0.272464000,-0.535130000,0.300863000
71.345968,NAPKIN_LIFT1_POS_FINISH,-0.272457000,-0.535097000,0.301365000
71.355952,NAPKIN_LIFT1_POS_FINISH,-0.272460000,-0.535055000,0.301853000
71.365931,NAPKIN_LIFT1_POS_FINISH,-0.272455000,-0.535017000,0.302323000
71.375945,NAPKIN_LIFT1_POS_FINISH,-0.272456000,-0.534984000,0.302797000
71.385946,NAPKIN_LIFT1_POS_FINISH,-0.272450000,-0.534971000,0.303299000
71.395973,NAPKIN_LIFT1_POS_FINISH,-0.272450000,-0.534968000,0.303841000
71.406040,NAPKIN_LIFT1_POS_FINISH,-0.272422000,-0.534974000,0.304358000
71.416033,NAPKIN_LIFT1_POS_FINISH,-0.272357000,-0.534987000,0.304815000
71.425986,NAPKIN_LIFT1_POS_FINISH,-0.272317000,-0.534984000,0.305289000
71.435960,NAPKIN_LIFT1_POS_FINISH,-0.272324000,-0.534954000,0.305786000
71.445976,NAPKIN_LIFT1_POS_FINISH,-0.272342000,-0.534921000,0.306303000
71.456006,NAPKIN_LIFT1_POS_FINISH,-0.272366000,-0.534892000,0.306820000
71.465968,NAPKIN_LIFT1_POS_FINISH,-0.272367000,-0.534875000,0.307304000
71.475954,NAPKIN_LIFT1_POS_FINISH,-0.272367000,-0.534868000,0.307792000
71.476034,NAPKIN_LIFT1_POS_FINISH_SETTLE,-0.272367000,-0.534868000,0.307792000
71.486328,NAPKIN_LIFT1_POS_FINISH_SETTLE,-0.272365000,-0.534859000,0.308332000
71.496637,NAPKIN_LIFT1_POS_FINISH_SETTLE,-0.272355000,-0.534854000,0.308826000
71.506999,NAPKIN_LIFT1_POS_FINISH_SETTLE,-0.272341000,-0.534849000,0.309316000
71.517316,NAPKIN_LIFT1_POS_FINISH_SETTLE,-0.272337000,-0.534836000,0.309788000
71.527817,NAPKIN_LIFT1_POS_FINISH_SETTLE,-0.272346000,-0.534808000,0.310299000
71.538115,NAPKIN_LIFT1_POS_FINISH_SETTLE,-0.272370000,-0.534774000,0.310757000
71.548345,NAPKIN_LIFT1_POS_FINISH_SETTLE,-0.272390000,-0.534745000,0.311244000
71.558540,NAPKIN_LIFT1_POS_FINISH_SETTLE,-0.272434000,-0.534715000,0.311728000
71.568750,NAPKIN_LIFT1_POS_FINISH_SETTLE,-0.272488000,-0.534678000,0.312222000
71.578955,NAPKIN_LIFT1_POS_FINISH_SETTLE,-0.272521000,-0.534647000,0.312694000
71.589131,NAPKIN_LIFT1_POS_FINISH_SETTLE,-0.272526000,-0.534629000,0.313156000
71.599366,NAPKIN_LIFT1_POS_FINISH_SETTLE,-0.272556000,-0.534604000,0.313705000
71.609607,NAPKIN_LIFT1_POS_FINISH_SETTLE,-0.272587000,-0.534588000,0.314235000
71.619836,NAPKIN_LIFT1_POS_FINISH_SETTLE,-0.272603000,-0.534585000,0.314765000
71.630027,NAPKIN_LIFT1_POS_FINISH_SETTLE,-0.272609000,-0.534589000,0.315269000
71.640214,NAPKIN_LIFT1_POS_FINISH_SETTLE,-0.272644000,-0.534577000,0.315782000
71.650491,NAPKIN_LIFT1_POS_FINISH_SETTLE,-0.272697000,-0.534560000,0.316367000
71.660869,NAPKIN_LIFT1_POS_FINISH_SETTLE,-0.272736000,-0.534550000,0.316891000
71.671195,NAPKIN_LIFT1_POS_FINISH_SETTLE,-0.272761000,-0.534544000,0.317410000
71.681518,NAPKIN_LIFT1_POS_FINISH_SETTLE,-0.272813000,-0.534528000,0.318014000
71.691830,NAPKIN_LIFT1_POS_FINISH_SETTLE,-0.272842000,-0.534513000,0.318547000
71.702152,NAPKIN_LIFT1_POS_FINISH_SETTLE,-0.272850000,-0.534515000,0.319076000
71.712475,NAPKIN_LIFT1_POS_FINISH_SETTLE,-0.272875000,-0.534506000,0.319668000
71.722769,NAPKIN_LIFT1_POS_FINISH_SETTLE,-0.272913000,-0.534494000,0.320217000
71.733060,NAPKIN_LIFT1_POS_FINISH_SETTLE,-0.272949000,-0.534482000,0.320758000
71.743397,NAPKIN_LIFT1_POS_FINISH_SETTLE,-0.272986000,-0.534464000,0.321327000
71.753701,NAPKIN_LIFT1_POS_FINISH_SETTLE,-0.273014000,-0.534447000,0.321821000
71.764001,NAPKIN_LIFT1_POS_FINISH_SETTLE,-0.273067000,-0.534408000,0.322320000
71.774293,NAPKIN_LIFT1_POS_FINISH_SETTLE,-0.273113000,-0.534369000,0.322831000
71.784576,NAPKIN_LIFT1_POS_FINISH_SETTLE,-0.273175000,-0.534329000,0.323412000
71.794883,NAPKIN_LIFT1_POS_FINISH_SETTLE,-0.273200000,-0.534301000,0.323918000
71.805200,NAPKIN_LIFT1_POS_FINISH_SETTLE,-0.273215000,-0.534276000,0.324413000
71.815531,NAPKIN_LIFT1_POS_FINISH_SETTLE,-0.273219000,-0.534256000,0.324928000
71.825848,NAPKIN_LIFT1_POS_FINISH_SETTLE,-0.273216000,-0.534249000,0.325416000
71.836143,NAPKIN_LIFT1_POS_FINISH_SETTLE,-0.273225000,-0.534246000,0.325936000
71.846433,NAPKIN_LIFT1_POS_FINISH_SETTLE,-0.273230000,-0.534238000,0.326484000
71.856730,NAPKIN_LIFT1_POS_FINISH_SETTLE,-0.273213000,-0.534243000,0.326950000
71.867038,NAPKIN_LIFT1_POS_FINISH_SETTLE,-0.273212000,-0.534234000,0.327425000
71.877343,NAPKIN_LIFT1_POS_FINISH_SETTLE,-0.273228000,-0.534210000,0.327960000
71.887625,NAPKIN_LIFT1_POS_FINISH_SETTLE,-0.273212000,-0.534210000,0.328442000
71.897934,NAPKIN_LIFT1_POS_FINISH_SETTLE,-0.273187000,-0.534211000,0.328907000
71.908246,NAPKIN_LIFT1_POS_FINISH_SETTLE,-0.273183000,-0.534209000,0.329400000
71.918543,NAPKIN_LIFT1_POS_FINISH_SETTLE,-0.273193000,-0.534198000,0.329949000
71.928854,NAPKIN_LIFT1_POS_FINISH_SETTLE,-0.273187000,-0.534201000,0.330445000
71.939137,NAPKIN_LIFT1_POS_FINISH_SETTLE,-0.273167000,-0.534212000,0.330924000
71.949439,NAPKIN_LIFT1_POS_FINISH_SETTLE,-0.273153000,-0.534223000,0.331463000
71.959743,NAPKIN_LIFT1_POS_FINISH_SETTLE,-0.273161000,-0.534223000,0.331968000
71.970031,NAPKIN_LIFT1_POS_FINISH_SETTLE,-0.273150000,-0.534222000,0.332423000
71.980314,NAPKIN_LIFT1_POS_FINISH_SETTLE,-0.273127000,-0.534226000,0.332859000
71.990591,NAPKIN_LIFT1_POS_FINISH_SETTLE,-0.273138000,-0.534223000,0.333374000
72.000911,NAPKIN_LIFT1_POS_FINISH_SETTLE,-0.273168000,-0.534210000,0.333847000
72.011239,NAPKIN_LIFT1_POS_FINISH_SETTLE,-0.273199000,-0.534201000,0.334334000
72.021536,NAPKIN_LIFT1_POS_FINISH_SETTLE,-0.273230000,-0.534185000,0.334859000
72.031822,NAPKIN_LIFT1_POS_FINISH_SETTLE,-0.273254000,-0.534166000,0.335328000
72.042098,NAPKIN_LIFT1_POS_FINISH_SETTLE,-0.273261000,-0.534153000,0.335793000
72.052395,NAPKIN_LIFT1_POS_FINISH_SETTLE,-0.273251000,-0.534153000,0.336297000
72.062755,NAPKIN_LIFT1_POS_FINISH_SETTLE,-0.273235000,-0.534160000,0.336767000
72.073070,NAPKIN_LIFT1_POS_FINISH_SETTLE,-0.273231000,-0.534176000,0.337268000
72.083356,NAPKIN_LIFT1_POS_FINISH_SETTLE,-0.273233000,-0.534191000,0.337813000
72.093673,NAPKIN_LIFT1_POS_FINISH_SETTLE,-0.273235000,-0.534201000,0.338291000
72.104026,NAPKIN_LIFT1_POS_FINISH_SETTLE,-0.273232000,-0.534212000,0.338761000
72.114358,NAPKIN_LIFT1_POS_FINISH_SETTLE,-0.273258000,-0.534208000,0.339288000
72.124686,NAPKIN_LIFT1_POS_FINISH_SETTLE,-0.273283000,-0.534202000,0.339774000
72.134994,NAPKIN_LIFT1_POS_FINISH_SETTLE,-0.273300000,-0.534201000,0.340244000
72.145316,NAPKIN_LIFT1_POS_FINISH_SETTLE,-0.273306000,-0.534201000,0.340703000
72.155628,NAPKIN_LIFT1_POS_FINISH_SETTLE,-0.273316000,-0.534208000,0.341231000
72.165968,NAPKIN_LIFT1_POS_FINISH_SETTLE,-0.273334000,-0.534205000,0.341720000
72.176288,NAPKIN_LIFT1_POS_FINISH_SETTLE,-0.273327000,-0.534218000,0.342195000
72.186648,NAPKIN_LIFT1_POS_FINISH_SETTLE,-0.273330000,-0.534226000,0.342724000
72.196969,NAPKIN_LIFT1_POS_FINISH_SETTLE,-0.273346000,-0.534224000,0.343226000
72.207338,NAPKIN_LIFT1_POS_FINISH_SETTLE,-0.273364000,-0.534217000,0.343707000
72.217681,NAPKIN_LIFT1_POS_FINISH_SETTLE,-0.273383000,-0.534213000,0.344228000
72.228007,NAPKIN_LIFT1_POS_FINISH_SETTLE,-0.273406000,-0.534207000,0.344707000
72.238338,NAPKIN_LIFT1_POS_FINISH_SETTLE,-0.273421000,-0.534206000,0.345225000
72.248652,NAPKIN_LIFT1_POS_FINISH_SETTLE,-0.273433000,-0.534207000,0.345689000
72.258965,NAPKIN_LIFT1_POS_FINISH_SETTLE,-0.273440000,-0.534211000,0.346143000
72.269303,NAPKIN_LIFT1_POS_FINISH_SETTLE,-0.273446000,-0.534215000,0.346588000
72.279627,NAPKIN_LIFT1_POS_FINISH_SETTLE,-0.273459000,-0.534215000,0.347077000
72.289948,NAPKIN_LIFT1_POS_FINISH_SETTLE,-0.273483000,-0.534213000,0.347527000
72.300263,NAPKIN_LIFT1_POS_FINISH_SETTLE,-0.273500000,-0.534210000,0.347965000
72.310604,NAPKIN_LIFT1_POS_FINISH_SETTLE,-0.273511000,-0.534210000,0.348442000
72.320957,NAPKIN_LIFT1_POS_FINISH_SETTLE,-0.273527000,-0.534205000,0.348881000
72.331275,NAPKIN_LIFT1_POS_FINISH_SETTLE,-0.273548000,-0.534201000,0.349330000
72.341607,NAPKIN_LIFT1_POS_FINISH_SETTLE,-0.273556000,-0.534208000,0.349819000
72.351921,NAPKIN_LIFT1_POS_FINISH_SETTLE,-0.273578000,-0.534202000,0.350288000
72.362226,NAPKIN_LIFT1_POS_FINISH_SETTLE,-0.273601000,-0.534200000,0.350770000
72.372550,NAPKIN_LIFT1_POS_FINISH_SETTLE,-0.273616000,-0.534200000,0.351296000
72.382899,NAPKIN_LIFT1_POS_FINISH_SETTLE,-0.273625000,-0.534196000,0.351774000
72.393238,NAPKIN_LIFT1_POS_FINISH_SETTLE,-0.273632000,-0.534196000,0.352268000
72.403589,NAPKIN_LIFT1_POS_FINISH_SETTLE,-0.273651000,-0.534190000,0.352835000
72.413949,NAPKIN_LIFT1_POS_FINISH_SETTLE,-0.273666000,-0.534186000,0.353355000
72.424269,NAPKIN_LIFT1_POS_FINISH_SETTLE,-0.273664000,-0.534189000,0.353867000
72.434613,NAPKIN_LIFT1_POS_FINISH_SETTLE,-0.273674000,-0.534189000,0.354436000
72.444913,NAPKIN_LIFT1_POS_FINISH_SETTLE,-0.273705000,-0.534172000,0.354966000
72.455226,NAPKIN_LIFT1_POS_FINISH_SETTLE,-0.273726000,-0.534163000,0.355488000
72.465595,NAPKIN_LIFT1_POS_FINISH_SETTLE,-0.273746000,-0.534152000,0.356050000
72.475956,NAPKIN_LIFT1_POS_FINISH_SETTLE,-0.273764000,-0.534142000,0.356545000
72.486285,NAPKIN_LIFT1_POS_FINISH_SETTLE,-0.273781000,-0.534131000,0.357038000
72.496607,NAPKIN_LIFT1_POS_FINISH_SETTLE,-0.273805000,-0.534116000,0.357577000
72.506987,NAPKIN_LIFT1_POS_FINISH_SETTLE,-0.273838000,-0.534104000,0.358085000
72.517312,NAPKIN_LIFT1_POS_FINISH_SETTLE,-0.273871000,-0.534087000,0.358593000
72.527623,NAPKIN_LIFT1_POS_FINISH_SETTLE,-0.273892000,-0.534077000,0.359142000
72.538057,NAPKIN_LIFT1_POS_FINISH_SETTLE,-0.273917000,-0.534058000,0.359631000
72.548288,NAPKIN_LIFT1_POS_FINISH_SETTLE,-0.273941000,-0.534044000,0.360135000
72.558644,NAPKIN_LIFT1_POS_FINISH_SETTLE,-0.273982000,-0.534019000,0.360709000
72.568976,NAPKIN_LIFT1_POS_FINISH_SETTLE,-0.274008000,-0.534002000,0.361228000
72.579293,NAPKIN_LIFT1_POS_FINISH_SETTLE,-0.274017000,-0.533990000,0.361743000
72.589627,NAPKIN_LIFT1_POS_FINISH_SETTLE,-0.274040000,-0.533973000,0.362321000
