t,phase,x,y,z
18.422891,P1_INIT_POS,-0.029268000,-0.541518000,0.397853000
18.432849,P1_INIT_POS,-0.028946000,-0.541559000,0.397585000
18.442805,P1_INIT_POS,-0.028673000,-0.541606000,0.397379000
18.452812,P1_INIT_POS,-0.028439000,-0.541669000,0.397281000
18.462783,P1_INIT_POS,-0.028079000,-0.541733000,0.397077000
18.472686,P1_INIT_POS,-0.027642000,-0.541758000,0.396682000
18.482663,P1_INIT_POS,-0.027210000,-0.541791000,0.396303000
18.492659,P1_INIT_POS,-0.026684000,-0.541830000,0.395900000
18.502692,P1_INIT_POS,-0.026091000,-0.541886000,0.395451000
18.512751,P1_INIT_POS,-0.025506000,-0.541950000,0.395030000
18.522683,P1_INIT_POS,-0.024893000,-0.542016000,0.394606000
18.532675,P1_INIT_POS,-0.024268000,-0.542073000,0.394153000
18.542676,P1_INIT_POS,-0.023635000,-0.542108000,0.393646000
18.552660,P1_INIT_POS,-0.023042000,-0.542137000,0.393170000
18.562656,P1_INIT_POS,-0.022474000,-0.542149000,0.392669000
18.572655,P1_INIT_POS,-0.021932000,-0.542162000,0.392189000
18.582737,P1_INIT_POS,-0.021432000,-0.542168000,0.391723000
18.592701,P1_INIT_POS,-0.020952000,-0.542168000,0.391254000
18.602691,P1_INIT_POS,-0.020466000,-0.542170000,0.390789000
18.612746,P1_INIT_POS,-0.019963000,-0.542164000,0.390314000
18.622702,P1_INIT_POS,-0.019432000,-0.542158000,0.389846000
18.632675,P1_INIT_POS,-0.018884000,-0.542151000,0.389369000
18.642650,P1_INIT_POS,-0.018355000,-0.542131000,0.388879000
18.652646,P1_INIT_POS,-0.017821000,-0.542109000,0.388383000
18.662715,P1_INIT_POS,-0.017295000,-0.542091000,0.387889000
18.672900,P1_INIT_POS,-0.016781000,-0.542075000,0.387401000
18.682810,P1_INIT_POS,-0.016264000,-0.542054000,0.386895000
18.692833,P1_INIT_POS,-0.015735000,-0.542032000,0.386380000
18.702806,P1_INIT_POS,-0.015207000,-0.542013000,0.385879000
18.712884,P1_INIT_POS,-0.014702000,-0.541982000,0.385382000
18.722761,P1_INIT_POS,-0.014225000,-0.541947000,0.384912000
18.732852,P1_INIT_POS,-0.013711000,-0.541907000,0.384414000
18.742800,P1_INIT_POS,-0.013188000,-0.541870000,0.383940000
18.752749,P1_INIT_POS,-0.012646000,-0.541834000,0.383465000
18.762666,P1_INIT_POS,-0.012101000,-0.541797000,0.382983000
18.772650,P1_INIT_POS,-0.011550000,-0.541757000,0.382486000
18.782638,P1_INIT_POS,-0.011006000,-0.541724000,0.382001000
18.792675,P1_INIT_POS,-0.010459000,-0.541689000,0.381527000
18.802631,P1_INIT_POS,-0.009921000,-0.541649000,0.381036000
18.812725,P1_INIT_POS,-0.009376000,-0.541602000,0.380528000
18.822690,P1_INIT_POS,-0.008868000,-0.541555000,0.380040000
18.832658,P1_INIT_POS,-0.008365000,-0.541513000,0.379581000
18.842646,P1_INIT_POS,-0.007874000,-0.541474000,0.379129000
18.852644,P1_INIT_POS,-0.007371000,-0.541436000,0.378670000
18.862781,P1_INIT_POS,-0.006885000,-0.541397000,0.378229000
18.872652,P1_INIT_POS,-0.006408000,-0.541353000,0.377779000
18.882657,P1_INIT_POS,-0.005917000,-0.541310000,0.377311000
18.892733,P1_INIT_POS,-0.005423000,-0.541261000,0.376820000
18.902746,P1_INIT_POS,-0.004922000,-0.541220000,0.376346000
18.912738,P1_INIT_POS,-0.004415000,-0.541182000,0.375862000
18.922724,P1_INIT_POS,-0.003923000,-0.541150000,0.375389000
18.932661,P1_INIT_POS,-0.003458000,-0.541108000,0.374920000
18.942657,P1_INIT_POS,-0.003010000,-0.541061000,0.374474000
18.952670,P1_INIT_POS,-0.002544000,-0.541014000,0.374020000
18.962645,P1_INIT_POS,-0.002077000,-0.540967000,0.373578000
18.972640,P1_INIT_POS,-0.001622000,-0.540924000,0.373165000
18.982653,P1_INIT_POS,-0.001171000,-0.540882000,0.372748000
18.992682,P1_INIT_POS,-0.000702000,-0.540839000,0.372298000
19.002632,P1_INIT_POS,-0.000235000,-0.540797000,0.371848000
19.012730,P1_INIT_POS,0.000237000,-0.540767000,0.371427000
19.022652,P1_INIT_POS,0.000758000,-0.540735000,0.370951000
19.032657,P1_INIT_POS,0.001272000,-0.540701000,0.370461000
19.042630,P1_INIT_POS,0.001783000,-0.540657000,0.369969000
19.052662,P1_INIT_POS,0.002302000,-0.540625000,0.369514000
19.062712,P1_INIT_POS,0.002799000,-0.540587000,0.369079000
19.072680,P1_INIT_POS,0.003299000,-0.540545000,0.368641000
19.082633,P1_INIT_POS,0.003799000,-0.540498000,0.368196000
19.092681,P1_INIT_POS,0.004281000,-0.540448000,0.367755000
19.102692,P1_INIT_POS,0.004757000,-0.540390000,0.367287000
19.112755,P1_INIT_POS,0.005222000,-0.540336000,0.366830000
19.122701,P1_INIT_POS,0.005715000,-0.540289000,0.366363000
19.132662,P1_INIT_POS,0.006223000,-0.540245000,0.365878000
19.142669,P1_INIT_POS,0.006716000,-0.540198000,0.365387000
19.152661,P1_INIT_POS,0.007217000,-0.540153000,0.364897000
19.162672,P1_INIT_POS,0.007707000,-0.540109000,0.364426000
19.172675,P1_INIT_POS,0.008195000,-0.540056000,0.363947000
19.182716,P1_INIT_POS,0.008669000,-0.540005000,0.363490000
19.192677,P1_INIT_POS,0.009123000,-0.539958000,0.363083000
19.202648,P1_INIT_POS,0.009584000,-0.539910000,0.362661000
19.212756,P1_INIT_POS,0.010043000,-0.539857000,0.362219000
19.222760,P1_INIT_POS,0.010496000,-0.539807000,0.361776000
19.232702,P1_INIT_POS,0.010923000,-0.539759000,0.361354000
19.242688,P1_INIT_POS,0.011373000,-0.539719000,0.360918000
19.252662,P1_INIT_POS,0.011833000,-0.539686000,0.360476000
19.262714,P1_INIT_POS,0.012331000,-0.539651000,0.359997000
19.272775,P1_INIT_POS,0.012828000,-0.539610000,0.359510000
19.282659,P1_INIT_POS,0.013301000,-0.539575000,0.359059000
19.292868,P1_INIT_POS,0.013770000,-0.539538000,0.358624000
19.302844,P1_INIT_POS,0.014273000,-0.539507000,0.358169000
19.312882,P1_INIT_POS,0.014798000,-0.539468000,0.357702000
19.322797,P1_INIT_POS,0.015307000,-0.539426000,0.357246000
19.332776,P1_INIT_POS,0.015807000,-0.539379000,0.356783000
19.342708,P1_INIT_POS,0.016342000,-0.539330000,0.356301000
19.352682,P1_INIT_POS,0.016853000,-0.539287000,0.355844000
19.362657,P1_INIT_POS,0.017338000,-0.539248000,0.355402000
19.372652,P1_INIT_POS,0.017837000,-0.539206000,0.354941000
19.382649,P1_INIT_POS,0.018334000,-0.539157000,0.354451000
19.392670,P1_INIT_POS,0.018824000,-0.539112000,0.353970000
19.392708,P1_INIT_POS_SETTLE,0.018824000,-0.539112000,0.353970000
19.402893,P1_INIT_POS_SETTLE,0.019310000,-0.539070000,0.353507000
19.413199,P1_INIT_POS_SETTLE,0.019799000,-0.539022000,0.353038000
19.423580,P1_INIT_POS_SETTLE,0.020343000,-0.538969000,0.352518000
19.433911,P1_INIT_POS_SETTLE,0.020852000,-0.538916000,0.352034000
19.444237,P1_INIT_POS_SETTLE,0.021362000,-0.538869000,0.351576000
19.454569,P1_INIT_POS_SETTLE,0.021928000,-0.538811000,0.351061000
19.464949,P1_INIT_POS_SETTLE,0.022437000,-0.538754000,0.350582000
19.475310,P1_INIT_POS_SETTLE,0.022950000,-0.538697000,0.350107000
19.485668,P1_INIT_POS_SETTLE,0.023500000,-0.538633000,0.349583000
19.495926,P1_INIT_POS_SETTLE,0.023966000,-0.538586000,0.349147000
19.506300,P1_INIT_POS_SETTLE,0.024461000,-0.538524000,0.348661000
19.516683,P1_INIT_POS_SETTLE,0.025015000,-0.538471000,0.348129000
19.527023,P1_INIT_POS_SETTLE,0.025499000,-0.538415000,0.347631000
19.537365,P1_INIT_POS_SETTLE,0.025973000,-0.538363000,0.347153000
19.547744,P1_INIT_POS_SETTLE,0.026493000,-0.538315000,0.346648000
19.558101,P1_INIT_POS_SETTLE,0.026993000,-0.538273000,0.346168000
19.568439,P1_INIT_POS_SETTLE,0.027530000,-0.538228000,0.345651000
19.578773,P1_INIT_POS_SETTLE,0.028007000,-0.538185000,0.345184000
19.589091,P1_INIT_POS_SETTLE,0.028480000,-0.538140000,0.344716000
19.599447,P1_INIT_POS_SETTLE,0.029006000,-0.538096000,0.344211000
19.609826,P1_INIT_POS_SETTLE,0.029494000,-0.538056000,0.343732000
19.620192,P1_INIT_POS_SETTLE,0.029975000,-0.538017000,0.343269000
19.630520,P1_INIT_POS_SETTLE,0.030508000,-0.537982000,0.342775000
19.640833,P1_INIT_POS_SETTLE,0.030986000,-0.537950000,0.342315000
19.651183,P1_INIT_POS_SETTLE,0.031461000,-0.537919000,0.341858000
19.661486,P1_INIT_POS_SETTLE,0.032004000,-0.537882000,0.341334000
19.671825,P1_INIT_POS_SETTLE,0.032488000,-0.537853000,0.340873000
19.682186,P1_INIT_POS_SETTLE,0.032970000,-0.537821000,0.340402000
19.692548,P1_INIT_POS_SETTLE,0.033515000,-0.537791000,0.339891000
19.702919,P1_INIT_POS_SETTLE,0.034011000,-0.537773000,0.339444000
19.713289,P1_INIT_POS_SETTLE,0.034523000,-0.537757000,0.338989000
19.723623,P1_INIT_POS_SETTLE,0.035084000,-0.537741000,0.338500000
19.733981,P1_INIT_POS_SETTLE,0.035586000,-0.537722000,0.338043000
19.744324,P1_INIT_POS_SETTLE,0.036089000,-0.537702000,0.337587000
19.754680,P1_INIT_POS_SETTLE,0.036637000,-0.537685000,0.337104000
19.765018,P1_INIT_POS_SETTLE,0.037151000,-0.537667000,0.336649000
19.775359,P1_INIT_POS_SETTLE,0.037690000,-0.537644000,0.336162000
19.785674,P1_INIT_POS_SETTLE,0.038267000,-0.537623000,0.335651000
19.796006,P1_INIT_POS_SETTLE,0.038777000,-0.537602000,0.335188000
19.806335,P1_INIT_POS_SETTLE,0.039308000,-0.537578000,0.334685000
19.816686,P1_INIT_POS_SETTLE,0.039867000,-0.537566000,0.334181000
19.827031,P1_INIT_POS_SETTLE,0.040363000,-0.537540000,0.333700000
19.837362,P1_INIT_POS_SETTLE,0.040889000,-0.537510000,0.333180000
19.847705,P1_INIT_POS_SETTLE,0.041451000,-0.537475000,0.332621000
19.858071,P1_INIT_POS_SETTLE,0.041971000,-0.537445000,0.332115000
19.868469,P1_INIT_POS_SETTLE,0.042559000,-0.537414000,0.331566000
19.878825,P1_INIT_POS_SETTLE,0.043114000,-0.537384000,0.331058000
19.889168,P1_INIT_POS_SETTLE,0.043670000,-0.537346000,0.330549000
19.899513,P1_INIT_POS_SETTLE,0.044244000,-0.537302000,0.330011000
19.909892,P1_INIT_POS_SETTLE,0.044768000,-0.537263000,0.329531000
19.920251,P1_INIT_POS_SETTLE,0.045301000,-0.537216000,0.329030000
19.930590,P1_INIT_POS_SETTLE,0.045866000,-0.537165000,0.328499000
19.940999,P1_INIT_POS_SETTLE,0.046391000,-0.537116000,0.327998000
19.951389,P1_INIT_POS_SETTLE,0.046979000,-0.537063000,0.327443000
19.961725,P1_INIT_POS_SETTLE,0.047499000,-0.537023000,0.326966000
19.972058,P1_INIT_POS_SETTLE,0.047999000,-0.536979000,0.326476000
19.982387,P1_INIT_POS_SETTLE,0.048553000,-0.536927000,0.325929000
19.992698,P1_INIT_POS_SETTLE,0.049049000,-0.536877000,0.325415000
20.003004,P1_INIT_POS_SETTLE,0.049530000,-0.536836000,0.324914000
20.013368,P1_INIT_POS_SETTLE,0.050016000,-0.536798000,0.324419000
20.023700,P1_INIT_POS_SETTLE,0.050564000,-0.536751000,0.323848000
20.034025,P1_INIT_POS_SETTLE,0.051051000,-0.536725000,0.323377000
20.044357,P1_INIT_POS_SETTLE,0.051611000,-0.536692000,0.322842000
20.054653,P1_INIT_POS_SETTLE,0.052133000,-0.536664000,0.322357000
20.065009,P1_INIT_POS_SETTLE,0.052649000,-0.536637000,0.321885000
20.075369,P1_INIT_POS_SETTLE,0.053162000,-0.536611000,0.321423000
20.085693,P1_INIT_POS_SETTLE,0.053716000,-0.536585000,0.320926000
20.096006,P1_INIT_POS_SETTLE,0.054218000,-0.536560000,0.320473000
20.106341,P1_INIT_POS_SETTLE,0.054717000,-0.536538000,0.320030000
20.116693,P1_INIT_POS_SETTLE,0.055249000,-0.536518000,0.319568000
20.127018,P1_INIT_POS_SETTLE,0.055744000,-0.536496000,0.319122000
20.137338,P1_INIT_POS_SETTLE,0.056238000,-0.536473000,0.318676000
20.147653,P1_INIT_POS_SETTLE,0.056769000,-0.536456000,0.318213000
20.157952,P1_INIT_POS_SETTLE,0.057262000,-0.536420000,0.317738000
20.168259,P1_INIT_POS_SETTLE,0.057767000,-0.536391000,0.317273000
20.178539,P1_INIT_POS_SETTLE,0.058313000,-0.536365000,0.316780000
20.188913,P1_INIT_POS_SETTLE,0.058824000,-0.536336000,0.316320000
20.199257,P1_INIT_POS_SETTLE,0.059343000,-0.536311000,0.315860000
20.209595,P1_INIT_POS_SETTLE,0.059886000,-0.536279000,0.315364000
20.219920,P1_INIT_POS_SETTLE,0.060370000,-0.536243000,0.314904000
20.230238,P1_INIT_POS_SETTLE,0.060857000,-0.536203000,0.314428000
20.240549,P1_INIT_POS_SETTLE,0.061424000,-0.536167000,0.313906000
20.250849,P1_INIT_POS_SETTLE,0.061942000,-0.536130000,0.313418000
20.261146,P1_INIT_POS_SETTLE,0.062472000,-0.536094000,0.312925000
20.271490,P1_INIT_POS_SETTLE,0.063045000,-0.536066000,0.312396000
20.281814,P1_INIT_POS_SETTLE,0.063551000,-0.536040000,0.311914000
20.292112,P1_INIT_POS_SETTLE,0.064080000,-0.536007000,0.311404000
20.302421,P1_INIT_POS_SETTLE,0.064637000,-0.535978000,0.310864000
20.312755,P1_INIT_POS_SETTLE,0.065123000,-0.535946000,0.310365000
20.323077,P1_INIT_POS_SETTLE,0.065630000,-0.535916000,0.309870000
20.333383,P1_INIT_POS_SETTLE,0.066201000,-0.535883000,0.309326000
20.343672,P1_INIT_POS_SETTLE,0.066736000,-0.535859000,0.308846000
20.354024,P1_INIT_POS_SETTLE,0.067270000,-0.535829000,0.308367000
20.364325,P1_INIT_POS_SETTLE,0.067794000,-0.535798000,0.307897000
20.374604,P1_INIT_POS_SETTLE,0.068366000,-0.535769000,0.307405000
20.384918,P1_INIT_POS_SETTLE,0.068902000,-0.535728000,0.306930000
20.395230,P1_INIT_POS_SETTLE,0.069447000,-0.535681000,0.306433000
20.405556,P1_INIT_POS_SETTLE,0.070000000,-0.535637000,0.305923000
20.415871,P1_INIT_POS_SETTLE,0.070494000,-0.535604000,0.305473000
20.426196,P1_INIT_POS_SETTLE,0.070981000,-0.535583000,0.305037000
20.436504,P1_INIT_POS_SETTLE,0.071560000,-0.535530000,0.304468000
20.446826,P1_INIT_POS_SETTLE,0.072055000,-0.535498000,0.303993000
20.457134,P1_INIT_POS_SETTLE,0.072550000,-0.535454000,0.303495000
20.467473,P1_INIT_POS_SETTLE,0.073122000,-0.535414000,0.302956000
20.477826,P1_INIT_POS_SETTLE,0.073634000,-0.535386000,0.302485000
20.488150,P1_INIT_POS_SETTLE,0.074136000,-0.535360000,0.302029000
20.498490,P1_INIT_POS_SETTLE,0.074682000,-0.535328000,0.301519000
20.508864,P1_INIT_POS_SETTLE,0.075181000,-0.535299000,0.301056000
20.519224,P1_INIT_POS_SETTLE,0.075679000,-0.535266000,0.300598000
20.529538,P1_INIT_POS_SETTLE,0.076228000,-0.535229000,0.300084000
20.539874,P1_INIT_POS_SETTLE,0.076716000,-0.535197000,0.299632000
20.550196,P1_INIT_POS_SETTLE,0.077204000,-0.535174000,0.299194000
20.560502,P1_INIT_POS_SETTLE,0.077742000,-0.535146000,0.298691000
20.570817,P1_INIT_POS_SETTLE,0.078224000,-0.535125000,0.298244000
20.581114,P1_INIT_POS_SETTLE,0.078703000,-0.535099000,0.297786000
20.591474,P1_INIT_POS_SETTLE,0.079199000,-0.535075000,0.297301000
20.601790,P1_INIT_POS_SETTLE,0.079669000,-0.535045000,0.296844000
20.612173,P1_INIT_POS_SETTLE,0.080133000,-0.535021000,0.296408000
20.622534,P1_INIT_POS_SETTLE,0.080685000,-0.534981000,0.295892000
20.632868,P1_INIT_POS_SETTLE,0.081207000,-0.534952000,0.295444000
20.643229,P1_INIT_POS_SETTLE,0.081711000,-0.534921000,0.294995000
20.653573,P1_INIT_POS_SETTLE,0.082236000,-0.534894000,0.294530000
20.663869,P1_INIT_POS_SETTLE,0.082704000,-0.534870000,0.294107000
20.674272,P1_INIT_POS_SETTLE,0.083212000,-0.534827000,0.293615000
20.684638,P1_INIT_POS_SETTLE,0.083783000,-0.534792000,0.293087000
20.694978,P1_INIT_POS_SETTLE,0.084270000,-0.534764000,0.292639000
20.705283,P1_INIT_POS_SETTLE,0.084739000,-0.534740000,0.292187000
20.715645,P1_INIT_POS_SETTLE,0.085263000,-0.534723000,0.291700000
20.725983,P1_INIT_POS_SETTLE,0.085798000,-0.534675000,0.291162000
20.736310,P1_INIT_POS_SETTLE,0.086309000,-0.534648000,0.290672000
20.746607,P1_INIT_POS_SETTLE,0.086843000,-0.534599000,0.290127000
20.756917,P1_INIT_POS_SETTLE,0.087360000,-0.534553000,0.289611000
20.767233,P1_INIT_POS_SETTLE,0.087870000,-0.534519000,0.289128000
20.777542,P1_INIT_POS_SETTLE,0.088414000,-0.534481000,0.288619000
20.787880,P1_INIT_POS_SETTLE,0.088917000,-0.534436000,0.288135000
20.798249,P1_INIT_POS_SETTLE,0.089429000,-0.534385000,0.287640000
20.808620,P1_INIT_POS_SETTLE,0.090012000,-0.534322000,0.287091000
20.818966,P1_INIT_POS_SETTLE,0.090550000,-0.534271000,0.286596000
20.829284,P1_INIT_POS_SETTLE,0.091078000,-0.534221000,0.286110000
20.839709,P1_INIT_POS_SETTLE,0.091637000,-0.534182000,0.285616000
20.850077,P1_INIT_POS_SETTLE,0.092158000,-0.534138000,0.285129000
20.860434,P1_INIT_POS_SETTLE,0.092722000,-0.534100000,0.284605000
20.870825,P1_INIT_POS_SETTLE,0.093218000,-0.534063000,0.284132000
20.881244,P1_INIT_POS_SETTLE,0.093700000,-0.534037000,0.283674000
20.891673,P1_INIT_POS_SETTLE,0.094227000,-0.534006000,0.283163000
20.901994,P1_INIT_POS_SETTLE,0.094714000,-0.533986000,0.282707000
20.912409,P1_INIT_POS_SETTLE,0.095207000,-0.533972000,0.282260000
20.922759,P1_INIT_POS_SETTLE,0.095782000,-0.533946000,0.281734000
20.933094,P1_INIT_POS_SETTLE,0.096290000,-0.533938000,0.281295000
20.943430,P1_INIT_POS_SETTLE,0.096821000,-0.533937000,0.280844000
20.953756,P1_INIT_POS_SETTLE,0.097326000,-0.533924000,0.280405000
20.964085,P1_INIT_POS_SETTLE,0.097847000,-0.533903000,0.279940000
20.974404,P1_INIT_POS_SETTLE,0.098418000,-0.533877000,0.279426000
20.984742,P1_INIT_POS_SETTLE,0.098908000,-0.533869000,0.279008000
20.995068,P1_INIT_POS_SETTLE,0.099375000,-0.533859000,0.278592000
21.005410,P1_INIT_POS_SETTLE,0.099927000,-0.533839000,0.278084000
21.015784,P1_INIT_POS_SETTLE,0.100409000,-0.533831000,0.277653000
21.026132,P1_INIT_POS_SETTLE,0.100900000,-0.533804000,0.277176000
21.036473,P1_INIT_POS_SETTLE,0.101449000,-0.533782000,0.276659000
21.046790,P1_INIT_POS_SETTLE,0.101942000,-0.533766000,0.276210000
21.057102,P1_INIT_POS_SETTLE,0.102474000,-0.533738000,0.275736000
21.067384,P1_INIT_POS_SETTLE,0.103041000,-0.533719000,0.275251000
21.077774,P1_INIT_POS_SETTLE,0.103507000,-0.533699000,0.274835000
21.088139,P1_INIT_POS_SETTLE,0.103998000,-0.533667000,0.274381000
21.098500,P1_INIT_POS_SETTLE,0.104571000,-0.533618000,0.273850000
21.108894,P1_INIT_POS_SETTLE,0.105074000,-0.533577000,0.273379000
21.119256,P1_INIT_POS_SETTLE,0.105549000,-0.533548000,0.272942000
21.129604,P1_INIT_POS_SETTLE,0.106066000,-0.533503000,0.272435000
21.139937,P1_INIT_POS_SETTLE,0.106578000,-0.533460000,0.271949000
21.411177,P1_INIT_DIVE,0.116726000,-0.533225000,0.262462000
21.421104,P1_INIT_DIVE,0.116553000,-0.533287000,0.262614000
21.431077,P1_INIT_DIVE,0.116712000,-0.533199000,0.262340000
21.441083,P1_INIT_DIVE,0.117161000,-0.533019000,0.261773000
21.451067,P1_INIT_DIVE,0.117321000,-0.532957000,0.261552000
21.461071,P1_INIT_DIVE,0.117133000,-0.532944000,0.261576000
21.471062,P1_INIT_DIVE,0.117143000,-0.532822000,0.261236000
21.481131,P1_INIT_DIVE,0.117385000,-0.532726000,0.260719000
21.491069,P1_INIT_DIVE,0.117514000,-0.532730000,0.260383000
21.501081,P1_INIT_DIVE,0.117677000,-0.532672000,0.259925000
21.511177,P1_INIT_DIVE,0.118061000,-0.532514000,0.259158000
21.521098,P1_INIT_DIVE,0.118391000,-0.532392000,0.258468000
21.531069,P1_INIT_DIVE,0.118461000,-0.532389000,0.258110000
21.541071,P1_INIT_DIVE,0.118396000,-0.532415000,0.257858000
21.551062,P1_INIT_DIVE,0.118423000,-0.532394000,0.257434000
21.561062,P1_INIT_DIVE,0.118505000,-0.532342000,0.256867000
21.571063,P1_INIT_DIVE,0.118487000,-0.532317000,0.256368000
21.581066,P1_INIT_DIVE,0.118319000,-0.532311000,0.255971000
21.591060,P1_INIT_DIVE,0.118180000,-0.532272000,0.255502000
21.601053,P1_INIT_DIVE,0.118133000,-0.532218000,0.254977000
21.611139,P1_INIT_DIVE,0.118086000,-0.532192000,0.254523000
21.621078,P1_INIT_DIVE,0.118034000,-0.532183000,0.254117000
21.631066,P1_INIT_DIVE,0.118012000,-0.532181000,0.253684000
21.641066,P1_INIT_DIVE,0.118061000,-0.532156000,0.253141000
21.651056,P1_INIT_DIVE,0.118077000,-0.532147000,0.252637000
21.661066,P1_INIT_DIVE,0.118009000,-0.532165000,0.252241000
21.671053,P1_INIT_DIVE,0.117920000,-0.532166000,0.251839000
21.681139,P1_INIT_DIVE,0.117882000,-0.532141000,0.251376000
21.691429,P1_INIT_DIVE,0.117834000,-0.532134000,0.250912000
21.701085,P1_INIT_DIVE,0.117730000,-0.532141000,0.250584000
21.711138,P1_INIT_DIVE,0.117671000,-0.532128000,0.250146000
21.721083,P1_INIT_DIVE,0.117700000,-0.532087000,0.249605000
21.731047,P1_INIT_DIVE,0.117673000,-0.532080000,0.249139000
21.741074,P1_INIT_DIVE,0.117575000,-0.532099000,0.248760000
21.751046,P1_INIT_DIVE,0.117510000,-0.532104000,0.248328000
21.761079,P1_INIT_DIVE,0.117513000,-0.532084000,0.247815000
21.771033,P1_INIT_DIVE,0.117459000,-0.532107000,0.247388000
21.781074,P1_INIT_DIVE,0.117324000,-0.532142000,0.247016000
21.791049,P1_INIT_DIVE,0.117304000,-0.532115000,0.246480000
21.801148,P1_INIT_DIVE,0.117373000,-0.532071000,0.245876000
21.811134,P1_INIT_DIVE,0.117294000,-0.532104000,0.245457000
21.821105,P1_INIT_DIVE,0.117103000,-0.532156000,0.245131000
21.821204,P1_INIT_DIVE_SETTLE,0.117103000,-0.532156000,0.245131000
21.831516,P1_INIT_DIVE_SETTLE,0.117087000,-0.532127000,0.244532000
21.841822,P1_INIT_DIVE_SETTLE,0.117159000,-0.532104000,0.243936000
21.852141,P1_INIT_DIVE_SETTLE,0.117074000,-0.532150000,0.243541000
21.862478,P1_INIT_DIVE_SETTLE,0.116940000,-0.532181000,0.243095000
21.872819,P1_INIT_DIVE_SETTLE,0.116986000,-0.532146000,0.242504000
21.883224,P1_INIT_DIVE_SETTLE,0.117052000,-0.532123000,0.241927000
21.893599,P1_INIT_DIVE_SETTLE,0.116955000,-0.532158000,0.241491000
21.903935,P1_INIT_DIVE_SETTLE,0.116845000,-0.532169000,0.241082000
21.914330,P1_INIT_DIVE_SETTLE,0.116878000,-0.532131000,0.240514000
21.924685,P1_INIT_DIVE_SETTLE,0.116922000,-0.532103000,0.239902000
21.935036,P1_INIT_DIVE_SETTLE,0.116834000,-0.532128000,0.239491000
21.945384,P1_INIT_DIVE_SETTLE,0.116743000,-0.532131000,0.238998000
21.955711,P1_INIT_DIVE_SETTLE,0.116786000,-0.532095000,0.238428000
21.966033,P1_INIT_DIVE_SETTLE,0.116838000,-0.532070000,0.237877000
21.976386,P1_INIT_DIVE_SETTLE,0.116769000,-0.532085000,0.237416000
21.986706,P1_INIT_DIVE_SETTLE,0.116705000,-0.532080000,0.236965000
21.997049,P1_INIT_DIVE_SETTLE,0.116738000,-0.532043000,0.236399000
22.007392,P1_INIT_DIVE_SETTLE,0.116748000,-0.532031000,0.235831000
22.017748,P1_INIT_DIVE_SETTLE,0.116675000,-0.532049000,0.235405000
22.028074,P1_INIT_DIVE_SETTLE,0.116592000,-0.532049000,0.234941000
22.038405,P1_INIT_DIVE_SETTLE,0.116591000,-0.532022000,0.234338000
22.048736,P1_INIT_DIVE_SETTLE,0.116583000,-0.532019000,0.233825000
22.059061,P1_INIT_DIVE_SETTLE,0.116534000,-0.532036000,0.233374000
22.069385,P1_INIT_DIVE_SETTLE,0.116538000,-0.532020000,0.232803000
22.079702,P1_INIT_DIVE_SETTLE,0.116628000,-0.531977000,0.232200000
22.090044,P1_INIT_DIVE_SETTLE,0.116666000,-0.531966000,0.231674000
22.100509,P1_INIT_DIVE_SETTLE,0.116555000,-0.532000000,0.231238000
22.110868,P1_INIT_DIVE_SETTLE,0.116518000,-0.531991000,0.230748000
22.121276,P1_INIT_DIVE_SETTLE,0.116600000,-0.531927000,0.230108000
22.131646,P1_INIT_DIVE_SETTLE,0.116626000,-0.531901000,0.229521000
22.141971,P1_INIT_DIVE_SETTLE,0.116525000,-0.531916000,0.229121000
22.152274,P1_INIT_DIVE_SETTLE,0.116514000,-0.531888000,0.228618000
22.162584,P1_INIT_DIVE_SETTLE,0.116663000,-0.531818000,0.227928000
22.172880,P1_INIT_DIVE_SETTLE,0.116717000,-0.531794000,0.227405000
22.183205,P1_INIT_DIVE_SETTLE,0.116646000,-0.531807000,0.227004000
22.193531,P1_INIT_DIVE_SETTLE,0.116640000,-0.531775000,0.226447000
22.203831,P1_INIT_DIVE_SETTLE,0.116777000,-0.531702000,0.225797000
22.214182,P1_INIT_DIVE_SETTLE,0.116801000,-0.531679000,0.225281000
22.224509,P1_INIT_DIVE_SETTLE,0.116650000,-0.531701000,0.224872000
22.234814,P1_INIT_DIVE_SETTLE,0.116611000,-0.531682000,0.224394000
22.245120,P1_INIT_DIVE_SETTLE,0.116706000,-0.531625000,0.223780000
22.255426,P1_INIT_DIVE_SETTLE,0.116752000,-0.531598000,0.223190000
22.265746,P1_INIT_DIVE_SETTLE,0.116662000,-0.531631000,0.222792000
22.276063,P1_INIT_DIVE_SETTLE,0.116633000,-0.531633000,0.222316000
22.286429,P1_INIT_DIVE_SETTLE,0.116748000,-0.531584000,0.221627000
22.296789,P1_INIT_DIVE_SETTLE,0.116756000,-0.531597000,0.221123000
22.307138,P1_INIT_DIVE_SETTLE,0.116615000,-0.531655000,0.220763000
22.317479,P1_INIT_DIVE_SETTLE,0.116594000,-0.531627000,0.220164000
22.327767,P1_INIT_DIVE_SETTLE,0.116725000,-0.531565000,0.219486000
22.338065,P1_INIT_DIVE_SETTLE,0.116714000,-0.531587000,0.219015000
22.348372,P1_INIT_DIVE_SETTLE,0.116553000,-0.531619000,0.218600000
22.358659,P1_INIT_DIVE_SETTLE,0.116555000,-0.531588000,0.218052000
22.368978,P1_INIT_DIVE_SETTLE,0.116678000,-0.531546000,0.217420000
22.379286,P1_INIT_DIVE_SETTLE,0.116690000,-0.531557000,0.216940000
22.389613,P1_INIT_DIVE_SETTLE,0.116596000,-0.531577000,0.216481000
22.399940,P1_INIT_DIVE_SETTLE,0.116629000,-0.531549000,0.215933000
22.410311,P1_INIT_DIVE_SETTLE,0.116739000,-0.531507000,0.215322000
22.420661,P1_INIT_DIVE_SETTLE,0.116733000,-0.531516000,0.214808000
22.430989,P1_INIT_DIVE_SETTLE,0.116658000,-0.531536000,0.214404000
22.441320,P1_INIT_DIVE_SETTLE,0.116672000,-0.531506000,0.213860000
22.451666,P1_INIT_DIVE_SETTLE,0.116765000,-0.531454000,0.213188000
22.461937,P1_INIT_DIVE_SETTLE,0.116738000,-0.531463000,0.212727000
22.472252,P1_INIT_DIVE_SETTLE,0.116632000,-0.531474000,0.212303000
22.482589,P1_INIT_DIVE_SETTLE,0.116629000,-0.531451000,0.211704000
22.492930,P1_INIT_DIVE_SETTLE,0.116684000,-0.531428000,0.211129000
22.503275,P1_INIT_DIVE_SETTLE,0.116677000,-0.531424000,0.210620000
22.513625,P1_INIT_DIVE_SETTLE,0.116609000,-0.531436000,0.210114000
22.523952,P1_INIT_DIVE_SETTLE,0.116634000,-0.531411000,0.209561000
22.534248,P1_INIT_DIVE_SETTLE,0.116709000,-0.531391000,0.208989000
22.544535,P1_INIT_DIVE_SETTLE,0.116691000,-0.531421000,0.208504000
22.554830,P1_INIT_DIVE_SETTLE,0.116625000,-0.531443000,0.208075000
22.565128,P1_INIT_DIVE_SETTLE,0.116653000,-0.531431000,0.207541000
22.575426,P1_INIT_DIVE_SETTLE,0.116727000,-0.531415000,0.206941000
22.585808,P1_INIT_DIVE_SETTLE,0.116712000,-0.531425000,0.206478000
22.596101,P1_INIT_DIVE_SETTLE,0.116653000,-0.531438000,0.206042000
22.606457,P1_INIT_DIVE_SETTLE,0.116680000,-0.531427000,0.205474000
22.616799,P1_INIT_DIVE_SETTLE,0.116749000,-0.531401000,0.204911000
22.627101,P1_INIT_DIVE_SETTLE,0.116730000,-0.531410000,0.204444000
22.637419,P1_INIT_DIVE_SETTLE,0.116610000,-0.531450000,0.204003000
22.647725,P1_INIT_DIVE_SETTLE,0.116602000,-0.531432000,0.203454000
22.658017,P1_INIT_DIVE_SETTLE,0.116670000,-0.531419000,0.202874000
22.668316,P1_INIT_DIVE_SETTLE,0.116610000,-0.531451000,0.202426000
22.678609,P1_INIT_DIVE_SETTLE,0.116514000,-0.531460000,0.201907000
22.688950,P1_INIT_DIVE_SETTLE,0.116567000,-0.531439000,0.201336000
22.699266,P1_INIT_DIVE_SETTLE,0.116646000,-0.531424000,0.200765000
22.709578,P1_INIT_DIVE_SETTLE,0.116566000,-0.531464000,0.200307000
22.719914,P1_INIT_DIVE_SETTLE,0.116461000,-0.531501000,0.199905000
22.730224,P1_INIT_DIVE_SETTLE,0.116481000,-0.531484000,0.199361000
22.740529,P1_INIT_DIVE_SETTLE,0.116548000,-0.531458000,0.198729000
22.750820,P1_INIT_DIVE_SETTLE,0.116468000,-0.531482000,0.198305000
22.761107,P1_INIT_DIVE_SETTLE,0.116356000,-0.531511000,0.197904000
22.771445,P1_INIT_DIVE_SETTLE,0.116403000,-0.531481000,0.197295000
22.781786,P1_INIT_DIVE_SETTLE,0.116493000,-0.531469000,0.196746000
22.792078,P1_INIT_DIVE_SETTLE,0.116393000,-0.531528000,0.196383000
22.802381,P1_INIT_DIVE_SETTLE,0.116236000,-0.531575000,0.195955000
22.812713,P1_INIT_DIVE_SETTLE,0.116299000,-0.531556000,0.195367000
22.823012,P1_INIT_DIVE_SETTLE,0.116354000,-0.531561000,0.194812000
22.833307,P1_INIT_DIVE_SETTLE,0.116208000,-0.531627000,0.194439000
22.843694,P1_INIT_DIVE_SETTLE,0.116033000,-0.531680000,0.194010000
22.853940,P1_INIT_DIVE_SETTLE,0.116097000,-0.531664000,0.193431000
22.864165,P1_INIT_DIVE_SETTLE,0.116154000,-0.531656000,0.192912000
22.874414,P1_INIT_DIVE_SETTLE,0.115985000,-0.531729000,0.192460000
22.884705,P1_INIT_DIVE_SETTLE,0.115867000,-0.531775000,0.192071000
22.895021,P1_INIT_DIVE_SETTLE,0.115958000,-0.531739000,0.191456000
22.905345,P1_INIT_DIVE_SETTLE,0.116019000,-0.531730000,0.190896000
22.915688,P1_INIT_DIVE_SETTLE,0.115843000,-0.531822000,0.190558000
22.926000,P1_INIT_DIVE_SETTLE,0.115714000,-0.531868000,0.190189000
22.936316,P1_INIT_DIVE_SETTLE,0.115857000,-0.531802000,0.189543000
22.946612,P1_INIT_DIVE_SETTLE,0.115942000,-0.531780000,0.188926000
22.956903,P1_INIT_DIVE_SETTLE,0.115750000,-0.531867000,0.188654000
22.967199,P1_INIT_DIVE_SETTLE,0.115659000,-0.531888000,0.188255000
23.488397,P1_INIT,0.116380000,-0.532972000,0.177212000
23.498428,P1_INIT,0.116403000,-0.532957000,0.177173000
23.508380,P1_INIT,0.116838000,-0.532750000,0.176732000
23.518324,P1_INIT,0.117301000,-0.532550000,0.176329000
23.528247,P1_INIT,0.117134000,-0.532733000,0.176704000
23.538195,P1_INIT,0.116607000,-0.533118000,0.177467000
23.548199,P1_INIT,0.117062000,-0.533110000,0.177253000
23.558228,P1_INIT,0.118034000,-0.532940000,0.176614000
23.568185,P1_INIT,0.118165000,-0.533164000,0.176921000
23.578170,P1_INIT,0.117933000,-0.533536000,0.177739000
23.588187,P1_INIT,0.118414000,-0.533627000,0.177976000
23.598176,P1_INIT,0.119167000,-0.533581000,0.177888000
23.608387,P1_INIT,0.119350000,-0.533841000,0.178595000
23.618348,P1_INIT,0.119074000,-0.534142000,0.179521000
23.628339,P1_INIT,0.119178000,-0.534231000,0.180035000
23.638325,P1_INIT,0.119545000,-0.534159000,0.180176000
23.648327,P1_INIT,0.119455000,-0.534273000,0.180767000
23.658330,P1_INIT,0.119072000,-0.534451000,0.181645000
23.668321,P1_INIT,0.119032000,-0.534397000,0.182111000
23.678325,P1_INIT,0.119278000,-0.534259000,0.182252000
23.688341,P1_INIT,0.119285000,-0.534320000,0.182869000
23.698366,P1_INIT,0.119042000,-0.534454000,0.183738000
23.708375,P1_INIT,0.119098000,-0.534425000,0.184121000
23.718319,P1_INIT,0.119314000,-0.534366000,0.184387000
23.728327,P1_INIT,0.119257000,-0.534444000,0.184950000
23.738374,P1_INIT,0.118998000,-0.534548000,0.185739000
23.748353,P1_INIT,0.118956000,-0.534526000,0.186188000
23.758314,P1_INIT,0.119081000,-0.534461000,0.186557000
23.768324,P1_INIT,0.119064000,-0.534469000,0.187088000
23.778309,P1_INIT,0.118902000,-0.534515000,0.187751000
23.788321,P1_INIT,0.118889000,-0.534466000,0.188228000
23.798314,P1_INIT,0.119022000,-0.534400000,0.188601000
23.808381,P1_INIT,0.119032000,-0.534411000,0.189062000
23.818313,P1_INIT,0.118900000,-0.534469000,0.189759000
23.828318,P1_INIT,0.118869000,-0.534456000,0.190261000
23.838308,P1_INIT,0.118979000,-0.534381000,0.190606000
23.848311,P1_INIT,0.119009000,-0.534354000,0.191052000
23.858299,P1_INIT,0.118880000,-0.534374000,0.191635000
23.868311,P1_INIT,0.118800000,-0.534349000,0.192145000
23.878300,P1_INIT,0.118852000,-0.534288000,0.192526000
23.888311,P1_INIT,0.118856000,-0.534273000,0.192937000
23.898356,P1_INIT,0.118758000,-0.534284000,0.193539000
23.908323,P1_INIT,0.118720000,-0.534270000,0.194032000
23.918338,P1_INIT,0.118777000,-0.534241000,0.194463000
23.918423,P1_INIT_SETTLE,0.118781000,-0.534241000,0.194510000
23.928746,P1_INIT_SETTLE,0.118768000,-0.534261000,0.195032000
23.939067,P1_INIT_SETTLE,0.118696000,-0.534289000,0.195558000
23.949381,P1_INIT_SETTLE,0.118662000,-0.534291000,0.196178000
23.959698,P1_INIT_SETTLE,0.118700000,-0.534265000,0.196610000
23.970010,P1_INIT_SETTLE,0.118657000,-0.534280000,0.197135000
23.980325,P1_INIT_SETTLE,0.118559000,-0.534313000,0.197701000
23.990624,P1_INIT_SETTLE,0.118526000,-0.534306000,0.198196000
24.000937,P1_INIT_SETTLE,0.118542000,-0.534306000,0.198717000
24.011297,P1_INIT_SETTLE,0.118506000,-0.534335000,0.199254000
24.021618,P1_INIT_SETTLE,0.118454000,-0.534365000,0.199861000
24.031943,P1_INIT_SETTLE,0.118464000,-0.534365000,0.200349000
24.042253,P1_INIT_SETTLE,0.118505000,-0.534362000,0.200769000
24.052570,P1_INIT_SETTLE,0.118509000,-0.534374000,0.201388000
24.062910,P1_INIT_SETTLE,0.118475000,-0.534396000,0.201938000
24.073237,P1_INIT_SETTLE,0.118487000,-0.534386000,0.202417000
24.083560,P1_INIT_SETTLE,0.118529000,-0.534376000,0.202919000
24.093865,P1_INIT_SETTLE,0.118503000,-0.534386000,0.203426000
24.104183,P1_INIT_SETTLE,0.118445000,-0.534383000,0.203923000
24.114561,P1_INIT_SETTLE,0.118448000,-0.534365000,0.204379000
24.124903,P1_INIT_SETTLE,0.118444000,-0.534367000,0.204923000
24.135222,P1_INIT_SETTLE,0.118398000,-0.534371000,0.205438000
24.145557,P1_INIT_SETTLE,0.118364000,-0.534351000,0.205973000
24.155847,P1_INIT_SETTLE,0.118377000,-0.534333000,0.206444000
24.166164,P1_INIT_SETTLE,0.118377000,-0.534336000,0.206905000
24.176494,P1_INIT_SETTLE,0.118355000,-0.534344000,0.207535000
24.186817,P1_INIT_SETTLE,0.118326000,-0.534342000,0.208039000
24.197132,P1_INIT_SETTLE,0.118310000,-0.534332000,0.208508000
24.207500,P1_INIT_SETTLE,0.118295000,-0.534330000,0.209039000
24.217828,P1_INIT_SETTLE,0.118251000,-0.534325000,0.209479000
24.228165,P1_INIT_SETTLE,0.118229000,-0.534305000,0.209998000
24.238477,P1_INIT_SETTLE,0.118229000,-0.534274000,0.210507000
24.248799,P1_INIT_SETTLE,0.118217000,-0.534251000,0.210935000
24.259114,P1_INIT_SETTLE,0.118197000,-0.534237000,0.211482000
24.269444,P1_INIT_SETTLE,0.118177000,-0.534211000,0.212010000
24.279798,P1_INIT_SETTLE,0.118189000,-0.534186000,0.212481000
24.290234,P1_INIT_SETTLE,0.118184000,-0.534167000,0.212956000
24.300628,P1_INIT_SETTLE,0.118167000,-0.534147000,0.213509000
24.310993,P1_INIT_SETTLE,0.118158000,-0.534123000,0.214001000
24.321332,P1_INIT_SETTLE,0.118134000,-0.534105000,0.214437000
24.331654,P1_INIT_SETTLE,0.118084000,-0.534087000,0.215029000
24.341968,P1_INIT_SETTLE,0.118027000,-0.534070000,0.215522000
24.352273,P1_INIT_SETTLE,0.117980000,-0.534058000,0.215967000
24.362596,P1_INIT_SETTLE,0.117898000,-0.534055000,0.216595000
24.372857,P1_INIT_SETTLE,0.117831000,-0.534054000,0.217128000
24.383243,P1_INIT_SETTLE,0.117790000,-0.534052000,0.217656000
24.393600,P1_INIT_SETTLE,0.117751000,-0.534050000,0.218239000
24.403921,P1_INIT_SETTLE,0.117724000,-0.534054000,0.218782000
24.414276,P1_INIT_SETTLE,0.117690000,-0.534065000,0.219339000
24.424611,P1_INIT_SETTLE,0.117652000,-0.534093000,0.219967000
24.434932,P1_INIT_SETTLE,0.117657000,-0.534100000,0.220432000
24.445239,P1_INIT_SETTLE,0.117665000,-0.534096000,0.220983000
24.455553,P1_INIT_SETTLE,0.117601000,-0.534117000,0.221541000
24.465869,P1_INIT_SETTLE,0.117535000,-0.534137000,0.222160000
24.476182,P1_INIT_SETTLE,0.117526000,-0.534137000,0.222676000
24.486577,P1_INIT_SETTLE,0.117510000,-0.534149000,0.223249000
24.496934,P1_INIT_SETTLE,0.117455000,-0.534173000,0.223805000
24.507310,P1_INIT_SETTLE,0.117431000,-0.534187000,0.224280000
24.517667,P1_INIT_SETTLE,0.117439000,-0.534195000,0.224877000
24.527949,P1_INIT_SETTLE,0.117418000,-0.534212000,0.225394000
24.538260,P1_INIT_SETTLE,0.117379000,-0.534240000,0.225933000
24.548569,P1_INIT_SETTLE,0.117354000,-0.534251000,0.226472000
24.558863,P1_INIT_SETTLE,0.117344000,-0.534257000,0.226896000
24.569171,P1_INIT_SETTLE,0.117310000,-0.534264000,0.227415000
24.579486,P1_INIT_SETTLE,0.117251000,-0.534265000,0.227941000
24.589806,P1_INIT_SETTLE,0.117217000,-0.534266000,0.228371000
24.600111,P1_INIT_SETTLE,0.117191000,-0.534274000,0.228891000
24.610473,P1_INIT_SETTLE,0.117202000,-0.534272000,0.229384000
24.620814,P1_INIT_SETTLE,0.117219000,-0.534271000,0.229846000
24.631111,P1_INIT_SETTLE,0.117241000,-0.534273000,0.230315000
24.641445,P1_INIT_SETTLE,0.117267000,-0.534277000,0.230790000
24.651763,P1_INIT_SETTLE,0.117294000,-0.534288000,0.231322000
24.662079,P1_INIT_SETTLE,0.117290000,-0.534305000,0.231821000
24.672420,P1_INIT_SETTLE,0.117283000,-0.534317000,0.232350000
24.682726,P1_INIT_SETTLE,0.117275000,-0.534330000,0.232791000
24.693061,P1_INIT_SETTLE,0.117244000,-0.534345000,0.233339000
24.703414,P1_INIT_SETTLE,0.117245000,-0.534342000,0.233869000
24.713825,P1_INIT_SETTLE,0.117239000,-0.534342000,0.234369000
24.724177,P1_INIT_SETTLE,0.117202000,-0.534356000,0.234853000
24.734534,P1_INIT_SETTLE,0.117174000,-0.534370000,0.235482000
24.744832,P1_INIT_SETTLE,0.117183000,-0.534375000,0.235983000
24.755184,P1_INIT_SETTLE,0.117206000,-0.534375000,0.236477000
24.765515,P1_INIT_SETTLE,0.117211000,-0.534380000,0.236983000
24.775823,P1_INIT_SETTLE,0.117200000,-0.534391000,0.237509000
24.786138,P1_INIT_SETTLE,0.117201000,-0.534401000,0.238013000
24.796458,P1_INIT_SETTLE,0.117203000,-0.534405000,0.238543000
24.806761,P1_INIT_SETTLE,0.117176000,-0.534409000,0.239029000
24.817116,P1_INIT_SETTLE,0.117136000,-0.534409000,0.239504000
24.827453,P1_INIT_SETTLE,0.117125000,-0.534391000,0.240001000
24.837788,P1_INIT_SETTLE,0.117099000,-0.534387000,0.240479000
24.848097,P1_INIT_SETTLE,0.117017000,-0.534390000,0.240994000
24.858418,P1_INIT_SETTLE,0.116924000,-0.534387000,0.241558000
24.868716,P1_INIT_SETTLE,0.116889000,-0.534373000,0.242038000
24.879033,P1_INIT_SETTLE,0.116860000,-0.534373000,0.242533000
24.889373,P1_INIT_SETTLE,0.116813000,-0.534386000,0.243108000
24.899697,P1_INIT_SETTLE,0.116771000,-0.534403000,0.243639000
24.910070,P1_INIT_SETTLE,0.116713000,-0.534422000,0.244175000
24.920432,P1_INIT_SETTLE,0.116672000,-0.534427000,0.244726000
24.930749,P1_INIT_SETTLE,0.116653000,-0.534436000,0.245239000
24.941088,P1_INIT_SETTLE,0.116634000,-0.534437000,0.245744000
24.951427,P1_INIT_SETTLE,0.116587000,-0.534434000,0.246311000
24.961745,P1_INIT_SETTLE,0.116559000,-0.534425000,0.246824000
24.972064,P1_INIT_SETTLE,0.116541000,-0.534414000,0.247336000
24.982402,P1_INIT_SETTLE,0.116526000,-0.534399000,0.247901000
24.992751,P1_INIT_SETTLE,0.116508000,-0.534396000,0.248430000
25.003080,P1_INIT_SETTLE,0.116489000,-0.534388000,0.248956000
25.013447,P1_INIT_SETTLE,0.116491000,-0.534368000,0.249503000
25.023801,P1_INIT_SETTLE,0.116504000,-0.534347000,0.250011000
25.034163,P1_INIT_SETTLE,0.116469000,-0.534344000,0.250559000
25.044481,P1_INIT_SETTLE,0.116450000,-0.534325000,0.251114000
25.054802,P1_INIT_SETTLE,0.116466000,-0.534282000,0.251568000
25.065120,P1_INIT_SETTLE,0.116449000,-0.534249000,0.252047000
25.075447,P1_INIT_SETTLE,0.116389000,-0.534223000,0.252608000
25.085800,P1_INIT_SETTLE,0.116317000,-0.534198000,0.253123000
25.096121,P1_INIT_SETTLE,0.116288000,-0.534163000,0.253602000
25.106491,P1_INIT_SETTLE,0.116276000,-0.534119000,0.254118000
25.116860,P1_INIT_SETTLE,0.116276000,-0.534076000,0.254584000
25.127196,P1_INIT_SETTLE,0.116289000,-0.534032000,0.255049000
25.137509,P1_INIT_SETTLE,0.116315000,-0.533995000,0.255560000
25.408658,P2_INIT_POS,0.116508000,-0.533098000,0.261748000
25.418599,P2_INIT_POS,0.116452000,-0.533104000,0.261748000
25.428592,P2_INIT_POS,0.116546000,-0.533057000,0.261631000
25.438532,P2_INIT_POS,0.116922000,-0.532914000,0.261309000
25.448575,P2_INIT_POS,0.117275000,-0.532776000,0.261010000
25.458528,P2_INIT_POS,0.117319000,-0.532681000,0.260800000
25.468572,P2_INIT_POS,0.117097000,-0.532695000,0.260742000
25.478524,P2_INIT_POS,0.116767000,-0.532786000,0.260771000
25.488577,P2_INIT_POS,0.116578000,-0.532797000,0.260578000
25.498522,P2_INIT_POS,0.116529000,-0.532771000,0.260271000
25.508651,P2_INIT_POS,0.116439000,-0.532741000,0.260016000
25.518565,P2_INIT_POS,0.116173000,-0.532771000,0.259941000
25.528573,P2_INIT_POS,0.115809000,-0.532830000,0.260000000
25.538519,P2_INIT_POS,0.115517000,-0.532900000,0.260087000
25.548566,P2_INIT_POS,0.115155000,-0.532977000,0.260176000
25.558559,P2_INIT_POS,0.114620000,-0.533037000,0.260267000
25.568540,P2_INIT_POS,0.113962000,-0.533069000,0.260335000
25.578582,P2_INIT_POS,0.113302000,-0.533077000,0.260376000
25.588570,P2_INIT_POS,0.112675000,-0.533067000,0.260411000
25.598564,P2_INIT_POS,0.112050000,-0.533041000,0.260473000
25.608729,P2_INIT_POS,0.111439000,-0.532988000,0.260548000
25.618644,P2_INIT_POS,0.110891000,-0.532923000,0.260616000
25.628579,P2_INIT_POS,0.110442000,-0.532864000,0.260661000
25.638561,P2_INIT_POS,0.110033000,-0.532825000,0.260689000
25.648562,P2_INIT_POS,0.109589000,-0.532801000,0.260721000
25.658586,P2_INIT_POS,0.109096000,-0.532783000,0.260748000
25.668636,P2_INIT_POS,0.108611000,-0.532760000,0.260760000
25.678586,P2_INIT_POS,0.108136000,-0.532736000,0.260788000
25.688632,P2_INIT_POS,0.107635000,-0.532711000,0.260853000
25.698565,P2_INIT_POS,0.107100000,-0.532678000,0.260932000
25.708700,P2_INIT_POS,0.106561000,-0.532642000,0.260996000
25.718619,P2_INIT_POS,0.106045000,-0.532606000,0.261040000
25.728572,P2_INIT_POS,0.105539000,-0.532574000,0.261069000
25.728663,P2_INIT_POS_SETTLE,0.105539000,-0.532574000,0.261069000
25.738975,P2_INIT_POS_SETTLE,0.105007000,-0.532544000,0.261099000
25.749286,P2_INIT_POS_SETTLE,0.104467000,-0.532518000,0.261133000
25.759595,P2_INIT_POS_SETTLE,0.103887000,-0.532488000,0.261167000
25.769915,P2_INIT_POS_SETTLE,0.103383000,-0.532474000,0.261213000
25.780229,P2_INIT_POS_SETTLE,0.102894000,-0.532456000,0.261252000
25.790577,P2_INIT_POS_SETTLE,0.102339000,-0.532428000,0.261291000
25.800883,P2_INIT_POS_SETTLE,0.101833000,-0.532403000,0.261322000
25.811245,P2_INIT_POS_SETTLE,0.101328000,-0.532377000,0.261337000
25.821607,P2_INIT_POS_SETTLE,0.100753000,-0.532356000,0.261360000
25.831927,P2_INIT_POS_SETTLE,0.100227000,-0.532341000,0.261387000
25.842245,P2_INIT_POS_SETTLE,0.099684000,-0.532323000,0.261418000
25.852567,P2_INIT_POS_SETTLE,0.099109000,-0.532301000,0.261452000
25.862870,P2_INIT_POS_SETTLE,0.098610000,-0.532277000,0.261479000
25.873195,P2_INIT_POS_SETTLE,0.098113000,-0.532257000,0.261506000
25.883532,P2_INIT_POS_SETTLE,0.097556000,-0.532239000,0.261534000
25.893839,P2_INIT_POS_SETTLE,0.097044000,-0.532225000,0.261552000
25.904150,P2_INIT_POS_SETTLE,0.096551000,-0.532208000,0.261553000
25.914518,P2_INIT_POS_SETTLE,0.096012000,-0.532193000,0.261561000
25.924863,P2_INIT_POS_SETTLE,0.095512000,-0.532177000,0.261580000
25.935081,P2_INIT_POS_SETTLE,0.095002000,-0.532155000,0.261606000
25.945306,P2_INIT_POS_SETTLE,0.094508000,-0.532133000,0.261627000
25.955624,P2_INIT_POS_SETTLE,0.093980000,-0.532107000,0.261636000
25.965958,P2_INIT_POS_SETTLE,0.093493000,-0.532095000,0.261648000
25.976276,P2_INIT_POS_SETTLE,0.093002000,-0.532081000,0.261655000
25.986649,P2_INIT_POS_SETTLE,0.092465000,-0.532058000,0.261655000
25.997023,P2_INIT_POS_SETTLE,0.091959000,-0.532044000,0.261673000
26.007388,P2_INIT_POS_SETTLE,0.091405000,-0.532037000,0.261707000
26.017722,P2_INIT_POS_SETTLE,0.090914000,-0.532028000,0.261728000
26.028050,P2_INIT_POS_SETTLE,0.090427000,-0.532023000,0.261746000
26.038383,P2_INIT_POS_SETTLE,0.089897000,-0.532012000,0.261752000
26.048699,P2_INIT_POS_SETTLE,0.089404000,-0.532013000,0.261771000
26.059034,P2_INIT_POS_SETTLE,0.088894000,-0.532019000,0.261800000
26.069376,P2_INIT_POS_SETTLE,0.088395000,-0.532024000,0.261820000
26.079701,P2_INIT_POS_SETTLE,0.087874000,-0.532029000,0.261830000
26.090017,P2_INIT_POS_SETTLE,0.087396000,-0.532045000,0.261846000
26.100348,P2_INIT_POS_SETTLE,0.086862000,-0.532059000,0.261866000
26.110771,P2_INIT_POS_SETTLE,0.086383000,-0.532078000,0.261884000
26.121164,P2_INIT_POS_SETTLE,0.085896000,-0.532086000,0.261890000
26.131510,P2_INIT_POS_SETTLE,0.085389000,-0.532107000,0.261890000
26.141830,P2_INIT_POS_SETTLE,0.084927000,-0.532126000,0.261891000
26.152146,P2_INIT_POS_SETTLE,0.084456000,-0.532139000,0.261890000
26.162486,P2_INIT_POS_SETTLE,0.083949000,-0.532147000,0.261887000
26.172837,P2_INIT_POS_SETTLE,0.083486000,-0.532156000,0.261895000
26.183178,P2_INIT_POS_SETTLE,0.083011000,-0.532165000,0.261908000
26.193538,P2_INIT_POS_SETTLE,0.082492000,-0.532175000,0.261925000
26.203822,P2_INIT_POS_SETTLE,0.082033000,-0.532175000,0.261928000
26.214216,P2_INIT_POS_SETTLE,0.081550000,-0.532183000,0.261951000
26.224569,P2_INIT_POS_SETTLE,0.081016000,-0.532187000,0.261972000
26.234884,P2_INIT_POS_SETTLE,0.080557000,-0.532188000,0.261975000
26.245216,P2_INIT_POS_SETTLE,0.080064000,-0.532193000,0.262005000
26.255520,P2_INIT_POS_SETTLE,0.079485000,-0.532197000,0.262059000
26.265848,P2_INIT_POS_SETTLE,0.078984000,-0.532194000,0.262092000
26.276146,P2_INIT_POS_SETTLE,0.078484000,-0.532183000,0.262120000
26.286484,P2_INIT_POS_SETTLE,0.077909000,-0.532176000,0.262173000
26.296819,P2_INIT_POS_SETTLE,0.077397000,-0.532157000,0.262206000
26.307213,P2_INIT_POS_SETTLE,0.076881000,-0.532139000,0.262241000
26.317592,P2_INIT_POS_SETTLE,0.076306000,-0.532119000,0.262285000
26.327932,P2_INIT_POS_SETTLE,0.075799000,-0.532103000,0.262323000
26.338249,P2_INIT_POS_SETTLE,0.075301000,-0.532091000,0.262360000
26.348571,P2_INIT_POS_SETTLE,0.074739000,-0.532066000,0.262396000
26.358838,P2_INIT_POS_SETTLE,0.074238000,-0.532043000,0.262423000
26.369144,P2_INIT_POS_SETTLE,0.073738000,-0.532017000,0.262448000
26.379460,P2_INIT_POS_SETTLE,0.073172000,-0.531987000,0.262487000
26.389737,P2_INIT_POS_SETTLE,0.072663000,-0.531963000,0.262520000
26.400052,P2_INIT_POS_SETTLE,0.072176000,-0.531934000,0.262539000
26.410410,P2_INIT_POS_SETTLE,0.071668000,-0.531913000,0.262571000
26.420712,P2_INIT_POS_SETTLE,0.071098000,-0.531885000,0.262605000
26.431029,P2_INIT_POS_SETTLE,0.070583000,-0.531856000,0.262631000
26.441352,P2_INIT_POS_SETTLE,0.070073000,-0.531832000,0.262653000
26.451648,P2_INIT_POS_SETTLE,0.069501000,-0.531806000,0.262680000
26.461959,P2_INIT_POS_SETTLE,0.068985000,-0.531787000,0.262709000
26.472263,P2_INIT_POS_SETTLE,0.068472000,-0.531764000,0.262734000
26.482581,P2_INIT_POS_SETTLE,0.067902000,-0.531740000,0.262760000
26.492906,P2_INIT_POS_SETTLE,0.067374000,-0.531722000,0.262786000
26.503237,P2_INIT_POS_SETTLE,0.066850000,-0.531711000,0.262814000
26.513646,P2_INIT_POS_SETTLE,0.066280000,-0.531703000,0.262843000
26.524036,P2_INIT_POS_SETTLE,0.065780000,-0.531694000,0.262856000
26.534384,P2_INIT_POS_SETTLE,0.065217000,-0.531685000,0.262880000
26.544707,P2_INIT_POS_SETTLE,0.064701000,-0.531687000,0.262913000
26.555030,P2_INIT_POS_SETTLE,0.064215000,-0.531690000,0.262929000
26.565355,P2_INIT_POS_SETTLE,0.063740000,-0.531690000,0.262930000
26.575672,P2_INIT_POS_SETTLE,0.063206000,-0.531695000,0.262938000
26.586001,P2_INIT_POS_SETTLE,0.062708000,-0.531693000,0.262948000
26.596327,P2_INIT_POS_SETTLE,0.062224000,-0.531692000,0.262950000
26.606647,P2_INIT_POS_SETTLE,0.061696000,-0.531695000,0.262950000
26.877901,P2_INIT_DIVE,0.055649000,-0.532263000,0.262722000
26.887846,P2_INIT_DIVE,0.055601000,-0.532271000,0.262733000
26.897844,P2_INIT_DIVE,0.055788000,-0.532224000,0.262572000
26.907918,P2_INIT_DIVE,0.056247000,-0.532121000,0.262218000
26.917912,P2_INIT_DIVE,0.056635000,-0.532035000,0.261915000
26.927863,P2_INIT_DIVE,0.056819000,-0.531962000,0.261696000
26.937831,P2_INIT_DIVE,0.056858000,-0.531856000,0.261386000
26.947762,P2_INIT_DIVE,0.056906000,-0.531760000,0.260977000
26.957892,P2_INIT_DIVE,0.056976000,-0.531686000,0.260543000
26.967914,P2_INIT_DIVE,0.057141000,-0.531590000,0.259985000
26.977826,P2_INIT_DIVE,0.057369000,-0.531480000,0.259339000
26.987827,P2_INIT_DIVE,0.057596000,-0.531391000,0.258715000
26.997952,P2_INIT_DIVE,0.057781000,-0.531352000,0.258209000
27.007860,P2_INIT_DIVE,0.057916000,-0.531335000,0.257776000
27.017730,P2_INIT_DIVE,0.058024000,-0.531348000,0.257360000
27.027843,P2_INIT_DIVE,0.058073000,-0.531380000,0.256946000
27.037827,P2_INIT_DIVE,0.058021000,-0.531395000,0.256508000
27.047823,P2_INIT_DIVE,0.057913000,-0.531395000,0.256048000
27.057821,P2_INIT_DIVE,0.057780000,-0.531391000,0.255580000
27.067805,P2_INIT_DIVE,0.057634000,-0.531384000,0.255138000
27.077825,P2_INIT_DIVE,0.057529000,-0.531375000,0.254703000
27.087840,P2_INIT_DIVE,0.057452000,-0.531363000,0.254264000
27.098114,P2_INIT_DIVE,0.057442000,-0.531366000,0.253805000
27.107907,P2_INIT_DIVE,0.057467000,-0.531388000,0.253313000
27.117866,P2_INIT_DIVE,0.057503000,-0.531401000,0.252767000
27.127847,P2_INIT_DIVE,0.057513000,-0.531431000,0.252243000
27.137825,P2_INIT_DIVE,0.057483000,-0.531466000,0.251747000
27.147808,P2_INIT_DIVE,0.057432000,-0.531509000,0.251295000
27.157816,P2_INIT_DIVE,0.057374000,-0.531544000,0.250857000
27.167795,P2_INIT_DIVE,0.057332000,-0.531547000,0.250370000
27.177732,P2_INIT_DIVE,0.057322000,-0.531553000,0.249876000
27.187716,P2_INIT_DIVE,0.057317000,-0.531556000,0.249380000
27.197847,P2_INIT_DIVE,0.057299000,-0.531564000,0.248881000
27.207876,P2_INIT_DIVE,0.057273000,-0.531580000,0.248386000
27.217833,P2_INIT_DIVE,0.057247000,-0.531597000,0.247891000
27.227825,P2_INIT_DIVE,0.057211000,-0.531634000,0.247431000
27.237885,P2_INIT_DIVE,0.057169000,-0.531655000,0.246944000
27.247836,P2_INIT_DIVE,0.057134000,-0.531679000,0.246466000
27.257813,P2_INIT_DIVE,0.057092000,-0.531686000,0.245972000
27.267823,P2_INIT_DIVE,0.057061000,-0.531685000,0.245466000
27.277807,P2_INIT_DIVE,0.057047000,-0.531690000,0.244964000
27.287871,P2_INIT_DIVE,0.057051000,-0.531696000,0.244451000
27.287971,P2_INIT_DIVE_SETTLE,0.057051000,-0.531696000,0.244451000
27.298397,P2_INIT_DIVE_SETTLE,0.057063000,-0.531705000,0.243945000
27.308910,P2_INIT_DIVE_SETTLE,0.057048000,-0.531700000,0.243384000
27.319263,P2_INIT_DIVE_SETTLE,0.057032000,-0.531706000,0.242903000
27.329637,P2_INIT_DIVE_SETTLE,0.057027000,-0.531706000,0.242369000
27.339981,P2_INIT_DIVE_SETTLE,0.057046000,-0.531698000,0.241850000
27.350290,P2_INIT_DIVE_SETTLE,0.057081000,-0.531686000,0.241314000
27.360626,P2_INIT_DIVE_SETTLE,0.057104000,-0.531670000,0.240731000
27.370950,P2_INIT_DIVE_SETTLE,0.057086000,-0.531682000,0.240248000
27.381264,P2_INIT_DIVE_SETTLE,0.057104000,-0.531686000,0.239734000
27.391599,P2_INIT_DIVE_SETTLE,0.057117000,-0.531681000,0.239142000
27.401919,P2_INIT_DIVE_SETTLE,0.057127000,-0.531658000,0.238537000
27.412274,P2_INIT_DIVE_SETTLE,0.057130000,-0.531649000,0.238068000
27.422604,P2_INIT_DIVE_SETTLE,0.057104000,-0.531647000,0.237528000
27.432936,P2_INIT_DIVE_SETTLE,0.057103000,-0.531644000,0.237015000
27.443259,P2_INIT_DIVE_SETTLE,0.057114000,-0.531629000,0.236479000
27.453579,P2_INIT_DIVE_SETTLE,0.057146000,-0.531597000,0.235862000
27.463896,P2_INIT_DIVE_SETTLE,0.057173000,-0.531579000,0.235323000
27.474208,P2_INIT_DIVE_SETTLE,0.057178000,-0.531561000,0.234784000
27.484511,P2_INIT_DIVE_SETTLE,0.057186000,-0.531544000,0.234193000
27.494858,P2_INIT_DIVE_SETTLE,0.057194000,-0.531529000,0.233648000
27.505205,P2_INIT_DIVE_SETTLE,0.057201000,-0.531515000,0.233097000
27.515551,P2_INIT_DIVE_SETTLE,0.057212000,-0.531498000,0.232479000
27.525926,P2_INIT_DIVE_SETTLE,0.057202000,-0.531492000,0.231932000
27.536263,P2_INIT_DIVE_SETTLE,0.057200000,-0.531476000,0.231374000
27.546612,P2_INIT_DIVE_SETTLE,0.057203000,-0.531468000,0.230788000
27.556944,P2_INIT_DIVE_SETTLE,0.057215000,-0.531467000,0.230271000
27.567263,P2_INIT_DIVE_SETTLE,0.057221000,-0.531471000,0.229762000
27.577554,P2_INIT_DIVE_SETTLE,0.057214000,-0.531479000,0.229211000
27.587765,P2_INIT_DIVE_SETTLE,0.057195000,-0.531489000,0.228725000
27.597966,P2_INIT_DIVE_SETTLE,0.057185000,-0.531495000,0.228224000
27.608318,P2_INIT_DIVE_SETTLE,0.057183000,-0.531509000,0.227740000
27.618683,P2_INIT_DIVE_SETTLE,0.057159000,-0.531522000,0.227210000
27.629003,P2_INIT_DIVE_SETTLE,0.057111000,-0.531568000,0.226781000
27.639322,P2_INIT_DIVE_SETTLE,0.057107000,-0.531575000,0.226277000
27.649649,P2_INIT_DIVE_SETTLE,0.057133000,-0.531572000,0.225687000
27.659965,P2_INIT_DIVE_SETTLE,0.057121000,-0.531578000,0.225195000
27.670270,P2_INIT_DIVE_SETTLE,0.057064000,-0.531597000,0.224759000
27.680579,P2_INIT_DIVE_SETTLE,0.057052000,-0.531607000,0.224234000
27.690944,P2_INIT_DIVE_SETTLE,0.057064000,-0.531615000,0.223734000
27.701267,P2_INIT_DIVE_SETTLE,0.057041000,-0.531623000,0.223256000
27.711620,P2_INIT_DIVE_SETTLE,0.057011000,-0.531627000,0.222735000
27.721902,P2_INIT_DIVE_SETTLE,0.057015000,-0.531621000,0.222227000
27.732271,P2_INIT_DIVE_SETTLE,0.057015000,-0.531620000,0.221730000
27.742583,P2_INIT_DIVE_SETTLE,0.056997000,-0.531621000,0.221197000
27.752887,P2_INIT_DIVE_SETTLE,0.056973000,-0.531616000,0.220705000
27.763206,P2_INIT_DIVE_SETTLE,0.056955000,-0.531600000,0.220192000
27.773517,P2_INIT_DIVE_SETTLE,0.056907000,-0.531592000,0.219651000
27.783825,P2_INIT_DIVE_SETTLE,0.056879000,-0.531580000,0.219147000
27.794130,P2_INIT_DIVE_SETTLE,0.056857000,-0.531560000,0.218637000
27.804478,P2_INIT_DIVE_SETTLE,0.056803000,-0.531561000,0.218132000
27.814874,P2_INIT_DIVE_SETTLE,0.056712000,-0.531566000,0.217692000
27.825231,P2_INIT_DIVE_SETTLE,0.056687000,-0.531551000,0.217196000
27.835564,P2_INIT_DIVE_SETTLE,0.056706000,-0.531530000,0.216633000
27.845870,P2_INIT_DIVE_SETTLE,0.056690000,-0.531515000,0.216148000
27.856223,P2_INIT_DIVE_SETTLE,0.056665000,-0.531507000,0.215684000
27.866549,P2_INIT_DIVE_SETTLE,0.056650000,-0.531499000,0.215157000
27.876842,P2_INIT_DIVE_SETTLE,0.056624000,-0.531497000,0.214678000
27.887166,P2_INIT_DIVE_SETTLE,0.056564000,-0.531512000,0.214235000
27.897479,P2_INIT_DIVE_SETTLE,0.056556000,-0.531477000,0.213633000
27.907857,P2_INIT_DIVE_SETTLE,0.056583000,-0.531449000,0.213082000
27.918217,P2_INIT_DIVE_SETTLE,0.056533000,-0.531451000,0.212624000
27.928632,P2_INIT_DIVE_SETTLE,0.056476000,-0.531456000,0.212137000
27.938999,P2_INIT_DIVE_SETTLE,0.056472000,-0.531439000,0.211631000
27.949316,P2_INIT_DIVE_SETTLE,0.056490000,-0.531418000,0.211101000
27.959658,P2_INIT_DIVE_SETTLE,0.056463000,-0.531410000,0.210570000
27.969973,P2_INIT_DIVE_SETTLE,0.056462000,-0.531389000,0.210044000
27.980285,P2_INIT_DIVE_SETTLE,0.056492000,-0.531366000,0.209492000
27.990601,P2_INIT_DIVE_SETTLE,0.056483000,-0.531360000,0.208939000
28.000920,P2_INIT_DIVE_SETTLE,0.056432000,-0.531359000,0.208455000
28.011278,P2_INIT_DIVE_SETTLE,0.056399000,-0.531349000,0.207945000
28.021640,P2_INIT_DIVE_SETTLE,0.056382000,-0.531326000,0.207347000
28.031953,P2_INIT_DIVE_SETTLE,0.056379000,-0.531310000,0.206803000
28.042269,P2_INIT_DIVE_SETTLE,0.056347000,-0.531304000,0.206293000
28.052583,P2_INIT_DIVE_SETTLE,0.056333000,-0.531302000,0.205736000
28.062887,P2_INIT_DIVE_SETTLE,0.056339000,-0.531301000,0.205225000
28.073200,P2_INIT_DIVE_SETTLE,0.056324000,-0.531306000,0.204732000
28.083534,P2_INIT_DIVE_SETTLE,0.056309000,-0.531315000,0.204203000
28.093863,P2_INIT_DIVE_SETTLE,0.056305000,-0.531318000,0.203702000
28.104198,P2_INIT_DIVE_SETTLE,0.056301000,-0.531324000,0.203192000
28.114588,P2_INIT_DIVE_SETTLE,0.056311000,-0.531325000,0.202615000
28.125000,P2_INIT_DIVE_SETTLE,0.056274000,-0.531351000,0.202150000
28.135378,P2_INIT_DIVE_SETTLE,0.056211000,-0.531378000,0.201690000
28.145719,P2_INIT_DIVE_SETTLE,0.056179000,-0.531406000,0.201148000
28.156048,P2_INIT_DIVE_SETTLE,0.056211000,-0.531399000,0.200580000
28.166386,P2_INIT_DIVE_SETTLE,0.056233000,-0.531398000,0.199985000
28.176700,P2_INIT_DIVE_SETTLE,0.056199000,-0.531423000,0.199521000
28.187016,P2_INIT_DIVE_SETTLE,0.056169000,-0.531451000,0.199055000
28.197335,P2_INIT_DIVE_SETTLE,0.056170000,-0.531480000,0.198567000
28.207670,P2_INIT_DIVE_SETTLE,0.056160000,-0.531496000,0.198016000
28.217940,P2_INIT_DIVE_SETTLE,0.056150000,-0.531513000,0.197524000
28.228251,P2_INIT_DIVE_SETTLE,0.056147000,-0.531528000,0.197019000
28.238571,P2_INIT_DIVE_SETTLE,0.056152000,-0.531553000,0.196469000
28.248908,P2_INIT_DIVE_SETTLE,0.056136000,-0.531589000,0.195996000
28.259245,P2_INIT_DIVE_SETTLE,0.056125000,-0.531623000,0.195506000
28.269573,P2_INIT_DIVE_SETTLE,0.056127000,-0.531656000,0.194948000
28.279864,P2_INIT_DIVE_SETTLE,0.056115000,-0.531683000,0.194436000
28.290174,P2_INIT_DIVE_SETTLE,0.056075000,-0.531725000,0.193962000
28.300500,P2_INIT_DIVE_SETTLE,0.056062000,-0.531730000,0.193375000
28.310864,P2_INIT_DIVE_SETTLE,0.056057000,-0.531749000,0.192871000
28.321202,P2_INIT_DIVE_SETTLE,0.056033000,-0.531768000,0.192389000
28.331571,P2_INIT_DIVE_SETTLE,0.056010000,-0.531789000,0.191864000
28.341914,P2_INIT_DIVE_SETTLE,0.056021000,-0.531797000,0.191357000
28.352240,P2_INIT_DIVE_SETTLE,0.056050000,-0.531805000,0.190840000
28.362549,P2_INIT_DIVE_SETTLE,0.056042000,-0.531826000,0.190315000
28.372862,P2_INIT_DIVE_SETTLE,0.056043000,-0.531834000,0.189822000
28.383192,P2_INIT_DIVE_SETTLE,0.056060000,-0.531843000,0.189312000
28.393518,P2_INIT_DIVE_SETTLE,0.056046000,-0.531857000,0.188777000
28.403862,P2_INIT_DIVE_SETTLE,0.056047000,-0.531870000,0.188279000
28.414278,P2_INIT_DIVE_SETTLE,0.056009000,-0.531910000,0.187831000
28.935532,P2_INIT,0.055342000,-0.532779000,0.177483000
28.945501,P2_INIT,0.055362000,-0.532775000,0.177463000
28.955450,P2_INIT,0.055644000,-0.532665000,0.177202000
28.965438,P2_INIT,0.056095000,-0.532492000,0.176804000
28.975443,P2_INIT,0.056016000,-0.532635000,0.177067000
28.985433,P2_INIT,0.055634000,-0.532935000,0.177689000
28.995433,P2_INIT,0.055717000,-0.532986000,0.177667000
29.005417,P2_INIT,0.056262000,-0.532922000,0.177267000
29.015478,P2_INIT,0.056509000,-0.533047000,0.177386000
29.025416,P2_INIT,0.056476000,-0.533312000,0.177959000
29.035433,P2_INIT,0.056649000,-0.533506000,0.178422000
29.045405,P2_INIT,0.057096000,-0.533583000,0.178619000
29.055428,P2_INIT,0.057316000,-0.533703000,0.179036000
29.065429,P2_INIT,0.057194000,-0.533914000,0.179796000
29.075427,P2_INIT,0.057088000,-0.534050000,0.180404000
29.085426,P2_INIT,0.057199000,-0.534087000,0.180748000
29.095431,P2_INIT,0.057256000,-0.534154000,0.181189000
29.105434,P2_INIT,0.057104000,-0.534251000,0.181833000
29.115442,P2_INIT,0.056997000,-0.534260000,0.182376000
29.125436,P2_INIT,0.057134000,-0.534207000,0.182737000
29.135456,P2_INIT,0.057271000,-0.534220000,0.183203000
29.145434,P2_INIT,0.057264000,-0.534302000,0.183831000
29.155420,P2_INIT,0.057288000,-0.534344000,0.184345000
29.165433,P2_INIT,0.057464000,-0.534328000,0.184652000
29.175422,P2_INIT,0.057562000,-0.534336000,0.185040000
29.185438,P2_INIT,0.057458000,-0.534398000,0.185631000
29.195429,P2_INIT,0.057337000,-0.534412000,0.186199000
29.205438,P2_INIT,0.057343000,-0.534368000,0.186629000
29.215486,P2_INIT,0.057350000,-0.534347000,0.187098000
29.225439,P2_INIT,0.057274000,-0.534356000,0.187661000
29.235439,P2_INIT,0.057237000,-0.534339000,0.188160000
29.245431,P2_INIT,0.057300000,-0.534311000,0.188579000
29.255434,P2_INIT,0.057339000,-0.534322000,0.189056000
29.265427,P2_INIT,0.057302000,-0.534369000,0.189627000
29.275429,P2_INIT,0.057266000,-0.534403000,0.190185000
29.285428,P2_INIT,0.057270000,-0.534403000,0.190663000
29.295424,P2_INIT,0.057264000,-0.534423000,0.191173000
29.305437,P2_INIT,0.057211000,-0.534455000,0.191725000
29.315446,P2_INIT,0.057175000,-0.534455000,0.192217000
29.325421,P2_INIT,0.057166000,-0.534455000,0.192694000
29.335508,P2_INIT,0.057126000,-0.534476000,0.193206000
29.345445,P2_INIT,0.057069000,-0.534508000,0.193766000
29.355445,P2_INIT,0.057055000,-0.534545000,0.194301000
29.365425,P2_INIT,0.057098000,-0.534571000,0.194786000
29.365507,P2_INIT_SETTLE,0.057098000,-0.534571000,0.194786000
29.375836,P2_INIT_SETTLE,0.057134000,-0.534596000,0.195274000
29.386162,P2_INIT_SETTLE,0.057115000,-0.534636000,0.195813000
29.396478,P2_INIT_SETTLE,0.057089000,-0.534658000,0.196378000
29.406864,P2_INIT_SETTLE,0.057089000,-0.534657000,0.196854000
29.417252,P2_INIT_SETTLE,0.057078000,-0.534660000,0.197341000
29.427588,P2_INIT_SETTLE,0.057024000,-0.534660000,0.197899000
29.437859,P2_INIT_SETTLE,0.056974000,-0.534662000,0.198403000
29.448198,P2_INIT_SETTLE,0.056912000,-0.534681000,0.198928000
29.458530,P2_INIT_SETTLE,0.056872000,-0.534681000,0.199463000
29.468844,P2_INIT_SETTLE,0.056869000,-0.534666000,0.199933000
29.479168,P2_INIT_SETTLE,0.056869000,-0.534658000,0.200429000
29.489479,P2_INIT_SETTLE,0.056843000,-0.534661000,0.201017000
29.499815,P2_INIT_SETTLE,0.056833000,-0.534675000,0.201561000
29.510201,P2_INIT_SETTLE,0.056820000,-0.534668000,0.202077000
29.520553,P2_INIT_SETTLE,0.056788000,-0.534651000,0.202634000
29.530878,P2_INIT_SETTLE,0.056746000,-0.534638000,0.203152000
29.541306,P2_INIT_SETTLE,0.056740000,-0.534608000,0.203626000
29.551681,P2_INIT_SETTLE,0.056736000,-0.534577000,0.204156000
29.562017,P2_INIT_SETTLE,0.056691000,-0.534559000,0.204685000
29.572354,P2_INIT_SETTLE,0.056661000,-0.534533000,0.205206000
29.582684,P2_INIT_SETTLE,0.056661000,-0.534508000,0.205771000
29.593023,P2_INIT_SETTLE,0.056677000,-0.534488000,0.206272000
29.603362,P2_INIT_SETTLE,0.056677000,-0.534464000,0.206829000
29.613756,P2_INIT_SETTLE,0.056675000,-0.534444000,0.207334000
29.624119,P2_INIT_SETTLE,0.056679000,-0.534412000,0.207813000
29.634482,P2_INIT_SETTLE,0.056656000,-0.534386000,0.208372000
29.644797,P2_INIT_SETTLE,0.056601000,-0.534361000,0.208889000
29.655133,P2_INIT_SETTLE,0.056552000,-0.534332000,0.209390000
29.665468,P2_INIT_SETTLE,0.056524000,-0.534312000,0.209937000
29.675765,P2_INIT_SETTLE,0.056475000,-0.534298000,0.210451000
29.686083,P2_INIT_SETTLE,0.056449000,-0.534280000,0.210948000
29.696413,P2_INIT_SETTLE,0.056467000,-0.534263000,0.211475000
29.706754,P2_INIT_SETTLE,0.056466000,-0.534262000,0.211986000
29.717116,P2_INIT_SETTLE,0.056440000,-0.534274000,0.212526000
29.727467,P2_INIT_SETTLE,0.056451000,-0.534290000,0.213101000
29.737887,P2_INIT_SETTLE,0.056466000,-0.534285000,0.213581000
29.748268,P2_INIT_SETTLE,0.056482000,-0.534287000,0.214058000
29.758625,P2_INIT_SETTLE,0.056466000,-0.534299000,0.214606000
29.768970,P2_INIT_SETTLE,0.056429000,-0.534318000,0.215128000
29.779315,P2_INIT_SETTLE,0.056388000,-0.534327000,0.215636000
29.789631,P2_INIT_SETTLE,0.056384000,-0.534339000,0.216178000
29.799951,P2_INIT_SETTLE,0.056391000,-0.534353000,0.216673000
29.810317,P2_INIT_SETTLE,0.056389000,-0.534370000,0.217180000
29.820677,P2_INIT_SETTLE,0.056386000,-0.534389000,0.217735000
29.831018,P2_INIT_SETTLE,0.056392000,-0.534399000,0.218229000
29.841363,P2_INIT_SETTLE,0.056396000,-0.534404000,0.218720000
29.851657,P2_INIT_SETTLE,0.056375000,-0.534403000,0.219257000
29.862049,P2_INIT_SETTLE,0.056360000,-0.534396000,0.219731000
29.872444,P2_INIT_SETTLE,0.056366000,-0.534369000,0.220218000
29.882722,P2_INIT_SETTLE,0.056361000,-0.534355000,0.220688000
29.893071,P2_INIT_SETTLE,0.056325000,-0.534344000,0.221177000
29.903423,P2_INIT_SETTLE,0.056308000,-0.534319000,0.221695000
29.913830,P2_INIT_SETTLE,0.056340000,-0.534294000,0.222142000
29.924192,P2_INIT_SETTLE,0.056367000,-0.534274000,0.222610000
29.934533,P2_INIT_SETTLE,0.056380000,-0.534262000,0.223145000
29.944947,P2_INIT_SETTLE,0.056406000,-0.534258000,0.223635000
29.955318,P2_INIT_SETTLE,0.056426000,-0.534245000,0.224114000
29.965669,P2_INIT_SETTLE,0.056434000,-0.534230000,0.224643000
29.975996,P2_INIT_SETTLE,0.056413000,-0.534219000,0.225148000
29.986332,P2_INIT_SETTLE,0.056394000,-0.534194000,0.225629000
29.996657,P2_INIT_SETTLE,0.056379000,-0.534170000,0.226163000
30.007085,P2_INIT_SETTLE,0.056348000,-0.534163000,0.226676000
30.017431,P2_INIT_SETTLE,0.056327000,-0.534152000,0.227238000
30.027775,P2_INIT_SETTLE,0.056336000,-0.534131000,0.227721000
30.038111,P2_INIT_SETTLE,0.056324000,-0.534118000,0.228227000
30.048439,P2_INIT_SETTLE,0.056302000,-0.534111000,0.228790000
30.058738,P2_INIT_SETTLE,0.056312000,-0.534097000,0.229273000
30.069058,P2_INIT_SETTLE,0.056318000,-0.534083000,0.229758000
30.079415,P2_INIT_SETTLE,0.056284000,-0.534072000,0.230300000
30.089741,P2_INIT_SETTLE,0.056235000,-0.534052000,0.230789000
30.100071,P2_INIT_SETTLE,0.056217000,-0.534029000,0.231249000
30.110438,P2_INIT_SETTLE,0.056193000,-0.533999000,0.231745000
30.120788,P2_INIT_SETTLE,0.056135000,-0.533996000,0.232251000
30.131115,P2_INIT_SETTLE,0.056085000,-0.533989000,0.232742000
30.141475,P2_INIT_SETTLE,0.056073000,-0.533972000,0.233257000
30.151827,P2_INIT_SETTLE,0.056047000,-0.533964000,0.233742000
30.162143,P2_INIT_SETTLE,0.056039000,-0.533960000,0.234244000
30.172483,P2_INIT_SETTLE,0.056013000,-0.533959000,0.234811000
30.182860,P2_INIT_SETTLE,0.055960000,-0.533969000,0.235354000
30.193199,P2_INIT_SETTLE,0.055938000,-0.533977000,0.235882000
30.203522,P2_INIT_SETTLE,0.055922000,-0.533973000,0.236432000
30.213873,P2_INIT_SETTLE,0.055887000,-0.533979000,0.236956000
30.224211,P2_INIT_SETTLE,0.055836000,-0.533996000,0.237499000
30.234541,P2_INIT_SETTLE,0.055808000,-0.534002000,0.238063000
30.244842,P2_INIT_SETTLE,0.055807000,-0.534014000,0.238576000
30.255149,P2_INIT_SETTLE,0.055791000,-0.534024000,0.239099000
30.265465,P2_INIT_SETTLE,0.055785000,-0.534025000,0.239664000
30.275776,P2_INIT_SETTLE,0.055786000,-0.534036000,0.240195000
30.286084,P2_INIT_SETTLE,0.055785000,-0.534051000,0.240729000
30.296421,P2_INIT_SETTLE,0.055779000,-0.534059000,0.241305000
30.306755,P2_INIT_SETTLE,0.055784000,-0.534066000,0.241819000
30.317090,P2_INIT_SETTLE,0.055805000,-0.534075000,0.242326000
30.327416,P2_INIT_SETTLE,0.055815000,-0.534096000,0.242901000
30.337729,P2_INIT_SETTLE,0.055837000,-0.534089000,0.243378000
30.348068,P2_INIT_SETTLE,0.055869000,-0.534075000,0.243838000
30.358419,P2_INIT_SETTLE,0.055886000,-0.534066000,0.244363000
30.368715,P2_INIT_SETTLE,0.055892000,-0.534057000,0.244842000
30.379034,P2_INIT_SETTLE,0.055899000,-0.534044000,0.245310000
30.389352,P2_INIT_SETTLE,0.055886000,-0.534040000,0.245795000
30.399669,P2_INIT_SETTLE,0.055891000,-0.534027000,0.246312000
30.410017,P2_INIT_SETTLE,0.055904000,-0.534012000,0.246775000
30.420376,P2_INIT_SETTLE,0.055908000,-0.533999000,0.247253000
30.430696,P2_INIT_SETTLE,0.055939000,-0.533983000,0.247767000
30.441015,P2_INIT_SETTLE,0.055969000,-0.533975000,0.248245000
30.451328,P2_INIT_SETTLE,0.055995000,-0.533974000,0.248735000
30.461641,P2_INIT_SETTLE,0.056001000,-0.533979000,0.249284000
30.471977,P2_INIT_SETTLE,0.056012000,-0.533975000,0.249765000
30.482282,P2_INIT_SETTLE,0.056033000,-0.533966000,0.250231000
30.492582,P2_INIT_SETTLE,0.056030000,-0.533958000,0.250754000
30.502888,P2_INIT_SETTLE,0.056025000,-0.533960000,0.251241000
30.513258,P2_INIT_SETTLE,0.056035000,-0.533954000,0.251705000
30.523591,P2_INIT_SETTLE,0.056039000,-0.533944000,0.252204000
30.533958,P2_INIT_SETTLE,0.056032000,-0.533933000,0.252667000
30.544308,P2_INIT_SETTLE,0.056027000,-0.533933000,0.253149000
30.554660,P2_INIT_SETTLE,0.056013000,-0.533934000,0.253676000
30.564927,P2_INIT_SETTLE,0.056011000,-0.533929000,0.254145000
30.575258,P2_INIT_SETTLE,0.056016000,-0.533924000,0.254616000
30.585618,P2_INIT_SETTLE,0.056015000,-0.533926000,0.255159000
30.595930,P2_INIT_SETTLE,0.056013000,-0.533930000,0.255654000
30.867123,P3_INIT_POS,0.055965000,-0.533102000,0.261673000
30.877069,P3_INIT_POS,0.055946000,-0.533085000,0.261677000
30.887059,P3_INIT_POS,0.056135000,-0.533040000,0.261543000
30.897052,P3_INIT_POS,0.056588000,-0.532945000,0.261226000
30.907085,P3_INIT_POS,0.056993000,-0.532872000,0.260942000
30.917059,P3_INIT_POS,0.057104000,-0.532796000,0.260726000
30.927043,P3_INIT_POS,0.056891000,-0.532794000,0.260702000
30.936951,P3_INIT_POS,0.056620000,-0.532846000,0.260723000
30.947004,P3_INIT_POS,0.056522000,-0.532825000,0.260506000
30.956936,P3_INIT_POS,0.056468000,-0.532800000,0.260259000
30.966963,P3_INIT_POS,0.056356000,-0.532783000,0.260081000
30.976904,P3_INIT_POS,0.056142000,-0.532813000,0.260031000
30.986947,P3_INIT_POS,0.055779000,-0.532878000,0.260123000
30.996931,P3_INIT_POS,0.055399000,-0.532957000,0.260258000
31.006994,P3_INIT_POS,0.055064000,-0.533031000,0.260353000
31.016913,P3_INIT_POS,0.054571000,-0.533067000,0.260419000
31.026944,P3_INIT_POS,0.053918000,-0.533037000,0.260441000
31.036890,P3_INIT_POS,0.053219000,-0.532984000,0.260455000
31.046944,P3_INIT_POS,0.052530000,-0.532932000,0.260488000
31.056882,P3_INIT_POS,0.051863000,-0.532876000,0.260549000
31.066938,P3_INIT_POS,0.051251000,-0.532801000,0.260604000
31.076880,P3_INIT_POS,0.050692000,-0.532715000,0.260640000
31.086936,P3_INIT_POS,0.050214000,-0.532642000,0.260647000
31.096939,P3_INIT_POS,0.049796000,-0.532598000,0.260643000
31.106963,P3_INIT_POS,0.049355000,-0.532574000,0.260658000
31.116999,P3_INIT_POS,0.048882000,-0.532556000,0.260676000
31.126965,P3_INIT_POS,0.048410000,-0.532524000,0.260674000
31.136909,P3_INIT_POS,0.047927000,-0.532499000,0.260696000
31.146967,P3_INIT_POS,0.047436000,-0.532472000,0.260740000
31.156958,P3_INIT_POS,0.046931000,-0.532439000,0.260784000
31.166965,P3_INIT_POS,0.046426000,-0.532405000,0.260819000
31.176892,P3_INIT_POS,0.045939000,-0.532373000,0.260832000
31.176924,P3_INIT_POS_SETTLE,0.045939000,-0.532373000,0.260832000
31.187104,P3_INIT_POS_SETTLE,0.045449000,-0.532347000,0.260841000
31.197330,P3_INIT_POS_SETTLE,0.044951000,-0.532336000,0.260866000
31.207712,P3_INIT_POS_SETTLE,0.044376000,-0.532313000,0.260892000
31.218087,P3_INIT_POS_SETTLE,0.043881000,-0.532295000,0.260901000
31.228439,P3_INIT_POS_SETTLE,0.043331000,-0.532288000,0.260933000
31.238770,P3_INIT_POS_SETTLE,0.042821000,-0.532271000,0.260966000
31.249089,P3_INIT_POS_SETTLE,0.042313000,-0.532259000,0.261003000
31.259423,P3_INIT_POS_SETTLE,0.041754000,-0.532232000,0.261023000
31.269743,P3_INIT_POS_SETTLE,0.041252000,-0.532222000,0.261046000
31.280054,P3_INIT_POS_SETTLE,0.040723000,-0.532218000,0.261081000
31.290381,P3_INIT_POS_SETTLE,0.040136000,-0.532213000,0.261121000
31.300697,P3_INIT_POS_SETTLE,0.039615000,-0.532206000,0.261145000
31.311056,P3_INIT_POS_SETTLE,0.039112000,-0.532207000,0.261174000
31.321402,P3_INIT_POS_SETTLE,0.038558000,-0.532213000,0.261216000
31.331713,P3_INIT_POS_SETTLE,0.038064000,-0.532213000,0.261247000
31.342036,P3_INIT_POS_SETTLE,0.037557000,-0.532211000,0.261275000
31.352412,P3_INIT_POS_SETTLE,0.037005000,-0.532207000,0.261304000
31.362745,P3_INIT_POS_SETTLE,0.036505000,-0.532211000,0.261335000
31.373057,P3_INIT_POS_SETTLE,0.036003000,-0.532212000,0.261364000
31.383395,P3_INIT_POS_SETTLE,0.035441000,-0.532216000,0.261403000
31.393707,P3_INIT_POS_SETTLE,0.034950000,-0.532214000,0.261425000
31.404034,P3_INIT_POS_SETTLE,0.034485000,-0.532214000,0.261443000
31.414398,P3_INIT_POS_SETTLE,0.033966000,-0.532211000,0.261461000
31.424740,P3_INIT_POS_SETTLE,0.033485000,-0.532208000,0.261479000
31.435052,P3_INIT_POS_SETTLE,0.032997000,-0.532203000,0.261497000
31.445378,P3_INIT_POS_SETTLE,0.032468000,-0.532187000,0.261509000
31.455693,P3_INIT_POS_SETTLE,0.031972000,-0.532180000,0.261538000
31.466008,P3_INIT_POS_SETTLE,0.031475000,-0.532181000,0.261576000
31.476367,P3_INIT_POS_SETTLE,0.030989000,-0.532175000,0.261601000
31.486716,P3_INIT_POS_SETTLE,0.030450000,-0.532171000,0.261630000
31.497025,P3_INIT_POS_SETTLE,0.029968000,-0.532167000,0.261658000
31.507375,P3_INIT_POS_SETTLE,0.029476000,-0.532171000,0.261698000
31.517704,P3_INIT_POS_SETTLE,0.028916000,-0.532164000,0.261739000
31.528057,P3_INIT_POS_SETTLE,0.028411000,-0.532162000,0.261772000
31.538401,P3_INIT_POS_SETTLE,0.027863000,-0.532156000,0.261797000
31.548737,P3_INIT_POS_SETTLE,0.027359000,-0.532157000,0.261833000
31.559118,P3_INIT_POS_SETTLE,0.026849000,-0.532152000,0.261871000
31.569478,P3_INIT_POS_SETTLE,0.026290000,-0.532145000,0.261909000
31.579830,P3_INIT_POS_SETTLE,0.025805000,-0.532132000,0.261926000
31.590165,P3_INIT_POS_SETTLE,0.025328000,-0.532126000,0.261943000
31.600657,P3_INIT_POS_SETTLE,0.024779000,-0.532123000,0.261978000
31.611035,P3_INIT_POS_SETTLE,0.024290000,-0.532117000,0.261999000
31.621427,P3_INIT_POS_SETTLE,0.023770000,-0.532111000,0.262007000
31.631767,P3_INIT_POS_SETTLE,0.023293000,-0.532111000,0.262026000
31.642085,P3_INIT_POS_SETTLE,0.022815000,-0.532111000,0.262041000
31.652426,P3_INIT_POS_SETTLE,0.022288000,-0.532109000,0.262051000
31.662760,P3_INIT_POS_SETTLE,0.021816000,-0.532105000,0.262057000
31.673087,P3_INIT_POS_SETTLE,0.021348000,-0.532106000,0.262066000
31.683432,P3_INIT_POS_SETTLE,0.020822000,-0.532101000,0.262073000
31.693740,P3_INIT_POS_SETTLE,0.020343000,-0.532095000,0.262076000
31.704079,P3_INIT_POS_SETTLE,0.019847000,-0.532092000,0.262094000
31.714459,P3_INIT_POS_SETTLE,0.019318000,-0.532091000,0.262101000
31.724831,P3_INIT_POS_SETTLE,0.018832000,-0.532090000,0.262110000
31.735172,P3_INIT_POS_SETTLE,0.018330000,-0.532093000,0.262131000
31.745506,P3_INIT_POS_SETTLE,0.017776000,-0.532094000,0.262149000
31.755917,P3_INIT_POS_SETTLE,0.017262000,-0.532095000,0.262176000
31.766276,P3_INIT_POS_SETTLE,0.016741000,-0.532090000,0.262200000
31.776600,P3_INIT_POS_SETTLE,0.016178000,-0.532081000,0.262219000
31.786933,P3_INIT_POS_SETTLE,0.015647000,-0.532069000,0.262246000
31.797315,P3_INIT_POS_SETTLE,0.015119000,-0.532063000,0.262278000
31.807684,P3_INIT_POS_SETTLE,0.014562000,-0.532051000,0.262294000
31.818041,P3_INIT_POS_SETTLE,0.014045000,-0.532049000,0.262322000
31.828379,P3_INIT_POS_SETTLE,0.013473000,-0.532044000,0.262351000
31.838706,P3_INIT_POS_SETTLE,0.012961000,-0.532039000,0.262370000
31.849039,P3_INIT_POS_SETTLE,0.012439000,-0.532034000,0.262391000
31.859382,P3_INIT_POS_SETTLE,0.011871000,-0.532022000,0.262406000
31.869699,P3_INIT_POS_SETTLE,0.011365000,-0.532012000,0.262412000
31.880024,P3_INIT_POS_SETTLE,0.010852000,-0.532000000,0.262421000
31.890356,P3_INIT_POS_SETTLE,0.010339000,-0.531996000,0.262437000
31.900677,P3_INIT_POS_SETTLE,0.009776000,-0.531994000,0.262458000
31.911075,P3_INIT_POS_SETTLE,0.009272000,-0.531988000,0.262465000
31.921443,P3_INIT_POS_SETTLE,0.008709000,-0.531988000,0.262485000
31.931739,P3_INIT_POS_SETTLE,0.008194000,-0.531991000,0.262509000
31.942067,P3_INIT_POS_SETTLE,0.007675000,-0.531992000,0.262525000
31.952413,P3_INIT_POS_SETTLE,0.007129000,-0.531996000,0.262534000
31.962843,P3_INIT_POS_SETTLE,0.006615000,-0.532002000,0.262553000
31.973200,P3_INIT_POS_SETTLE,0.006088000,-0.532012000,0.262588000
31.983538,P3_INIT_POS_SETTLE,0.005512000,-0.532025000,0.262623000
31.993853,P3_INIT_POS_SETTLE,0.004998000,-0.532035000,0.262640000
32.004184,P3_INIT_POS_SETTLE,0.004490000,-0.532051000,0.262662000
32.014586,P3_INIT_POS_SETTLE,0.003941000,-0.532062000,0.262674000
32.024937,P3_INIT_POS_SETTLE,0.003435000,-0.532069000,0.262689000
32.296098,P3_INIT_DIVE,-0.002811000,-0.532762000,0.262852000
32.306115,P3_INIT_DIVE,-0.002859000,-0.532764000,0.262866000
32.316127,P3_INIT_DIVE,-0.002699000,-0.532741000,0.262713000
32.326082,P3_INIT_DIVE,-0.002293000,-0.532687000,0.262373000
32.336072,P3_INIT_DIVE,-0.001910000,-0.532657000,0.262067000
32.346068,P3_INIT_DIVE,-0.001668000,-0.532615000,0.261805000
32.356082,P3_INIT_DIVE,-0.001574000,-0.532522000,0.261447000
32.366075,P3_INIT_DIVE,-0.001512000,-0.532454000,0.261057000
32.376045,P3_INIT_DIVE,-0.001439000,-0.532406000,0.260641000
32.386050,P3_INIT_DIVE,-0.001245000,-0.532322000,0.260044000
32.396040,P3_INIT_DIVE,-0.000987000,-0.532229000,0.259367000
32.406059,P3_INIT_DIVE,-0.000745000,-0.532169000,0.258747000
32.416063,P3_INIT_DIVE,-0.000598000,-0.532166000,0.258261000
32.426050,P3_INIT_DIVE,-0.000495000,-0.532184000,0.257836000
32.436078,P3_INIT_DIVE,-0.000358000,-0.532196000,0.257334000
32.446073,P3_INIT_DIVE,-0.000274000,-0.532229000,0.256848000
32.456069,P3_INIT_DIVE,-0.000289000,-0.532250000,0.256362000
32.466050,P3_INIT_DIVE,-0.000375000,-0.532242000,0.255847000
32.476040,P3_INIT_DIVE,-0.000508000,-0.532229000,0.255349000
32.486042,P3_INIT_DIVE,-0.000664000,-0.532217000,0.254898000
32.496027,P3_INIT_DIVE,-0.000775000,-0.532196000,0.254427000
32.506116,P3_INIT_DIVE,-0.000807000,-0.532166000,0.253922000
32.516112,P3_INIT_DIVE,-0.000782000,-0.532154000,0.253409000
32.526084,P3_INIT_DIVE,-0.000757000,-0.532154000,0.252892000
32.536037,P3_INIT_DIVE,-0.000751000,-0.532176000,0.252402000
32.546088,P3_INIT_DIVE,-0.000740000,-0.532195000,0.251881000
32.556047,P3_INIT_DIVE,-0.000762000,-0.532213000,0.251376000
32.566132,P3_INIT_DIVE,-0.000821000,-0.532219000,0.250885000
32.576040,P3_INIT_DIVE,-0.000861000,-0.532226000,0.250395000
32.586056,P3_INIT_DIVE,-0.000887000,-0.532219000,0.249884000
32.596025,P3_INIT_DIVE,-0.000905000,-0.532216000,0.249389000
32.606083,P3_INIT_DIVE,-0.000900000,-0.532215000,0.248886000
32.616060,P3_INIT_DIVE,-0.000907000,-0.532220000,0.248393000
32.626062,P3_INIT_DIVE,-0.000889000,-0.532219000,0.247876000
32.636043,P3_INIT_DIVE,-0.000871000,-0.532213000,0.247365000
32.646051,P3_INIT_DIVE,-0.000874000,-0.532208000,0.246869000
32.656038,P3_INIT_DIVE,-0.000885000,-0.532205000,0.246390000
32.666047,P3_INIT_DIVE,-0.000887000,-0.532193000,0.245897000
32.676037,P3_INIT_DIVE,-0.000899000,-0.532194000,0.245426000
32.686047,P3_INIT_DIVE,-0.000938000,-0.532190000,0.244961000
32.696030,P3_INIT_DIVE,-0.000937000,-0.532158000,0.244415000
32.706057,P3_INIT_DIVE,-0.000917000,-0.532136000,0.243872000
32.706137,P3_INIT_DIVE_SETTLE,-0.000917000,-0.532136000,0.243872000
32.716455,P3_INIT_DIVE_SETTLE,-0.000960000,-0.532127000,0.243356000
32.726794,P3_INIT_DIVE_SETTLE,-0.001012000,-0.532116000,0.242901000
32.737098,P3_INIT_DIVE_SETTLE,-0.001035000,-0.532100000,0.242412000
32.747414,P3_INIT_DIVE_SETTLE,-0.001065000,-0.532080000,0.241878000
32.757706,P3_INIT_DIVE_SETTLE,-0.001096000,-0.532063000,0.241390000
32.768067,P3_INIT_DIVE_SETTLE,-0.001115000,-0.532036000,0.240870000
32.778421,P3_INIT_DIVE_SETTLE,-0.001130000,-0.532020000,0.240317000
32.788769,P3_INIT_DIVE_SETTLE,-0.001144000,-0.532008000,0.239806000
32.799080,P3_INIT_DIVE_SETTLE,-0.001163000,-0.531997000,0.239291000
32.809473,P3_INIT_DIVE_SETTLE,-0.001198000,-0.531990000,0.238721000
32.819799,P3_INIT_DIVE_SETTLE,-0.001213000,-0.531980000,0.238195000
32.830106,P3_INIT_DIVE_SETTLE,-0.001205000,-0.531977000,0.237675000
32.840468,P3_INIT_DIVE_SETTLE,-0.001205000,-0.531980000,0.237124000
32.850826,P3_INIT_DIVE_SETTLE,-0.001224000,-0.531991000,0.236637000
32.861138,P3_INIT_DIVE_SETTLE,-0.001228000,-0.532000000,0.236139000
32.871472,P3_INIT_DIVE_SETTLE,-0.001233000,-0.532020000,0.235600000
32.881762,P3_INIT_DIVE_SETTLE,-0.001238000,-0.532041000,0.235115000
32.892061,P3_INIT_DIVE_SETTLE,-0.001250000,-0.532060000,0.234629000
32.902402,P3_INIT_DIVE_SETTLE,-0.001284000,-0.532093000,0.234108000
32.912753,P3_INIT_DIVE_SETTLE,-0.001311000,-0.532129000,0.233642000
32.923107,P3_INIT_DIVE_SETTLE,-0.001287000,-0.532131000,0.233080000
32.933428,P3_INIT_DIVE_SETTLE,-0.001262000,-0.532145000,0.232497000
32.943777,P3_INIT_DIVE_SETTLE,-0.001296000,-0.532174000,0.232039000
32.954106,P3_INIT_DIVE_SETTLE,-0.001338000,-0.532201000,0.231577000
32.964499,P3_INIT_DIVE_SETTLE,-0.001357000,-0.532216000,0.231016000
32.974835,P3_INIT_DIVE_SETTLE,-0.001371000,-0.532237000,0.230529000
32.985163,P3_INIT_DIVE_SETTLE,-0.001389000,-0.532249000,0.230026000
32.995495,P3_INIT_DIVE_SETTLE,-0.001408000,-0.532251000,0.229459000
33.005791,P3_INIT_DIVE_SETTLE,-0.001397000,-0.532243000,0.228922000
33.016072,P3_INIT_DIVE_SETTLE,-0.001409000,-0.532251000,0.228416000
33.026303,P3_INIT_DIVE_SETTLE,-0.001421000,-0.532258000,0.227905000
33.036521,P3_INIT_DIVE_SETTLE,-0.001414000,-0.532256000,0.227304000
33.046741,P3_INIT_DIVE_SETTLE,-0.001416000,-0.532247000,0.226755000
33.056932,P3_INIT_DIVE_SETTLE,-0.001430000,-0.532237000,0.226218000
33.067117,P3_INIT_DIVE_SETTLE,-0.001439000,-0.532241000,0.225711000
33.077309,P3_INIT_DIVE_SETTLE,-0.001456000,-0.532241000,0.225215000
33.087570,P3_INIT_DIVE_SETTLE,-0.001472000,-0.532235000,0.224666000
33.097899,P3_INIT_DIVE_SETTLE,-0.001497000,-0.532230000,0.224186000
33.108180,P3_INIT_DIVE_SETTLE,-0.001497000,-0.532216000,0.223677000
33.118554,P3_INIT_DIVE_SETTLE,-0.001459000,-0.532196000,0.223090000
33.128916,P3_INIT_DIVE_SETTLE,-0.001456000,-0.532189000,0.222592000
33.139219,P3_INIT_DIVE_SETTLE,-0.001501000,-0.532190000,0.222134000
33.149457,P3_INIT_DIVE_SETTLE,-0.001542000,-0.532188000,0.221613000
33.159812,P3_INIT_DIVE_SETTLE,-0.001560000,-0.532168000,0.221099000
33.170178,P3_INIT_DIVE_SETTLE,-0.001545000,-0.532131000,0.220552000
33.180534,P3_INIT_DIVE_SETTLE,-0.001564000,-0.532117000,0.220021000
33.190866,P3_INIT_DIVE_SETTLE,-0.001614000,-0.532106000,0.219571000
33.201206,P3_INIT_DIVE_SETTLE,-0.001615000,-0.532091000,0.219081000
33.211607,P3_INIT_DIVE_SETTLE,-0.001612000,-0.532064000,0.218518000
33.221967,P3_INIT_DIVE_SETTLE,-0.001627000,-0.532049000,0.218040000
33.232282,P3_INIT_DIVE_SETTLE,-0.001636000,-0.532030000,0.217546000
33.242606,P3_INIT_DIVE_SETTLE,-0.001646000,-0.532006000,0.216996000
33.252936,P3_INIT_DIVE_SETTLE,-0.001667000,-0.531992000,0.216516000
33.263253,P3_INIT_DIVE_SETTLE,-0.001699000,-0.531978000,0.216035000
33.273581,P3_INIT_DIVE_SETTLE,-0.001724000,-0.531964000,0.215491000
33.283894,P3_INIT_DIVE_SETTLE,-0.001760000,-0.531955000,0.214998000
33.294207,P3_INIT_DIVE_SETTLE,-0.001813000,-0.531941000,0.214509000
33.304515,P3_INIT_DIVE_SETTLE,-0.001853000,-0.531930000,0.213959000
33.314845,P3_INIT_DIVE_SETTLE,-0.001886000,-0.531931000,0.213480000
33.325162,P3_INIT_DIVE_SETTLE,-0.001931000,-0.531943000,0.213027000
33.335494,P3_INIT_DIVE_SETTLE,-0.001961000,-0.531949000,0.212505000
33.345849,P3_INIT_DIVE_SETTLE,-0.001972000,-0.531947000,0.212061000
33.356183,P3_INIT_DIVE_SETTLE,-0.001984000,-0.531958000,0.211544000
33.366540,P3_INIT_DIVE_SETTLE,-0.002021000,-0.531962000,0.211040000
33.376922,P3_INIT_DIVE_SETTLE,-0.002030000,-0.531962000,0.210552000
33.387151,P3_INIT_DIVE_SETTLE,-0.002051000,-0.531957000,0.210069000
33.397394,P3_INIT_DIVE_SETTLE,-0.002094000,-0.531969000,0.209572000
33.407714,P3_INIT_DIVE_SETTLE,-0.002132000,-0.531980000,0.209110000
33.418024,P3_INIT_DIVE_SETTLE,-0.002186000,-0.532001000,0.208666000
33.428420,P3_INIT_DIVE_SETTLE,-0.002193000,-0.531994000,0.208101000
33.438756,P3_INIT_DIVE_SETTLE,-0.002208000,-0.531998000,0.207608000
33.449077,P3_INIT_DIVE_SETTLE,-0.002242000,-0.532000000,0.207135000
33.459397,P3_INIT_DIVE_SETTLE,-0.002264000,-0.532015000,0.206626000
33.469715,P3_INIT_DIVE_SETTLE,-0.002288000,-0.532029000,0.206162000
33.480034,P3_INIT_DIVE_SETTLE,-0.002317000,-0.532044000,0.205700000
33.490392,P3_INIT_DIVE_SETTLE,-0.002348000,-0.532059000,0.205194000
33.500722,P3_INIT_DIVE_SETTLE,-0.002386000,-0.532064000,0.204725000
33.511101,P3_INIT_DIVE_SETTLE,-0.002412000,-0.532074000,0.204257000
33.521464,P3_INIT_DIVE_SETTLE,-0.002429000,-0.532082000,0.203742000
33.531784,P3_INIT_DIVE_SETTLE,-0.002440000,-0.532096000,0.203277000
33.542087,P3_INIT_DIVE_SETTLE,-0.002464000,-0.532102000,0.202806000
33.552420,P3_INIT_DIVE_SETTLE,-0.002500000,-0.532112000,0.202294000
33.562802,P3_INIT_DIVE_SETTLE,-0.002536000,-0.532129000,0.201834000
33.573073,P3_INIT_DIVE_SETTLE,-0.002555000,-0.532124000,0.201325000
33.583300,P3_INIT_DIVE_SETTLE,-0.002600000,-0.532138000,0.200859000
33.593612,P3_INIT_DIVE_SETTLE,-0.002698000,-0.532153000,0.200370000
33.603898,P3_INIT_DIVE_SETTLE,-0.002720000,-0.532143000,0.199846000
33.614190,P3_INIT_DIVE_SETTLE,-0.002731000,-0.532151000,0.199340000
33.624463,P3_INIT_DIVE_SETTLE,-0.002779000,-0.532155000,0.198808000
33.634739,P3_INIT_DIVE_SETTLE,-0.002783000,-0.532156000,0.198299000
33.645103,P3_INIT_DIVE_SETTLE,-0.002780000,-0.532170000,0.197805000
33.655448,P3_INIT_DIVE_SETTLE,-0.002799000,-0.532178000,0.197277000
33.665757,P3_INIT_DIVE_SETTLE,-0.002814000,-0.532174000,0.196780000
33.676098,P3_INIT_DIVE_SETTLE,-0.002824000,-0.532174000,0.196294000
33.686486,P3_INIT_DIVE_SETTLE,-0.002846000,-0.532166000,0.195748000
33.696805,P3_INIT_DIVE_SETTLE,-0.002866000,-0.532159000,0.195259000
33.707160,P3_INIT_DIVE_SETTLE,-0.002872000,-0.532160000,0.194777000
33.717510,P3_INIT_DIVE_SETTLE,-0.002872000,-0.532148000,0.194220000
33.727868,P3_INIT_DIVE_SETTLE,-0.002857000,-0.532131000,0.193694000
33.738204,P3_INIT_DIVE_SETTLE,-0.002839000,-0.532124000,0.193183000
33.748527,P3_INIT_DIVE_SETTLE,-0.002847000,-0.532124000,0.192645000
33.758846,P3_INIT_DIVE_SETTLE,-0.002861000,-0.532107000,0.192125000
33.769211,P3_INIT_DIVE_SETTLE,-0.002870000,-0.532110000,0.191669000
33.779572,P3_INIT_DIVE_SETTLE,-0.002909000,-0.532119000,0.191089000
33.789886,P3_INIT_DIVE_SETTLE,-0.002891000,-0.532079000,0.190500000
33.800203,P3_INIT_DIVE_SETTLE,-0.002853000,-0.532056000,0.189980000
33.810612,P3_INIT_DIVE_SETTLE,-0.002849000,-0.532035000,0.189355000
33.820938,P3_INIT_DIVE_SETTLE,-0.002872000,-0.532014000,0.188847000
33.831237,P3_INIT_DIVE_SETTLE,-0.002883000,-0.532005000,0.188344000
34.352446,P3_INIT,-0.002999000,-0.533049000,0.177345000
34.362394,P3_INIT,-0.002996000,-0.533047000,0.177338000
34.372442,P3_INIT,-0.002777000,-0.532981000,0.177112000
34.382417,P3_INIT,-0.002292000,-0.532871000,0.176688000
34.392378,P3_INIT,-0.002240000,-0.533020000,0.176860000
34.402318,P3_INIT,-0.002627000,-0.533339000,0.177517000
34.412334,P3_INIT,-0.002586000,-0.533461000,0.177590000
34.422268,P3_INIT,-0.002020000,-0.533457000,0.177205000
34.432270,P3_INIT,-0.001502000,-0.533620000,0.177214000
34.442225,P3_INIT,-0.001423000,-0.533913000,0.177782000
34.452270,P3_INIT,-0.001273000,-0.534134000,0.178254000
34.462219,P3_INIT,-0.000801000,-0.534291000,0.178571000
34.472264,P3_INIT,-0.000496000,-0.534443000,0.179004000
34.482215,P3_INIT,-0.000579000,-0.534661000,0.179782000
34.492261,P3_INIT,-0.000620000,-0.534832000,0.180424000
34.502227,P3_INIT,-0.000472000,-0.534889000,0.180768000
34.512332,P3_INIT,-0.000400000,-0.534944000,0.181189000
34.522216,P3_INIT,-0.000541000,-0.535016000,0.181818000
34.532267,P3_INIT,-0.000630000,-0.535005000,0.182335000
34.542245,P3_INIT,-0.000536000,-0.534964000,0.182706000
34.552223,P3_INIT,-0.000456000,-0.534989000,0.183194000
34.562253,P3_INIT,-0.000481000,-0.535037000,0.183765000
34.572205,P3_INIT,-0.000471000,-0.535057000,0.184238000
34.582328,P3_INIT,-0.000408000,-0.535056000,0.184633000
34.592265,P3_INIT,-0.000398000,-0.535083000,0.185117000
34.602301,P3_INIT,-0.000492000,-0.535106000,0.185699000
34.612332,P3_INIT,-0.000567000,-0.535103000,0.186258000
34.622242,P3_INIT,-0.000550000,-0.535075000,0.186747000
34.632273,P3_INIT,-0.000522000,-0.535058000,0.187249000
34.642204,P3_INIT,-0.000546000,-0.535065000,0.187810000
34.652266,P3_INIT,-0.000555000,-0.535053000,0.188324000
34.662228,P3_INIT,-0.000498000,-0.535019000,0.188742000
34.672316,P3_INIT,-0.000450000,-0.534998000,0.189192000
34.682296,P3_INIT,-0.000496000,-0.534989000,0.189724000
34.692269,P3_INIT,-0.000587000,-0.534981000,0.190284000
34.702297,P3_INIT,-0.000653000,-0.534950000,0.190796000
34.712310,P3_INIT,-0.000681000,-0.534924000,0.191294000
34.722283,P3_INIT,-0.000707000,-0.534895000,0.191792000
34.732208,P3_INIT,-0.000727000,-0.534861000,0.192283000
34.742256,P3_INIT,-0.000742000,-0.534834000,0.192780000
34.752249,P3_INIT,-0.000761000,-0.534829000,0.193313000
34.762225,P3_INIT,-0.000791000,-0.534832000,0.193856000
34.772250,P3_INIT,-0.000791000,-0.534821000,0.194353000
34.782273,P3_INIT,-0.000791000,-0.534816000,0.194842000
34.782314,P3_INIT_SETTLE,-0.000791000,-0.534816000,0.194842000
34.792653,P3_INIT_SETTLE,-0.000862000,-0.534800000,0.195408000
34.803024,P3_INIT_SETTLE,-0.000913000,-0.534779000,0.195916000
34.813417,P3_INIT_SETTLE,-0.000953000,-0.534752000,0.196415000
34.823793,P3_INIT_SETTLE,-0.000986000,-0.534730000,0.196975000
34.834140,P3_INIT_SETTLE,-0.001025000,-0.534721000,0.197507000
34.844498,P3_INIT_SETTLE,-0.001063000,-0.534712000,0.198089000
34.854802,P3_INIT_SETTLE,-0.001075000,-0.534704000,0.198597000
34.865130,P3_INIT_SETTLE,-0.001077000,-0.534704000,0.199099000
34.875427,P3_INIT_SETTLE,-0.001101000,-0.534701000,0.199656000
34.885748,P3_INIT_SETTLE,-0.001147000,-0.534693000,0.200168000
34.896078,P3_INIT_SETTLE,-0.001191000,-0.534679000,0.200618000
34.906454,P3_INIT_SETTLE,-0.001255000,-0.534648000,0.201206000
34.916814,P3_INIT_SETTLE,-0.001335000,-0.534637000,0.201742000
34.927178,P3_INIT_SETTLE,-0.001412000,-0.534636000,0.202285000
34.937476,P3_INIT_SETTLE,-0.001416000,-0.534614000,0.202795000
34.947819,P3_INIT_SETTLE,-0.001388000,-0.534597000,0.203248000
34.958149,P3_INIT_SETTLE,-0.001391000,-0.534594000,0.203756000
34.968482,P3_INIT_SETTLE,-0.001398000,-0.534595000,0.204324000
34.978872,P3_INIT_SETTLE,-0.001391000,-0.534588000,0.204814000
34.989239,P3_INIT_SETTLE,-0.001376000,-0.534582000,0.205297000
34.999569,P3_INIT_SETTLE,-0.001391000,-0.534577000,0.205847000
35.009938,P3_INIT_SETTLE,-0.001419000,-0.534558000,0.206333000
35.020304,P3_INIT_SETTLE,-0.001422000,-0.534540000,0.206807000
35.030635,P3_INIT_SETTLE,-0.001436000,-0.534519000,0.207342000
35.040972,P3_INIT_SETTLE,-0.001436000,-0.534508000,0.207847000
35.051299,P3_INIT_SETTLE,-0.001442000,-0.534495000,0.208355000
35.061652,P3_INIT_SETTLE,-0.001443000,-0.534484000,0.208907000
35.071982,P3_INIT_SETTLE,-0.001422000,-0.534482000,0.209395000
35.082311,P3_INIT_SETTLE,-0.001416000,-0.534481000,0.209891000
35.092616,P3_INIT_SETTLE,-0.001442000,-0.534475000,0.210435000
35.102942,P3_INIT_SETTLE,-0.001431000,-0.534459000,0.210892000
35.113300,P3_INIT_SETTLE,-0.001425000,-0.534449000,0.211303000
35.123630,P3_INIT_SETTLE,-0.001478000,-0.534437000,0.211898000
35.133964,P3_INIT_SETTLE,-0.001542000,-0.534445000,0.212423000
35.144297,P3_INIT_SETTLE,-0.001537000,-0.534446000,0.212891000
35.154619,P3_INIT_SETTLE,-0.001502000,-0.534446000,0.213388000
35.164938,P3_INIT_SETTLE,-0.001498000,-0.534464000,0.213885000
35.175250,P3_INIT_SETTLE,-0.001505000,-0.534476000,0.214374000
35.185597,P3_INIT_SETTLE,-0.001535000,-0.534509000,0.214914000
35.195948,P3_INIT_SETTLE,-0.001569000,-0.534547000,0.215495000
35.206211,P3_INIT_SETTLE,-0.001574000,-0.534581000,0.215995000
35.216470,P3_INIT_SETTLE,-0.001613000,-0.534617000,0.216561000
35.226709,P3_INIT_SETTLE,-0.001682000,-0.534637000,0.217090000
35.236893,P3_INIT_SETTLE,-0.001742000,-0.534663000,0.217624000
35.247080,P3_INIT_SETTLE,-0.001777000,-0.534685000,0.218154000
35.257269,P3_INIT_SETTLE,-0.001814000,-0.534719000,0.218710000
35.267522,P3_INIT_SETTLE,-0.001848000,-0.534745000,0.219306000
35.277844,P3_INIT_SETTLE,-0.001847000,-0.534766000,0.219817000
35.288170,P3_INIT_SETTLE,-0.001843000,-0.534782000,0.220320000
35.298490,P3_INIT_SETTLE,-0.001848000,-0.534789000,0.220867000
35.308849,P3_INIT_SETTLE,-0.001849000,-0.534795000,0.221358000
35.319199,P3_INIT_SETTLE,-0.001866000,-0.534786000,0.221789000
35.329571,P3_INIT_SETTLE,-0.001909000,-0.534766000,0.222372000
35.339860,P3_INIT_SETTLE,-0.001936000,-0.534755000,0.222872000
35.350221,P3_INIT_SETTLE,-0.001954000,-0.534736000,0.223360000
35.360648,P3_INIT_SETTLE,-0.001984000,-0.534705000,0.223898000
35.370951,P3_INIT_SETTLE,-0.002005000,-0.534686000,0.224346000
35.381232,P3_INIT_SETTLE,-0.002012000,-0.534664000,0.224843000
35.391544,P3_INIT_SETTLE,-0.002011000,-0.534650000,0.225406000
35.401904,P3_INIT_SETTLE,-0.002018000,-0.534643000,0.225930000
35.412285,P3_INIT_SETTLE,-0.002014000,-0.534627000,0.226477000
35.422669,P3_INIT_SETTLE,-0.002041000,-0.534620000,0.227048000
35.433013,P3_INIT_SETTLE,-0.002073000,-0.534601000,0.227499000
35.443349,P3_INIT_SETTLE,-0.002080000,-0.534576000,0.228035000
35.453672,P3_INIT_SETTLE,-0.002097000,-0.534563000,0.228546000
35.464018,P3_INIT_SETTLE,-0.002118000,-0.534539000,0.229100000
35.474376,P3_INIT_SETTLE,-0.002109000,-0.534525000,0.229541000
35.484694,P3_INIT_SETTLE,-0.002090000,-0.534511000,0.230130000
35.495022,P3_INIT_SETTLE,-0.002070000,-0.534506000,0.230571000
35.505382,P3_INIT_SETTLE,-0.002067000,-0.534498000,0.231066000
35.515714,P3_INIT_SETTLE,-0.002065000,-0.534485000,0.231589000
35.526034,P3_INIT_SETTLE,-0.002080000,-0.534466000,0.232055000
35.536354,P3_INIT_SETTLE,-0.002089000,-0.534439000,0.232504000
35.546608,P3_INIT_SETTLE,-0.002128000,-0.534403000,0.233007000
35.556941,P3_INIT_SETTLE,-0.002183000,-0.534389000,0.233506000
35.567255,P3_INIT_SETTLE,-0.002251000,-0.534371000,0.234007000
35.577565,P3_INIT_SETTLE,-0.002277000,-0.534348000,0.234527000
35.587882,P3_INIT_SETTLE,-0.002277000,-0.534331000,0.234992000
35.598219,P3_INIT_SETTLE,-0.002303000,-0.534327000,0.235502000
35.608582,P3_INIT_SETTLE,-0.002324000,-0.534333000,0.236060000
35.618935,P3_INIT_SETTLE,-0.002314000,-0.534347000,0.236562000
35.629255,P3_INIT_SETTLE,-0.002306000,-0.534360000,0.237057000
35.639585,P3_INIT_SETTLE,-0.002326000,-0.534377000,0.237619000
35.649902,P3_INIT_SETTLE,-0.002345000,-0.534387000,0.238124000
35.660223,P3_INIT_SETTLE,-0.002353000,-0.534384000,0.238603000
35.670577,P3_INIT_SETTLE,-0.002348000,-0.534390000,0.239150000
35.680896,P3_INIT_SETTLE,-0.002367000,-0.534393000,0.239663000
35.691239,P3_INIT_SETTLE,-0.002386000,-0.534388000,0.240178000
35.701604,P3_INIT_SETTLE,-0.002387000,-0.534389000,0.240735000
35.711972,P3_INIT_SETTLE,-0.002364000,-0.534394000,0.241240000
35.722318,P3_INIT_SETTLE,-0.002354000,-0.534393000,0.241743000
35.732706,P3_INIT_SETTLE,-0.002337000,-0.534394000,0.242297000
35.742964,P3_INIT_SETTLE,-0.002334000,-0.534402000,0.242813000
35.753193,P3_INIT_SETTLE,-0.002346000,-0.534395000,0.243307000
35.763440,P3_INIT_SETTLE,-0.002343000,-0.534381000,0.243821000
35.773820,P3_INIT_SETTLE,-0.002343000,-0.534375000,0.244300000
35.784226,P3_INIT_SETTLE,-0.002373000,-0.534363000,0.244783000
35.794594,P3_INIT_SETTLE,-0.002416000,-0.534352000,0.245326000
35.804979,P3_INIT_SETTLE,-0.002460000,-0.534340000,0.245822000
35.815399,P3_INIT_SETTLE,-0.002480000,-0.534316000,0.246295000
35.825733,P3_INIT_SETTLE,-0.002485000,-0.534288000,0.246810000
35.836054,P3_INIT_SETTLE,-0.002488000,-0.534269000,0.247290000
35.846435,P3_INIT_SETTLE,-0.002505000,-0.534253000,0.247836000
35.856752,P3_INIT_SETTLE,-0.002514000,-0.534244000,0.248331000
35.867074,P3_INIT_SETTLE,-0.002523000,-0.534239000,0.248831000
35.877388,P3_INIT_SETTLE,-0.002516000,-0.534224000,0.249349000
35.887695,P3_INIT_SETTLE,-0.002515000,-0.534203000,0.249804000
35.898011,P3_INIT_SETTLE,-0.002545000,-0.534189000,0.250298000
35.908394,P3_INIT_SETTLE,-0.002584000,-0.534174000,0.250793000
35.918741,P3_INIT_SETTLE,-0.002604000,-0.534150000,0.251309000
35.929051,P3_INIT_SETTLE,-0.002599000,-0.534130000,0.251776000
35.939425,P3_INIT_SETTLE,-0.002587000,-0.534108000,0.252293000
35.949762,P3_INIT_SETTLE,-0.002577000,-0.534085000,0.252766000
35.960073,P3_INIT_SETTLE,-0.002575000,-0.534065000,0.253260000
35.970426,P3_INIT_SETTLE,-0.002576000,-0.534038000,0.253802000
35.980754,P3_INIT_SETTLE,-0.002578000,-0.534016000,0.254303000
35.991109,P3_INIT_SETTLE,-0.002589000,-0.533994000,0.254807000
36.001452,P3_INIT_SETTLE,-0.002598000,-0.533968000,0.255347000
36.011800,P3_INIT_SETTLE,-0.002603000,-0.533954000,0.255845000
36.283015,WATER_INIT_POS,-0.002676000,-0.532981000,0.261845000
36.292927,WATER_INIT_POS,-0.002708000,-0.532968000,0.261835000
36.302944,WATER_INIT_POS,-0.002569000,-0.532951000,0.261736000
36.312969,WATER_INIT_POS,-0.002145000,-0.532909000,0.261445000
36.322943,WATER_INIT_POS,-0.001692000,-0.532867000,0.261129000
36.332910,WATER_INIT_POS,-0.001447000,-0.532790000,0.260853000
36.342933,WATER_INIT_POS,-0.001553000,-0.532730000,0.260767000
36.352900,WATER_INIT_POS,-0.001838000,-0.532716000,0.260805000
36.362933,WATER_INIT_POS,-0.001929000,-0.532666000,0.260621000
36.372916,WATER_INIT_POS,-0.001907000,-0.532601000,0.260351000
36.382933,WATER_INIT_POS,-0.001915000,-0.532538000,0.260133000
36.392953,WATER_INIT_POS,-0.002084000,-0.532512000,0.260084000
36.402941,WATER_INIT_POS,-0.002413000,-0.532506000,0.260181000
36.412984,WATER_INIT_POS,-0.002816000,-0.532514000,0.260344000
36.422943,WATER_INIT_POS,-0.003122000,-0.532534000,0.260450000
36.432949,WATER_INIT_POS,-0.003535000,-0.532510000,0.260512000
36.442936,WATER_INIT_POS,-0.004154000,-0.532415000,0.260561000
36.452947,WATER_INIT_POS,-0.004876000,-0.532279000,0.260598000
36.462932,WATER_INIT_POS,-0.005593000,-0.532132000,0.260636000
36.472952,WATER_INIT_POS,-0.006262000,-0.531990000,0.260689000
36.482929,WATER_INIT_POS,-0.006879000,-0.531839000,0.260736000
36.492951,WATER_INIT_POS,-0.007441000,-0.531683000,0.260765000
36.502928,WATER_INIT_POS,-0.007925000,-0.531544000,0.260767000
36.512996,WATER_INIT_POS,-0.008371000,-0.531436000,0.260771000
36.522942,WATER_INIT_POS,-0.008812000,-0.531349000,0.260776000
36.532961,WATER_INIT_POS,-0.009276000,-0.531270000,0.260787000
36.542932,WATER_INIT_POS,-0.009765000,-0.531179000,0.260786000
36.552949,WATER_INIT_POS,-0.010258000,-0.531089000,0.260796000
36.562932,WATER_INIT_POS,-0.010754000,-0.531005000,0.260833000
36.572952,WATER_INIT_POS,-0.011244000,-0.530919000,0.260871000
36.582926,WATER_INIT_POS,-0.011726000,-0.530829000,0.260891000
36.592989,WATER_INIT_POS,-0.012219000,-0.530739000,0.260913000
36.602925,WATER_INIT_POS,-0.012718000,-0.530658000,0.260938000
36.613000,WATER_INIT_POS,-0.013240000,-0.530575000,0.260962000
36.622930,WATER_INIT_POS,-0.013754000,-0.530490000,0.260975000
36.632975,WATER_INIT_POS,-0.014271000,-0.530412000,0.260988000
36.642928,WATER_INIT_POS,-0.014794000,-0.530337000,0.261006000
36.652958,WATER_INIT_POS,-0.015289000,-0.530266000,0.261021000
36.662931,WATER_INIT_POS,-0.015755000,-0.530201000,0.261029000
36.663012,WATER_INIT_POS_SETTLE,-0.015755000,-0.530201000,0.261029000
36.673360,WATER_INIT_POS_SETTLE,-0.016234000,-0.530132000,0.261037000
36.683682,WATER_INIT_POS_SETTLE,-0.016772000,-0.530056000,0.261039000
36.694012,WATER_INIT_POS_SETTLE,-0.017248000,-0.529999000,0.261030000
36.704343,WATER_INIT_POS_SETTLE,-0.017774000,-0.529938000,0.261012000
36.714719,WATER_INIT_POS_SETTLE,-0.018274000,-0.529883000,0.261016000
36.725053,WATER_INIT_POS_SETTLE,-0.018764000,-0.529833000,0.261023000
36.735384,WATER_INIT_POS_SETTLE,-0.019277000,-0.529780000,0.261011000
36.745691,WATER_INIT_POS_SETTLE,-0.019740000,-0.529738000,0.261000000
36.756012,WATER_INIT_POS_SETTLE,-0.020211000,-0.529687000,0.260988000
36.766333,WATER_INIT_POS_SETTLE,-0.020672000,-0.529637000,0.260968000
36.776624,WATER_INIT_POS_SETTLE,-0.021202000,-0.529585000,0.260964000
36.786935,WATER_INIT_POS_SETTLE,-0.021704000,-0.529541000,0.260978000
36.797266,WATER_INIT_POS_SETTLE,-0.022226000,-0.529499000,0.261012000
36.807596,WATER_INIT_POS_SETTLE,-0.022792000,-0.529452000,0.261043000
36.817919,WATER_INIT_POS_SETTLE,-0.023306000,-0.529397000,0.261061000
36.828225,WATER_INIT_POS_SETTLE,-0.023809000,-0.529344000,0.261083000
36.838523,WATER_INIT_POS_SETTLE,-0.024355000,-0.529286000,0.261110000
36.848841,WATER_INIT_POS_SETTLE,-0.024873000,-0.529231000,0.261148000
36.859142,WATER_INIT_POS_SETTLE,-0.025395000,-0.529175000,0.261184000
36.869458,WATER_INIT_POS_SETTLE,-0.025949000,-0.529108000,0.261207000
36.879786,WATER_INIT_POS_SETTLE,-0.026449000,-0.529049000,0.261231000
36.890257,WATER_INIT_POS_SETTLE,-0.026949000,-0.528990000,0.261259000
36.900585,WATER_INIT_POS_SETTLE,-0.027494000,-0.528922000,0.261292000
36.910932,WATER_INIT_POS_SETTLE,-0.027995000,-0.528850000,0.261322000
36.921269,WATER_INIT_POS_SETTLE,-0.028487000,-0.528784000,0.261358000
36.931599,WATER_INIT_POS_SETTLE,-0.029030000,-0.528705000,0.261390000
36.941866,WATER_INIT_POS_SETTLE,-0.029533000,-0.528638000,0.261429000
36.952223,WATER_INIT_POS_SETTLE,-0.030063000,-0.528565000,0.261478000
36.962610,WATER_INIT_POS_SETTLE,-0.030632000,-0.528486000,0.261522000
36.972949,WATER_INIT_POS_SETTLE,-0.031143000,-0.528421000,0.261562000
36.983263,WATER_INIT_POS_SETTLE,-0.031669000,-0.528356000,0.261615000
36.993657,WATER_INIT_POS_SETTLE,-0.032236000,-0.528280000,0.261660000
37.004010,WATER_INIT_POS_SETTLE,-0.032735000,-0.528214000,0.261694000
37.014396,WATER_INIT_POS_SETTLE,-0.033295000,-0.528144000,0.261738000
37.024752,WATER_INIT_POS_SETTLE,-0.033803000,-0.528080000,0.261769000
37.035071,WATER_INIT_POS_SETTLE,-0.034300000,-0.528025000,0.261791000
37.045384,WATER_INIT_POS_SETTLE,-0.034838000,-0.527966000,0.261812000
37.055666,WATER_INIT_POS_SETTLE,-0.035325000,-0.527914000,0.261832000
37.065972,WATER_INIT_POS_SETTLE,-0.035798000,-0.527869000,0.261842000
37.076269,WATER_INIT_POS_SETTLE,-0.036278000,-0.527820000,0.261849000
37.086575,WATER_INIT_POS_SETTLE,-0.036815000,-0.527774000,0.261865000
37.096881,WATER_INIT_POS_SETTLE,-0.037293000,-0.527733000,0.261871000
37.107240,WATER_INIT_POS_SETTLE,-0.037774000,-0.527691000,0.261873000
37.117574,WATER_INIT_POS_SETTLE,-0.038328000,-0.527648000,0.261886000
37.127867,WATER_INIT_POS_SETTLE,-0.038836000,-0.527613000,0.261900000
37.138179,WATER_INIT_POS_SETTLE,-0.039321000,-0.527576000,0.261895000
37.148509,WATER_INIT_POS_SETTLE,-0.039865000,-0.527534000,0.261897000
37.158824,WATER_INIT_POS_SETTLE,-0.040372000,-0.527496000,0.261910000
37.169131,WATER_INIT_POS_SETTLE,-0.040873000,-0.527461000,0.261923000
37.179438,WATER_INIT_POS_SETTLE,-0.041420000,-0.527416000,0.261930000
37.189730,WATER_INIT_POS_SETTLE,-0.041916000,-0.527371000,0.261934000
37.200072,WATER_INIT_POS_SETTLE,-0.042410000,-0.527324000,0.261929000
37.210440,WATER_INIT_POS_SETTLE,-0.042959000,-0.527275000,0.261935000
37.220780,WATER_INIT_POS_SETTLE,-0.043464000,-0.527233000,0.261958000
37.231087,WATER_INIT_POS_SETTLE,-0.043957000,-0.527197000,0.261982000
37.241447,WATER_INIT_POS_SETTLE,-0.044500000,-0.527147000,0.261998000
37.251768,WATER_INIT_POS_SETTLE,-0.045002000,-0.527097000,0.262023000
37.262074,WATER_INIT_POS_SETTLE,-0.045495000,-0.527048000,0.262052000
37.272386,WATER_INIT_POS_SETTLE,-0.046081000,-0.526988000,0.262118000
37.282848,WATER_INIT_POS_SETTLE,-0.046611000,-0.526930000,0.262173000
37.293180,WATER_INIT_POS_SETTLE,-0.047131000,-0.526869000,0.262216000
37.303517,WATER_INIT_POS_SETTLE,-0.047712000,-0.526795000,0.262270000
37.313902,WATER_INIT_POS_SETTLE,-0.048241000,-0.526721000,0.262318000
37.324240,WATER_INIT_POS_SETTLE,-0.048772000,-0.526641000,0.262360000
37.334567,WATER_INIT_POS_SETTLE,-0.049342000,-0.526547000,0.262393000
37.344887,WATER_INIT_POS_SETTLE,-0.049863000,-0.526463000,0.262434000
37.355210,WATER_INIT_POS_SETTLE,-0.050386000,-0.526378000,0.262477000
37.365529,WATER_INIT_POS_SETTLE,-0.050945000,-0.526278000,0.262494000
37.375827,WATER_INIT_POS_SETTLE,-0.051439000,-0.526196000,0.262505000
37.386136,WATER_INIT_POS_SETTLE,-0.051941000,-0.526115000,0.262527000
37.396525,WATER_INIT_POS_SETTLE,-0.052483000,-0.526026000,0.262542000
37.406906,WATER_INIT_POS_SETTLE,-0.052953000,-0.525952000,0.262544000
37.417247,WATER_INIT_POS_SETTLE,-0.053434000,-0.525877000,0.262546000
37.427593,WATER_INIT_POS_SETTLE,-0.053991000,-0.525799000,0.262568000
37.437887,WATER_INIT_POS_SETTLE,-0.054485000,-0.525731000,0.262576000
37.448217,WATER_INIT_POS_SETTLE,-0.054991000,-0.525661000,0.262587000
37.458539,WATER_INIT_POS_SETTLE,-0.055573000,-0.525579000,0.262610000
37.468845,WATER_INIT_POS_SETTLE,-0.056072000,-0.525515000,0.262614000
37.479166,WATER_INIT_POS_SETTLE,-0.056573000,-0.525454000,0.262621000
37.489475,WATER_INIT_POS_SETTLE,-0.057130000,-0.525380000,0.262625000
37.499803,WATER_INIT_POS_SETTLE,-0.057643000,-0.525312000,0.262624000
37.510170,WATER_INIT_POS_SETTLE,-0.058150000,-0.525254000,0.262620000
37.520531,WATER_INIT_POS_SETTLE,-0.058728000,-0.525197000,0.262631000
37.530856,WATER_INIT_POS_SETTLE,-0.059237000,-0.525144000,0.262625000
37.541184,WATER_INIT_POS_SETTLE,-0.059723000,-0.525090000,0.262593000
37.551518,WATER_INIT_POS_SETTLE,-0.060244000,-0.525042000,0.262565000
37.561834,WATER_INIT_POS_SETTLE,-0.060726000,-0.524996000,0.262545000
37.572152,WATER_INIT_POS_SETTLE,-0.061217000,-0.524954000,0.262537000
37.582492,WATER_INIT_POS_SETTLE,-0.061759000,-0.524905000,0.262525000
37.592813,WATER_INIT_POS_SETTLE,-0.062237000,-0.524868000,0.262499000
37.603151,WATER_INIT_POS_SETTLE,-0.062708000,-0.524824000,0.262460000
37.613542,WATER_INIT_POS_SETTLE,-0.063241000,-0.524766000,0.262424000
37.623862,WATER_INIT_POS_SETTLE,-0.063721000,-0.524722000,0.262404000
37.634181,WATER_INIT_POS_SETTLE,-0.064207000,-0.524677000,0.262395000
37.644512,WATER_INIT_POS_SETTLE,-0.064751000,-0.524631000,0.262404000
37.654836,WATER_INIT_POS_SETTLE,-0.065254000,-0.524581000,0.262414000
37.665165,WATER_INIT_POS_SETTLE,-0.065742000,-0.524533000,0.262418000
37.675457,WATER_INIT_POS_SETTLE,-0.066290000,-0.524472000,0.262421000
37.685751,WATER_INIT_POS_SETTLE,-0.066804000,-0.524407000,0.262434000
37.696052,WATER_INIT_POS_SETTLE,-0.067304000,-0.524345000,0.262452000
37.706411,WATER_INIT_POS_SETTLE,-0.067859000,-0.524271000,0.262483000
37.716741,WATER_INIT_POS_SETTLE,-0.068379000,-0.524199000,0.262523000
37.727057,WATER_INIT_POS_SETTLE,-0.068886000,-0.524127000,0.262557000
37.737394,WATER_INIT_POS_SETTLE,-0.069442000,-0.524044000,0.262591000
37.747698,WATER_INIT_POS_SETTLE,-0.069939000,-0.523975000,0.262623000
38.018926,WATER_DIVE,-0.076526000,-0.523470000,0.262890000
38.028880,WATER_DIVE,-0.076561000,-0.523474000,0.262894000
38.038840,WATER_DIVE,-0.076469000,-0.523481000,0.262781000
38.048857,WATER_DIVE,-0.076099000,-0.523490000,0.262434000
38.058830,WATER_DIVE,-0.075688000,-0.523523000,0.262072000
38.068844,WATER_DIVE,-0.075437000,-0.523539000,0.261777000
38.078821,WATER_DIVE,-0.075353000,-0.523491000,0.261443000
38.088840,WATER_DIVE,-0.075289000,-0.523440000,0.261019000
38.098825,WATER_DIVE,-0.075218000,-0.523430000,0.260611000
38.108883,WATER_DIVE,-0.075079000,-0.523384000,0.260052000
38.118833,WATER_DIVE,-0.074849000,-0.523327000,0.259383000
38.128839,WATER_DIVE,-0.074585000,-0.523292000,0.258730000
38.138822,WATER_DIVE,-0.074363000,-0.523302000,0.258190000
38.148836,WATER_DIVE,-0.074210000,-0.523326000,0.257734000
38.158820,WATER_DIVE,-0.074095000,-0.523355000,0.257305000
38.168832,WATER_DIVE,-0.074012000,-0.523395000,0.256871000
38.178820,WATER_DIVE,-0.074020000,-0.523416000,0.256423000
38.188830,WATER_DIVE,-0.074103000,-0.523386000,0.255923000
38.198829,WATER_DIVE,-0.074221000,-0.523332000,0.255417000
38.208891,WATER_DIVE,-0.074320000,-0.523266000,0.254887000
38.218837,WATER_DIVE,-0.074389000,-0.523209000,0.254364000
38.228835,WATER_DIVE,-0.074445000,-0.523167000,0.253883000
38.238837,WATER_DIVE,-0.074456000,-0.523156000,0.253401000
38.248856,WATER_DIVE,-0.074434000,-0.523165000,0.252903000
38.258844,WATER_DIVE,-0.074400000,-0.523179000,0.252373000
38.268845,WATER_DIVE,-0.074376000,-0.523184000,0.251828000
38.278838,WATER_DIVE,-0.074384000,-0.523174000,0.251289000
38.288849,WATER_DIVE,-0.074416000,-0.523154000,0.250765000
38.298834,WATER_DIVE,-0.074464000,-0.523135000,0.250263000
38.308867,WATER_DIVE,-0.074502000,-0.523121000,0.249766000
38.318838,WATER_DIVE,-0.074527000,-0.523124000,0.249271000
38.328830,WATER_DIVE,-0.074543000,-0.523118000,0.248747000
38.338835,WATER_DIVE,-0.074554000,-0.523117000,0.248219000
38.348866,WATER_DIVE,-0.074562000,-0.523104000,0.247667000
38.358832,WATER_DIVE,-0.074572000,-0.523100000,0.247143000
38.368866,WATER_DIVE,-0.074594000,-0.523099000,0.246643000
38.378830,WATER_DIVE,-0.074617000,-0.523110000,0.246169000
38.388816,WATER_DIVE,-0.074636000,-0.523122000,0.245702000
38.398831,WATER_DIVE,-0.074634000,-0.523122000,0.245204000
38.408917,WATER_DIVE,-0.074623000,-0.523130000,0.244718000
38.418845,WATER_DIVE,-0.074623000,-0.523135000,0.244239000
38.428846,WATER_DIVE,-0.074630000,-0.523138000,0.243751000
38.438840,WATER_DIVE,-0.074659000,-0.523142000,0.243282000
38.438924,WATER_DIVE_SETTLE,-0.074659000,-0.523142000,0.243282000
38.449234,WATER_DIVE_SETTLE,-0.074691000,-0.523139000,0.242812000
38.459566,WATER_DIVE_SETTLE,-0.074732000,-0.523149000,0.242303000
38.469874,WATER_DIVE_SETTLE,-0.074766000,-0.523156000,0.241841000
38.480197,WATER_DIVE_SETTLE,-0.074771000,-0.523163000,0.241340000
38.490529,WATER_DIVE_SETTLE,-0.074781000,-0.523164000,0.240791000
38.500840,WATER_DIVE_SETTLE,-0.074779000,-0.523162000,0.240283000
38.511233,WATER_DIVE_SETTLE,-0.074792000,-0.523174000,0.239811000
38.521600,WATER_DIVE_SETTLE,-0.074825000,-0.523183000,0.239302000
38.531929,WATER_DIVE_SETTLE,-0.074846000,-0.523183000,0.238824000
38.542268,WATER_DIVE_SETTLE,-0.074861000,-0.523172000,0.238325000
38.552588,WATER_DIVE_SETTLE,-0.074865000,-0.523154000,0.237762000
38.562925,WATER_DIVE_SETTLE,-0.074887000,-0.523153000,0.237289000
38.573265,WATER_DIVE_SETTLE,-0.074905000,-0.523147000,0.236803000
38.583586,WATER_DIVE_SETTLE,-0.074922000,-0.523138000,0.236261000
38.593948,WATER_DIVE_SETTLE,-0.074940000,-0.523131000,0.235771000
38.604361,WATER_DIVE_SETTLE,-0.074962000,-0.523120000,0.235270000
38.614746,WATER_DIVE_SETTLE,-0.074998000,-0.523116000,0.234738000
38.625093,WATER_DIVE_SETTLE,-0.075032000,-0.523103000,0.234243000
38.635453,WATER_DIVE_SETTLE,-0.075070000,-0.523101000,0.233712000
38.645803,WATER_DIVE_SETTLE,-0.075079000,-0.523089000,0.233195000
38.656132,WATER_DIVE_SETTLE,-0.075089000,-0.523084000,0.232697000
38.666490,WATER_DIVE_SETTLE,-0.075114000,-0.523089000,0.232170000
38.676818,WATER_DIVE_SETTLE,-0.075122000,-0.523091000,0.231679000
38.687149,WATER_DIVE_SETTLE,-0.075122000,-0.523088000,0.231172000
38.697494,WATER_DIVE_SETTLE,-0.075125000,-0.523078000,0.230612000
38.707909,WATER_DIVE_SETTLE,-0.075133000,-0.523073000,0.230122000
38.718249,WATER_DIVE_SETTLE,-0.075143000,-0.523067000,0.229627000
38.728569,WATER_DIVE_SETTLE,-0.075139000,-0.523059000,0.229070000
38.738875,WATER_DIVE_SETTLE,-0.075127000,-0.523062000,0.228570000
38.749195,WATER_DIVE_SETTLE,-0.075127000,-0.523062000,0.228057000
38.759508,WATER_DIVE_SETTLE,-0.075149000,-0.523081000,0.227536000
38.769823,WATER_DIVE_SETTLE,-0.075150000,-0.523078000,0.227009000
38.780137,WATER_DIVE_SETTLE,-0.075137000,-0.523079000,0.226482000
38.790474,WATER_DIVE_SETTLE,-0.075137000,-0.523076000,0.225911000
38.800800,WATER_DIVE_SETTLE,-0.075160000,-0.523081000,0.225421000
38.811228,WATER_DIVE_SETTLE,-0.075169000,-0.523086000,0.224926000
38.821605,WATER_DIVE_SETTLE,-0.075163000,-0.523081000,0.224359000
38.831938,WATER_DIVE_SETTLE,-0.075159000,-0.523081000,0.223845000
38.842257,WATER_DIVE_SETTLE,-0.075161000,-0.523072000,0.223330000
38.852583,WATER_DIVE_SETTLE,-0.075183000,-0.523062000,0.222770000
38.862919,WATER_DIVE_SETTLE,-0.075178000,-0.523052000,0.222241000
38.873242,WATER_DIVE_SETTLE,-0.075189000,-0.523050000,0.221733000
38.883573,WATER_DIVE_SETTLE,-0.075210000,-0.523048000,0.221169000
38.893950,WATER_DIVE_SETTLE,-0.075234000,-0.523041000,0.220657000
38.904304,WATER_DIVE_SETTLE,-0.075235000,-0.523026000,0.220108000
38.914707,WATER_DIVE_SETTLE,-0.075248000,-0.523015000,0.219533000
38.925058,WATER_DIVE_SETTLE,-0.075263000,-0.523007000,0.219020000
38.935387,WATER_DIVE_SETTLE,-0.075277000,-0.522998000,0.218460000
38.945703,WATER_DIVE_SETTLE,-0.075292000,-0.522993000,0.217955000
38.956013,WATER_DIVE_SETTLE,-0.075305000,-0.522988000,0.217455000
38.966327,WATER_DIVE_SETTLE,-0.075310000,-0.522980000,0.216944000
38.976620,WATER_DIVE_SETTLE,-0.075317000,-0.522968000,0.216379000
38.986941,WATER_DIVE_SETTLE,-0.075318000,-0.522955000,0.215859000
38.997248,WATER_DIVE_SETTLE,-0.075325000,-0.522949000,0.215352000
39.007629,WATER_DIVE_SETTLE,-0.075346000,-0.522949000,0.214801000
39.018053,WATER_DIVE_SETTLE,-0.075367000,-0.522947000,0.214299000
39.028405,WATER_DIVE_SETTLE,-0.075338000,-0.522913000,0.213654000
39.038742,WATER_DIVE_SETTLE,-0.075325000,-0.522901000,0.213119000
39.049083,WATER_DIVE_SETTLE,-0.075343000,-0.522888000,0.212620000
39.059421,WATER_DIVE_SETTLE,-0.075361000,-0.522883000,0.212083000
39.069767,WATER_DIVE_SETTLE,-0.075358000,-0.522867000,0.211559000
39.080087,WATER_DIVE_SETTLE,-0.075347000,-0.522853000,0.211043000
39.090438,WATER_DIVE_SETTLE,-0.075348000,-0.522842000,0.210480000
39.100788,WATER_DIVE_SETTLE,-0.075352000,-0.522826000,0.209963000
39.111173,WATER_DIVE_SETTLE,-0.075332000,-0.522817000,0.209430000
39.121555,WATER_DIVE_SETTLE,-0.075350000,-0.522807000,0.208878000
39.131922,WATER_DIVE_SETTLE,-0.075375000,-0.522807000,0.208386000
39.142248,WATER_DIVE_SETTLE,-0.075382000,-0.522790000,0.207845000
39.152581,WATER_DIVE_SETTLE,-0.075395000,-0.522773000,0.207265000
39.162984,WATER_DIVE_SETTLE,-0.075391000,-0.522769000,0.206747000
39.173330,WATER_DIVE_SETTLE,-0.075387000,-0.522773000,0.206253000
39.183651,WATER_DIVE_SETTLE,-0.075413000,-0.522766000,0.205722000
39.193919,WATER_DIVE_SETTLE,-0.075429000,-0.522769000,0.205254000
39.204263,WATER_DIVE_SETTLE,-0.075415000,-0.522773000,0.204755000
39.214684,WATER_DIVE_SETTLE,-0.075409000,-0.522779000,0.204211000
39.225072,WATER_DIVE_SETTLE,-0.075399000,-0.522781000,0.203712000
39.235434,WATER_DIVE_SETTLE,-0.075428000,-0.522796000,0.203202000
39.245826,WATER_DIVE_SETTLE,-0.075473000,-0.522804000,0.202745000
39.256148,WATER_DIVE_SETTLE,-0.075484000,-0.522805000,0.202245000
39.266483,WATER_DIVE_SETTLE,-0.075443000,-0.522779000,0.201617000
39.276817,WATER_DIVE_SETTLE,-0.075437000,-0.522765000,0.201095000
39.287048,WATER_DIVE_SETTLE,-0.075499000,-0.522757000,0.200649000
39.297265,WATER_DIVE_SETTLE,-0.075557000,-0.522756000,0.200206000
39.307568,WATER_DIVE_SETTLE,-0.075571000,-0.522746000,0.199659000
39.317821,WATER_DIVE_SETTLE,-0.075565000,-0.522725000,0.199136000
39.328035,WATER_DIVE_SETTLE,-0.075567000,-0.522705000,0.198619000
39.338227,WATER_DIVE_SETTLE,-0.075585000,-0.522698000,0.198134000
39.348428,WATER_DIVE_SETTLE,-0.075592000,-0.522680000,0.197583000
39.358788,WATER_DIVE_SETTLE,-0.075623000,-0.522679000,0.197122000
39.368993,WATER_DIVE_SETTLE,-0.075680000,-0.522672000,0.196664000
39.379186,WATER_DIVE_SETTLE,-0.075703000,-0.522639000,0.196132000
39.389377,WATER_DIVE_SETTLE,-0.075705000,-0.522612000,0.195549000
39.399599,WATER_DIVE_SETTLE,-0.075754000,-0.522602000,0.195091000
39.409890,WATER_DIVE_SETTLE,-0.075796000,-0.522595000,0.194631000
39.420171,WATER_DIVE_SETTLE,-0.075790000,-0.522583000,0.194125000
39.430382,WATER_DIVE_SETTLE,-0.075773000,-0.522574000,0.193578000
39.440592,WATER_DIVE_SETTLE,-0.075780000,-0.522569000,0.193106000
39.450769,WATER_DIVE_SETTLE,-0.075793000,-0.522560000,0.192619000
39.460932,WATER_DIVE_SETTLE,-0.075800000,-0.522548000,0.192115000
39.471098,WATER_DIVE_SETTLE,-0.075795000,-0.522537000,0.191595000
39.481307,WATER_DIVE_SETTLE,-0.075842000,-0.522545000,0.191146000
39.491491,WATER_DIVE_SETTLE,-0.075884000,-0.522523000,0.190595000
39.501671,WATER_DIVE_SETTLE,-0.075869000,-0.522491000,0.190029000
39.511878,WATER_DIVE_SETTLE,-0.075850000,-0.522472000,0.189488000
39.522099,WATER_DIVE_SETTLE,-0.075879000,-0.522466000,0.189012000
39.532349,WATER_DIVE_SETTLE,-0.075912000,-0.522464000,0.188502000
39.542575,WATER_DIVE_SETTLE,-0.075921000,-0.522451000,0.187994000
44.280765,WATER_SWIRL_CENTER,-0.061299000,-0.528084000,0.176109000
44.290721,WATER_SWIRL_CENTER,-0.060809000,-0.527956000,0.176130000
44.300642,WATER_SWIRL_CENTER,-0.060389000,-0.527813000,0.176114000
44.310644,WATER_SWIRL_CENTER,-0.060057000,-0.527662000,0.176030000
44.320607,WATER_SWIRL_CENTER,-0.059923000,-0.527655000,0.176157000
44.330579,WATER_SWIRL_CENTER,-0.059767000,-0.527658000,0.176208000
44.340718,WATER_SWIRL_CENTER,-0.059472000,-0.527591000,0.176016000
44.350772,WATER_SWIRL_CENTER,-0.059339000,-0.527508000,0.175907000
44.360712,WATER_SWIRL_CENTER,-0.059452000,-0.527406000,0.175942000
44.370755,WATER_SWIRL_CENTER,-0.059639000,-0.527281000,0.175961000
44.370850,WATER_SWIRL_CENTER_SETTLE,-0.059639000,-0.527281000,0.175961000
44.381175,WATER_SWIRL_CENTER_SETTLE,-0.059867000,-0.527144000,0.175949000
44.391500,WATER_SWIRL_CENTER_SETTLE,-0.060297000,-0.526971000,0.175982000
44.401822,WATER_SWIRL_CENTER_SETTLE,-0.060763000,-0.526801000,0.176008000
44.412177,WATER_SWIRL_CENTER_SETTLE,-0.061188000,-0.526615000,0.175956000
44.422531,WATER_SWIRL_CENTER_SETTLE,-0.061680000,-0.526410000,0.175938000
44.432827,WATER_SWIRL_CENTER_SETTLE,-0.062296000,-0.526181000,0.175991000
44.443149,WATER_SWIRL_CENTER_SETTLE,-0.062846000,-0.525967000,0.176020000
44.453532,WATER_SWIRL_CENTER_SETTLE,-0.063412000,-0.525754000,0.176029000
44.463831,WATER_SWIRL_CENTER_SETTLE,-0.063921000,-0.525583000,0.176035000
44.474164,WATER_SWIRL_CENTER_SETTLE,-0.064431000,-0.525444000,0.176059000
44.484487,WATER_SWIRL_CENTER_SETTLE,-0.065019000,-0.525290000,0.176080000
44.494812,WATER_SWIRL_CENTER_SETTLE,-0.065546000,-0.525154000,0.176093000
44.505136,WATER_SWIRL_CENTER_SETTLE,-0.066057000,-0.525029000,0.176124000
44.515505,WATER_SWIRL_CENTER_SETTLE,-0.066628000,-0.524896000,0.176184000
44.525874,WATER_SWIRL_CENTER_SETTLE,-0.067092000,-0.524791000,0.176230000
44.536197,WATER_SWIRL_CENTER_SETTLE,-0.067623000,-0.524661000,0.176250000
44.546531,WATER_SWIRL_CENTER_SETTLE,-0.068146000,-0.524531000,0.176248000
44.556864,WATER_SWIRL_CENTER_SETTLE,-0.068660000,-0.524425000,0.176273000
44.567180,WATER_SWIRL_CENTER_SETTLE,-0.069176000,-0.524326000,0.176304000
44.577500,WATER_SWIRL_CENTER_SETTLE,-0.069738000,-0.524218000,0.176329000
44.587780,WATER_SWIRL_CENTER_SETTLE,-0.070257000,-0.524117000,0.176356000
44.608756,WATER_INIT,-0.071373000,-0.523922000,0.176437000
44.618662,WATER_INIT,-0.071881000,-0.523823000,0.176447000
44.628702,WATER_INIT,-0.072272000,-0.523753000,0.176371000
44.638622,WATER_INIT,-0.072530000,-0.523694000,0.176213000
44.648664,WATER_INIT,-0.072959000,-0.523709000,0.176324000
44.658657,WATER_INIT,-0.073390000,-0.523768000,0.176491000
44.668645,WATER_INIT,-0.073569000,-0.523810000,0.176487000
44.678669,WATER_INIT,-0.073634000,-0.523907000,0.176526000
44.688664,WATER_INIT,-0.073697000,-0.524085000,0.176747000
44.698663,WATER_INIT,-0.073686000,-0.524322000,0.177088000
44.708653,WATER_INIT,-0.073479000,-0.524587000,0.177444000
44.718662,WATER_INIT,-0.073328000,-0.524816000,0.177910000
44.728662,WATER_INIT,-0.073130000,-0.525005000,0.178348000
44.738635,WATER_INIT,-0.072834000,-0.525208000,0.178786000
44.748656,WATER_INIT,-0.072657000,-0.525439000,0.179387000
44.758647,WATER_INIT,-0.072620000,-0.525665000,0.180095000
44.768647,WATER_INIT,-0.072579000,-0.525822000,0.180711000
44.778651,WATER_INIT,-0.072481000,-0.525898000,0.181179000
44.788616,WATER_INIT,-0.072394000,-0.525928000,0.181562000
44.798647,WATER_INIT,-0.072314000,-0.525962000,0.182081000
44.808692,WATER_INIT,-0.072197000,-0.526004000,0.182577000
44.818656,WATER_INIT,-0.072071000,-0.526050000,0.183077000
44.828646,WATER_INIT,-0.071998000,-0.526077000,0.183589000
44.838641,WATER_INIT,-0.072006000,-0.526073000,0.184047000
44.848682,WATER_INIT,-0.072042000,-0.526057000,0.184590000
44.858725,WATER_INIT,-0.072082000,-0.526040000,0.185084000
44.868651,WATER_INIT,-0.072129000,-0.526011000,0.185576000
44.878620,WATER_INIT,-0.072146000,-0.525972000,0.186048000
44.888649,WATER_INIT,-0.072134000,-0.525924000,0.186509000
44.898632,WATER_INIT,-0.072098000,-0.525890000,0.186989000
44.908669,WATER_INIT,-0.072073000,-0.525865000,0.187487000
44.918637,WATER_INIT,-0.072054000,-0.525848000,0.187990000
44.928637,WATER_INIT,-0.072033000,-0.525828000,0.188458000
44.938648,WATER_INIT,-0.072011000,-0.525804000,0.188854000
44.948634,WATER_INIT,-0.072053000,-0.525787000,0.189397000
44.958627,WATER_INIT,-0.072119000,-0.525763000,0.189902000
44.968604,WATER_INIT,-0.072153000,-0.525735000,0.190396000
44.978601,WATER_INIT,-0.072166000,-0.525714000,0.190894000
44.988599,WATER_INIT,-0.072178000,-0.525696000,0.191409000
44.998647,WATER_INIT,-0.072213000,-0.525686000,0.191944000
45.008713,WATER_INIT,-0.072238000,-0.525672000,0.192452000
45.018712,WATER_INIT,-0.072243000,-0.525666000,0.192947000
45.028650,WATER_INIT,-0.072256000,-0.525668000,0.193459000
45.038625,WATER_INIT,-0.072286000,-0.525669000,0.193969000
45.048623,WATER_INIT,-0.072319000,-0.525663000,0.194465000
45.048699,WATER_INIT_SETTLE,-0.072319000,-0.525663000,0.194465000
45.059017,WATER_INIT_SETTLE,-0.072342000,-0.525650000,0.194950000
45.069333,WATER_INIT_SETTLE,-0.072375000,-0.525639000,0.195442000
45.079638,WATER_INIT_SETTLE,-0.072423000,-0.525638000,0.196002000
45.089937,WATER_INIT_SETTLE,-0.072473000,-0.525638000,0.196510000
45.100391,WATER_INIT_SETTLE,-0.072485000,-0.525622000,0.197018000
45.110743,WATER_INIT_SETTLE,-0.072484000,-0.525616000,0.197485000
45.121090,WATER_INIT_SETTLE,-0.072501000,-0.525625000,0.197986000
45.131375,WATER_INIT_SETTLE,-0.072512000,-0.525648000,0.198550000
45.141685,WATER_INIT_SETTLE,-0.072512000,-0.525675000,0.199060000
45.152025,WATER_INIT_SETTLE,-0.072535000,-0.525691000,0.199563000
45.162345,WATER_INIT_SETTLE,-0.072566000,-0.525695000,0.200002000
45.172704,WATER_INIT_SETTLE,-0.072597000,-0.525687000,0.200549000
45.183024,WATER_INIT_SETTLE,-0.072623000,-0.525688000,0.201019000
45.193338,WATER_INIT_SETTLE,-0.072679000,-0.525691000,0.201523000
45.203636,WATER_INIT_SETTLE,-0.072735000,-0.525694000,0.202077000
45.214006,WATER_INIT_SETTLE,-0.072727000,-0.525697000,0.202540000
45.224342,WATER_INIT_SETTLE,-0.072733000,-0.525703000,0.203026000
45.234668,WATER_INIT_SETTLE,-0.072792000,-0.525720000,0.203610000
45.244986,WATER_INIT_SETTLE,-0.072824000,-0.525725000,0.204103000
45.255342,WATER_INIT_SETTLE,-0.072822000,-0.525726000,0.204569000
45.265693,WATER_INIT_SETTLE,-0.072864000,-0.525715000,0.205097000
45.276029,WATER_INIT_SETTLE,-0.072919000,-0.525706000,0.205596000
45.286360,WATER_INIT_SETTLE,-0.072950000,-0.525687000,0.206015000
45.296697,WATER_INIT_SETTLE,-0.072952000,-0.525663000,0.206553000
45.307040,WATER_INIT_SETTLE,-0.073008000,-0.525643000,0.207047000
45.317389,WATER_INIT_SETTLE,-0.073079000,-0.525618000,0.207603000
45.327738,WATER_INIT_SETTLE,-0.073101000,-0.525592000,0.208080000
45.338096,WATER_INIT_SETTLE,-0.073115000,-0.525569000,0.208564000
45.348435,WATER_INIT_SETTLE,-0.073139000,-0.525544000,0.209119000
45.358773,WATER_INIT_SETTLE,-0.073149000,-0.525535000,0.209635000
45.369080,WATER_INIT_SETTLE,-0.073173000,-0.525530000,0.210175000
45.379426,WATER_INIT_SETTLE,-0.073190000,-0.525505000,0.210731000
45.389728,WATER_INIT_SETTLE,-0.073210000,-0.525480000,0.211232000
45.400035,WATER_INIT_SETTLE,-0.073272000,-0.525454000,0.211760000
45.410387,WATER_INIT_SETTLE,-0.073328000,-0.525430000,0.212284000
45.420703,WATER_INIT_SETTLE,-0.073377000,-0.525397000,0.212852000
45.431022,WATER_INIT_SETTLE,-0.073419000,-0.525362000,0.213367000
45.441331,WATER_INIT_SETTLE,-0.073452000,-0.525336000,0.213893000
45.451649,WATER_INIT_SETTLE,-0.073490000,-0.525310000,0.214474000
45.461991,WATER_INIT_SETTLE,-0.073525000,-0.525288000,0.215000000
45.472318,WATER_INIT_SETTLE,-0.073568000,-0.525275000,0.215539000
45.482599,WATER_INIT_SETTLE,-0.073615000,-0.525257000,0.216069000
45.492896,WATER_INIT_SETTLE,-0.073668000,-0.525231000,0.216628000
45.503193,WATER_INIT_SETTLE,-0.073740000,-0.525208000,0.217149000
45.513550,WATER_INIT_SETTLE,-0.073822000,-0.525178000,0.217710000
45.523867,WATER_INIT_SETTLE,-0.073897000,-0.525141000,0.218211000
45.534189,WATER_INIT_SETTLE,-0.073977000,-0.525122000,0.218686000
45.544532,WATER_INIT_SETTLE,-0.074066000,-0.525097000,0.219306000
45.554829,WATER_INIT_SETTLE,-0.074125000,-0.525073000,0.219758000
45.565122,WATER_INIT_SETTLE,-0.074151000,-0.525052000,0.220292000
45.575419,WATER_INIT_SETTLE,-0.074181000,-0.525041000,0.220792000
45.585736,WATER_INIT_SETTLE,-0.074213000,-0.525043000,0.221357000
45.596040,WATER_INIT_SETTLE,-0.074241000,-0.525056000,0.221883000
45.606387,WATER_INIT_SETTLE,-0.074282000,-0.525059000,0.222435000
45.616721,WATER_INIT_SETTLE,-0.074311000,-0.525069000,0.222891000
45.627034,WATER_INIT_SETTLE,-0.074361000,-0.525073000,0.223443000
45.637334,WATER_INIT_SETTLE,-0.074408000,-0.525068000,0.223932000
45.647641,WATER_INIT_SETTLE,-0.074439000,-0.525072000,0.224474000
45.657973,WATER_INIT_SETTLE,-0.074473000,-0.525072000,0.224926000
45.668296,WATER_INIT_SETTLE,-0.074496000,-0.525072000,0.225472000
45.678621,WATER_INIT_SETTLE,-0.074494000,-0.525079000,0.226011000
45.688911,WATER_INIT_SETTLE,-0.074502000,-0.525089000,0.226468000
45.699201,WATER_INIT_SETTLE,-0.074520000,-0.525100000,0.227021000
45.709577,WATER_INIT_SETTLE,-0.074533000,-0.525113000,0.227525000
45.719942,WATER_INIT_SETTLE,-0.074556000,-0.525116000,0.228066000
45.730255,WATER_INIT_SETTLE,-0.074587000,-0.525106000,0.228541000
45.740605,WATER_INIT_SETTLE,-0.074591000,-0.525095000,0.229040000
45.750932,WATER_INIT_SETTLE,-0.074603000,-0.525082000,0.229495000
45.761257,WATER_INIT_SETTLE,-0.074630000,-0.525062000,0.229958000
45.771578,WATER_INIT_SETTLE,-0.074669000,-0.525049000,0.230489000
45.781899,WATER_INIT_SETTLE,-0.074696000,-0.525030000,0.230953000
45.792219,WATER_INIT_SETTLE,-0.074695000,-0.525013000,0.231354000
45.802542,WATER_INIT_SETTLE,-0.074670000,-0.524997000,0.231895000
45.812883,WATER_INIT_SETTLE,-0.074679000,-0.524982000,0.232369000
45.823150,WATER_INIT_SETTLE,-0.074682000,-0.524983000,0.232863000
45.833384,WATER_INIT_SETTLE,-0.074678000,-0.524989000,0.233402000
45.843702,WATER_INIT_SETTLE,-0.074663000,-0.524997000,0.233887000
45.854017,WATER_INIT_SETTLE,-0.074649000,-0.525000000,0.234306000
45.864390,WATER_INIT_SETTLE,-0.074640000,-0.525006000,0.234878000
45.874742,WATER_INIT_SETTLE,-0.074638000,-0.525012000,0.235359000
45.885066,WATER_INIT_SETTLE,-0.074638000,-0.525014000,0.235835000
45.895430,WATER_INIT_SETTLE,-0.074659000,-0.525016000,0.236383000
45.905759,WATER_INIT_SETTLE,-0.074666000,-0.525025000,0.236885000
45.916122,WATER_INIT_SETTLE,-0.074668000,-0.525032000,0.237375000
45.926458,WATER_INIT_SETTLE,-0.074667000,-0.525034000,0.237912000
45.936828,WATER_INIT_SETTLE,-0.074674000,-0.525041000,0.238372000
45.947146,WATER_INIT_SETTLE,-0.074683000,-0.525052000,0.238934000
45.957496,WATER_INIT_SETTLE,-0.074706000,-0.525052000,0.239490000
45.967804,WATER_INIT_SETTLE,-0.074720000,-0.525059000,0.239999000
45.978127,WATER_INIT_SETTLE,-0.074742000,-0.525058000,0.240499000
45.988486,WATER_INIT_SETTLE,-0.074759000,-0.525063000,0.241045000
45.998791,WATER_INIT_SETTLE,-0.074772000,-0.525064000,0.241525000
46.009140,WATER_INIT_SETTLE,-0.074800000,-0.525060000,0.241999000
46.019538,WATER_INIT_SETTLE,-0.074827000,-0.525056000,0.242478000
46.029871,WATER_INIT_SETTLE,-0.074845000,-0.525050000,0.242988000
46.040211,WATER_INIT_SETTLE,-0.074850000,-0.525037000,0.243426000
46.050553,WATER_INIT_SETTLE,-0.074866000,-0.525033000,0.243933000
46.060923,WATER_INIT_SETTLE,-0.074896000,-0.525031000,0.244409000
46.071248,WATER_INIT_SETTLE,-0.074923000,-0.525026000,0.244877000
46.081572,WATER_INIT_SETTLE,-0.074935000,-0.525015000,0.245373000
46.091877,WATER_INIT_SETTLE,-0.074948000,-0.525003000,0.245836000
46.102191,WATER_INIT_SETTLE,-0.074943000,-0.525001000,0.246300000
46.112575,WATER_INIT_SETTLE,-0.074933000,-0.525003000,0.246819000
46.122929,WATER_INIT_SETTLE,-0.074932000,-0.525003000,0.247306000
46.133249,WATER_INIT_SETTLE,-0.074931000,-0.525011000,0.247799000
46.143573,WATER_INIT_SETTLE,-0.074929000,-0.525013000,0.248333000
46.153879,WATER_INIT_SETTLE,-0.074950000,-0.525009000,0.248824000
46.164196,WATER_INIT_SETTLE,-0.074961000,-0.525009000,0.249266000
46.174510,WATER_INIT_SETTLE,-0.074990000,-0.525003000,0.249851000
46.184835,WATER_INIT_SETTLE,-0.075033000,-0.524988000,0.250334000
46.195140,WATER_INIT_SETTLE,-0.075066000,-0.524982000,0.250768000
46.205454,WATER_INIT_SETTLE,-0.075110000,-0.524975000,0.251342000
46.215773,WATER_INIT_SETTLE,-0.075113000,-0.524975000,0.251802000
46.226086,WATER_INIT_SETTLE,-0.075117000,-0.524973000,0.252259000
46.236388,WATER_INIT_SETTLE,-0.075114000,-0.524975000,0.252759000
46.246721,WATER_INIT_SETTLE,-0.075122000,-0.524977000,0.253184000
46.257069,WATER_INIT_SETTLE,-0.075160000,-0.524974000,0.253721000
46.267443,WATER_INIT_SETTLE,-0.075195000,-0.524978000,0.254267000
46.277766,WATER_INIT_SETTLE,-0.075220000,-0.524973000,0.254697000
46.288087,WATER_INIT_SETTLE,-0.075245000,-0.524968000,0.255180000
46.298474,WATER_INIT_SETTLE,-0.075286000,-0.524968000,0.255729000
46.308866,WATER_INIT_SETTLE,-0.075307000,-0.524968000,0.256225000
46.580084,WATER_TO_NAPKIN_INIT_POS,-0.076063000,-0.524098000,0.261808000
46.589998,WATER_TO_NAPKIN_INIT_POS,-0.076034000,-0.524102000,0.261821000
46.600011,WATER_TO_NAPKIN_INIT_POS,-0.075898000,-0.524121000,0.261739000
46.610027,WATER_TO_NAPKIN_INIT_POS,-0.075551000,-0.524147000,0.261462000
46.620010,WATER_TO_NAPKIN_INIT_POS,-0.075270000,-0.524218000,0.261299000
46.630011,WATER_TO_NAPKIN_INIT_POS,-0.075183000,-0.524353000,0.261400000
46.639985,WATER_TO_NAPKIN_INIT_POS,-0.075054000,-0.524484000,0.261493000
46.649985,WATER_TO_NAPKIN_INIT_POS,-0.074814000,-0.524577000,0.261496000
46.659977,WATER_TO_NAPKIN_INIT_POS,-0.074538000,-0.524671000,0.261549000
46.670009,WATER_TO_NAPKIN_INIT_POS,-0.074170000,-0.524839000,0.261720000
46.679972,WATER_TO_NAPKIN_INIT_POS,-0.073840000,-0.525033000,0.262043000
46.689978,WATER_TO_NAPKIN_INIT_POS,-0.073588000,-0.525245000,0.262536000
46.699967,WATER_TO_NAPKIN_INIT_POS,-0.073273000,-0.525424000,0.262962000
46.710012,WATER_TO_NAPKIN_INIT_POS,-0.073017000,-0.525564000,0.263391000
46.720000,WATER_TO_NAPKIN_INIT_POS,-0.072921000,-0.525689000,0.263942000
46.729985,WATER_TO_NAPKIN_INIT_POS,-0.072900000,-0.525795000,0.264545000
46.739973,WATER_TO_NAPKIN_INIT_POS,-0.072944000,-0.525851000,0.265111000
46.749975,WATER_TO_NAPKIN_INIT_POS,-0.073018000,-0.525849000,0.265614000
46.759959,WATER_TO_NAPKIN_INIT_POS,-0.073084000,-0.525813000,0.266078000
46.769974,WATER_TO_NAPKIN_INIT_POS,-0.073136000,-0.525783000,0.266552000
46.779959,WATER_TO_NAPKIN_INIT_POS,-0.073150000,-0.525767000,0.267039000
46.789975,WATER_TO_NAPKIN_INIT_POS,-0.073118000,-0.525775000,0.267561000
46.799956,WATER_TO_NAPKIN_INIT_POS,-0.073066000,-0.525805000,0.268101000
46.810011,WATER_TO_NAPKIN_INIT_POS,-0.073054000,-0.525820000,0.268637000
46.819973,WATER_TO_NAPKIN_INIT_POS,-0.073066000,-0.525814000,0.269152000
46.829990,WATER_TO_NAPKIN_INIT_POS,-0.073089000,-0.525797000,0.269653000
46.839960,WATER_TO_NAPKIN_INIT_POS,-0.073130000,-0.525768000,0.270154000
46.849975,WATER_TO_NAPKIN_INIT_POS,-0.073178000,-0.525737000,0.270657000
46.859954,WATER_TO_NAPKIN_INIT_POS,-0.073228000,-0.525699000,0.271164000
46.869999,WATER_TO_NAPKIN_INIT_POS,-0.073270000,-0.525665000,0.271670000
46.879954,WATER_TO_NAPKIN_INIT_POS,-0.073298000,-0.525637000,0.272172000
46.889974,WATER_TO_NAPKIN_INIT_POS,-0.073322000,-0.525613000,0.272684000
46.899952,WATER_TO_NAPKIN_INIT_POS,-0.073347000,-0.525581000,0.273188000
46.910007,WATER_TO_NAPKIN_INIT_POS,-0.073379000,-0.525546000,0.273683000
46.919966,WATER_TO_NAPKIN_INIT_POS,-0.073419000,-0.525510000,0.274194000
46.929988,WATER_TO_NAPKIN_INIT_POS,-0.073462000,-0.525484000,0.274727000
46.939960,WATER_TO_NAPKIN_INIT_POS,-0.073500000,-0.525461000,0.275259000
46.949995,WATER_TO_NAPKIN_INIT_POS,-0.073523000,-0.525438000,0.275784000
46.959966,WATER_TO_NAPKIN_INIT_POS,-0.073529000,-0.525419000,0.276297000
46.969989,WATER_TO_NAPKIN_INIT_POS,-0.073538000,-0.525406000,0.276813000
46.979989,WATER_TO_NAPKIN_INIT_POS,-0.073565000,-0.525388000,0.277329000
46.989983,WATER_TO_NAPKIN_INIT_POS,-0.073618000,-0.525355000,0.277831000
46.999954,WATER_TO_NAPKIN_INIT_POS,-0.073659000,-0.525321000,0.278312000
47.010019,WATER_TO_NAPKIN_INIT_POS,-0.073689000,-0.525294000,0.278790000
47.019962,WATER_TO_NAPKIN_INIT_POS,-0.073707000,-0.525273000,0.279266000
47.029972,WATER_TO_NAPKIN_INIT_POS,-0.073725000,-0.525253000,0.279740000
47.039956,WATER_TO_NAPKIN_INIT_POS,-0.073731000,-0.525234000,0.280203000
47.049971,WATER_TO_NAPKIN_INIT_POS,-0.073737000,-0.525232000,0.280693000
47.059962,WATER_TO_NAPKIN_INIT_POS,-0.073754000,-0.525223000,0.281184000
47.069997,WATER_TO_NAPKIN_INIT_POS,-0.073757000,-0.525212000,0.281656000
47.079959,WATER_TO_NAPKIN_INIT_POS,-0.073763000,-0.525196000,0.282133000
47.089973,WATER_TO_NAPKIN_INIT_POS,-0.073766000,-0.525183000,0.282623000
47.099950,WATER_TO_NAPKIN_INIT_POS,-0.073760000,-0.525176000,0.283111000
47.109992,WATER_TO_NAPKIN_INIT_POS,-0.073741000,-0.525176000,0.283600000
47.119966,WATER_TO_NAPKIN_INIT_POS,-0.073717000,-0.525180000,0.284097000
47.120038,WATER_TO_NAPKIN_INIT_POS_SETTLE,-0.073717000,-0.525180000,0.284097000
47.130344,WATER_TO_NAPKIN_INIT_POS_SETTLE,-0.073700000,-0.525191000,0.284599000
47.140651,WATER_TO_NAPKIN_INIT_POS_SETTLE,-0.073688000,-0.525196000,0.285136000
47.150965,WATER_TO_NAPKIN_INIT_POS_SETTLE,-0.073669000,-0.525196000,0.285610000
47.161273,WATER_TO_NAPKIN_INIT_POS_SETTLE,-0.073656000,-0.525199000,0.286086000
47.171605,WATER_TO_NAPKIN_INIT_POS_SETTLE,-0.073663000,-0.525202000,0.286618000
47.181924,WATER_TO_NAPKIN_INIT_POS_SETTLE,-0.073661000,-0.525204000,0.287091000
47.192239,WATER_TO_NAPKIN_INIT_POS_SETTLE,-0.073644000,-0.525212000,0.287555000
47.202552,WATER_TO_NAPKIN_INIT_POS_SETTLE,-0.073625000,-0.525230000,0.288074000
47.212926,WATER_TO_NAPKIN_INIT_POS_SETTLE,-0.073615000,-0.525242000,0.288545000
47.223259,WATER_TO_NAPKIN_INIT_POS_SETTLE,-0.073626000,-0.525246000,0.289021000
47.233548,WATER_TO_NAPKIN_INIT_POS_SETTLE,-0.073633000,-0.525245000,0.289544000
47.243847,WATER_TO_NAPKIN_INIT_POS_SETTLE,-0.073625000,-0.525250000,0.290015000
47.254137,WATER_TO_NAPKIN_INIT_POS_SETTLE,-0.073629000,-0.525248000,0.290489000
47.264440,WATER_TO_NAPKIN_INIT_POS_SETTLE,-0.073631000,-0.525251000,0.291029000
47.274763,WATER_TO_NAPKIN_INIT_POS_SETTLE,-0.073626000,-0.525259000,0.291515000
47.285080,WATER_TO_NAPKIN_INIT_POS_SETTLE,-0.073604000,-0.525263000,0.291993000
47.295382,WATER_TO_NAPKIN_INIT_POS_SETTLE,-0.073590000,-0.525269000,0.292520000
47.305685,WATER_TO_NAPKIN_INIT_POS_SETTLE,-0.073591000,-0.525278000,0.293013000
47.316008,WATER_TO_NAPKIN_INIT_POS_SETTLE,-0.073582000,-0.525289000,0.293496000
47.326317,WATER_TO_NAPKIN_INIT_POS_SETTLE,-0.073584000,-0.525293000,0.293974000
47.336627,WATER_TO_NAPKIN_INIT_POS_SETTLE,-0.073574000,-0.525307000,0.294499000
47.346929,WATER_TO_NAPKIN_INIT_POS_SETTLE,-0.073575000,-0.525315000,0.294979000
47.357229,WATER_TO_NAPKIN_INIT_POS_SETTLE,-0.073574000,-0.525322000,0.295450000
47.367533,WATER_TO_NAPKIN_INIT_POS_SETTLE,-0.073574000,-0.525333000,0.295973000
47.377819,WATER_TO_NAPKIN_INIT_POS_SETTLE,-0.073594000,-0.525342000,0.296461000
47.388103,WATER_TO_NAPKIN_INIT_POS_SETTLE,-0.073601000,-0.525349000,0.296931000
47.398436,WATER_TO_NAPKIN_INIT_POS_SETTLE,-0.073605000,-0.525352000,0.297438000
47.408820,WATER_TO_NAPKIN_INIT_POS_SETTLE,-0.073598000,-0.525360000,0.297908000
47.419172,WATER_TO_NAPKIN_INIT_POS_SETTLE,-0.073620000,-0.525366000,0.298395000
47.429498,WATER_TO_NAPKIN_INIT_POS_SETTLE,-0.073645000,-0.525371000,0.298931000
47.439815,WATER_TO_NAPKIN_INIT_POS_SETTLE,-0.073660000,-0.525368000,0.299404000
47.450113,WATER_TO_NAPKIN_INIT_POS_SETTLE,-0.073675000,-0.525373000,0.299894000
47.460419,WATER_TO_NAPKIN_INIT_POS_SETTLE,-0.073716000,-0.525372000,0.300459000
47.470750,WATER_TO_NAPKIN_INIT_POS_SETTLE,-0.073749000,-0.525364000,0.300963000
47.481094,WATER_TO_NAPKIN_INIT_POS_SETTLE,-0.073755000,-0.525362000,0.301457000
47.491447,WATER_TO_NAPKIN_INIT_POS_SETTLE,-0.073750000,-0.525363000,0.302017000
47.501747,WATER_TO_NAPKIN_INIT_POS_SETTLE,-0.073759000,-0.525366000,0.302552000
47.512108,WATER_TO_NAPKIN_INIT_POS_SETTLE,-0.073772000,-0.525367000,0.303094000
47.522471,WATER_TO_NAPKIN_INIT_POS_SETTLE,-0.073784000,-0.525365000,0.303675000
47.532767,WATER_TO_NAPKIN_INIT_POS_SETTLE,-0.073793000,-0.525366000,0.304211000
47.543084,WATER_TO_NAPKIN_INIT_POS_SETTLE,-0.073829000,-0.525364000,0.304759000
47.553397,WATER_TO_NAPKIN_INIT_POS_SETTLE,-0.073867000,-0.525352000,0.305350000
47.563739,WATER_TO_NAPKIN_INIT_POS_SETTLE,-0.073898000,-0.525339000,0.305877000
47.574076,WATER_TO_NAPKIN_INIT_POS_SETTLE,-0.073924000,-0.525329000,0.306408000
47.584392,WATER_TO_NAPKIN_INIT_POS_SETTLE,-0.073953000,-0.525316000,0.306978000
47.594742,WATER_TO_NAPKIN_INIT_POS_SETTLE,-0.073962000,-0.525309000,0.307487000
47.605082,WATER_TO_NAPKIN_INIT_POS_SETTLE,-0.073983000,-0.525298000,0.307992000
47.615435,WATER_TO_NAPKIN_INIT_POS_SETTLE,-0.074020000,-0.525288000,0.308555000
47.625774,WATER_TO_NAPKIN_INIT_POS_SETTLE,-0.074057000,-0.525275000,0.309062000
47.636104,WATER_TO_NAPKIN_INIT_POS_SETTLE,-0.074099000,-0.525255000,0.309562000
47.646426,WATER_TO_NAPKIN_INIT_POS_SETTLE,-0.074133000,-0.525236000,0.310112000
47.656746,WATER_TO_NAPKIN_INIT_POS_SETTLE,-0.074153000,-0.525220000,0.310614000
47.667063,WATER_TO_NAPKIN_INIT_POS_SETTLE,-0.074168000,-0.525209000,0.311122000
47.677400,WATER_TO_NAPKIN_INIT_POS_SETTLE,-0.074181000,-0.525199000,0.311680000
47.687769,WATER_TO_NAPKIN_INIT_POS_SETTLE,-0.074203000,-0.525189000,0.312194000
47.698092,WATER_TO_NAPKIN_INIT_POS_SETTLE,-0.074224000,-0.525179000,0.312707000
47.708445,WATER_TO_NAPKIN_INIT_POS_SETTLE,-0.074252000,-0.525176000,0.313284000
47.718809,WATER_TO_NAPKIN_INIT_POS_SETTLE,-0.074290000,-0.525159000,0.313794000
47.729114,WATER_TO_NAPKIN_INIT_POS_SETTLE,-0.074300000,-0.525154000,0.314297000
47.739420,WATER_TO_NAPKIN_INIT_POS_SETTLE,-0.074315000,-0.525147000,0.314850000
47.749734,WATER_TO_NAPKIN_INIT_POS_SETTLE,-0.074337000,-0.525143000,0.315351000
47.760035,WATER_TO_NAPKIN_INIT_POS_SETTLE,-0.074338000,-0.525146000,0.315844000
47.770349,WATER_TO_NAPKIN_INIT_POS_SETTLE,-0.074329000,-0.525152000,0.316323000
47.780635,WATER_TO_NAPKIN_INIT_POS_SETTLE,-0.074346000,-0.525154000,0.316856000
47.790997,WATER_TO_NAPKIN_INIT_POS_SETTLE,-0.074372000,-0.525152000,0.317333000
47.801350,WATER_TO_NAPKIN_INIT_POS_SETTLE,-0.074399000,-0.525148000,0.317848000
47.811710,WATER_TO_NAPKIN_INIT_POS_SETTLE,-0.074409000,-0.525143000,0.318303000
47.822055,WATER_TO_NAPKIN_INIT_POS_SETTLE,-0.074413000,-0.525141000,0.318754000
47.832392,WATER_TO_NAPKIN_INIT_POS_SETTLE,-0.074422000,-0.525140000,0.319256000
47.842707,WATER_TO_NAPKIN_INIT_POS_SETTLE,-0.074438000,-0.525143000,0.319730000
47.853033,WATER_TO_NAPKIN_INIT_POS_SETTLE,-0.074447000,-0.525148000,0.320204000
47.863356,WATER_TO_NAPKIN_INIT_POS_SETTLE,-0.074446000,-0.525146000,0.320658000
47.873708,WATER_TO_NAPKIN_INIT_POS_SETTLE,-0.074435000,-0.525147000,0.321162000
47.884032,WATER_TO_NAPKIN_INIT_POS_SETTLE,-0.074430000,-0.525153000,0.321637000
47.894357,WATER_TO_NAPKIN_INIT_POS_SETTLE,-0.074439000,-0.525155000,0.322129000
47.904647,WATER_TO_NAPKIN_INIT_POS_SETTLE,-0.074432000,-0.525162000,0.322662000
47.915002,WATER_TO_NAPKIN_INIT_POS_SETTLE,-0.074425000,-0.525172000,0.323153000
47.925332,WATER_TO_NAPKIN_INIT_POS_SETTLE,-0.074424000,-0.525184000,0.323651000
47.935634,WATER_TO_NAPKIN_INIT_POS_SETTLE,-0.074404000,-0.525199000,0.324182000
47.945949,WATER_TO_NAPKIN_INIT_POS_SETTLE,-0.074400000,-0.525207000,0.324669000
47.956272,WATER_TO_NAPKIN_INIT_POS_SETTLE,-0.074397000,-0.525213000,0.325149000
47.966611,WATER_TO_NAPKIN_INIT_POS_SETTLE,-0.074397000,-0.525221000,0.325675000
47.976929,WATER_TO_NAPKIN_INIT_POS_SETTLE,-0.074402000,-0.525225000,0.326151000
47.987236,WATER_TO_NAPKIN_INIT_POS_SETTLE,-0.074410000,-0.525228000,0.326628000
47.997568,WATER_TO_NAPKIN_INIT_POS_SETTLE,-0.074419000,-0.525231000,0.327149000
48.008086,WATER_TO_NAPKIN_INIT_POS_SETTLE,-0.074427000,-0.525229000,0.327617000
48.018460,WATER_TO_NAPKIN_INIT_POS_SETTLE,-0.074426000,-0.525235000,0.328137000
48.028751,WATER_TO_NAPKIN_INIT_POS_SETTLE,-0.074426000,-0.525240000,0.328615000
48.039084,WATER_TO_NAPKIN_INIT_POS_SETTLE,-0.074421000,-0.525241000,0.329090000
48.049404,WATER_TO_NAPKIN_INIT_POS_SETTLE,-0.074419000,-0.525242000,0.329617000
48.059752,WATER_TO_NAPKIN_INIT_POS_SETTLE,-0.074419000,-0.525244000,0.330112000
48.070066,WATER_TO_NAPKIN_INIT_POS_SETTLE,-0.074426000,-0.525243000,0.330620000
48.080430,WATER_TO_NAPKIN_INIT_POS_SETTLE,-0.074446000,-0.525240000,0.331178000
48.090801,WATER_TO_NAPKIN_INIT_POS_SETTLE,-0.074469000,-0.525231000,0.331682000
48.101125,WATER_TO_NAPKIN_INIT_POS_SETTLE,-0.074475000,-0.525224000,0.332180000
48.111475,WATER_TO_NAPKIN_INIT_POS_SETTLE,-0.074476000,-0.525217000,0.332732000
48.121851,WATER_TO_NAPKIN_INIT_POS_SETTLE,-0.074485000,-0.525212000,0.333251000
48.132191,WATER_TO_NAPKIN_INIT_POS_SETTLE,-0.074501000,-0.525206000,0.333786000
48.142525,WATER_TO_NAPKIN_INIT_POS_SETTLE,-0.074516000,-0.525196000,0.334359000
48.152856,WATER_TO_NAPKIN_INIT_POS_SETTLE,-0.074532000,-0.525187000,0.334878000
48.163197,WATER_TO_NAPKIN_INIT_POS_SETTLE,-0.074557000,-0.525181000,0.335406000
48.173519,WATER_TO_NAPKIN_INIT_POS_SETTLE,-0.074579000,-0.525171000,0.335976000
48.183800,WATER_TO_NAPKIN_INIT_POS_SETTLE,-0.074594000,-0.525166000,0.336494000
48.194137,WATER_TO_NAPKIN_INIT_POS_SETTLE,-0.074628000,-0.525156000,0.337018000
48.204508,WATER_TO_NAPKIN_INIT_POS_SETTLE,-0.074673000,-0.525143000,0.337596000
48.214882,WATER_TO_NAPKIN_INIT_POS_SETTLE,-0.074719000,-0.525131000,0.338121000
48.225244,WATER_TO_NAPKIN_INIT_POS_SETTLE,-0.074752000,-0.525121000,0.338625000
48.235596,WATER_TO_NAPKIN_INIT_POS_SETTLE,-0.074777000,-0.525113000,0.339167000
48.245964,WATER_TO_NAPKIN_INIT_POS_SETTLE,-0.074806000,-0.525104000,0.339658000
48.256285,WATER_TO_NAPKIN_INIT_POS_SETTLE,-0.074848000,-0.525092000,0.340153000
48.266583,WATER_TO_NAPKIN_INIT_POS_SETTLE,-0.074880000,-0.525080000,0.340692000
48.276955,WATER_TO_NAPKIN_INIT_POS_SETTLE,-0.074901000,-0.525071000,0.341182000
48.287292,WATER_TO_NAPKIN_INIT_POS_SETTLE,-0.074911000,-0.525065000,0.341662000
48.297607,WATER_TO_NAPKIN_INIT_POS_SETTLE,-0.074927000,-0.525053000,0.342186000
48.307964,WATER_TO_NAPKIN_INIT_POS_SETTLE,-0.074959000,-0.525043000,0.342679000
48.318301,WATER_TO_NAPKIN_INIT_POS_SETTLE,-0.075005000,-0.525032000,0.343185000
48.328622,WATER_TO_NAPKIN_INIT_POS_SETTLE,-0.075019000,-0.525025000,0.343726000
48.338948,WATER_TO_NAPKIN_INIT_POS_SETTLE,-0.075024000,-0.525019000,0.344211000
48.349268,WATER_TO_NAPKIN_INIT_POS_SETTLE,-0.075042000,-0.525010000,0.344719000
48.359600,WATER_TO_NAPKIN_INIT_POS_SETTLE,-0.075084000,-0.524996000,0.345295000
48.369876,WATER_TO_NAPKIN_INIT_POS_SETTLE,-0.075105000,-0.524987000,0.345809000
48.380202,WATER_TO_NAPKIN_INIT_POS_SETTLE,-0.075112000,-0.524979000,0.346313000
48.390517,WATER_TO_NAPKIN_INIT_POS_SETTLE,-0.075140000,-0.524962000,0.346873000
48.400803,WATER_TO_NAPKIN_INIT_POS_SETTLE,-0.075161000,-0.524949000,0.347384000
48.411164,WATER_TO_NAPKIN_INIT_POS_SETTLE,-0.075188000,-0.524937000,0.347897000
48.421583,WATER_TO_NAPKIN_INIT_POS_SETTLE,-0.075208000,-0.524920000,0.348454000
48.431905,WATER_TO_NAPKIN_INIT_POS_SETTLE,-0.075213000,-0.524910000,0.348952000
48.442243,WATER_TO_NAPKIN_INIT_POS_SETTLE,-0.075218000,-0.524897000,0.349445000
48.452582,WATER_TO_NAPKIN_INIT_POS_SETTLE,-0.075248000,-0.524882000,0.350002000
48.462977,WATER_TO_NAPKIN_INIT_POS_SETTLE,-0.075272000,-0.524867000,0.350499000
48.473303,WATER_TO_NAPKIN_INIT_POS_SETTLE,-0.075283000,-0.524855000,0.350982000
48.483690,WATER_TO_NAPKIN_INIT_POS_SETTLE,-0.075296000,-0.524845000,0.351521000
48.494064,WATER_TO_NAPKIN_INIT_POS_SETTLE,-0.075310000,-0.524837000,0.352023000
48.504434,WATER_TO_NAPKIN_INIT_POS_SETTLE,-0.075311000,-0.524824000,0.352555000
48.514845,WATER_TO_NAPKIN_INIT_POS_SETTLE,-0.075314000,-0.524813000,0.353043000
48.525212,WATER_TO_NAPKIN_INIT_POS_SETTLE,-0.075321000,-0.524802000,0.353544000
48.535552,WATER_TO_NAPKIN_INIT_POS_SETTLE,-0.075334000,-0.524785000,0.354100000
48.545902,WATER_TO_NAPKIN_INIT_POS_SETTLE,-0.075347000,-0.524763000,0.354587000
48.556242,WATER_TO_NAPKIN_INIT_POS_SETTLE,-0.075362000,-0.524742000,0.355084000
48.566642,WATER_TO_NAPKIN_INIT_POS_SETTLE,-0.075377000,-0.524724000,0.355642000
48.577014,WATER_TO_NAPKIN_INIT_POS_SETTLE,-0.075380000,-0.524704000,0.356136000
48.587361,WATER_TO_NAPKIN_INIT_POS_SETTLE,-0.075368000,-0.524690000,0.356621000
48.597701,WATER_TO_NAPKIN_INIT_POS_SETTLE,-0.075355000,-0.524681000,0.357167000
48.608326,WATER_TO_NAPKIN_INIT_POS_SETTLE,-0.075362000,-0.524673000,0.357677000
48.618678,WATER_TO_NAPKIN_INIT_POS_SETTLE,-0.075362000,-0.524663000,0.358220000
48.629016,WATER_TO_NAPKIN_INIT_POS_SETTLE,-0.075362000,-0.524649000,0.358700000
48.639355,WATER_TO_NAPKIN_INIT_POS_SETTLE,-0.075369000,-0.524636000,0.359177000
48.649680,WATER_TO_NAPKIN_INIT_POS_SETTLE,-0.075384000,-0.524627000,0.359712000
48.660016,WATER_TO_NAPKIN_INIT_POS_SETTLE,-0.075404000,-0.524619000,0.360196000
48.670354,WATER_TO_NAPKIN_INIT_POS_SETTLE,-0.075403000,-0.524618000,0.360660000
48.680752,WATER_TO_NAPKIN_INIT_POS_SETTLE,-0.075405000,-0.524616000,0.361166000
48.691116,WATER_TO_NAPKIN_INIT_POS_SETTLE,-0.075413000,-0.524618000,0.361631000
48.701451,WATER_TO_NAPKIN_INIT_POS_SETTLE,-0.075429000,-0.524621000,0.362147000
48.972692,NAPKIN_LIFT1_POS,-0.076001000,-0.524030000,0.367996000
48.982617,NAPKIN_LIFT1_POS,-0.076007000,-0.524023000,0.368040000
48.992625,NAPKIN_LIFT1_POS,-0.075854000,-0.524048000,0.367941000
49.002637,NAPKIN_LIFT1_POS,-0.075530000,-0.524104000,0.367676000
49.012665,NAPKIN_LIFT1_POS,-0.075223000,-0.524180000,0.367419000
49.022653,NAPKIN_LIFT1_POS,-0.074924000,-0.524279000,0.367141000
49.032618,NAPKIN_LIFT1_POS,-0.074590000,-0.524369000,0.366742000
49.042621,NAPKIN_LIFT1_POS,-0.074491000,-0.524418000,0.366469000
49.052621,NAPKIN_LIFT1_POS,-0.074550000,-0.524449000,0.366329000
49.062583,NAPKIN_LIFT1_POS,-0.074424000,-0.524466000,0.365995000
49.072590,NAPKIN_LIFT1_POS,-0.074218000,-0.524498000,0.365638000
49.082631,NAPKIN_LIFT1_POS,-0.074136000,-0.524534000,0.365476000
49.092636,NAPKIN_LIFT1_POS,-0.074072000,-0.524595000,0.365364000
49.102654,NAPKIN_LIFT1_POS,-0.074092000,-0.524669000,0.365353000
49.112711,NAPKIN_LIFT1_POS,-0.074291000,-0.524717000,0.365480000
49.122691,NAPKIN_LIFT1_POS,-0.074649000,-0.524732000,0.365661000
49.132560,NAPKIN_LIFT1_POS,-0.075081000,-0.524720000,0.365797000
49.142727,NAPKIN_LIFT1_POS,-0.075568000,-0.524673000,0.365870000
49.152471,NAPKIN_LIFT1_POS,-0.076215000,-0.524562000,0.365941000
49.162593,NAPKIN_LIFT1_POS,-0.076967000,-0.524412000,0.366021000
49.172463,NAPKIN_LIFT1_POS,-0.077705000,-0.524271000,0.366084000
49.182582,NAPKIN_LIFT1_POS,-0.078371000,-0.524154000,0.366126000
49.192484,NAPKIN_LIFT1_POS,-0.078984000,-0.524062000,0.366180000
49.202681,NAPKIN_LIFT1_POS,-0.079542000,-0.523990000,0.366228000
49.212695,NAPKIN_LIFT1_POS,-0.080067000,-0.523926000,0.366255000
49.222672,NAPKIN_LIFT1_POS,-0.080565000,-0.523874000,0.366271000
49.232611,NAPKIN_LIFT1_POS,-0.081078000,-0.523810000,0.366284000
49.242611,NAPKIN_LIFT1_POS,-0.081593000,-0.523744000,0.366297000
49.252632,NAPKIN_LIFT1_POS,-0.082100000,-0.523691000,0.366323000
49.262598,NAPKIN_LIFT1_POS,-0.082606000,-0.523639000,0.366351000
49.272593,NAPKIN_LIFT1_POS,-0.083106000,-0.523586000,0.366371000
49.282617,NAPKIN_LIFT1_POS,-0.083598000,-0.523542000,0.366398000
49.292641,NAPKIN_LIFT1_POS,-0.084100000,-0.523491000,0.366429000
49.302620,NAPKIN_LIFT1_POS,-0.084586000,-0.523445000,0.366448000
49.312644,NAPKIN_LIFT1_POS,-0.085074000,-0.523397000,0.366459000
49.322652,NAPKIN_LIFT1_POS,-0.085576000,-0.523346000,0.366467000
49.332625,NAPKIN_LIFT1_POS,-0.086079000,-0.523298000,0.366477000
49.342585,NAPKIN_LIFT1_POS,-0.086586000,-0.523250000,0.366490000
49.352600,NAPKIN_LIFT1_POS,-0.087094000,-0.523202000,0.366506000
49.362574,NAPKIN_LIFT1_POS,-0.087582000,-0.523165000,0.366513000
49.372567,NAPKIN_LIFT1_POS,-0.088086000,-0.523121000,0.366515000
49.382575,NAPKIN_LIFT1_POS,-0.088618000,-0.523069000,0.366527000
49.392594,NAPKIN_LIFT1_POS,-0.089146000,-0.523021000,0.366536000
49.402576,NAPKIN_LIFT1_POS,-0.089668000,-0.522970000,0.366529000
49.412663,NAPKIN_LIFT1_POS,-0.090197000,-0.522919000,0.366526000
49.422627,NAPKIN_LIFT1_POS,-0.090731000,-0.522873000,0.366534000
49.432586,NAPKIN_LIFT1_POS,-0.091255000,-0.522831000,0.366530000
49.442634,NAPKIN_LIFT1_POS,-0.091768000,-0.522801000,0.366526000
49.452572,NAPKIN_LIFT1_POS,-0.092283000,-0.522768000,0.366514000
49.462588,NAPKIN_LIFT1_POS,-0.092800000,-0.522736000,0.366498000
49.472612,NAPKIN_LIFT1_POS,-0.093313000,-0.522713000,0.366485000
49.482573,NAPKIN_LIFT1_POS,-0.093832000,-0.522686000,0.366474000
49.492654,NAPKIN_LIFT1_POS,-0.094355000,-0.522656000,0.366467000
49.502630,NAPKIN_LIFT1_POS,-0.094864000,-0.522629000,0.366453000
49.512634,NAPKIN_LIFT1_POS,-0.095349000,-0.522613000,0.366435000
49.522617,NAPKIN_LIFT1_POS,-0.095828000,-0.522607000,0.366419000
49.532639,NAPKIN_LIFT1_POS,-0.096307000,-0.522600000,0.366406000
49.542604,NAPKIN_LIFT1_POS,-0.096795000,-0.522596000,0.366410000
49.552595,NAPKIN_LIFT1_POS,-0.097285000,-0.522585000,0.366405000
49.562580,NAPKIN_LIFT1_POS,-0.097760000,-0.522582000,0.366393000
49.572578,NAPKIN_LIFT1_POS,-0.098240000,-0.522576000,0.366385000
49.582626,NAPKIN_LIFT1_POS,-0.098713000,-0.522572000,0.366377000
49.592562,NAPKIN_LIFT1_POS,-0.099188000,-0.522568000,0.366373000
49.602581,NAPKIN_LIFT1_POS,-0.099666000,-0.522566000,0.366380000
49.612633,NAPKIN_LIFT1_POS,-0.100156000,-0.522558000,0.366392000
49.622628,NAPKIN_LIFT1_POS,-0.100643000,-0.522541000,0.366391000
49.632586,NAPKIN_LIFT1_POS,-0.101113000,-0.522532000,0.366383000
49.642574,NAPKIN_LIFT1_POS,-0.101584000,-0.522524000,0.366378000
49.652588,NAPKIN_LIFT1_POS,-0.102076000,-0.522515000,0.366391000
49.662589,NAPKIN_LIFT1_POS,-0.102564000,-0.522504000,0.366401000
49.672587,NAPKIN_LIFT1_POS,-0.103048000,-0.522489000,0.366407000
49.682588,NAPKIN_LIFT1_POS,-0.103534000,-0.522476000,0.366419000
49.692673,NAPKIN_LIFT1_POS,-0.104013000,-0.522466000,0.366433000
49.702591,NAPKIN_LIFT1_POS,-0.104505000,-0.522446000,0.366438000
49.712642,NAPKIN_LIFT1_POS,-0.105002000,-0.522426000,0.366448000
49.722587,NAPKIN_LIFT1_POS,-0.105497000,-0.522415000,0.366460000
49.732585,NAPKIN_LIFT1_POS,-0.105989000,-0.522401000,0.366458000
49.742588,NAPKIN_LIFT1_POS,-0.106484000,-0.522393000,0.366470000
49.752593,NAPKIN_LIFT1_POS,-0.106990000,-0.522376000,0.366490000
49.762590,NAPKIN_LIFT1_POS,-0.107488000,-0.522365000,0.366505000
49.772586,NAPKIN_LIFT1_POS,-0.107982000,-0.522350000,0.366503000
49.782587,NAPKIN_LIFT1_POS,-0.108491000,-0.522329000,0.366509000
49.792582,NAPKIN_LIFT1_POS,-0.109022000,-0.522305000,0.366534000
49.802589,NAPKIN_LIFT1_POS,-0.109546000,-0.522291000,0.366556000
49.812683,NAPKIN_LIFT1_POS,-0.110067000,-0.522270000,0.366559000
49.822574,NAPKIN_LIFT1_POS,-0.110594000,-0.522250000,0.366565000
49.832590,NAPKIN_LIFT1_POS,-0.111133000,-0.522228000,0.366583000
49.842631,NAPKIN_LIFT1_POS,-0.111667000,-0.522206000,0.366597000
49.852656,NAPKIN_LIFT1_POS,-0.112198000,-0.522185000,0.366607000
49.862639,NAPKIN_LIFT1_POS,-0.112729000,-0.522163000,0.366613000
49.872602,NAPKIN_LIFT1_POS,-0.113251000,-0.522140000,0.366610000
49.882589,NAPKIN_LIFT1_POS,-0.113775000,-0.522116000,0.366610000
49.892656,NAPKIN_LIFT1_POS,-0.114307000,-0.522093000,0.366621000
49.902602,NAPKIN_LIFT1_POS,-0.114819000,-0.522080000,0.366629000
49.912680,NAPKIN_LIFT1_POS,-0.115323000,-0.522065000,0.366637000
49.922623,NAPKIN_LIFT1_POS,-0.115823000,-0.522051000,0.366648000
49.932623,NAPKIN_LIFT1_POS,-0.116311000,-0.522037000,0.366644000
49.942587,NAPKIN_LIFT1_POS,-0.116800000,-0.522016000,0.366641000
49.952610,NAPKIN_LIFT1_POS,-0.117288000,-0.522002000,0.366651000
49.962589,NAPKIN_LIFT1_POS,-0.117780000,-0.521981000,0.366665000
49.972592,NAPKIN_LIFT1_POS,-0.118260000,-0.521963000,0.366671000
49.982595,NAPKIN_LIFT1_POS,-0.118737000,-0.521948000,0.366678000
49.982634,NAPKIN_LIFT1_POS_SETTLE,-0.118737000,-0.521948000,0.366678000
49.992894,NAPKIN_LIFT1_POS_SETTLE,-0.119212000,-0.521930000,0.366680000
50.003233,NAPKIN_LIFT1_POS_SETTLE,-0.119684000,-0.521912000,0.366682000
50.013602,NAPKIN_LIFT1_POS_SETTLE,-0.120211000,-0.521891000,0.366695000
50.023936,NAPKIN_LIFT1_POS_SETTLE,-0.120683000,-0.521877000,0.366703000
50.034257,NAPKIN_LIFT1_POS_SETTLE,-0.121160000,-0.521858000,0.366703000
50.044581,NAPKIN_LIFT1_POS_SETTLE,-0.121697000,-0.521839000,0.366715000
50.054883,NAPKIN_LIFT1_POS_SETTLE,-0.122190000,-0.521816000,0.366724000
50.065208,NAPKIN_LIFT1_POS_SETTLE,-0.122669000,-0.521802000,0.366722000
50.075511,NAPKIN_LIFT1_POS_SETTLE,-0.123212000,-0.521786000,0.366731000
50.085805,NAPKIN_LIFT1_POS_SETTLE,-0.123719000,-0.521771000,0.366750000
50.096141,NAPKIN_LIFT1_POS_SETTLE,-0.124218000,-0.521753000,0.366754000
50.106501,NAPKIN_LIFT1_POS_SETTLE,-0.124771000,-0.521735000,0.366751000
50.116871,NAPKIN_LIFT1_POS_SETTLE,-0.125277000,-0.521722000,0.366749000
50.127216,NAPKIN_LIFT1_POS_SETTLE,-0.125788000,-0.521710000,0.366755000
50.137566,NAPKIN_LIFT1_POS_SETTLE,-0.126371000,-0.521693000,0.366780000
50.147830,NAPKIN_LIFT1_POS_SETTLE,-0.126895000,-0.521676000,0.366783000
50.158148,NAPKIN_LIFT1_POS_SETTLE,-0.127405000,-0.521661000,0.366769000
50.168486,NAPKIN_LIFT1_POS_SETTLE,-0.127975000,-0.521641000,0.366762000
50.178877,NAPKIN_LIFT1_POS_SETTLE,-0.128513000,-0.521623000,0.366788000
50.189225,NAPKIN_LIFT1_POS_SETTLE,-0.129045000,-0.521606000,0.366808000
50.199612,NAPKIN_LIFT1_POS_SETTLE,-0.129602000,-0.521592000,0.366805000
50.209990,NAPKIN_LIFT1_POS_SETTLE,-0.130119000,-0.521571000,0.366807000
50.220362,NAPKIN_LIFT1_POS_SETTLE,-0.130646000,-0.521548000,0.366826000
50.230685,NAPKIN_LIFT1_POS_SETTLE,-0.131217000,-0.521530000,0.366854000
50.241016,NAPKIN_LIFT1_POS_SETTLE,-0.131724000,-0.521512000,0.366870000
50.251332,NAPKIN_LIFT1_POS_SETTLE,-0.132234000,-0.521491000,0.366887000
50.261655,NAPKIN_LIFT1_POS_SETTLE,-0.132803000,-0.521459000,0.366912000
50.272013,NAPKIN_LIFT1_POS_SETTLE,-0.133323000,-0.521422000,0.366941000
50.282367,NAPKIN_LIFT1_POS_SETTLE,-0.133839000,-0.521386000,0.366964000
50.292765,NAPKIN_LIFT1_POS_SETTLE,-0.134380000,-0.521355000,0.366980000
50.303139,NAPKIN_LIFT1_POS_SETTLE,-0.134888000,-0.521320000,0.367008000
50.313536,NAPKIN_LIFT1_POS_SETTLE,-0.135440000,-0.521278000,0.367037000
50.323915,NAPKIN_LIFT1_POS_SETTLE,-0.135938000,-0.521241000,0.367054000
50.334266,NAPKIN_LIFT1_POS_SETTLE,-0.136431000,-0.521205000,0.367071000
50.344594,NAPKIN_LIFT1_POS_SETTLE,-0.136977000,-0.521163000,0.367095000
50.354858,NAPKIN_LIFT1_POS_SETTLE,-0.137474000,-0.521123000,0.367114000
50.365210,NAPKIN_LIFT1_POS_SETTLE,-0.137960000,-0.521086000,0.367125000
50.375540,NAPKIN_LIFT1_POS_SETTLE,-0.138499000,-0.521049000,0.367131000
50.385881,NAPKIN_LIFT1_POS_SETTLE,-0.138986000,-0.521018000,0.367134000
50.396207,NAPKIN_LIFT1_POS_SETTLE,-0.139472000,-0.520988000,0.367132000
50.406552,NAPKIN_LIFT1_POS_SETTLE,-0.140007000,-0.520966000,0.367137000
50.416909,NAPKIN_LIFT1_POS_SETTLE,-0.140494000,-0.520949000,0.367144000
50.427263,NAPKIN_LIFT1_POS_SETTLE,-0.140976000,-0.520940000,0.367145000
50.437584,NAPKIN_LIFT1_POS_SETTLE,-0.141518000,-0.520930000,0.367144000
50.447902,NAPKIN_LIFT1_POS_SETTLE,-0.141989000,-0.520926000,0.367107000
50.458220,NAPKIN_LIFT1_POS_SETTLE,-0.142464000,-0.520932000,0.367079000
50.468562,NAPKIN_LIFT1_POS_SETTLE,-0.143022000,-0.520935000,0.367090000
50.478893,NAPKIN_LIFT1_POS_SETTLE,-0.143528000,-0.520948000,0.367102000
50.489221,NAPKIN_LIFT1_POS_SETTLE,-0.144017000,-0.520954000,0.367083000
50.499633,NAPKIN_LIFT1_POS_SETTLE,-0.144553000,-0.520956000,0.367050000
50.510032,NAPKIN_LIFT1_POS_SETTLE,-0.145054000,-0.520958000,0.367035000
50.520403,NAPKIN_LIFT1_POS_SETTLE,-0.145601000,-0.520966000,0.367024000
50.530744,NAPKIN_LIFT1_POS_SETTLE,-0.146098000,-0.520974000,0.367017000
50.541075,NAPKIN_LIFT1_POS_SETTLE,-0.146585000,-0.520986000,0.367012000
50.551422,NAPKIN_LIFT1_POS_SETTLE,-0.147121000,-0.520993000,0.366992000
50.561758,NAPKIN_LIFT1_POS_SETTLE,-0.147623000,-0.520986000,0.366979000
50.572079,NAPKIN_LIFT1_POS_SETTLE,-0.148133000,-0.520977000,0.366986000
50.582401,NAPKIN_LIFT1_POS_SETTLE,-0.148684000,-0.520964000,0.366986000
50.592745,NAPKIN_LIFT1_POS_SETTLE,-0.149177000,-0.520949000,0.366987000
50.603072,NAPKIN_LIFT1_POS_SETTLE,-0.149674000,-0.520932000,0.366994000
50.613466,NAPKIN_LIFT1_POS_SETTLE,-0.150217000,-0.520914000,0.367009000
50.623833,NAPKIN_LIFT1_POS_SETTLE,-0.150727000,-0.520889000,0.367037000
50.634164,NAPKIN_LIFT1_POS_SETTLE,-0.151229000,-0.520873000,0.367072000
50.644503,NAPKIN_LIFT1_POS_SETTLE,-0.151765000,-0.520855000,0.367097000
50.654862,NAPKIN_LIFT1_POS_SETTLE,-0.152261000,-0.520833000,0.367124000
50.665187,NAPKIN_LIFT1_POS_SETTLE,-0.152769000,-0.520804000,0.367149000
50.675518,NAPKIN_LIFT1_POS_SETTLE,-0.153334000,-0.520776000,0.367183000
50.685830,NAPKIN_LIFT1_POS_SETTLE,-0.153847000,-0.520749000,0.367215000
50.696247,NAPKIN_LIFT1_POS_SETTLE,-0.154354000,-0.520726000,0.367245000
50.706616,NAPKIN_LIFT1_POS_SETTLE,-0.154905000,-0.520702000,0.367271000
50.716990,NAPKIN_LIFT1_POS_SETTLE,-0.155418000,-0.520672000,0.367294000
50.727324,NAPKIN_LIFT1_POS_SETTLE,-0.155952000,-0.520635000,0.367323000
50.737640,NAPKIN_LIFT1_POS_SETTLE,-0.156538000,-0.520597000,0.367351000
50.747980,NAPKIN_LIFT1_POS_SETTLE,-0.157070000,-0.520564000,0.367371000
50.758314,NAPKIN_LIFT1_POS_SETTLE,-0.157600000,-0.520534000,0.367389000
50.768626,NAPKIN_LIFT1_POS_SETTLE,-0.158179000,-0.520508000,0.367412000
50.778958,NAPKIN_LIFT1_POS_SETTLE,-0.158715000,-0.520484000,0.367438000
50.789274,NAPKIN_LIFT1_POS_SETTLE,-0.159252000,-0.520456000,0.367447000
50.799587,NAPKIN_LIFT1_POS_SETTLE,-0.159818000,-0.520437000,0.367441000
50.809938,NAPKIN_LIFT1_POS_SETTLE,-0.160311000,-0.520432000,0.367436000
50.820296,NAPKIN_LIFT1_POS_SETTLE,-0.160834000,-0.520416000,0.367447000
50.830663,NAPKIN_LIFT1_POS_SETTLE,-0.161407000,-0.520401000,0.367473000
50.841004,NAPKIN_LIFT1_POS_SETTLE,-0.161902000,-0.520397000,0.367474000
50.851326,NAPKIN_LIFT1_POS_SETTLE,-0.162391000,-0.520383000,0.367456000
50.861663,NAPKIN_LIFT1_POS_SETTLE,-0.162924000,-0.520376000,0.367457000
50.871941,NAPKIN_LIFT1_POS_SETTLE,-0.163417000,-0.520373000,0.367477000
50.882260,NAPKIN_LIFT1_POS_SETTLE,-0.163910000,-0.520365000,0.367490000
50.892585,NAPKIN_LIFT1_POS_SETTLE,-0.164432000,-0.520359000,0.367494000
50.902954,NAPKIN_LIFT1_POS_SETTLE,-0.164910000,-0.520348000,0.367494000
50.913369,NAPKIN_LIFT1_POS_SETTLE,-0.165383000,-0.520335000,0.367495000
50.923716,NAPKIN_LIFT1_POS_SETTLE,-0.165895000,-0.520330000,0.367507000
50.934058,NAPKIN_LIFT1_POS_SETTLE,-0.166380000,-0.520316000,0.367521000
50.944394,NAPKIN_LIFT1_POS_SETTLE,-0.166906000,-0.520302000,0.367532000
50.954713,NAPKIN_LIFT1_POS_SETTLE,-0.167373000,-0.520295000,0.367532000
50.965049,NAPKIN_LIFT1_POS_SETTLE,-0.167845000,-0.520290000,0.367540000
50.975381,NAPKIN_LIFT1_POS_SETTLE,-0.168385000,-0.520267000,0.367549000
50.985694,NAPKIN_LIFT1_POS_SETTLE,-0.168891000,-0.520242000,0.367562000
50.996007,NAPKIN_LIFT1_POS_SETTLE,-0.169398000,-0.520212000,0.367568000
51.006351,NAPKIN_LIFT1_POS_SETTLE,-0.169919000,-0.520180000,0.367569000
51.016693,NAPKIN_LIFT1_POS_SETTLE,-0.170482000,-0.520142000,0.367564000
51.027038,NAPKIN_LIFT1_POS_SETTLE,-0.170993000,-0.520116000,0.367566000
51.037382,NAPKIN_LIFT1_POS_SETTLE,-0.171568000,-0.520075000,0.367562000
51.047688,NAPKIN_LIFT1_POS_SETTLE,-0.172099000,-0.520041000,0.367573000
51.057996,NAPKIN_LIFT1_POS_SETTLE,-0.172613000,-0.520013000,0.367575000
51.068305,NAPKIN_LIFT1_POS_SETTLE,-0.173106000,-0.519988000,0.367559000
51.078625,NAPKIN_LIFT1_POS_SETTLE,-0.173646000,-0.519959000,0.367539000
51.088949,NAPKIN_LIFT1_POS_SETTLE,-0.174168000,-0.519928000,0.367555000
51.099289,NAPKIN_LIFT1_POS_SETTLE,-0.174697000,-0.519896000,0.367583000
51.109675,NAPKIN_LIFT1_POS_SETTLE,-0.175269000,-0.519861000,0.367603000
51.120026,NAPKIN_LIFT1_POS_SETTLE,-0.175771000,-0.519827000,0.367599000
51.130380,NAPKIN_LIFT1_POS_SETTLE,-0.176288000,-0.519785000,0.367603000
51.140726,NAPKIN_LIFT1_POS_SETTLE,-0.176862000,-0.519737000,0.367617000
51.151091,NAPKIN_LIFT1_POS_SETTLE,-0.177372000,-0.519701000,0.367632000
51.161437,NAPKIN_LIFT1_POS_SETTLE,-0.177927000,-0.519659000,0.367648000
51.171759,NAPKIN_LIFT1_POS_SETTLE,-0.178429000,-0.519621000,0.367654000
51.182102,NAPKIN_LIFT1_POS_SETTLE,-0.178943000,-0.519579000,0.367667000
51.192442,NAPKIN_LIFT1_POS_SETTLE,-0.179497000,-0.519545000,0.367682000
51.202752,NAPKIN_LIFT1_POS_SETTLE,-0.179997000,-0.519511000,0.367691000
51.213114,NAPKIN_LIFT1_POS_SETTLE,-0.180513000,-0.519470000,0.367705000
51.223459,NAPKIN_LIFT1_POS_SETTLE,-0.181072000,-0.519433000,0.367719000
51.233764,NAPKIN_LIFT1_POS_SETTLE,-0.181585000,-0.519391000,0.367717000
51.244074,NAPKIN_LIFT1_POS_SETTLE,-0.182095000,-0.519362000,0.367726000
51.254386,NAPKIN_LIFT1_POS_SETTLE,-0.182645000,-0.519335000,0.367734000
51.264697,NAPKIN_LIFT1_POS_SETTLE,-0.183142000,-0.519315000,0.367738000
51.275009,NAPKIN_LIFT1_POS_SETTLE,-0.183636000,-0.519297000,0.367734000
51.285389,NAPKIN_LIFT1_POS_SETTLE,-0.184195000,-0.519270000,0.367744000
51.295692,NAPKIN_LIFT1_POS_SETTLE,-0.184686000,-0.519251000,0.367749000
51.306088,NAPKIN_LIFT1_POS_SETTLE,-0.185174000,-0.519231000,0.367741000
51.316457,NAPKIN_LIFT1_POS_SETTLE,-0.185708000,-0.519205000,0.367732000
51.326811,NAPKIN_LIFT1_POS_SETTLE,-0.186208000,-0.519180000,0.367732000
51.337129,NAPKIN_LIFT1_POS_SETTLE,-0.186712000,-0.519159000,0.367741000
51.347455,NAPKIN_LIFT1_POS_SETTLE,-0.187251000,-0.519145000,0.367747000
51.357768,NAPKIN_LIFT1_POS_SETTLE,-0.187728000,-0.519140000,0.367741000
51.368077,NAPKIN_LIFT1_POS_SETTLE,-0.188215000,-0.519128000,0.367734000
51.378399,NAPKIN_LIFT1_POS_SETTLE,-0.188746000,-0.519119000,0.367729000
51.388715,NAPKIN_LIFT1_POS_SETTLE,-0.189237000,-0.519117000,0.367735000
51.399038,NAPKIN_LIFT1_POS_SETTLE,-0.189738000,-0.519110000,0.367745000
51.409407,NAPKIN_LIFT1_POS_SETTLE,-0.190268000,-0.519113000,0.367736000
51.419747,NAPKIN_LIFT1_POS_SETTLE,-0.190735000,-0.519121000,0.367709000
51.430066,NAPKIN_LIFT1_POS_SETTLE,-0.191221000,-0.519126000,0.367688000
51.440396,NAPKIN_LIFT1_POS_SETTLE,-0.191783000,-0.519124000,0.367687000
51.450717,NAPKIN_LIFT1_POS_SETTLE,-0.192295000,-0.519124000,0.367691000
51.461093,NAPKIN_LIFT1_POS_SETTLE,-0.192805000,-0.519119000,0.367682000
51.471438,NAPKIN_LIFT1_POS_SETTLE,-0.193354000,-0.519118000,0.367664000
51.481777,NAPKIN_LIFT1_POS_SETTLE,-0.193870000,-0.519108000,0.367659000
51.492094,NAPKIN_LIFT1_POS_SETTLE,-0.194388000,-0.519099000,0.367670000
51.502484,NAPKIN_LIFT1_POS_SETTLE,-0.194953000,-0.519089000,0.367688000
51.512855,NAPKIN_LIFT1_POS_SETTLE,-0.195460000,-0.519081000,0.367705000
51.523175,NAPKIN_LIFT1_POS_SETTLE,-0.195969000,-0.519064000,0.367722000
51.533491,NAPKIN_LIFT1_POS_SETTLE,-0.196531000,-0.519042000,0.367736000
51.543816,NAPKIN_LIFT1_POS_SETTLE,-0.197040000,-0.519017000,0.367757000
51.554119,NAPKIN_LIFT1_POS_SETTLE,-0.197541000,-0.518990000,0.367780000
51.564425,NAPKIN_LIFT1_POS_SETTLE,-0.198097000,-0.518953000,0.367810000
51.574727,NAPKIN_LIFT1_POS_SETTLE,-0.198604000,-0.518910000,0.367828000
51.585030,NAPKIN_LIFT1_POS_SETTLE,-0.199103000,-0.518877000,0.367851000
51.595338,NAPKIN_LIFT1_POS_SETTLE,-0.199596000,-0.518841000,0.367875000
51.605654,NAPKIN_LIFT1_POS_SETTLE,-0.200139000,-0.518801000,0.367886000
51.616016,NAPKIN_LIFT1_POS_SETTLE,-0.200627000,-0.518772000,0.367899000
51.626354,NAPKIN_LIFT1_POS_SETTLE,-0.201117000,-0.518741000,0.367920000
51.636650,NAPKIN_LIFT1_POS_SETTLE,-0.201659000,-0.518701000,0.367927000
51.646959,NAPKIN_LIFT1_POS_SETTLE,-0.202153000,-0.518663000,0.367928000
51.657265,NAPKIN_LIFT1_POS_SETTLE,-0.202651000,-0.518623000,0.367918000
51.667579,NAPKIN_LIFT1_POS_SETTLE,-0.203200000,-0.518584000,0.367906000
51.677886,NAPKIN_LIFT1_POS_SETTLE,-0.203701000,-0.518553000,0.367897000
51.688198,NAPKIN_LIFT1_POS_SETTLE,-0.204207000,-0.518523000,0.367897000
51.698650,NAPKIN_LIFT1_POS_SETTLE,-0.204765000,-0.518491000,0.367897000
51.709041,NAPKIN_LIFT1_POS_SETTLE,-0.205261000,-0.518465000,0.367885000
51.719428,NAPKIN_LIFT1_POS_SETTLE,-0.205800000,-0.518438000,0.367866000
51.729794,NAPKIN_LIFT1_POS_SETTLE,-0.206293000,-0.518414000,0.367859000
51.740114,NAPKIN_LIFT1_POS_SETTLE,-0.206791000,-0.518388000,0.367850000
51.750472,NAPKIN_LIFT1_POS_SETTLE,-0.207335000,-0.518367000,0.367851000
51.760807,NAPKIN_LIFT1_POS_SETTLE,-0.207842000,-0.518344000,0.367865000
51.771130,NAPKIN_LIFT1_POS_SETTLE,-0.208333000,-0.518324000,0.367859000
51.781467,NAPKIN_LIFT1_POS_SETTLE,-0.208866000,-0.518311000,0.367848000
51.791793,NAPKIN_LIFT1_POS_SETTLE,-0.209349000,-0.518303000,0.367843000
51.802126,NAPKIN_LIFT1_POS_SETTLE,-0.209845000,-0.518292000,0.367841000
51.812501,NAPKIN_LIFT1_POS_SETTLE,-0.210403000,-0.518281000,0.367854000
51.822863,NAPKIN_LIFT1_POS_SETTLE,-0.210895000,-0.518284000,0.367859000
51.833200,NAPKIN_LIFT1_POS_SETTLE,-0.211361000,-0.518293000,0.367828000
51.843543,NAPKIN_LIFT1_POS_SETTLE,-0.211893000,-0.518298000,0.367804000
51.853892,NAPKIN_LIFT1_POS_SETTLE,-0.212397000,-0.518296000,0.367799000
51.864226,NAPKIN_LIFT1_POS_SETTLE,-0.212904000,-0.518291000,0.367793000
51.874551,NAPKIN_LIFT1_POS_SETTLE,-0.213445000,-0.518298000,0.367787000
51.884894,NAPKIN_LIFT1_POS_SETTLE,-0.213937000,-0.518311000,0.367791000
51.895208,NAPKIN_LIFT1_POS_SETTLE,-0.214424000,-0.518322000,0.367792000
51.905600,NAPKIN_LIFT1_POS_SETTLE,-0.214960000,-0.518326000,0.367784000
51.915969,NAPKIN_LIFT1_POS_SETTLE,-0.215453000,-0.518326000,0.367788000
51.926278,NAPKIN_LIFT1_POS_SETTLE,-0.215942000,-0.518327000,0.367797000
51.936587,NAPKIN_LIFT1_POS_SETTLE,-0.216486000,-0.518324000,0.367810000
51.946899,NAPKIN_LIFT1_POS_SETTLE,-0.216977000,-0.518323000,0.367825000
51.957211,NAPKIN_LIFT1_POS_SETTLE,-0.217468000,-0.518319000,0.367843000
51.967539,NAPKIN_LIFT1_POS_SETTLE,-0.218013000,-0.518304000,0.367859000
51.977820,NAPKIN_LIFT1_POS_SETTLE,-0.218505000,-0.518296000,0.367879000
51.988124,NAPKIN_LIFT1_POS_SETTLE,-0.218991000,-0.518283000,0.367889000
51.998704,NAPKIN_LIFT1_POS_SETTLE,-0.219540000,-0.518266000,0.367919000
52.009084,NAPKIN_LIFT1_POS_SETTLE,-0.220048000,-0.518245000,0.367948000
52.019370,NAPKIN_LIFT1_POS_SETTLE,-0.220596000,-0.518224000,0.367965000
52.029588,NAPKIN_LIFT1_POS_SETTLE,-0.221098000,-0.518201000,0.367976000
52.039793,NAPKIN_LIFT1_POS_SETTLE,-0.221604000,-0.518181000,0.367979000
52.050013,NAPKIN_LIFT1_POS_SETTLE,-0.222121000,-0.518154000,0.367992000
52.060262,NAPKIN_LIFT1_POS_SETTLE,-0.222650000,-0.518119000,0.368014000
52.070542,NAPKIN_LIFT1_POS_SETTLE,-0.223227000,-0.518084000,0.368036000
52.080906,NAPKIN_LIFT1_POS_SETTLE,-0.223746000,-0.518048000,0.368044000
52.091240,NAPKIN_LIFT1_POS_SETTLE,-0.224270000,-0.518005000,0.368055000
52.101582,NAPKIN_LIFT1_POS_SETTLE,-0.224845000,-0.517958000,0.368058000
52.111995,NAPKIN_LIFT1_POS_SETTLE,-0.225352000,-0.517922000,0.368056000
52.122383,NAPKIN_LIFT1_POS_SETTLE,-0.225935000,-0.517873000,0.368078000
52.132726,NAPKIN_LIFT1_POS_SETTLE,-0.226465000,-0.517829000,0.368103000
52.143077,NAPKIN_LIFT1_POS_SETTLE,-0.226973000,-0.517796000,0.368112000
52.153435,NAPKIN_LIFT1_POS_SETTLE,-0.227523000,-0.517758000,0.368108000
52.163772,NAPKIN_LIFT1_POS_SETTLE,-0.228035000,-0.517718000,0.368113000
52.174100,NAPKIN_LIFT1_POS_SETTLE,-0.228533000,-0.517687000,0.368122000
52.184451,NAPKIN_LIFT1_POS_SETTLE,-0.229082000,-0.517651000,0.368134000
52.194799,NAPKIN_LIFT1_POS_SETTLE,-0.229580000,-0.517620000,0.368147000
52.205133,NAPKIN_LIFT1_POS_SETTLE,-0.230074000,-0.517587000,0.368143000
52.215505,NAPKIN_LIFT1_POS_SETTLE,-0.230609000,-0.517562000,0.368140000
52.225836,NAPKIN_LIFT1_POS_SETTLE,-0.231118000,-0.517528000,0.368153000
52.236168,NAPKIN_LIFT1_POS_SETTLE,-0.231628000,-0.517497000,0.368161000
52.246500,NAPKIN_LIFT1_POS_SETTLE,-0.232176000,-0.517468000,0.368154000
52.256825,NAPKIN_LIFT1_POS_SETTLE,-0.232687000,-0.517436000,0.368159000
52.267146,NAPKIN_LIFT1_POS_SETTLE,-0.233188000,-0.517410000,0.368162000
52.277490,NAPKIN_LIFT1_POS_SETTLE,-0.233733000,-0.517385000,0.368159000
52.287805,NAPKIN_LIFT1_POS_SETTLE,-0.234221000,-0.517365000,0.368157000
52.298121,NAPKIN_LIFT1_POS_SETTLE,-0.234716000,-0.517339000,0.368156000
52.308527,NAPKIN_LIFT1_POS_SETTLE,-0.235249000,-0.517318000,0.368156000
52.318948,NAPKIN_LIFT1_POS_SETTLE,-0.235731000,-0.517298000,0.368148000
52.329289,NAPKIN_LIFT1_POS_SETTLE,-0.236216000,-0.517277000,0.368149000
52.339621,NAPKIN_LIFT1_POS_SETTLE,-0.236746000,-0.517258000,0.368153000
52.349950,NAPKIN_LIFT1_POS_SETTLE,-0.237220000,-0.517247000,0.368147000
52.360264,NAPKIN_LIFT1_POS_SETTLE,-0.237691000,-0.517238000,0.368141000
52.370573,NAPKIN_LIFT1_POS_SETTLE,-0.238205000,-0.517237000,0.368145000
52.380882,NAPKIN_LIFT1_POS_SETTLE,-0.238686000,-0.517222000,0.368138000
52.391205,NAPKIN_LIFT1_POS_SETTLE,-0.239150000,-0.517225000,0.368128000
52.401525,NAPKIN_LIFT1_POS_SETTLE,-0.239671000,-0.517231000,0.368127000
52.411898,NAPKIN_LIFT1_POS_SETTLE,-0.240153000,-0.517223000,0.368117000
52.422280,NAPKIN_LIFT1_POS_SETTLE,-0.240642000,-0.517216000,0.368107000
52.432616,NAPKIN_LIFT1_POS_SETTLE,-0.241178000,-0.517205000,0.368078000
52.442956,NAPKIN_LIFT1_POS_SETTLE,-0.241664000,-0.517197000,0.368066000
52.453277,NAPKIN_LIFT1_POS_SETTLE,-0.242157000,-0.517185000,0.368051000
52.463599,NAPKIN_LIFT1_POS_SETTLE,-0.242704000,-0.517173000,0.368036000
52.473922,NAPKIN_LIFT1_POS_SETTLE,-0.243188000,-0.517168000,0.368017000
52.484241,NAPKIN_LIFT1_POS_SETTLE,-0.243703000,-0.517137000,0.368012000
52.494576,NAPKIN_LIFT1_POS_SETTLE,-0.244266000,-0.517105000,0.368006000
52.504914,NAPKIN_LIFT1_POS_SETTLE,-0.244765000,-0.517082000,0.367995000
52.515331,NAPKIN_LIFT1_POS_SETTLE,-0.245257000,-0.517062000,0.367979000
52.525688,NAPKIN_LIFT1_POS_SETTLE,-0.245809000,-0.517030000,0.367963000
52.536027,NAPKIN_LIFT1_POS_SETTLE,-0.246291000,-0.517016000,0.367940000
52.546383,NAPKIN_LIFT1_POS_SETTLE,-0.246802000,-0.516988000,0.367939000
52.556692,NAPKIN_LIFT1_POS_SETTLE,-0.247368000,-0.516962000,0.367950000
52.567001,NAPKIN_LIFT1_POS_SETTLE,-0.247867000,-0.516942000,0.367948000
52.577312,NAPKIN_LIFT1_POS_SETTLE,-0.248366000,-0.516921000,0.367944000
52.587608,NAPKIN_LIFT1_POS_SETTLE,-0.248938000,-0.516884000,0.367934000
52.597936,NAPKIN_LIFT1_POS_SETTLE,-0.249444000,-0.516859000,0.367915000
52.608282,NAPKIN_LIFT1_POS_SETTLE,-0.249937000,-0.516840000,0.367896000
52.618617,NAPKIN_LIFT1_POS_SETTLE,-0.250489000,-0.516823000,0.367897000
52.628937,NAPKIN_LIFT1_POS_SETTLE,-0.250995000,-0.516809000,0.367908000
52.639253,NAPKIN_LIFT1_POS_SETTLE,-0.251503000,-0.516791000,0.367906000
52.649567,NAPKIN_LIFT1_POS_SETTLE,-0.252048000,-0.516773000,0.367897000
52.659889,NAPKIN_LIFT1_POS_SETTLE,-0.252554000,-0.516750000,0.367904000
52.670200,NAPKIN_LIFT1_POS_SETTLE,-0.253063000,-0.516724000,0.367928000
52.680514,NAPKIN_LIFT1_POS_SETTLE,-0.253620000,-0.516692000,0.367953000
52.690867,NAPKIN_LIFT1_POS_SETTLE,-0.254107000,-0.516673000,0.367965000
52.701137,NAPKIN_LIFT1_POS_SETTLE,-0.254602000,-0.516659000,0.367990000
52.711556,NAPKIN_LIFT1_POS_SETTLE,-0.255167000,-0.516639000,0.368051000
52.721893,NAPKIN_LIFT1_POS_SETTLE,-0.255668000,-0.516626000,0.368100000
52.732215,NAPKIN_LIFT1_POS_SETTLE,-0.256160000,-0.516610000,0.368126000
52.742523,NAPKIN_LIFT1_POS_SETTLE,-0.256697000,-0.516599000,0.368158000
52.752871,NAPKIN_LIFT1_POS_SETTLE,-0.257205000,-0.516576000,0.368194000
52.763197,NAPKIN_LIFT1_POS_SETTLE,-0.257728000,-0.516549000,0.368237000
52.773510,NAPKIN_LIFT1_POS_SETTLE,-0.258309000,-0.516515000,0.368279000
52.783813,NAPKIN_LIFT1_POS_SETTLE,-0.258819000,-0.516501000,0.368311000
52.794123,NAPKIN_LIFT1_POS_SETTLE,-0.259333000,-0.516479000,0.368347000
52.804428,NAPKIN_LIFT1_POS_SETTLE,-0.259895000,-0.516454000,0.368376000
52.814740,NAPKIN_LIFT1_POS_SETTLE,-0.260394000,-0.516427000,0.368389000
52.825048,NAPKIN_LIFT1_POS_SETTLE,-0.260898000,-0.516404000,0.368420000
52.835359,NAPKIN_LIFT1_POS_SETTLE,-0.261421000,-0.516369000,0.368464000
52.845644,NAPKIN_LIFT1_POS_SETTLE,-0.261986000,-0.516331000,0.368504000
52.855937,NAPKIN_LIFT1_POS_SETTLE,-0.262499000,-0.516296000,0.368535000
52.866235,NAPKIN_LIFT1_POS_SETTLE,-0.263004000,-0.516262000,0.368552000
52.876536,NAPKIN_LIFT1_POS_SETTLE,-0.263554000,-0.516231000,0.368576000
52.886844,NAPKIN_LIFT1_POS_SETTLE,-0.264067000,-0.516192000,0.368603000
52.897140,NAPKIN_LIFT1_POS_SETTLE,-0.264557000,-0.516167000,0.368612000
52.907545,NAPKIN_LIFT1_POS_SETTLE,-0.265094000,-0.516141000,0.368615000
52.917934,NAPKIN_LIFT1_POS_SETTLE,-0.265600000,-0.516108000,0.368621000
52.928276,NAPKIN_LIFT1_POS_SETTLE,-0.266101000,-0.516074000,0.368621000
52.938605,NAPKIN_LIFT1_POS_SETTLE,-0.266640000,-0.516047000,0.368612000
52.948938,NAPKIN_LIFT1_POS_SETTLE,-0.267132000,-0.516022000,0.368596000
52.959264,NAPKIN_LIFT1_POS_SETTLE,-0.267632000,-0.515993000,0.368577000
52.969583,NAPKIN_LIFT1_POS_SETTLE,-0.268182000,-0.515962000,0.368550000
53.240775,NAPKIN_S1_POS,-0.275038000,-0.517373000,0.368269000
53.250753,NAPKIN_S1_POS,-0.275052000,-0.517378000,0.368267000
53.260708,NAPKIN_S1_POS,-0.274930000,-0.517463000,0.368109000
53.270717,NAPKIN_S1_POS,-0.274646000,-0.517660000,0.367775000
53.280718,NAPKIN_S1_POS,-0.274381000,-0.517820000,0.367380000
53.290725,NAPKIN_S1_POS,-0.274260000,-0.517891000,0.366981000
53.300720,NAPKIN_S1_POS,-0.274194000,-0.517943000,0.366540000
53.310767,NAPKIN_S1_POS,-0.274154000,-0.517994000,0.366116000
53.320829,NAPKIN_S1_POS,-0.274127000,-0.518020000,0.365699000
53.330776,NAPKIN_S1_POS,-0.273957000,-0.518095000,0.365084000
53.340752,NAPKIN_S1_POS,-0.273683000,-0.518210000,0.364350000
53.350715,NAPKIN_S1_POS,-0.273482000,-0.518307000,0.363705000
53.360718,NAPKIN_S1_POS,-0.273382000,-0.518372000,0.363213000
53.370714,NAPKIN_S1_POS,-0.273313000,-0.518431000,0.362824000
53.380647,NAPKIN_S1_POS,-0.273258000,-0.518500000,0.362481000
53.390707,NAPKIN_S1_POS,-0.273248000,-0.518523000,0.362120000
53.400755,NAPKIN_S1_POS,-0.273293000,-0.518489000,0.361708000
53.410758,NAPKIN_S1_POS,-0.273376000,-0.518403000,0.361245000
53.420715,NAPKIN_S1_POS,-0.273487000,-0.518290000,0.360793000
53.430716,NAPKIN_S1_POS,-0.273562000,-0.518205000,0.360308000
53.440708,NAPKIN_S1_POS,-0.273618000,-0.518156000,0.359835000
53.450661,NAPKIN_S1_POS,-0.273667000,-0.518130000,0.359380000
53.460710,NAPKIN_S1_POS,-0.273683000,-0.518129000,0.358908000
53.470696,NAPKIN_S1_POS,-0.273683000,-0.518137000,0.358439000
53.480718,NAPKIN_S1_POS,-0.273676000,-0.518144000,0.357962000
53.490726,NAPKIN_S1_POS,-0.273686000,-0.518129000,0.357492000
53.500696,NAPKIN_S1_POS,-0.273725000,-0.518093000,0.357035000
53.510750,NAPKIN_S1_POS,-0.273776000,-0.518034000,0.356570000
53.520752,NAPKIN_S1_POS,-0.273806000,-0.517996000,0.356086000
53.530744,NAPKIN_S1_POS,-0.273815000,-0.517978000,0.355584000
53.540627,NAPKIN_S1_POS,-0.273825000,-0.517973000,0.355106000
53.550798,NAPKIN_S1_POS,-0.273855000,-0.517960000,0.354647000
53.560705,NAPKIN_S1_POS,-0.273870000,-0.517955000,0.354172000
53.570682,NAPKIN_S1_POS,-0.273885000,-0.517942000,0.353700000
53.580652,NAPKIN_S1_POS,-0.273913000,-0.517918000,0.353225000
53.590767,NAPKIN_S1_POS,-0.273937000,-0.517888000,0.352730000
53.600668,NAPKIN_S1_POS,-0.273962000,-0.517861000,0.352239000
53.600732,NAPKIN_S1_POS_SETTLE,-0.273962000,-0.517861000,0.352239000
53.611020,NAPKIN_S1_POS_SETTLE,-0.273983000,-0.517840000,0.351748000
53.621407,NAPKIN_S1_POS_SETTLE,-0.273999000,-0.517825000,0.351186000
53.631759,NAPKIN_S1_POS_SETTLE,-0.274013000,-0.517820000,0.350696000
53.642090,NAPKIN_S1_POS_SETTLE,-0.274021000,-0.517818000,0.350182000
53.652427,NAPKIN_S1_POS_SETTLE,-0.274030000,-0.517811000,0.349633000
53.662754,NAPKIN_S1_POS_SETTLE,-0.274045000,-0.517797000,0.349135000
53.673074,NAPKIN_S1_POS_SETTLE,-0.274060000,-0.517782000,0.348628000
53.683424,NAPKIN_S1_POS_SETTLE,-0.274064000,-0.517768000,0.348087000
53.693765,NAPKIN_S1_POS_SETTLE,-0.274062000,-0.517762000,0.347587000
53.704093,NAPKIN_S1_POS_SETTLE,-0.274044000,-0.517764000,0.347076000
53.714449,NAPKIN_S1_POS_SETTLE,-0.274039000,-0.517761000,0.346530000
53.724790,NAPKIN_S1_POS_SETTLE,-0.274042000,-0.517762000,0.346038000
53.735116,NAPKIN_S1_POS_SETTLE,-0.274032000,-0.517765000,0.345528000
53.745458,NAPKIN_S1_POS_SETTLE,-0.274041000,-0.517756000,0.344980000
53.755766,NAPKIN_S1_POS_SETTLE,-0.274054000,-0.517740000,0.344454000
53.766089,NAPKIN_S1_POS_SETTLE,-0.274071000,-0.517723000,0.343942000
53.776430,NAPKIN_S1_POS_SETTLE,-0.274094000,-0.517704000,0.343396000
53.786741,NAPKIN_S1_POS_SETTLE,-0.274062000,-0.517715000,0.342825000
53.797050,NAPKIN_S1_POS_SETTLE,-0.274045000,-0.517719000,0.342284000
53.807404,NAPKIN_S1_POS_SETTLE,-0.274055000,-0.517719000,0.341730000
53.817765,NAPKIN_S1_POS_SETTLE,-0.274058000,-0.517722000,0.341221000
53.828087,NAPKIN_S1_POS_SETTLE,-0.274062000,-0.517726000,0.340715000
53.838424,NAPKIN_S1_POS_SETTLE,-0.274071000,-0.517717000,0.340147000
53.848739,NAPKIN_S1_POS_SETTLE,-0.274081000,-0.517704000,0.339626000
53.859054,NAPKIN_S1_POS_SETTLE,-0.274080000,-0.517693000,0.339097000
53.869383,NAPKIN_S1_POS_SETTLE,-0.274085000,-0.517681000,0.338530000
53.879694,NAPKIN_S1_POS_SETTLE,-0.274095000,-0.517667000,0.338030000
53.890014,NAPKIN_S1_POS_SETTLE,-0.274087000,-0.517667000,0.337515000
53.900336,NAPKIN_S1_POS_SETTLE,-0.274098000,-0.517658000,0.336979000
53.910686,NAPKIN_S1_POS_SETTLE,-0.274114000,-0.517643000,0.336476000
53.921046,NAPKIN_S1_POS_SETTLE,-0.274130000,-0.517629000,0.335978000
53.931390,NAPKIN_S1_POS_SETTLE,-0.274164000,-0.517604000,0.335440000
53.941715,NAPKIN_S1_POS_SETTLE,-0.274182000,-0.517587000,0.334921000
53.952041,NAPKIN_S1_POS_SETTLE,-0.274214000,-0.517563000,0.334449000
53.962378,NAPKIN_S1_POS_SETTLE,-0.274240000,-0.517540000,0.333916000
53.972698,NAPKIN_S1_POS_SETTLE,-0.274252000,-0.517526000,0.333442000
53.983025,NAPKIN_S1_POS_SETTLE,-0.274270000,-0.517512000,0.332996000
53.993350,NAPKIN_S1_POS_SETTLE,-0.274285000,-0.517494000,0.332486000
54.003676,NAPKIN_S1_POS_SETTLE,-0.274297000,-0.517477000,0.332036000
54.014029,NAPKIN_S1_POS_SETTLE,-0.274317000,-0.517454000,0.331586000
54.024378,NAPKIN_S1_POS_SETTLE,-0.274350000,-0.517422000,0.331090000
54.034702,NAPKIN_S1_POS_SETTLE,-0.274380000,-0.517392000,0.330647000
54.045060,NAPKIN_S1_POS_SETTLE,-0.274417000,-0.517357000,0.330217000
54.055418,NAPKIN_S1_POS_SETTLE,-0.274452000,-0.517326000,0.329734000
54.065758,NAPKIN_S1_POS_SETTLE,-0.274474000,-0.517299000,0.329294000
54.076074,NAPKIN_S1_POS_SETTLE,-0.274503000,-0.517269000,0.328860000
54.086399,NAPKIN_S1_POS_SETTLE,-0.274535000,-0.517237000,0.328378000
54.096738,NAPKIN_S1_POS_SETTLE,-0.274566000,-0.517206000,0.327930000
54.107076,NAPKIN_S1_POS_SETTLE,-0.274612000,-0.517168000,0.327507000
54.117418,NAPKIN_S1_POS_SETTLE,-0.274660000,-0.517126000,0.327026000
54.127766,NAPKIN_S1_POS_SETTLE,-0.274667000,-0.517100000,0.326527000
54.138091,NAPKIN_S1_POS_SETTLE,-0.274677000,-0.517071000,0.326026000
54.148423,NAPKIN_S1_POS_SETTLE,-0.274722000,-0.517027000,0.325523000
54.158762,NAPKIN_S1_POS_SETTLE,-0.274761000,-0.516997000,0.325080000
54.169081,NAPKIN_S1_POS_SETTLE,-0.274770000,-0.516975000,0.324599000
54.179430,NAPKIN_S1_POS_SETTLE,-0.274771000,-0.516954000,0.324051000
54.189763,NAPKIN_S1_POS_SETTLE,-0.274771000,-0.516936000,0.323541000
54.200083,NAPKIN_S1_POS_SETTLE,-0.274765000,-0.516912000,0.323012000
54.210458,NAPKIN_S1_POS_SETTLE,-0.274752000,-0.516897000,0.322444000
54.220823,NAPKIN_S1_POS_SETTLE,-0.274731000,-0.516895000,0.321933000
54.231148,NAPKIN_S1_POS_SETTLE,-0.274736000,-0.516879000,0.321436000
54.241497,NAPKIN_S1_POS_SETTLE,-0.274728000,-0.516871000,0.320871000
54.251821,NAPKIN_S1_POS_SETTLE,-0.274708000,-0.516867000,0.320330000
54.262140,NAPKIN_S1_POS_SETTLE,-0.274696000,-0.516853000,0.319797000
54.272477,NAPKIN_S1_POS_SETTLE,-0.274697000,-0.516845000,0.319223000
54.282811,NAPKIN_S1_POS_SETTLE,-0.274692000,-0.516837000,0.318691000
54.293122,NAPKIN_S1_POS_SETTLE,-0.274687000,-0.516835000,0.318156000
54.303448,NAPKIN_S1_POS_SETTLE,-0.274701000,-0.516828000,0.317593000
54.313802,NAPKIN_S1_POS_SETTLE,-0.274720000,-0.516820000,0.317079000
54.324186,NAPKIN_S1_POS_SETTLE,-0.274728000,-0.516810000,0.316535000
54.334537,NAPKIN_S1_POS_SETTLE,-0.274755000,-0.516790000,0.315965000
54.344889,NAPKIN_S1_POS_SETTLE,-0.274778000,-0.516772000,0.315431000
54.355208,NAPKIN_S1_POS_SETTLE,-0.274777000,-0.516760000,0.314866000
54.365573,NAPKIN_S1_POS_SETTLE,-0.274806000,-0.516746000,0.314311000
54.375907,NAPKIN_S1_POS_SETTLE,-0.274821000,-0.516738000,0.313785000
54.386226,NAPKIN_S1_POS_SETTLE,-0.274842000,-0.516731000,0.313278000
54.396567,NAPKIN_S1_POS_SETTLE,-0.274882000,-0.516722000,0.312765000
54.406894,NAPKIN_S1_POS_SETTLE,-0.274897000,-0.516713000,0.312266000
54.417239,NAPKIN_S1_POS_SETTLE,-0.274887000,-0.516710000,0.311739000
54.427569,NAPKIN_S1_POS_SETTLE,-0.274898000,-0.516703000,0.311196000
54.437893,NAPKIN_S1_POS_SETTLE,-0.274909000,-0.516697000,0.310700000
54.448219,NAPKIN_S1_POS_SETTLE,-0.274914000,-0.516696000,0.310198000
54.458577,NAPKIN_S1_POS_SETTLE,-0.274922000,-0.516701000,0.309660000
54.468923,NAPKIN_S1_POS_SETTLE,-0.274948000,-0.516695000,0.309168000
54.479248,NAPKIN_S1_POS_SETTLE,-0.274980000,-0.516682000,0.308677000
54.489578,NAPKIN_S1_POS_SETTLE,-0.275009000,-0.516668000,0.308134000
54.499899,NAPKIN_S1_POS_SETTLE,-0.275017000,-0.516656000,0.307597000
54.510263,NAPKIN_S1_POS_SETTLE,-0.275025000,-0.516654000,0.307083000
54.520604,NAPKIN_S1_POS_SETTLE,-0.275038000,-0.516647000,0.306512000
54.530961,NAPKIN_S1_POS_SETTLE,-0.275057000,-0.516649000,0.306033000
54.541297,NAPKIN_S1_POS_SETTLE,-0.275089000,-0.516661000,0.305588000
54.551610,NAPKIN_S1_POS_SETTLE,-0.275124000,-0.516667000,0.305093000
54.561937,NAPKIN_S1_POS_SETTLE,-0.275165000,-0.516670000,0.304662000
54.572264,NAPKIN_S1_POS_SETTLE,-0.275213000,-0.516666000,0.304234000
54.843504,NAPKIN_S2_POS,-0.275786000,-0.517211000,0.294913000
54.853477,NAPKIN_S2_POS,-0.275937000,-0.517200000,0.295037000
54.863441,NAPKIN_S2_POS,-0.275848000,-0.517287000,0.294880000
54.873438,NAPKIN_S2_POS,-0.275734000,-0.517426000,0.294822000
54.883428,NAPKIN_S2_POS,-0.275705000,-0.517529000,0.294856000
54.893435,NAPKIN_S2_POS,-0.275599000,-0.517667000,0.294745000
54.903441,NAPKIN_S2_POS,-0.275336000,-0.517986000,0.294577000
54.913472,NAPKIN_S2_POS,-0.275095000,-0.518355000,0.294494000
54.923451,NAPKIN_S2_POS,-0.274856000,-0.518864000,0.294505000
54.933480,NAPKIN_S2_POS,-0.274706000,-0.519345000,0.294613000
54.943452,NAPKIN_S2_POS,-0.274617000,-0.519801000,0.294706000
54.953429,NAPKIN_S2_POS,-0.274569000,-0.520217000,0.294757000
54.963431,NAPKIN_S2_POS,-0.274510000,-0.520636000,0.294758000
54.973428,NAPKIN_S2_POS,-0.274444000,-0.521055000,0.294713000
54.983428,NAPKIN_S2_POS,-0.274351000,-0.521493000,0.294596000
54.993426,NAPKIN_S2_POS,-0.274254000,-0.521960000,0.294492000
55.003427,NAPKIN_S2_POS,-0.274186000,-0.522451000,0.294434000
55.013492,NAPKIN_S2_POS,-0.274122000,-0.522956000,0.294405000
55.023431,NAPKIN_S2_POS,-0.274028000,-0.523482000,0.294356000
55.033428,NAPKIN_S2_POS,-0.273970000,-0.524006000,0.294342000
55.043425,NAPKIN_S2_POS,-0.273931000,-0.524517000,0.294319000
55.053426,NAPKIN_S2_POS,-0.273880000,-0.525015000,0.294255000
55.063410,NAPKIN_S2_POS,-0.273851000,-0.525464000,0.294199000
55.073415,NAPKIN_S2_POS,-0.273798000,-0.526037000,0.294128000
55.083383,NAPKIN_S2_POS,-0.273775000,-0.526547000,0.294062000
55.093425,NAPKIN_S2_POS,-0.273732000,-0.527075000,0.293999000
55.103413,NAPKIN_S2_POS,-0.273714000,-0.527601000,0.293966000
55.113484,NAPKIN_S2_POS,-0.273693000,-0.528125000,0.293926000
55.123422,NAPKIN_S2_POS,-0.273698000,-0.528629000,0.293901000
55.123502,NAPKIN_S2_POS_SETTLE,-0.273698000,-0.528629000,0.293901000
55.133824,NAPKIN_S2_POS_SETTLE,-0.273729000,-0.529110000,0.293880000
55.144140,NAPKIN_S2_POS_SETTLE,-0.273721000,-0.529613000,0.293832000
55.154497,NAPKIN_S2_POS_SETTLE,-0.273691000,-0.530170000,0.293751000
55.164844,NAPKIN_S2_POS_SETTLE,-0.273676000,-0.530680000,0.293693000
55.175181,NAPKIN_S2_POS_SETTLE,-0.273681000,-0.531183000,0.293654000
55.185529,NAPKIN_S2_POS_SETTLE,-0.273673000,-0.531739000,0.293607000
55.195854,NAPKIN_S2_POS_SETTLE,-0.273679000,-0.532238000,0.293580000
55.206206,NAPKIN_S2_POS_SETTLE,-0.273717000,-0.532718000,0.293584000
55.216577,NAPKIN_S2_POS_SETTLE,-0.273751000,-0.533230000,0.293571000
55.226901,NAPKIN_S2_POS_SETTLE,-0.273757000,-0.533702000,0.293540000
55.237236,NAPKIN_S2_POS_SETTLE,-0.273756000,-0.534173000,0.293492000
55.247532,NAPKIN_S2_POS_SETTLE,-0.273752000,-0.534636000,0.293435000
55.257876,NAPKIN_S2_POS_SETTLE,-0.273746000,-0.535155000,0.293386000
55.268190,NAPKIN_S2_POS_SETTLE,-0.273759000,-0.535621000,0.293365000
55.278506,NAPKIN_S2_POS_SETTLE,-0.273781000,-0.536147000,0.293383000
55.288811,NAPKIN_S2_POS_SETTLE,-0.273813000,-0.536611000,0.293389000
55.299129,NAPKIN_S2_POS_SETTLE,-0.273818000,-0.537094000,0.293372000
55.309565,NAPKIN_S2_POS_SETTLE,-0.273820000,-0.537630000,0.293358000
55.319939,NAPKIN_S2_POS_SETTLE,-0.273840000,-0.538109000,0.293350000
55.330271,NAPKIN_S2_POS_SETTLE,-0.273844000,-0.538552000,0.293315000
55.340592,NAPKIN_S2_POS_SETTLE,-0.273854000,-0.539155000,0.293291000
55.350926,NAPKIN_S2_POS_SETTLE,-0.273886000,-0.539641000,0.293272000
55.361262,NAPKIN_S2_POS_SETTLE,-0.273889000,-0.540154000,0.293244000
55.371576,NAPKIN_S2_POS_SETTLE,-0.273898000,-0.540719000,0.293219000
55.381869,NAPKIN_S2_POS_SETTLE,-0.273918000,-0.541218000,0.293206000
55.392170,NAPKIN_S2_POS_SETTLE,-0.273942000,-0.541723000,0.293200000
55.402469,NAPKIN_S2_POS_SETTLE,-0.273978000,-0.542212000,0.293191000
55.412804,NAPKIN_S2_POS_SETTLE,-0.273981000,-0.542768000,0.293159000
55.423115,NAPKIN_S2_POS_SETTLE,-0.273943000,-0.543288000,0.293092000
55.433460,NAPKIN_S2_POS_SETTLE,-0.273886000,-0.543876000,0.293020000
55.443753,NAPKIN_S2_POS_SETTLE,-0.273883000,-0.544388000,0.293001000
55.454036,NAPKIN_S2_POS_SETTLE,-0.273881000,-0.544907000,0.292997000
55.464329,NAPKIN_S2_POS_SETTLE,-0.273871000,-0.545429000,0.292993000
55.474629,NAPKIN_S2_POS_SETTLE,-0.273846000,-0.545996000,0.292963000
55.484914,NAPKIN_S2_POS_SETTLE,-0.273844000,-0.546501000,0.292941000
55.495206,NAPKIN_S2_POS_SETTLE,-0.273858000,-0.546990000,0.292935000
55.505505,NAPKIN_S2_POS_SETTLE,-0.273868000,-0.547473000,0.292920000
55.515816,NAPKIN_S2_POS_SETTLE,-0.273874000,-0.548012000,0.292894000
55.526103,NAPKIN_S2_POS_SETTLE,-0.273882000,-0.548484000,0.292856000
55.536431,NAPKIN_S2_POS_SETTLE,-0.273903000,-0.549009000,0.292828000
55.546723,NAPKIN_S2_POS_SETTLE,-0.273920000,-0.549491000,0.292810000
55.557014,NAPKIN_S2_POS_SETTLE,-0.273934000,-0.549963000,0.292775000
55.567327,NAPKIN_S2_POS_SETTLE,-0.273934000,-0.550436000,0.292722000
55.577618,NAPKIN_S2_POS_SETTLE,-0.273939000,-0.550960000,0.292676000
55.587910,NAPKIN_S2_POS_SETTLE,-0.273963000,-0.551423000,0.292654000
55.598196,NAPKIN_S2_POS_SETTLE,-0.273972000,-0.551907000,0.292648000
55.608542,NAPKIN_S2_POS_SETTLE,-0.273972000,-0.552458000,0.292648000
55.618861,NAPKIN_S2_POS_SETTLE,-0.273983000,-0.552957000,0.292670000
55.629148,NAPKIN_S2_POS_SETTLE,-0.274025000,-0.553432000,0.292694000
55.639437,NAPKIN_S2_POS_SETTLE,-0.274047000,-0.553973000,0.292708000
55.649727,NAPKIN_S2_POS_SETTLE,-0.274061000,-0.554471000,0.292729000
55.660022,NAPKIN_S2_POS_SETTLE,-0.274080000,-0.554970000,0.292768000
55.670324,NAPKIN_S2_POS_SETTLE,-0.274116000,-0.555464000,0.292824000
55.680601,NAPKIN_S2_POS_SETTLE,-0.274154000,-0.555960000,0.292887000
55.690881,NAPKIN_S2_POS_SETTLE,-0.274182000,-0.556502000,0.292933000
55.701149,NAPKIN_S2_POS_SETTLE,-0.274215000,-0.556999000,0.292994000
55.711468,NAPKIN_S2_POS_SETTLE,-0.274260000,-0.557538000,0.293066000
55.721775,NAPKIN_S2_POS_SETTLE,-0.274300000,-0.558029000,0.293123000
55.732113,NAPKIN_S2_POS_SETTLE,-0.274327000,-0.558527000,0.293170000
55.742477,NAPKIN_S2_POS_SETTLE,-0.274354000,-0.559072000,0.293220000
55.752809,NAPKIN_S2_POS_SETTLE,-0.274371000,-0.559576000,0.293275000
55.763131,NAPKIN_S2_POS_SETTLE,-0.274383000,-0.560087000,0.293331000
55.773449,NAPKIN_S2_POS_SETTLE,-0.274396000,-0.560644000,0.293372000
55.783809,NAPKIN_S2_POS_SETTLE,-0.274417000,-0.561142000,0.293405000
55.794124,NAPKIN_S2_POS_SETTLE,-0.274442000,-0.561634000,0.293434000
55.804456,NAPKIN_S2_POS_SETTLE,-0.274463000,-0.562170000,0.293442000
55.814813,NAPKIN_S2_POS_SETTLE,-0.274497000,-0.562597000,0.293448000
55.825144,NAPKIN_S2_POS_SETTLE,-0.274558000,-0.563103000,0.293450000
55.835480,NAPKIN_S2_POS_SETTLE,-0.274610000,-0.563618000,0.293446000
55.845803,NAPKIN_S2_POS_SETTLE,-0.274653000,-0.564081000,0.293430000
56.116993,NAPKIN_LIFT2_POS,-0.274714000,-0.574581000,0.292778000
56.126900,NAPKIN_LIFT2_POS,-0.274736000,-0.574635000,0.292802000
56.136929,NAPKIN_LIFT2_POS,-0.274603000,-0.574750000,0.292676000
56.146894,NAPKIN_LIFT2_POS,-0.274308000,-0.574916000,0.292331000
56.156896,NAPKIN_LIFT2_POS,-0.274195000,-0.575052000,0.292319000
56.166880,NAPKIN_LIFT2_POS,-0.274243000,-0.575148000,0.292568000
56.176902,NAPKIN_LIFT2_POS,-0.274208000,-0.575224000,0.292728000
56.186882,NAPKIN_LIFT2_POS,-0.274086000,-0.575299000,0.292781000
56.196903,NAPKIN_LIFT2_POS,-0.273933000,-0.575406000,0.292896000
56.206887,NAPKIN_LIFT2_POS,-0.273782000,-0.575543000,0.293188000
56.216910,NAPKIN_LIFT2_POS,-0.273648000,-0.575699000,0.293625000
56.226860,NAPKIN_LIFT2_POS,-0.273446000,-0.575890000,0.294182000
56.236899,NAPKIN_LIFT2_POS,-0.273252000,-0.576051000,0.294643000
56.246859,NAPKIN_LIFT2_POS,-0.273208000,-0.576143000,0.295226000
56.256898,NAPKIN_LIFT2_POS,-0.273239000,-0.576191000,0.295808000
56.266851,NAPKIN_LIFT2_POS,-0.273264000,-0.576240000,0.296430000
56.276894,NAPKIN_LIFT2_POS,-0.273277000,-0.576286000,0.297039000
56.286852,NAPKIN_LIFT2_POS,-0.273320000,-0.576287000,0.297512000
56.296987,NAPKIN_LIFT2_POS,-0.273376000,-0.576265000,0.297939000
56.306884,NAPKIN_LIFT2_POS,-0.273391000,-0.576261000,0.298362000
56.316910,NAPKIN_LIFT2_POS,-0.273373000,-0.576284000,0.298826000
56.326849,NAPKIN_LIFT2_POS,-0.273337000,-0.576340000,0.299315000
56.336957,NAPKIN_LIFT2_POS,-0.273278000,-0.576406000,0.299782000
56.346897,NAPKIN_LIFT2_POS,-0.273240000,-0.576455000,0.300195000
56.356901,NAPKIN_LIFT2_POS,-0.273217000,-0.576490000,0.300709000
56.366882,NAPKIN_LIFT2_POS,-0.273225000,-0.576493000,0.301169000
56.376899,NAPKIN_LIFT2_POS,-0.273245000,-0.576475000,0.301626000
56.386869,NAPKIN_LIFT2_POS,-0.273278000,-0.576454000,0.302109000
56.396896,NAPKIN_LIFT2_POS,-0.273309000,-0.576428000,0.302588000
56.407030,NAPKIN_LIFT2_POS,-0.273330000,-0.576409000,0.303061000
56.416930,NAPKIN_LIFT2_POS,-0.273328000,-0.576409000,0.303541000
56.426901,NAPKIN_LIFT2_POS,-0.273317000,-0.576417000,0.304018000
56.436895,NAPKIN_LIFT2_POS,-0.273297000,-0.576431000,0.304499000
56.446891,NAPKIN_LIFT2_POS,-0.273279000,-0.576430000,0.304920000
56.456898,NAPKIN_LIFT2_POS,-0.273275000,-0.576427000,0.305447000
56.466882,NAPKIN_LIFT2_POS,-0.273275000,-0.576420000,0.305925000
56.476900,NAPKIN_LIFT2_POS,-0.273272000,-0.576424000,0.306428000
56.486879,NAPKIN_LIFT2_POS,-0.273262000,-0.576431000,0.306919000
56.496904,NAPKIN_LIFT2_POS,-0.273244000,-0.576449000,0.307400000
56.506897,NAPKIN_LIFT2_POS,-0.273224000,-0.576476000,0.307889000
56.506982,NAPKIN_LIFT2_POS_SETTLE,-0.273224000,-0.576476000,0.307889000
56.517325,NAPKIN_LIFT2_POS_SETTLE,-0.273225000,-0.576482000,0.308367000
56.527663,NAPKIN_LIFT2_POS_SETTLE,-0.273230000,-0.576490000,0.308899000
56.537974,NAPKIN_LIFT2_POS_SETTLE,-0.273243000,-0.576491000,0.309392000
56.548378,NAPKIN_LIFT2_POS_SETTLE,-0.273251000,-0.576493000,0.309835000
56.558739,NAPKIN_LIFT2_POS_SETTLE,-0.273251000,-0.576493000,0.310400000
56.569087,NAPKIN_LIFT2_POS_SETTLE,-0.273258000,-0.576493000,0.310871000
56.579437,NAPKIN_LIFT2_POS_SETTLE,-0.273265000,-0.576496000,0.311338000
56.589763,NAPKIN_LIFT2_POS_SETTLE,-0.273267000,-0.576504000,0.311818000
56.600095,NAPKIN_LIFT2_POS_SETTLE,-0.273274000,-0.576511000,0.312302000
56.610493,NAPKIN_LIFT2_POS_SETTLE,-0.273284000,-0.576514000,0.312881000
56.620845,NAPKIN_LIFT2_POS_SETTLE,-0.273298000,-0.576504000,0.313363000
56.631211,NAPKIN_LIFT2_POS_SETTLE,-0.273302000,-0.576503000,0.313854000
56.641601,NAPKIN_LIFT2_POS_SETTLE,-0.273301000,-0.576496000,0.314387000
56.651930,NAPKIN_LIFT2_POS_SETTLE,-0.273310000,-0.576491000,0.314895000
56.662250,NAPKIN_LIFT2_POS_SETTLE,-0.273319000,-0.576485000,0.315402000
56.672579,NAPKIN_LIFT2_POS_SETTLE,-0.273323000,-0.576485000,0.315959000
56.682903,NAPKIN_LIFT2_POS_SETTLE,-0.273320000,-0.576488000,0.316452000
56.693226,NAPKIN_LIFT2_POS_SETTLE,-0.273321000,-0.576489000,0.316960000
56.703562,NAPKIN_LIFT2_POS_SETTLE,-0.273335000,-0.576482000,0.317514000
56.713905,NAPKIN_LIFT2_POS_SETTLE,-0.273347000,-0.576472000,0.318012000
56.724243,NAPKIN_LIFT2_POS_SETTLE,-0.273376000,-0.576452000,0.318518000
56.734571,NAPKIN_LIFT2_POS_SETTLE,-0.273405000,-0.576437000,0.319021000
56.744928,NAPKIN_LIFT2_POS_SETTLE,-0.273427000,-0.576420000,0.319557000
56.755258,NAPKIN_LIFT2_POS_SETTLE,-0.273440000,-0.576412000,0.320036000
56.765591,NAPKIN_LIFT2_POS_SETTLE,-0.273463000,-0.576401000,0.320571000
56.775916,NAPKIN_LIFT2_POS_SETTLE,-0.273469000,-0.576397000,0.321054000
56.786241,NAPKIN_LIFT2_POS_SETTLE,-0.273477000,-0.576389000,0.321479000
56.796565,NAPKIN_LIFT2_POS_SETTLE,-0.273493000,-0.576371000,0.322050000
56.806889,NAPKIN_LIFT2_POS_SETTLE,-0.273519000,-0.576353000,0.322541000
56.817238,NAPKIN_LIFT2_POS_SETTLE,-0.273540000,-0.576339000,0.323049000
56.827568,NAPKIN_LIFT2_POS_SETTLE,-0.273564000,-0.576314000,0.323599000
56.837893,NAPKIN_LIFT2_POS_SETTLE,-0.273584000,-0.576293000,0.324058000
56.848214,NAPKIN_LIFT2_POS_SETTLE,-0.273602000,-0.576264000,0.324618000
56.858523,NAPKIN_LIFT2_POS_SETTLE,-0.273606000,-0.576245000,0.325184000
56.868862,NAPKIN_LIFT2_POS_SETTLE,-0.273616000,-0.576226000,0.325699000
56.879198,NAPKIN_LIFT2_POS_SETTLE,-0.273632000,-0.576213000,0.326244000
56.889525,NAPKIN_LIFT2_POS_SETTLE,-0.273650000,-0.576200000,0.326837000
56.899830,NAPKIN_LIFT2_POS_SETTLE,-0.273674000,-0.576179000,0.327373000
56.910173,NAPKIN_LIFT2_POS_SETTLE,-0.273698000,-0.576158000,0.327914000
56.920534,NAPKIN_LIFT2_POS_SETTLE,-0.273714000,-0.576137000,0.328423000
56.930865,NAPKIN_LIFT2_POS_SETTLE,-0.273717000,-0.576125000,0.328983000
56.941216,NAPKIN_LIFT2_POS_SETTLE,-0.273732000,-0.576114000,0.329508000
56.951564,NAPKIN_LIFT2_POS_SETTLE,-0.273754000,-0.576103000,0.330036000
56.961916,NAPKIN_LIFT2_POS_SETTLE,-0.273779000,-0.576090000,0.330612000
56.972232,NAPKIN_LIFT2_POS_SETTLE,-0.273793000,-0.576076000,0.331122000
56.982573,NAPKIN_LIFT2_POS_SETTLE,-0.273798000,-0.576067000,0.331619000
56.992900,NAPKIN_LIFT2_POS_SETTLE,-0.273806000,-0.576053000,0.332177000
57.003215,NAPKIN_LIFT2_POS_SETTLE,-0.273820000,-0.576037000,0.332700000
57.013560,NAPKIN_LIFT2_POS_SETTLE,-0.273842000,-0.576017000,0.333274000
57.023915,NAPKIN_LIFT2_POS_SETTLE,-0.273860000,-0.576001000,0.333801000
57.034233,NAPKIN_LIFT2_POS_SETTLE,-0.273884000,-0.575984000,0.334332000
57.044561,NAPKIN_LIFT2_POS_SETTLE,-0.273914000,-0.575961000,0.334866000
57.054862,NAPKIN_LIFT2_POS_SETTLE,-0.273930000,-0.575947000,0.335444000
57.065185,NAPKIN_LIFT2_POS_SETTLE,-0.273928000,-0.575937000,0.335897000
57.075499,NAPKIN_LIFT2_POS_SETTLE,-0.273919000,-0.575930000,0.336448000
57.085841,NAPKIN_LIFT2_POS_SETTLE,-0.273945000,-0.575911000,0.337033000
57.096168,NAPKIN_LIFT2_POS_SETTLE,-0.273962000,-0.575904000,0.337559000
57.106519,NAPKIN_LIFT2_POS_SETTLE,-0.273969000,-0.575902000,0.338069000
57.116892,NAPKIN_LIFT2_POS_SETTLE,-0.273989000,-0.575892000,0.338569000
57.127216,NAPKIN_LIFT2_POS_SETTLE,-0.274005000,-0.575884000,0.339048000
57.137541,NAPKIN_LIFT2_POS_SETTLE,-0.274028000,-0.575870000,0.339572000
57.147900,NAPKIN_LIFT2_POS_SETTLE,-0.274047000,-0.575859000,0.340054000
57.158241,NAPKIN_LIFT2_POS_SETTLE,-0.274063000,-0.575854000,0.340529000
57.168565,NAPKIN_LIFT2_POS_SETTLE,-0.274065000,-0.575847000,0.341025000
57.178906,NAPKIN_LIFT2_POS_SETTLE,-0.274069000,-0.575843000,0.341474000
57.189231,NAPKIN_LIFT2_POS_SETTLE,-0.274078000,-0.575843000,0.341940000
57.199564,NAPKIN_LIFT2_POS_SETTLE,-0.274085000,-0.575845000,0.342458000
57.209918,NAPKIN_LIFT2_POS_SETTLE,-0.274091000,-0.575845000,0.342921000
57.220242,NAPKIN_LIFT2_POS_SETTLE,-0.274100000,-0.575845000,0.343384000
57.230581,NAPKIN_LIFT2_POS_SETTLE,-0.274107000,-0.575847000,0.343895000
57.240896,NAPKIN_LIFT2_POS_SETTLE,-0.274102000,-0.575856000,0.344367000
57.251215,NAPKIN_LIFT2_POS_SETTLE,-0.274084000,-0.575876000,0.344845000
57.261518,NAPKIN_LIFT2_POS_SETTLE,-0.274072000,-0.575893000,0.345369000
57.272506,NAPKIN_LIFT2_POS_SETTLE,-0.274062000,-0.575907000,0.345897000
57.282823,NAPKIN_LIFT2_POS_SETTLE,-0.274056000,-0.575921000,0.346384000
57.293143,NAPKIN_LIFT2_POS_SETTLE,-0.274061000,-0.575925000,0.346877000
57.303473,NAPKIN_LIFT2_POS_SETTLE,-0.274071000,-0.575927000,0.347414000
57.313843,NAPKIN_LIFT2_POS_SETTLE,-0.274072000,-0.575932000,0.347892000
57.324184,NAPKIN_LIFT2_POS_SETTLE,-0.274078000,-0.575934000,0.348372000
57.334510,NAPKIN_LIFT2_POS_SETTLE,-0.274080000,-0.575937000,0.348891000
57.344869,NAPKIN_LIFT2_POS_SETTLE,-0.274079000,-0.575944000,0.349371000
57.355209,NAPKIN_LIFT2_POS_SETTLE,-0.274095000,-0.575943000,0.349862000
57.365538,NAPKIN_LIFT2_POS_SETTLE,-0.274106000,-0.575938000,0.350390000
57.375853,NAPKIN_LIFT2_POS_SETTLE,-0.274127000,-0.575933000,0.350873000
57.386167,NAPKIN_LIFT2_POS_SETTLE,-0.274141000,-0.575930000,0.351357000
57.396478,NAPKIN_LIFT2_POS_SETTLE,-0.274157000,-0.575921000,0.351886000
57.406828,NAPKIN_LIFT2_POS_SETTLE,-0.274172000,-0.575914000,0.352367000
57.417194,NAPKIN_LIFT2_POS_SETTLE,-0.274193000,-0.575906000,0.352863000
57.427515,NAPKIN_LIFT2_POS_SETTLE,-0.274216000,-0.575898000,0.353412000
57.437840,NAPKIN_LIFT2_POS_SETTLE,-0.274242000,-0.575893000,0.353939000
57.448165,NAPKIN_LIFT2_POS_SETTLE,-0.274261000,-0.575887000,0.354465000
57.458487,NAPKIN_LIFT2_POS_SETTLE,-0.274269000,-0.575881000,0.355014000
57.468792,NAPKIN_LIFT2_POS_SETTLE,-0.274281000,-0.575877000,0.355529000
57.479095,NAPKIN_LIFT2_POS_SETTLE,-0.274300000,-0.575868000,0.356053000
57.489442,NAPKIN_LIFT2_POS_SETTLE,-0.274316000,-0.575864000,0.356648000
57.499766,NAPKIN_LIFT2_POS_SETTLE,-0.274328000,-0.575859000,0.357176000
57.510144,NAPKIN_LIFT2_POS_SETTLE,-0.274333000,-0.575857000,0.357690000
57.520504,NAPKIN_LIFT2_POS_SETTLE,-0.274341000,-0.575853000,0.358251000
57.530835,NAPKIN_LIFT2_POS_SETTLE,-0.274365000,-0.575838000,0.358758000
57.541131,NAPKIN_LIFT2_POS_SETTLE,-0.274380000,-0.575830000,0.359271000
57.551486,NAPKIN_LIFT2_POS_SETTLE,-0.274396000,-0.575822000,0.359833000
57.561834,NAPKIN_LIFT2_POS_SETTLE,-0.274401000,-0.575823000,0.360341000
57.572149,NAPKIN_LIFT2_POS_SETTLE,-0.274412000,-0.575819000,0.360835000
57.582468,NAPKIN_LIFT2_POS_SETTLE,-0.274423000,-0.575813000,0.361379000
57.592822,NAPKIN_LIFT2_POS_SETTLE,-0.274445000,-0.575802000,0.361876000
57.603149,NAPKIN_LIFT2_POS_SETTLE,-0.274463000,-0.575794000,0.362365000
57.874375,NAPKIN_LIFT1_POS_FWD1,-0.274431000,-0.575300000,0.368173000
57.884324,NAPKIN_LIFT1_POS_FWD1,-0.274442000,-0.575287000,0.368169000
57.894307,NAPKIN_LIFT1_POS_FWD1,-0.274326000,-0.575348000,0.368047000
57.904292,NAPKIN_LIFT1_POS_FWD1,-0.273989000,-0.575536000,0.367722000
57.914379,NAPKIN_LIFT1_POS_FWD1,-0.273632000,-0.575723000,0.367362000
57.924280,NAPKIN_LIFT1_POS_FWD1,-0.273343000,-0.575853000,0.367104000
57.934304,NAPKIN_LIFT1_POS_FWD1,-0.273296000,-0.575833000,0.367099000
57.944281,NAPKIN_LIFT1_POS_FWD1,-0.273406000,-0.575667000,0.367129000
57.954327,NAPKIN_LIFT1_POS_FWD1,-0.273248000,-0.575552000,0.366777000
57.964261,NAPKIN_LIFT1_POS_FWD1,-0.272899000,-0.575500000,0.366314000
57.974304,NAPKIN_LIFT1_POS_FWD1,-0.272621000,-0.575390000,0.366044000
57.984267,NAPKIN_LIFT1_POS_FWD1,-0.272492000,-0.575194000,0.365993000
57.994303,NAPKIN_LIFT1_POS_FWD1,-0.272418000,-0.574940000,0.366008000
58.004265,NAPKIN_LIFT1_POS_FWD1,-0.272345000,-0.574647000,0.366012000
58.014324,NAPKIN_LIFT1_POS_FWD1,-0.272307000,-0.574299000,0.366015000
58.024278,NAPKIN_LIFT1_POS_FWD1,-0.272307000,-0.573901000,0.366030000
58.034287,NAPKIN_LIFT1_POS_FWD1,-0.272371000,-0.573440000,0.366047000
58.044273,NAPKIN_LIFT1_POS_FWD1,-0.272490000,-0.572916000,0.366046000
58.054287,NAPKIN_LIFT1_POS_FWD1,-0.272671000,-0.572334000,0.366052000
58.064269,NAPKIN_LIFT1_POS_FWD1,-0.272830000,-0.571764000,0.366064000
58.074302,NAPKIN_LIFT1_POS_FWD1,-0.272947000,-0.571214000,0.366067000
58.084274,NAPKIN_LIFT1_POS_FWD1,-0.273022000,-0.570692000,0.366083000
58.094281,NAPKIN_LIFT1_POS_FWD1,-0.273068000,-0.570192000,0.366113000
58.104278,NAPKIN_LIFT1_POS_FWD1,-0.273055000,-0.569723000,0.366130000
58.114379,NAPKIN_LIFT1_POS_FWD1,-0.273032000,-0.569199000,0.366151000
58.124315,NAPKIN_LIFT1_POS_FWD1,-0.273035000,-0.568747000,0.366183000
58.134311,NAPKIN_LIFT1_POS_FWD1,-0.273058000,-0.568230000,0.366228000
58.144298,NAPKIN_LIFT1_POS_FWD1,-0.273096000,-0.567706000,0.366291000
58.154400,NAPKIN_LIFT1_POS_FWD1,-0.273130000,-0.567134000,0.366355000
58.164306,NAPKIN_LIFT1_POS_FWD1,-0.273184000,-0.566655000,0.366425000
58.164397,NAPKIN_LIFT1_POS_FWD1_SETTLE,-0.273190000,-0.566602000,0.366433000
58.174716,NAPKIN_LIFT1_POS_FWD1_SETTLE,-0.273257000,-0.566079000,0.366514000
58.185049,NAPKIN_LIFT1_POS_FWD1_SETTLE,-0.273304000,-0.565558000,0.366570000
58.195388,NAPKIN_LIFT1_POS_FWD1_SETTLE,-0.273335000,-0.564998000,0.366623000
58.205725,NAPKIN_LIFT1_POS_FWD1_SETTLE,-0.273385000,-0.564459000,0.366664000
58.216102,NAPKIN_LIFT1_POS_FWD1_SETTLE,-0.273426000,-0.563919000,0.366687000
58.226442,NAPKIN_LIFT1_POS_FWD1_SETTLE,-0.273458000,-0.563324000,0.366696000
58.236841,NAPKIN_LIFT1_POS_FWD1_SETTLE,-0.273518000,-0.562769000,0.366722000
58.247185,NAPKIN_LIFT1_POS_FWD1_SETTLE,-0.273581000,-0.562220000,0.366758000
58.257506,NAPKIN_LIFT1_POS_FWD1_SETTLE,-0.273639000,-0.561628000,0.366796000
58.267859,NAPKIN_LIFT1_POS_FWD1_SETTLE,-0.273694000,-0.561098000,0.366842000
58.278182,NAPKIN_LIFT1_POS_FWD1_SETTLE,-0.273766000,-0.560553000,0.366885000
58.288515,NAPKIN_LIFT1_POS_FWD1_SETTLE,-0.273820000,-0.559957000,0.366894000
58.298840,NAPKIN_LIFT1_POS_FWD1_SETTLE,-0.273862000,-0.559411000,0.366906000
58.309246,NAPKIN_LIFT1_POS_FWD1_SETTLE,-0.273915000,-0.558861000,0.366936000
58.319627,NAPKIN_LIFT1_POS_FWD1_SETTLE,-0.273980000,-0.558251000,0.366957000
58.329958,NAPKIN_LIFT1_POS_FWD1_SETTLE,-0.273989000,-0.557724000,0.366941000
58.340283,NAPKIN_LIFT1_POS_FWD1_SETTLE,-0.274017000,-0.557194000,0.366947000
58.350640,NAPKIN_LIFT1_POS_FWD1_SETTLE,-0.274065000,-0.556606000,0.366963000
58.361000,NAPKIN_LIFT1_POS_FWD1_SETTLE,-0.274119000,-0.556069000,0.366981000
58.371351,NAPKIN_LIFT1_POS_FWD1_SETTLE,-0.274155000,-0.555542000,0.366993000
58.381673,NAPKIN_LIFT1_POS_FWD1_SETTLE,-0.274200000,-0.554965000,0.367029000
58.392005,NAPKIN_LIFT1_POS_FWD1_SETTLE,-0.274260000,-0.554432000,0.367087000
58.402328,NAPKIN_LIFT1_POS_FWD1_SETTLE,-0.274317000,-0.553908000,0.367151000
58.412686,NAPKIN_LIFT1_POS_FWD1_SETTLE,-0.274362000,-0.553354000,0.367219000
58.423039,NAPKIN_LIFT1_POS_FWD1_SETTLE,-0.274391000,-0.552864000,0.367280000
58.433377,NAPKIN_LIFT1_POS_FWD1_SETTLE,-0.274427000,-0.552337000,0.367342000
58.443709,NAPKIN_LIFT1_POS_FWD1_SETTLE,-0.274440000,-0.551875000,0.367387000
58.454036,NAPKIN_LIFT1_POS_FWD1_SETTLE,-0.274448000,-0.551419000,0.367429000
58.464371,NAPKIN_LIFT1_POS_FWD1_SETTLE,-0.274470000,-0.550906000,0.367481000
58.474698,NAPKIN_LIFT1_POS_FWD1_SETTLE,-0.274517000,-0.550426000,0.367547000
58.485027,NAPKIN_LIFT1_POS_FWD1_SETTLE,-0.274554000,-0.549940000,0.367602000
58.495365,NAPKIN_LIFT1_POS_FWD1_SETTLE,-0.274581000,-0.549412000,0.367657000
58.505681,NAPKIN_LIFT1_POS_FWD1_SETTLE,-0.274613000,-0.548923000,0.367705000
58.516038,NAPKIN_LIFT1_POS_FWD1_SETTLE,-0.274636000,-0.548436000,0.367740000
58.526387,NAPKIN_LIFT1_POS_FWD1_SETTLE,-0.274659000,-0.547956000,0.367785000
58.536716,NAPKIN_LIFT1_POS_FWD1_SETTLE,-0.274677000,-0.547422000,0.367810000
58.547044,NAPKIN_LIFT1_POS_FWD1_SETTLE,-0.274707000,-0.546923000,0.367825000
58.557400,NAPKIN_LIFT1_POS_FWD1_SETTLE,-0.274730000,-0.546379000,0.367826000
58.567738,NAPKIN_LIFT1_POS_FWD1_SETTLE,-0.274740000,-0.545889000,0.367812000
58.578071,NAPKIN_LIFT1_POS_FWD1_SETTLE,-0.274745000,-0.545397000,0.367793000
58.588395,NAPKIN_LIFT1_POS_FWD1_SETTLE,-0.274763000,-0.544845000,0.367765000
58.598713,NAPKIN_LIFT1_POS_FWD1_SETTLE,-0.274795000,-0.544342000,0.367759000
58.609065,NAPKIN_LIFT1_POS_FWD1_SETTLE,-0.274808000,-0.543857000,0.367752000
58.619424,NAPKIN_LIFT1_POS_FWD1_SETTLE,-0.274837000,-0.543308000,0.367739000
58.629741,NAPKIN_LIFT1_POS_FWD1_SETTLE,-0.274865000,-0.542809000,0.367734000
58.640061,NAPKIN_LIFT1_POS_FWD1_SETTLE,-0.274897000,-0.542305000,0.367729000
58.650386,NAPKIN_LIFT1_POS_FWD1_SETTLE,-0.274924000,-0.541748000,0.367709000
58.660708,NAPKIN_LIFT1_POS_FWD1_SETTLE,-0.274931000,-0.541250000,0.367679000
58.671021,NAPKIN_LIFT1_POS_FWD1_SETTLE,-0.274952000,-0.540740000,0.367654000
58.681331,NAPKIN_LIFT1_POS_FWD1_SETTLE,-0.274968000,-0.540243000,0.367638000
58.691629,NAPKIN_LIFT1_POS_FWD1_SETTLE,-0.274981000,-0.539700000,0.367630000
58.701941,NAPKIN_LIFT1_POS_FWD1_SETTLE,-0.274981000,-0.539206000,0.367602000
58.712295,NAPKIN_LIFT1_POS_FWD1_SETTLE,-0.275003000,-0.538701000,0.367605000
58.722639,NAPKIN_LIFT1_POS_FWD1_SETTLE,-0.275031000,-0.538147000,0.367623000
58.732968,NAPKIN_LIFT1_POS_FWD1_SETTLE,-0.275058000,-0.537645000,0.367645000
58.743283,NAPKIN_LIFT1_POS_FWD1_SETTLE,-0.275078000,-0.537148000,0.367671000
58.753610,NAPKIN_LIFT1_POS_FWD1_SETTLE,-0.275115000,-0.536598000,0.367731000
58.763970,NAPKIN_LIFT1_POS_FWD1_SETTLE,-0.275144000,-0.536102000,0.367784000
58.774310,NAPKIN_LIFT1_POS_FWD1_SETTLE,-0.275155000,-0.535624000,0.367834000
58.784651,NAPKIN_LIFT1_POS_FWD1_SETTLE,-0.275153000,-0.535108000,0.367882000
58.794979,NAPKIN_LIFT1_POS_FWD1_SETTLE,-0.275141000,-0.534649000,0.367928000
58.805318,NAPKIN_LIFT1_POS_FWD1_SETTLE,-0.275135000,-0.534184000,0.367961000
58.815711,NAPKIN_LIFT1_POS_FWD1_SETTLE,-0.275146000,-0.533659000,0.368002000
58.826057,NAPKIN_LIFT1_POS_FWD1_SETTLE,-0.275153000,-0.533177000,0.368025000
58.836470,NAPKIN_LIFT1_POS_FWD1_SETTLE,-0.275161000,-0.532647000,0.368054000
58.846786,NAPKIN_LIFT1_POS_FWD1_SETTLE,-0.275195000,-0.532147000,0.368095000
58.857087,NAPKIN_LIFT1_POS_FWD1_SETTLE,-0.275242000,-0.531640000,0.368138000
58.867425,NAPKIN_LIFT1_POS_FWD1_SETTLE,-0.275283000,-0.531079000,0.368168000
58.877824,NAPKIN_LIFT1_POS_FWD1_SETTLE,-0.275344000,-0.530546000,0.368203000
58.888193,NAPKIN_LIFT1_POS_FWD1_SETTLE,-0.275388000,-0.530022000,0.368235000
58.898518,NAPKIN_LIFT1_POS_FWD1_SETTLE,-0.275448000,-0.529430000,0.368265000
58.908876,NAPKIN_LIFT1_POS_FWD1_SETTLE,-0.275479000,-0.528910000,0.368287000
58.919241,NAPKIN_LIFT1_POS_FWD1_SETTLE,-0.275505000,-0.528397000,0.368312000
58.929571,NAPKIN_LIFT1_POS_FWD1_SETTLE,-0.275547000,-0.527813000,0.368343000
58.939852,NAPKIN_LIFT1_POS_FWD1_SETTLE,-0.275565000,-0.527300000,0.368365000
58.950164,NAPKIN_LIFT1_POS_FWD1_SETTLE,-0.275568000,-0.526788000,0.368363000
58.960559,NAPKIN_LIFT1_POS_FWD1_SETTLE,-0.275602000,-0.526200000,0.368377000
58.970944,NAPKIN_LIFT1_POS_FWD1_SETTLE,-0.275632000,-0.525664000,0.368392000
58.981283,NAPKIN_LIFT1_POS_FWD1_SETTLE,-0.275652000,-0.525127000,0.368382000
58.991623,NAPKIN_LIFT1_POS_FWD1_SETTLE,-0.275687000,-0.524531000,0.368385000
59.262891,NAPKIN_S1_POS_FWD1,-0.275665000,-0.517548000,0.368976000
59.272855,NAPKIN_S1_POS_FWD1,-0.275687000,-0.517528000,0.368990000
59.282827,NAPKIN_S1_POS_FWD1,-0.275597000,-0.517579000,0.368883000
59.292841,NAPKIN_S1_POS_FWD1,-0.275324000,-0.517750000,0.368574000
59.302842,NAPKIN_S1_POS_FWD1,-0.275087000,-0.517911000,0.368251000
59.312914,NAPKIN_S1_POS_FWD1,-0.274975000,-0.517977000,0.367852000
59.322834,NAPKIN_S1_POS_FWD1,-0.274837000,-0.518071000,0.367314000
59.332822,NAPKIN_S1_POS_FWD1,-0.274763000,-0.518156000,0.366834000
59.342829,NAPKIN_S1_POS_FWD1,-0.274791000,-0.518175000,0.366459000
59.352882,NAPKIN_S1_POS_FWD1,-0.274665000,-0.518236000,0.365886000
59.362891,NAPKIN_S1_POS_FWD1,-0.274393000,-0.518346000,0.365148000
59.372838,NAPKIN_S1_POS_FWD1,-0.274163000,-0.518445000,0.364457000
59.382828,NAPKIN_S1_POS_FWD1,-0.274034000,-0.518514000,0.363914000
59.392901,NAPKIN_S1_POS_FWD1,-0.273960000,-0.518573000,0.363486000
59.402840,NAPKIN_S1_POS_FWD1,-0.273873000,-0.518663000,0.363097000
59.412888,NAPKIN_S1_POS_FWD1,-0.273822000,-0.518735000,0.362706000
59.422844,NAPKIN_S1_POS_FWD1,-0.273851000,-0.518721000,0.362278000
59.432805,NAPKIN_S1_POS_FWD1,-0.273931000,-0.518655000,0.361838000
59.442837,NAPKIN_S1_POS_FWD1,-0.274025000,-0.518552000,0.361360000
59.452779,NAPKIN_S1_POS_FWD1,-0.274106000,-0.518469000,0.360885000
59.462859,NAPKIN_S1_POS_FWD1,-0.274167000,-0.518412000,0.360421000
59.472836,NAPKIN_S1_POS_FWD1,-0.274189000,-0.518396000,0.359927000
59.482824,NAPKIN_S1_POS_FWD1,-0.274179000,-0.518409000,0.359418000
59.492828,NAPKIN_S1_POS_FWD1,-0.274161000,-0.518436000,0.358920000
59.502825,NAPKIN_S1_POS_FWD1,-0.274133000,-0.518464000,0.358414000
59.512919,NAPKIN_S1_POS_FWD1,-0.274115000,-0.518477000,0.357920000
59.522911,NAPKIN_S1_POS_FWD1,-0.274124000,-0.518468000,0.357447000
59.532839,NAPKIN_S1_POS_FWD1,-0.274142000,-0.518443000,0.356941000
59.542816,NAPKIN_S1_POS_FWD1,-0.274174000,-0.518407000,0.356435000
59.552813,NAPKIN_S1_POS_FWD1,-0.274202000,-0.518379000,0.355935000
59.562788,NAPKIN_S1_POS_FWD1,-0.274206000,-0.518376000,0.355429000
59.572710,NAPKIN_S1_POS_FWD1,-0.274204000,-0.518381000,0.354928000
59.582686,NAPKIN_S1_POS_FWD1,-0.274205000,-0.518386000,0.354416000
59.592723,NAPKIN_S1_POS_FWD1,-0.274190000,-0.518400000,0.353898000
59.602680,NAPKIN_S1_POS_FWD1,-0.274187000,-0.518399000,0.353386000
59.612895,NAPKIN_S1_POS_FWD1,-0.274194000,-0.518395000,0.352879000
59.622840,NAPKIN_S1_POS_FWD1,-0.274216000,-0.518378000,0.352392000
59.632822,NAPKIN_S1_POS_FWD1,-0.274254000,-0.518357000,0.351930000
59.632916,NAPKIN_S1_POS_FWD1_SETTLE,-0.274254000,-0.518357000,0.351930000
59.643246,NAPKIN_S1_POS_FWD1_SETTLE,-0.274247000,-0.518358000,0.351395000
59.653566,NAPKIN_S1_POS_FWD1_SETTLE,-0.274228000,-0.518367000,0.350797000
59.663894,NAPKIN_S1_POS_FWD1_SETTLE,-0.274251000,-0.518359000,0.350300000
59.674214,NAPKIN_S1_POS_FWD1_SETTLE,-0.274273000,-0.518358000,0.349793000
59.684533,NAPKIN_S1_POS_FWD1_SETTLE,-0.274292000,-0.518350000,0.349229000
59.694831,NAPKIN_S1_POS_FWD1_SETTLE,-0.274309000,-0.518338000,0.348706000
59.705161,NAPKIN_S1_POS_FWD1_SETTLE,-0.274315000,-0.518325000,0.348164000
59.715531,NAPKIN_S1_POS_FWD1_SETTLE,-0.274323000,-0.518311000,0.347579000
59.725877,NAPKIN_S1_POS_FWD1_SETTLE,-0.274317000,-0.518304000,0.347043000
59.736199,NAPKIN_S1_POS_FWD1_SETTLE,-0.274309000,-0.518307000,0.346516000
59.746517,NAPKIN_S1_POS_FWD1_SETTLE,-0.274297000,-0.518313000,0.345935000
59.756834,NAPKIN_S1_POS_FWD1_SETTLE,-0.274288000,-0.518332000,0.345437000
59.767193,NAPKIN_S1_POS_FWD1_SETTLE,-0.274286000,-0.518343000,0.344919000
59.777524,NAPKIN_S1_POS_FWD1_SETTLE,-0.274283000,-0.518347000,0.344345000
59.787846,NAPKIN_S1_POS_FWD1_SETTLE,-0.274300000,-0.518334000,0.343831000
59.798171,NAPKIN_S1_POS_FWD1_SETTLE,-0.274302000,-0.518325000,0.343307000
59.808538,NAPKIN_S1_POS_FWD1_SETTLE,-0.274323000,-0.518308000,0.342746000
59.818895,NAPKIN_S1_POS_FWD1_SETTLE,-0.274329000,-0.518299000,0.342232000
59.829220,NAPKIN_S1_POS_FWD1_SETTLE,-0.274335000,-0.518296000,0.341733000
59.839544,NAPKIN_S1_POS_FWD1_SETTLE,-0.274320000,-0.518302000,0.341161000
59.849925,NAPKIN_S1_POS_FWD1_SETTLE,-0.274325000,-0.518308000,0.340673000
59.860300,NAPKIN_S1_POS_FWD1_SETTLE,-0.274334000,-0.518303000,0.340183000
59.870621,NAPKIN_S1_POS_FWD1_SETTLE,-0.274332000,-0.518304000,0.339636000
59.880937,NAPKIN_S1_POS_FWD1_SETTLE,-0.274333000,-0.518295000,0.339143000
59.891245,NAPKIN_S1_POS_FWD1_SETTLE,-0.274335000,-0.518290000,0.338650000
59.901561,NAPKIN_S1_POS_FWD1_SETTLE,-0.274347000,-0.518277000,0.338122000
59.911929,NAPKIN_S1_POS_FWD1_SETTLE,-0.274366000,-0.518260000,0.337661000
59.922274,NAPKIN_S1_POS_FWD1_SETTLE,-0.274383000,-0.518248000,0.337196000
59.932607,NAPKIN_S1_POS_FWD1_SETTLE,-0.274406000,-0.518232000,0.336698000
59.942932,NAPKIN_S1_POS_FWD1_SETTLE,-0.274415000,-0.518216000,0.336207000
59.953248,NAPKIN_S1_POS_FWD1_SETTLE,-0.274428000,-0.518199000,0.335703000
59.963616,NAPKIN_S1_POS_FWD1_SETTLE,-0.274456000,-0.518177000,0.335180000
59.973997,NAPKIN_S1_POS_FWD1_SETTLE,-0.274494000,-0.518146000,0.334703000
59.984351,NAPKIN_S1_POS_FWD1_SETTLE,-0.274513000,-0.518124000,0.334219000
59.994680,NAPKIN_S1_POS_FWD1_SETTLE,-0.274525000,-0.518103000,0.333686000
60.005006,NAPKIN_S1_POS_FWD1_SETTLE,-0.274543000,-0.518080000,0.333202000
60.015396,NAPKIN_S1_POS_FWD1_SETTLE,-0.274559000,-0.518057000,0.332675000
60.025738,NAPKIN_S1_POS_FWD1_SETTLE,-0.274572000,-0.518039000,0.332204000
60.036058,NAPKIN_S1_POS_FWD1_SETTLE,-0.274569000,-0.518026000,0.331713000
60.046402,NAPKIN_S1_POS_FWD1_SETTLE,-0.274585000,-0.518002000,0.331199000
60.056741,NAPKIN_S1_POS_FWD1_SETTLE,-0.274627000,-0.517964000,0.330754000
60.067068,NAPKIN_S1_POS_FWD1_SETTLE,-0.274652000,-0.517934000,0.330292000
60.077402,NAPKIN_S1_POS_FWD1_SETTLE,-0.274675000,-0.517903000,0.329785000
60.087714,NAPKIN_S1_POS_FWD1_SETTLE,-0.274707000,-0.517868000,0.329330000
60.098038,NAPKIN_S1_POS_FWD1_SETTLE,-0.274733000,-0.517835000,0.328848000
60.108421,NAPKIN_S1_POS_FWD1_SETTLE,-0.274751000,-0.517803000,0.328308000
60.118781,NAPKIN_S1_POS_FWD1_SETTLE,-0.274804000,-0.517755000,0.327852000
60.129109,NAPKIN_S1_POS_FWD1_SETTLE,-0.274843000,-0.517719000,0.327384000
60.139450,NAPKIN_S1_POS_FWD1_SETTLE,-0.274857000,-0.517690000,0.326828000
60.149787,NAPKIN_S1_POS_FWD1_SETTLE,-0.274876000,-0.517660000,0.326341000
60.160110,NAPKIN_S1_POS_FWD1_SETTLE,-0.274898000,-0.517628000,0.325849000
60.170475,NAPKIN_S1_POS_FWD1_SETTLE,-0.274889000,-0.517608000,0.325273000
60.180817,NAPKIN_S1_POS_FWD1_SETTLE,-0.274897000,-0.517585000,0.324796000
60.191254,NAPKIN_S1_POS_FWD1_SETTLE,-0.274924000,-0.517550000,0.324330000
60.201590,NAPKIN_S1_POS_FWD1_SETTLE,-0.274930000,-0.517524000,0.323785000
60.211957,NAPKIN_S1_POS_FWD1_SETTLE,-0.274922000,-0.517503000,0.323274000
60.222297,NAPKIN_S1_POS_FWD1_SETTLE,-0.274925000,-0.517477000,0.322772000
60.232647,NAPKIN_S1_POS_FWD1_SETTLE,-0.274934000,-0.517449000,0.322222000
60.242987,NAPKIN_S1_POS_FWD1_SETTLE,-0.274920000,-0.517438000,0.321704000
60.253319,NAPKIN_S1_POS_FWD1_SETTLE,-0.274897000,-0.517435000,0.321188000
60.263644,NAPKIN_S1_POS_FWD1_SETTLE,-0.274902000,-0.517417000,0.320652000
60.273962,NAPKIN_S1_POS_FWD1_SETTLE,-0.274912000,-0.517403000,0.320160000
60.284274,NAPKIN_S1_POS_FWD1_SETTLE,-0.274921000,-0.517388000,0.319661000
60.294589,NAPKIN_S1_POS_FWD1_SETTLE,-0.274948000,-0.517366000,0.319134000
60.304917,NAPKIN_S1_POS_FWD1_SETTLE,-0.274949000,-0.517348000,0.318599000
60.315257,NAPKIN_S1_POS_FWD1_SETTLE,-0.274944000,-0.517339000,0.318075000
60.325578,NAPKIN_S1_POS_FWD1_SETTLE,-0.274940000,-0.517329000,0.317497000
60.335886,NAPKIN_S1_POS_FWD1_SETTLE,-0.274930000,-0.517327000,0.316965000
60.346198,NAPKIN_S1_POS_FWD1_SETTLE,-0.274936000,-0.517325000,0.316460000
60.356537,NAPKIN_S1_POS_FWD1_SETTLE,-0.274943000,-0.517317000,0.315902000
60.366898,NAPKIN_S1_POS_FWD1_SETTLE,-0.274939000,-0.517309000,0.315376000
60.377223,NAPKIN_S1_POS_FWD1_SETTLE,-0.274929000,-0.517301000,0.314840000
60.387561,NAPKIN_S1_POS_FWD1_SETTLE,-0.274921000,-0.517287000,0.314244000
60.397882,NAPKIN_S1_POS_FWD1_SETTLE,-0.274910000,-0.517278000,0.313715000
60.408256,NAPKIN_S1_POS_FWD1_SETTLE,-0.274906000,-0.517275000,0.313196000
60.418611,NAPKIN_S1_POS_FWD1_SETTLE,-0.274885000,-0.517272000,0.312599000
60.428924,NAPKIN_S1_POS_FWD1_SETTLE,-0.274880000,-0.517274000,0.312083000
60.439243,NAPKIN_S1_POS_FWD1_SETTLE,-0.274884000,-0.517266000,0.311556000
60.449564,NAPKIN_S1_POS_FWD1_SETTLE,-0.274896000,-0.517252000,0.310988000
60.459884,NAPKIN_S1_POS_FWD1_SETTLE,-0.274907000,-0.517234000,0.310461000
60.470196,NAPKIN_S1_POS_FWD1_SETTLE,-0.274906000,-0.517221000,0.309907000
60.480515,NAPKIN_S1_POS_FWD1_SETTLE,-0.274908000,-0.517205000,0.309308000
60.490860,NAPKIN_S1_POS_FWD1_SETTLE,-0.274899000,-0.517202000,0.308765000
60.501189,NAPKIN_S1_POS_FWD1_SETTLE,-0.274901000,-0.517199000,0.308243000
60.511544,NAPKIN_S1_POS_FWD1_SETTLE,-0.274895000,-0.517206000,0.307672000
60.521876,NAPKIN_S1_POS_FWD1_SETTLE,-0.274883000,-0.517221000,0.307168000
60.532186,NAPKIN_S1_POS_FWD1_SETTLE,-0.274876000,-0.517226000,0.306653000
60.542516,NAPKIN_S1_POS_FWD1_SETTLE,-0.274876000,-0.517226000,0.306112000
60.552837,NAPKIN_S1_POS_FWD1_SETTLE,-0.274890000,-0.517230000,0.305650000
60.563139,NAPKIN_S1_POS_FWD1_SETTLE,-0.274896000,-0.517237000,0.305175000
60.573489,NAPKIN_S1_POS_FWD1_SETTLE,-0.274914000,-0.517255000,0.304683000
60.583814,NAPKIN_S1_POS_FWD1_SETTLE,-0.274951000,-0.517272000,0.304259000
60.594117,NAPKIN_S1_POS_FWD1_SETTLE,-0.274987000,-0.517288000,0.303836000
60.865311,NAPKIN_S2_POS_FWD1,-0.275742000,-0.517414000,0.294808000
60.875260,NAPKIN_S2_POS_FWD1,-0.275931000,-0.517402000,0.295013000
60.885248,NAPKIN_S2_POS_FWD1,-0.275908000,-0.517464000,0.294956000
60.895225,NAPKIN_S2_POS_FWD1,-0.275794000,-0.517603000,0.294900000
60.905238,NAPKIN_S2_POS_FWD1,-0.275833000,-0.517683000,0.295032000
60.915244,NAPKIN_S2_POS_FWD1,-0.275838000,-0.517782000,0.295037000
60.925234,NAPKIN_S2_POS_FWD1,-0.275633000,-0.518068000,0.294934000
60.935212,NAPKIN_S2_POS_FWD1,-0.275372000,-0.518468000,0.294856000
60.945227,NAPKIN_S2_POS_FWD1,-0.275124000,-0.518936000,0.294858000
60.955251,NAPKIN_S2_POS_FWD1,-0.274971000,-0.519421000,0.294982000
60.965257,NAPKIN_S2_POS_FWD1,-0.274897000,-0.519877000,0.295146000
60.975331,NAPKIN_S2_POS_FWD1,-0.274819000,-0.520328000,0.295239000
60.985221,NAPKIN_S2_POS_FWD1,-0.274732000,-0.520773000,0.295252000
60.995233,NAPKIN_S2_POS_FWD1,-0.274665000,-0.521186000,0.295196000
61.005233,NAPKIN_S2_POS_FWD1,-0.274611000,-0.521606000,0.295119000
61.015346,NAPKIN_S2_POS_FWD1,-0.274541000,-0.522053000,0.295019000
61.025245,NAPKIN_S2_POS_FWD1,-0.274472000,-0.522526000,0.294945000
61.035232,NAPKIN_S2_POS_FWD1,-0.274407000,-0.523021000,0.294889000
61.045236,NAPKIN_S2_POS_FWD1,-0.274336000,-0.523533000,0.294820000
61.055210,NAPKIN_S2_POS_FWD1,-0.274251000,-0.524064000,0.294737000
61.065215,NAPKIN_S2_POS_FWD1,-0.274175000,-0.524576000,0.294634000
61.075204,NAPKIN_S2_POS_FWD1,-0.274091000,-0.525082000,0.294491000
61.085202,NAPKIN_S2_POS_FWD1,-0.274037000,-0.525577000,0.294365000
61.095226,NAPKIN_S2_POS_FWD1,-0.274023000,-0.526059000,0.294283000
61.105208,NAPKIN_S2_POS_FWD1,-0.273998000,-0.526556000,0.294194000
61.115379,NAPKIN_S2_POS_FWD1,-0.273973000,-0.527110000,0.294111000
61.125250,NAPKIN_S2_POS_FWD1,-0.273962000,-0.527560000,0.294054000
61.135246,NAPKIN_S2_POS_FWD1,-0.273934000,-0.528084000,0.293995000
61.135291,NAPKIN_S2_POS_FWD1_SETTLE,-0.273934000,-0.528084000,0.293995000
61.145620,NAPKIN_S2_POS_FWD1_SETTLE,-0.273900000,-0.528649000,0.293920000
61.155938,NAPKIN_S2_POS_FWD1_SETTLE,-0.273860000,-0.529173000,0.293860000
61.166244,NAPKIN_S2_POS_FWD1_SETTLE,-0.273812000,-0.529697000,0.293791000
61.176606,NAPKIN_S2_POS_FWD1_SETTLE,-0.273792000,-0.530244000,0.293730000
61.186966,NAPKIN_S2_POS_FWD1_SETTLE,-0.273782000,-0.530744000,0.293690000
61.197272,NAPKIN_S2_POS_FWD1_SETTLE,-0.273789000,-0.531247000,0.293687000
61.207625,NAPKIN_S2_POS_FWD1_SETTLE,-0.273815000,-0.531781000,0.293685000
61.217970,NAPKIN_S2_POS_FWD1_SETTLE,-0.273835000,-0.532278000,0.293684000
61.228287,NAPKIN_S2_POS_FWD1_SETTLE,-0.273837000,-0.532764000,0.293649000
61.238582,NAPKIN_S2_POS_FWD1_SETTLE,-0.273821000,-0.533291000,0.293577000
61.248906,NAPKIN_S2_POS_FWD1_SETTLE,-0.273806000,-0.533773000,0.293522000
61.259234,NAPKIN_S2_POS_FWD1_SETTLE,-0.273810000,-0.534231000,0.293472000
61.269560,NAPKIN_S2_POS_FWD1_SETTLE,-0.273828000,-0.534736000,0.293459000
61.279885,NAPKIN_S2_POS_FWD1_SETTLE,-0.273850000,-0.535192000,0.293449000
61.290198,NAPKIN_S2_POS_FWD1_SETTLE,-0.273869000,-0.535660000,0.293442000
61.300674,NAPKIN_S2_POS_FWD1_SETTLE,-0.273899000,-0.536182000,0.293449000
61.311036,NAPKIN_S2_POS_FWD1_SETTLE,-0.273920000,-0.536655000,0.293435000
61.321395,NAPKIN_S2_POS_FWD1_SETTLE,-0.273923000,-0.537195000,0.293412000
61.331716,NAPKIN_S2_POS_FWD1_SETTLE,-0.273914000,-0.537693000,0.293371000
61.342054,NAPKIN_S2_POS_FWD1_SETTLE,-0.273924000,-0.538171000,0.293329000
61.352386,NAPKIN_S2_POS_FWD1_SETTLE,-0.273955000,-0.538700000,0.293306000
61.362710,NAPKIN_S2_POS_FWD1_SETTLE,-0.273981000,-0.539196000,0.293305000
61.373041,NAPKIN_S2_POS_FWD1_SETTLE,-0.274020000,-0.539677000,0.293304000
61.383401,NAPKIN_S2_POS_FWD1_SETTLE,-0.274044000,-0.540241000,0.293325000
61.393749,NAPKIN_S2_POS_FWD1_SETTLE,-0.274060000,-0.540747000,0.293328000
61.404070,NAPKIN_S2_POS_FWD1_SETTLE,-0.274059000,-0.541252000,0.293292000
61.414442,NAPKIN_S2_POS_FWD1_SETTLE,-0.274032000,-0.541825000,0.293246000
61.424774,NAPKIN_S2_POS_FWD1_SETTLE,-0.274005000,-0.542341000,0.293204000
61.435095,NAPKIN_S2_POS_FWD1_SETTLE,-0.273986000,-0.542855000,0.293177000
61.445431,NAPKIN_S2_POS_FWD1_SETTLE,-0.273995000,-0.543409000,0.293175000
61.455830,NAPKIN_S2_POS_FWD1_SETTLE,-0.273993000,-0.543922000,0.293177000
61.466206,NAPKIN_S2_POS_FWD1_SETTLE,-0.273965000,-0.544441000,0.293146000
61.476531,NAPKIN_S2_POS_FWD1_SETTLE,-0.273931000,-0.545017000,0.293127000
61.486852,NAPKIN_S2_POS_FWD1_SETTLE,-0.273923000,-0.545524000,0.293123000
61.497179,NAPKIN_S2_POS_FWD1_SETTLE,-0.273918000,-0.546034000,0.293130000
61.507561,NAPKIN_S2_POS_FWD1_SETTLE,-0.273910000,-0.546579000,0.293099000
61.517909,NAPKIN_S2_POS_FWD1_SETTLE,-0.273911000,-0.547071000,0.293066000
61.528247,NAPKIN_S2_POS_FWD1_SETTLE,-0.273913000,-0.547561000,0.293033000
61.538562,NAPKIN_S2_POS_FWD1_SETTLE,-0.273926000,-0.548093000,0.292996000
61.548825,NAPKIN_S2_POS_FWD1_SETTLE,-0.273931000,-0.548572000,0.292944000
61.559134,NAPKIN_S2_POS_FWD1_SETTLE,-0.273963000,-0.549042000,0.292911000
61.569453,NAPKIN_S2_POS_FWD1_SETTLE,-0.273985000,-0.549562000,0.292862000
61.579822,NAPKIN_S2_POS_FWD1_SETTLE,-0.274023000,-0.550023000,0.292828000
61.590264,NAPKIN_S2_POS_FWD1_SETTLE,-0.274047000,-0.550496000,0.292807000
61.600584,NAPKIN_S2_POS_FWD1_SETTLE,-0.274075000,-0.551016000,0.292786000
61.610939,NAPKIN_S2_POS_FWD1_SETTLE,-0.274098000,-0.551486000,0.292766000
61.621258,NAPKIN_S2_POS_FWD1_SETTLE,-0.274119000,-0.551957000,0.292752000
61.631576,NAPKIN_S2_POS_FWD1_SETTLE,-0.274133000,-0.552491000,0.292751000
61.641882,NAPKIN_S2_POS_FWD1_SETTLE,-0.274155000,-0.552974000,0.292771000
61.652194,NAPKIN_S2_POS_FWD1_SETTLE,-0.274180000,-0.553458000,0.292799000
61.662521,NAPKIN_S2_POS_FWD1_SETTLE,-0.274199000,-0.554002000,0.292835000
61.672813,NAPKIN_S2_POS_FWD1_SETTLE,-0.274216000,-0.554489000,0.292858000
61.683111,NAPKIN_S2_POS_FWD1_SETTLE,-0.274218000,-0.554993000,0.292886000
61.693375,NAPKIN_S2_POS_FWD1_SETTLE,-0.274215000,-0.555551000,0.292922000
61.703676,NAPKIN_S2_POS_FWD1_SETTLE,-0.274211000,-0.556057000,0.292957000
61.714040,NAPKIN_S2_POS_FWD1_SETTLE,-0.274225000,-0.556557000,0.293000000
61.724371,NAPKIN_S2_POS_FWD1_SETTLE,-0.274233000,-0.557119000,0.293054000
61.734689,NAPKIN_S2_POS_FWD1_SETTLE,-0.274243000,-0.557623000,0.293099000
61.744987,NAPKIN_S2_POS_FWD1_SETTLE,-0.274257000,-0.558126000,0.293138000
61.755278,NAPKIN_S2_POS_FWD1_SETTLE,-0.274278000,-0.558629000,0.293177000
61.765581,NAPKIN_S2_POS_FWD1_SETTLE,-0.274309000,-0.559172000,0.293217000
61.775865,NAPKIN_S2_POS_FWD1_SETTLE,-0.274337000,-0.559671000,0.293269000
61.786200,NAPKIN_S2_POS_FWD1_SETTLE,-0.274348000,-0.560181000,0.293308000
61.796534,NAPKIN_S2_POS_FWD1_SETTLE,-0.274357000,-0.560735000,0.293328000
61.806915,NAPKIN_S2_POS_FWD1_SETTLE,-0.274391000,-0.561229000,0.293360000
61.817257,NAPKIN_S2_POS_FWD1_SETTLE,-0.274442000,-0.561707000,0.293395000
61.827605,NAPKIN_S2_POS_FWD1_SETTLE,-0.274481000,-0.562241000,0.293415000
61.837911,NAPKIN_S2_POS_FWD1_SETTLE,-0.274532000,-0.562709000,0.293427000
61.848233,NAPKIN_S2_POS_FWD1_SETTLE,-0.274622000,-0.563151000,0.293451000
61.858529,NAPKIN_S2_POS_FWD1_SETTLE,-0.274694000,-0.563645000,0.293460000
61.868823,NAPKIN_S2_POS_FWD1_SETTLE,-0.274732000,-0.564104000,0.293443000
62.139957,NAPKIN_LIFT2_POS_FWD1,-0.274609000,-0.574717000,0.292763000
62.149955,NAPKIN_LIFT2_POS_FWD1,-0.274627000,-0.574766000,0.292775000
62.159923,NAPKIN_LIFT2_POS_FWD1,-0.274484000,-0.574883000,0.292644000
62.169921,NAPKIN_LIFT2_POS_FWD1,-0.274180000,-0.575055000,0.292307000
62.179925,NAPKIN_LIFT2_POS_FWD1,-0.274072000,-0.575186000,0.292287000
62.189920,NAPKIN_LIFT2_POS_FWD1,-0.274125000,-0.575291000,0.292565000
62.199951,NAPKIN_LIFT2_POS_FWD1,-0.274101000,-0.575356000,0.292712000
62.209938,NAPKIN_LIFT2_POS_FWD1,-0.273933000,-0.575453000,0.292744000
62.219929,NAPKIN_LIFT2_POS_FWD1,-0.273784000,-0.575556000,0.292876000
62.229914,NAPKIN_LIFT2_POS_FWD1,-0.273661000,-0.575679000,0.293185000
62.239946,NAPKIN_LIFT2_POS_FWD1,-0.273481000,-0.575856000,0.293644000
62.249914,NAPKIN_LIFT2_POS_FWD1,-0.273248000,-0.576052000,0.294111000
62.259945,NAPKIN_LIFT2_POS_FWD1,-0.273056000,-0.576212000,0.294578000
62.269947,NAPKIN_LIFT2_POS_FWD1,-0.273021000,-0.576299000,0.295168000
62.279891,NAPKIN_LIFT2_POS_FWD1,-0.273062000,-0.576348000,0.295804000
62.289917,NAPKIN_LIFT2_POS_FWD1,-0.273078000,-0.576398000,0.296398000
62.299901,NAPKIN_LIFT2_POS_FWD1,-0.273094000,-0.576430000,0.296923000
62.309963,NAPKIN_LIFT2_POS_FWD1,-0.273133000,-0.576433000,0.297373000
62.319913,NAPKIN_LIFT2_POS_FWD1,-0.273188000,-0.576415000,0.297783000
62.329915,NAPKIN_LIFT2_POS_FWD1,-0.273222000,-0.576405000,0.298217000
62.339902,NAPKIN_LIFT2_POS_FWD1,-0.273225000,-0.576421000,0.298682000
62.349912,NAPKIN_LIFT2_POS_FWD1,-0.273185000,-0.576473000,0.299149000
62.359901,NAPKIN_LIFT2_POS_FWD1,-0.273115000,-0.576539000,0.299590000
62.369946,NAPKIN_LIFT2_POS_FWD1,-0.273078000,-0.576587000,0.300050000
62.379879,NAPKIN_LIFT2_POS_FWD1,-0.273071000,-0.576615000,0.300538000
62.389953,NAPKIN_LIFT2_POS_FWD1,-0.273090000,-0.576616000,0.301029000
62.399911,NAPKIN_LIFT2_POS_FWD1,-0.273110000,-0.576600000,0.301504000
62.409948,NAPKIN_LIFT2_POS_FWD1,-0.273132000,-0.576577000,0.301972000
62.419888,NAPKIN_LIFT2_POS_FWD1,-0.273152000,-0.576558000,0.302449000
62.429966,NAPKIN_LIFT2_POS_FWD1,-0.273168000,-0.576548000,0.302950000
62.439907,NAPKIN_LIFT2_POS_FWD1,-0.273156000,-0.576562000,0.303449000
62.449934,NAPKIN_LIFT2_POS_FWD1,-0.273139000,-0.576586000,0.303943000
62.459891,NAPKIN_LIFT2_POS_FWD1,-0.273129000,-0.576595000,0.304426000
62.469928,NAPKIN_LIFT2_POS_FWD1,-0.273128000,-0.576591000,0.304904000
62.479881,NAPKIN_LIFT2_POS_FWD1,-0.273125000,-0.576590000,0.305382000
62.489936,NAPKIN_LIFT2_POS_FWD1,-0.273123000,-0.576589000,0.305868000
62.499926,NAPKIN_LIFT2_POS_FWD1,-0.273129000,-0.576589000,0.306358000
62.509988,NAPKIN_LIFT2_POS_FWD1,-0.273119000,-0.576598000,0.306827000
62.519914,NAPKIN_LIFT2_POS_FWD1,-0.273116000,-0.576611000,0.307310000
62.529937,NAPKIN_LIFT2_POS_FWD1,-0.273124000,-0.576622000,0.307792000
62.530023,NAPKIN_LIFT2_POS_FWD1_SETTLE,-0.273124000,-0.576622000,0.307792000
62.540347,NAPKIN_LIFT2_POS_FWD1_SETTLE,-0.273130000,-0.576638000,0.308279000
62.550665,NAPKIN_LIFT2_POS_FWD1_SETTLE,-0.273137000,-0.576641000,0.308798000
62.560981,NAPKIN_LIFT2_POS_FWD1_SETTLE,-0.273148000,-0.576637000,0.309264000
62.571296,NAPKIN_LIFT2_POS_FWD1_SETTLE,-0.273159000,-0.576633000,0.309736000
62.581646,NAPKIN_LIFT2_POS_FWD1_SETTLE,-0.273171000,-0.576628000,0.310260000
62.591988,NAPKIN_LIFT2_POS_FWD1_SETTLE,-0.273178000,-0.576633000,0.310753000
62.602333,NAPKIN_LIFT2_POS_FWD1_SETTLE,-0.273183000,-0.576642000,0.311244000
62.612703,NAPKIN_LIFT2_POS_FWD1_SETTLE,-0.273191000,-0.576644000,0.311780000
62.623036,NAPKIN_LIFT2_POS_FWD1_SETTLE,-0.273187000,-0.576651000,0.312255000
62.633377,NAPKIN_LIFT2_POS_FWD1_SETTLE,-0.273187000,-0.576651000,0.312772000
62.643702,NAPKIN_LIFT2_POS_FWD1_SETTLE,-0.273197000,-0.576651000,0.313281000
62.654039,NAPKIN_LIFT2_POS_FWD1_SETTLE,-0.273215000,-0.576639000,0.313788000
62.664379,NAPKIN_LIFT2_POS_FWD1_SETTLE,-0.273230000,-0.576624000,0.314327000
62.674693,NAPKIN_LIFT2_POS_FWD1_SETTLE,-0.273244000,-0.576613000,0.314828000
62.685005,NAPKIN_LIFT2_POS_FWD1_SETTLE,-0.273259000,-0.576608000,0.315341000
62.695327,NAPKIN_LIFT2_POS_FWD1_SETTLE,-0.273255000,-0.576612000,0.315836000
62.705649,NAPKIN_LIFT2_POS_FWD1_SETTLE,-0.273248000,-0.576616000,0.316371000
62.715997,NAPKIN_LIFT2_POS_FWD1_SETTLE,-0.273272000,-0.576605000,0.316880000
62.726320,NAPKIN_LIFT2_POS_FWD1_SETTLE,-0.273296000,-0.576598000,0.317383000
62.736647,NAPKIN_LIFT2_POS_FWD1_SETTLE,-0.273315000,-0.576582000,0.317917000
62.747038,NAPKIN_LIFT2_POS_FWD1_SETTLE,-0.273346000,-0.576565000,0.318412000
62.757389,NAPKIN_LIFT2_POS_FWD1_SETTLE,-0.273389000,-0.576541000,0.318940000
62.767715,NAPKIN_LIFT2_POS_FWD1_SETTLE,-0.273414000,-0.576531000,0.319425000
62.778029,NAPKIN_LIFT2_POS_FWD1_SETTLE,-0.273436000,-0.576523000,0.319913000
62.788386,NAPKIN_LIFT2_POS_FWD1_SETTLE,-0.273457000,-0.576512000,0.320442000
62.798719,NAPKIN_LIFT2_POS_FWD1_SETTLE,-0.273468000,-0.576502000,0.320916000
62.809073,NAPKIN_LIFT2_POS_FWD1_SETTLE,-0.273479000,-0.576493000,0.321396000
62.819401,NAPKIN_LIFT2_POS_FWD1_SETTLE,-0.273506000,-0.576482000,0.321965000
62.829729,NAPKIN_LIFT2_POS_FWD1_SETTLE,-0.273527000,-0.576464000,0.322469000
62.840035,NAPKIN_LIFT2_POS_FWD1_SETTLE,-0.273539000,-0.576449000,0.322972000
62.850376,NAPKIN_LIFT2_POS_FWD1_SETTLE,-0.273557000,-0.576426000,0.323531000
62.860696,NAPKIN_LIFT2_POS_FWD1_SETTLE,-0.273575000,-0.576407000,0.324056000
62.871019,NAPKIN_LIFT2_POS_FWD1_SETTLE,-0.273584000,-0.576389000,0.324582000
62.881329,NAPKIN_LIFT2_POS_FWD1_SETTLE,-0.273589000,-0.576377000,0.325112000
62.891642,NAPKIN_LIFT2_POS_FWD1_SETTLE,-0.273586000,-0.576372000,0.325682000
62.901967,NAPKIN_LIFT2_POS_FWD1_SETTLE,-0.273586000,-0.576364000,0.326200000
62.912327,NAPKIN_LIFT2_POS_FWD1_SETTLE,-0.273600000,-0.576349000,0.326729000
62.922659,NAPKIN_LIFT2_POS_FWD1_SETTLE,-0.273624000,-0.576334000,0.327319000
62.932977,NAPKIN_LIFT2_POS_FWD1_SETTLE,-0.273638000,-0.576316000,0.327831000
62.943272,NAPKIN_LIFT2_POS_FWD1_SETTLE,-0.273645000,-0.576303000,0.328333000
62.953580,NAPKIN_LIFT2_POS_FWD1_SETTLE,-0.273662000,-0.576287000,0.328885000
62.963884,NAPKIN_LIFT2_POS_FWD1_SETTLE,-0.273686000,-0.576269000,0.329396000
62.974194,NAPKIN_LIFT2_POS_FWD1_SETTLE,-0.273698000,-0.576261000,0.329898000
62.984494,NAPKIN_LIFT2_POS_FWD1_SETTLE,-0.273694000,-0.576254000,0.330429000
62.994811,NAPKIN_LIFT2_POS_FWD1_SETTLE,-0.273703000,-0.576238000,0.330922000
63.005138,NAPKIN_LIFT2_POS_FWD1_SETTLE,-0.273718000,-0.576223000,0.331434000
63.015513,NAPKIN_LIFT2_POS_FWD1_SETTLE,-0.273736000,-0.576207000,0.332006000
63.025846,NAPKIN_LIFT2_POS_FWD1_SETTLE,-0.273747000,-0.576191000,0.332521000
63.036202,NAPKIN_LIFT2_POS_FWD1_SETTLE,-0.273763000,-0.576173000,0.333040000
63.046538,NAPKIN_LIFT2_POS_FWD1_SETTLE,-0.273788000,-0.576148000,0.333624000
63.056885,NAPKIN_LIFT2_POS_FWD1_SETTLE,-0.273797000,-0.576138000,0.334155000
63.067248,NAPKIN_LIFT2_POS_FWD1_SETTLE,-0.273805000,-0.576123000,0.334681000
63.077611,NAPKIN_LIFT2_POS_FWD1_SETTLE,-0.273822000,-0.576107000,0.335261000
63.087955,NAPKIN_LIFT2_POS_FWD1_SETTLE,-0.273823000,-0.576103000,0.335785000
63.098286,NAPKIN_LIFT2_POS_FWD1_SETTLE,-0.273823000,-0.576094000,0.336291000
63.108645,NAPKIN_LIFT2_POS_FWD1_SETTLE,-0.273849000,-0.576077000,0.336878000
63.118988,NAPKIN_LIFT2_POS_FWD1_SETTLE,-0.273874000,-0.576065000,0.337404000
63.129327,NAPKIN_LIFT2_POS_FWD1_SETTLE,-0.273873000,-0.576057000,0.337877000
63.139665,NAPKIN_LIFT2_POS_FWD1_SETTLE,-0.273885000,-0.576045000,0.338393000
63.150009,NAPKIN_LIFT2_POS_FWD1_SETTLE,-0.273912000,-0.576031000,0.338879000
63.160342,NAPKIN_LIFT2_POS_FWD1_SETTLE,-0.273941000,-0.576018000,0.339363000
63.170666,NAPKIN_LIFT2_POS_FWD1_SETTLE,-0.273959000,-0.576007000,0.339873000
63.180996,NAPKIN_LIFT2_POS_FWD1_SETTLE,-0.273972000,-0.575995000,0.340316000
63.191401,NAPKIN_LIFT2_POS_FWD1_SETTLE,-0.273980000,-0.575993000,0.340778000
63.201781,NAPKIN_LIFT2_POS_FWD1_SETTLE,-0.273989000,-0.575989000,0.341302000
63.212134,NAPKIN_LIFT2_POS_FWD1_SETTLE,-0.273998000,-0.575983000,0.341765000
63.222505,NAPKIN_LIFT2_POS_FWD1_SETTLE,-0.273990000,-0.575989000,0.342277000
63.232834,NAPKIN_LIFT2_POS_FWD1_SETTLE,-0.273994000,-0.575994000,0.342755000
63.243172,NAPKIN_LIFT2_POS_FWD1_SETTLE,-0.273998000,-0.575998000,0.343238000
63.253504,NAPKIN_LIFT2_POS_FWD1_SETTLE,-0.273999000,-0.576004000,0.343777000
63.263840,NAPKIN_LIFT2_POS_FWD1_SETTLE,-0.273994000,-0.576015000,0.344259000
63.274173,NAPKIN_LIFT2_POS_FWD1_SETTLE,-0.273990000,-0.576025000,0.344740000
63.284494,NAPKIN_LIFT2_POS_FWD1_SETTLE,-0.273983000,-0.576039000,0.345270000
63.294823,NAPKIN_LIFT2_POS_FWD1_SETTLE,-0.273976000,-0.576050000,0.345755000
63.305158,NAPKIN_LIFT2_POS_FWD1_SETTLE,-0.273970000,-0.576060000,0.346229000
63.315535,NAPKIN_LIFT2_POS_FWD1_SETTLE,-0.273974000,-0.576065000,0.346753000
63.325908,NAPKIN_LIFT2_POS_FWD1_SETTLE,-0.273982000,-0.576069000,0.347239000
63.336249,NAPKIN_LIFT2_POS_FWD1_SETTLE,-0.273991000,-0.576069000,0.347708000
63.346590,NAPKIN_LIFT2_POS_FWD1_SETTLE,-0.273999000,-0.576069000,0.348228000
63.356930,NAPKIN_LIFT2_POS_FWD1_SETTLE,-0.274015000,-0.576064000,0.348700000
63.367260,NAPKIN_LIFT2_POS_FWD1_SETTLE,-0.274020000,-0.576068000,0.349169000
63.377605,NAPKIN_LIFT2_POS_FWD1_SETTLE,-0.274036000,-0.576061000,0.349692000
63.387948,NAPKIN_LIFT2_POS_FWD1_SETTLE,-0.274049000,-0.576059000,0.350176000
63.398290,NAPKIN_LIFT2_POS_FWD1_SETTLE,-0.274067000,-0.576053000,0.350667000
63.408643,NAPKIN_LIFT2_POS_FWD1_SETTLE,-0.274089000,-0.576041000,0.351200000
63.419082,NAPKIN_LIFT2_POS_FWD1_SETTLE,-0.274107000,-0.576035000,0.351679000
63.429418,NAPKIN_LIFT2_POS_FWD1_SETTLE,-0.274125000,-0.576028000,0.352231000
63.439753,NAPKIN_LIFT2_POS_FWD1_SETTLE,-0.274146000,-0.576019000,0.352752000
63.450079,NAPKIN_LIFT2_POS_FWD1_SETTLE,-0.274178000,-0.576002000,0.353275000
63.460402,NAPKIN_LIFT2_POS_FWD1_SETTLE,-0.274197000,-0.575991000,0.353838000
63.470718,NAPKIN_LIFT2_POS_FWD1_SETTLE,-0.274223000,-0.575978000,0.354367000
63.481056,NAPKIN_LIFT2_POS_FWD1_SETTLE,-0.274233000,-0.575973000,0.354896000
63.491386,NAPKIN_LIFT2_POS_FWD1_SETTLE,-0.274241000,-0.575969000,0.355482000
63.501706,NAPKIN_LIFT2_POS_FWD1_SETTLE,-0.274261000,-0.575958000,0.356025000
63.512070,NAPKIN_LIFT2_POS_FWD1_SETTLE,-0.274277000,-0.575950000,0.356559000
63.522440,NAPKIN_LIFT2_POS_FWD1_SETTLE,-0.274301000,-0.575937000,0.357148000
63.532753,NAPKIN_LIFT2_POS_FWD1_SETTLE,-0.274322000,-0.575925000,0.357676000
63.543139,NAPKIN_LIFT2_POS_FWD1_SETTLE,-0.274341000,-0.575914000,0.358203000
63.553483,NAPKIN_LIFT2_POS_FWD1_SETTLE,-0.274362000,-0.575902000,0.358772000
63.563819,NAPKIN_LIFT2_POS_FWD1_SETTLE,-0.274389000,-0.575887000,0.359290000
63.574151,NAPKIN_LIFT2_POS_FWD1_SETTLE,-0.274417000,-0.575871000,0.359807000
63.584486,NAPKIN_LIFT2_POS_FWD1_SETTLE,-0.274425000,-0.575866000,0.360353000
63.594875,NAPKIN_LIFT2_POS_FWD1_SETTLE,-0.274428000,-0.575863000,0.360834000
63.605247,NAPKIN_LIFT2_POS_FWD1_SETTLE,-0.274450000,-0.575851000,0.361326000
63.615603,NAPKIN_LIFT2_POS_FWD1_SETTLE,-0.274484000,-0.575835000,0.361878000
63.886827,NAPKIN_LIFT1_POS_FWD2,-0.274405000,-0.575385000,0.368116000
63.896786,NAPKIN_LIFT1_POS_FWD2,-0.274431000,-0.575357000,0.368118000
63.906710,NAPKIN_LIFT1_POS_FWD2,-0.274298000,-0.575423000,0.367983000
63.916844,NAPKIN_LIFT1_POS_FWD2,-0.273961000,-0.575608000,0.367655000
63.926644,NAPKIN_LIFT1_POS_FWD2,-0.273615000,-0.575785000,0.367291000
63.936878,NAPKIN_LIFT1_POS_FWD2,-0.273322000,-0.575917000,0.367038000
63.946743,NAPKIN_LIFT1_POS_FWD2,-0.273310000,-0.575876000,0.367065000
63.956757,NAPKIN_LIFT1_POS_FWD2,-0.273330000,-0.575749000,0.367009000
63.966843,NAPKIN_LIFT1_POS_FWD2,-0.273127000,-0.575654000,0.366651000
63.976639,NAPKIN_LIFT1_POS_FWD2,-0.272779000,-0.575589000,0.366193000
63.986844,NAPKIN_LIFT1_POS_FWD2,-0.272499000,-0.575468000,0.365917000
63.996754,NAPKIN_LIFT1_POS_FWD2,-0.272364000,-0.575265000,0.365864000
64.006933,NAPKIN_LIFT1_POS_FWD2,-0.272270000,-0.575009000,0.365868000
64.016742,NAPKIN_LIFT1_POS_FWD2,-0.272191000,-0.574713000,0.365882000
64.026802,NAPKIN_LIFT1_POS_FWD2,-0.272152000,-0.574361000,0.365899000
64.036754,NAPKIN_LIFT1_POS_FWD2,-0.272140000,-0.573966000,0.365905000
64.046683,NAPKIN_LIFT1_POS_FWD2,-0.272192000,-0.573505000,0.365907000
64.056824,NAPKIN_LIFT1_POS_FWD2,-0.272320000,-0.572968000,0.365911000
64.066659,NAPKIN_LIFT1_POS_FWD2,-0.272481000,-0.572401000,0.365924000
64.076867,NAPKIN_LIFT1_POS_FWD2,-0.272660000,-0.571814000,0.365942000
64.086786,NAPKIN_LIFT1_POS_FWD2,-0.272788000,-0.571258000,0.365962000
64.096813,NAPKIN_LIFT1_POS_FWD2,-0.272876000,-0.570733000,0.365989000
64.106743,NAPKIN_LIFT1_POS_FWD2,-0.272922000,-0.570233000,0.366018000
64.116860,NAPKIN_LIFT1_POS_FWD2,-0.272934000,-0.569753000,0.366049000
64.126638,NAPKIN_LIFT1_POS_FWD2,-0.272922000,-0.569277000,0.366072000
64.136817,NAPKIN_LIFT1_POS_FWD2,-0.272932000,-0.568778000,0.366112000
64.146638,NAPKIN_LIFT1_POS_FWD2,-0.272970000,-0.568254000,0.366164000
64.156827,NAPKIN_LIFT1_POS_FWD2,-0.272998000,-0.567731000,0.366216000
64.166858,NAPKIN_LIFT1_POS_FWD2,-0.273032000,-0.567208000,0.366276000
64.176765,NAPKIN_LIFT1_POS_FWD2,-0.273077000,-0.566687000,0.366337000
64.186674,NAPKIN_LIFT1_POS_FWD2,-0.273139000,-0.566160000,0.366414000
64.186722,NAPKIN_LIFT1_POS_FWD2_SETTLE,-0.273139000,-0.566160000,0.366414000
64.196979,NAPKIN_LIFT1_POS_FWD2_SETTLE,-0.273195000,-0.565636000,0.366481000
64.207251,NAPKIN_LIFT1_POS_FWD2_SETTLE,-0.273232000,-0.565123000,0.366541000
64.217600,NAPKIN_LIFT1_POS_FWD2_SETTLE,-0.273279000,-0.564541000,0.366594000
64.227897,NAPKIN_LIFT1_POS_FWD2_SETTLE,-0.273326000,-0.563997000,0.366626000
64.238108,NAPKIN_LIFT1_POS_FWD2_SETTLE,-0.273364000,-0.563452000,0.366640000
64.248317,NAPKIN_LIFT1_POS_FWD2_SETTLE,-0.273415000,-0.562903000,0.366664000
64.258645,NAPKIN_LIFT1_POS_FWD2_SETTLE,-0.273484000,-0.562294000,0.366704000
64.268974,NAPKIN_LIFT1_POS_FWD2_SETTLE,-0.273542000,-0.561754000,0.366749000
64.279281,NAPKIN_LIFT1_POS_FWD2_SETTLE,-0.273598000,-0.561221000,0.366792000
64.289627,NAPKIN_LIFT1_POS_FWD2_SETTLE,-0.273659000,-0.560629000,0.366829000
64.299962,NAPKIN_LIFT1_POS_FWD2_SETTLE,-0.273713000,-0.560097000,0.366863000
64.310325,NAPKIN_LIFT1_POS_FWD2_SETTLE,-0.273771000,-0.559542000,0.366888000
64.320675,NAPKIN_LIFT1_POS_FWD2_SETTLE,-0.273836000,-0.558929000,0.366923000
64.330988,NAPKIN_LIFT1_POS_FWD2_SETTLE,-0.273883000,-0.558375000,0.366937000
64.341313,NAPKIN_LIFT1_POS_FWD2_SETTLE,-0.273920000,-0.557829000,0.366948000
64.351775,NAPKIN_LIFT1_POS_FWD2_SETTLE,-0.273935000,-0.557250000,0.366931000
64.362032,NAPKIN_LIFT1_POS_FWD2_SETTLE,-0.273969000,-0.556717000,0.366943000
64.372284,NAPKIN_LIFT1_POS_FWD2_SETTLE,-0.274020000,-0.556181000,0.366955000
64.382617,NAPKIN_LIFT1_POS_FWD2_SETTLE,-0.274056000,-0.555604000,0.366956000
64.392965,NAPKIN_LIFT1_POS_FWD2_SETTLE,-0.274089000,-0.555080000,0.366976000
64.403317,NAPKIN_LIFT1_POS_FWD2_SETTLE,-0.274137000,-0.554557000,0.367023000
64.413692,NAPKIN_LIFT1_POS_FWD2_SETTLE,-0.274196000,-0.553979000,0.367075000
64.424029,NAPKIN_LIFT1_POS_FWD2_SETTLE,-0.274240000,-0.553474000,0.367128000
64.434375,NAPKIN_LIFT1_POS_FWD2_SETTLE,-0.274262000,-0.552943000,0.367184000
64.444688,NAPKIN_LIFT1_POS_FWD2_SETTLE,-0.274302000,-0.552461000,0.367248000
64.455025,NAPKIN_LIFT1_POS_FWD2_SETTLE,-0.274336000,-0.551989000,0.367304000
64.465357,NAPKIN_LIFT1_POS_FWD2_SETTLE,-0.274338000,-0.551495000,0.367345000
64.475707,NAPKIN_LIFT1_POS_FWD2_SETTLE,-0.274335000,-0.551045000,0.367368000
64.485949,NAPKIN_LIFT1_POS_FWD2_SETTLE,-0.274373000,-0.550564000,0.367415000
64.496173,NAPKIN_LIFT1_POS_FWD2_SETTLE,-0.274410000,-0.550084000,0.367468000
64.506465,NAPKIN_LIFT1_POS_FWD2_SETTLE,-0.274444000,-0.549548000,0.367515000
64.516836,NAPKIN_LIFT1_POS_FWD2_SETTLE,-0.274472000,-0.549061000,0.367555000
64.527172,NAPKIN_LIFT1_POS_FWD2_SETTLE,-0.274507000,-0.548575000,0.367608000
64.537484,NAPKIN_LIFT1_POS_FWD2_SETTLE,-0.274540000,-0.548041000,0.367652000
64.547808,NAPKIN_LIFT1_POS_FWD2_SETTLE,-0.274569000,-0.547549000,0.367686000
64.558129,NAPKIN_LIFT1_POS_FWD2_SETTLE,-0.274597000,-0.547055000,0.367703000
64.568449,NAPKIN_LIFT1_POS_FWD2_SETTLE,-0.274653000,-0.546497000,0.367727000
64.578752,NAPKIN_LIFT1_POS_FWD2_SETTLE,-0.274662000,-0.546008000,0.367713000
64.589068,NAPKIN_LIFT1_POS_FWD2_SETTLE,-0.274665000,-0.545523000,0.367698000
64.599449,NAPKIN_LIFT1_POS_FWD2_SETTLE,-0.274680000,-0.544981000,0.367686000
64.609855,NAPKIN_LIFT1_POS_FWD2_SETTLE,-0.274695000,-0.544493000,0.367681000
64.620204,NAPKIN_LIFT1_POS_FWD2_SETTLE,-0.274715000,-0.544006000,0.367677000
64.630528,NAPKIN_LIFT1_POS_FWD2_SETTLE,-0.274724000,-0.543471000,0.367663000
64.640910,NAPKIN_LIFT1_POS_FWD2_SETTLE,-0.274757000,-0.542973000,0.367658000
64.651135,NAPKIN_LIFT1_POS_FWD2_SETTLE,-0.274798000,-0.542470000,0.367663000
64.661347,NAPKIN_LIFT1_POS_FWD2_SETTLE,-0.274829000,-0.541961000,0.367646000
64.671673,NAPKIN_LIFT1_POS_FWD2_SETTLE,-0.274854000,-0.541408000,0.367624000
64.682077,NAPKIN_LIFT1_POS_FWD2_SETTLE,-0.274880000,-0.540894000,0.367597000
64.692427,NAPKIN_LIFT1_POS_FWD2_SETTLE,-0.274888000,-0.540349000,0.367568000
64.702765,NAPKIN_LIFT1_POS_FWD2_SETTLE,-0.274894000,-0.539853000,0.367542000
64.713166,NAPKIN_LIFT1_POS_FWD2_SETTLE,-0.274896000,-0.539363000,0.367519000
64.723532,NAPKIN_LIFT1_POS_FWD2_SETTLE,-0.274914000,-0.538816000,0.367523000
64.733887,NAPKIN_LIFT1_POS_FWD2_SETTLE,-0.274948000,-0.538316000,0.367548000
64.744214,NAPKIN_LIFT1_POS_FWD2_SETTLE,-0.274961000,-0.537821000,0.367554000
64.754541,NAPKIN_LIFT1_POS_FWD2_SETTLE,-0.274999000,-0.537270000,0.367596000
64.764845,NAPKIN_LIFT1_POS_FWD2_SETTLE,-0.275045000,-0.536767000,0.367657000
64.775166,NAPKIN_LIFT1_POS_FWD2_SETTLE,-0.275083000,-0.536264000,0.367712000
64.785470,NAPKIN_LIFT1_POS_FWD2_SETTLE,-0.275084000,-0.535744000,0.367757000
64.795757,NAPKIN_LIFT1_POS_FWD2_SETTLE,-0.275080000,-0.535278000,0.367796000
64.806136,NAPKIN_LIFT1_POS_FWD2_SETTLE,-0.275069000,-0.534816000,0.367834000
64.816509,NAPKIN_LIFT1_POS_FWD2_SETTLE,-0.275059000,-0.534308000,0.367863000
64.826854,NAPKIN_LIFT1_POS_FWD2_SETTLE,-0.275061000,-0.533837000,0.367895000
64.837172,NAPKIN_LIFT1_POS_FWD2_SETTLE,-0.275066000,-0.533363000,0.367932000
64.847486,NAPKIN_LIFT1_POS_FWD2_SETTLE,-0.275104000,-0.532816000,0.367984000
64.857821,NAPKIN_LIFT1_POS_FWD2_SETTLE,-0.275136000,-0.532317000,0.368026000
64.868127,NAPKIN_LIFT1_POS_FWD2_SETTLE,-0.275175000,-0.531807000,0.368053000
64.878447,NAPKIN_LIFT1_POS_FWD2_SETTLE,-0.275228000,-0.531242000,0.368103000
64.888794,NAPKIN_LIFT1_POS_FWD2_SETTLE,-0.275289000,-0.530711000,0.368147000
64.899140,NAPKIN_LIFT1_POS_FWD2_SETTLE,-0.275357000,-0.530176000,0.368198000
64.909540,NAPKIN_LIFT1_POS_FWD2_SETTLE,-0.275406000,-0.529596000,0.368235000
64.919918,NAPKIN_LIFT1_POS_FWD2_SETTLE,-0.275427000,-0.529078000,0.368253000
64.930259,NAPKIN_LIFT1_POS_FWD2_SETTLE,-0.275461000,-0.528555000,0.368296000
64.940614,NAPKIN_LIFT1_POS_FWD2_SETTLE,-0.275485000,-0.527977000,0.368322000
64.950941,NAPKIN_LIFT1_POS_FWD2_SETTLE,-0.275499000,-0.527462000,0.368348000
64.961264,NAPKIN_LIFT1_POS_FWD2_SETTLE,-0.275524000,-0.526936000,0.368378000
64.971589,NAPKIN_LIFT1_POS_FWD2_SETTLE,-0.275540000,-0.526358000,0.368391000
64.981933,NAPKIN_LIFT1_POS_FWD2_SETTLE,-0.275577000,-0.525822000,0.368415000
64.992260,NAPKIN_LIFT1_POS_FWD2_SETTLE,-0.275624000,-0.525268000,0.368426000
65.002666,NAPKIN_LIFT1_POS_FWD2_SETTLE,-0.275655000,-0.524674000,0.368424000
65.273917,NAPKIN_S1_POS_FWD2,-0.275653000,-0.517563000,0.369000000
65.283883,NAPKIN_S1_POS_FWD2,-0.275671000,-0.517546000,0.369012000
65.293874,NAPKIN_S1_POS_FWD2,-0.275553000,-0.517615000,0.368871000
65.303848,NAPKIN_S1_POS_FWD2,-0.275272000,-0.517795000,0.368557000
65.313908,NAPKIN_S1_POS_FWD2,-0.275045000,-0.517947000,0.368226000
65.323898,NAPKIN_S1_POS_FWD2,-0.274937000,-0.518011000,0.367819000
65.333891,NAPKIN_S1_POS_FWD2,-0.274804000,-0.518106000,0.367280000
65.343819,NAPKIN_S1_POS_FWD2,-0.274755000,-0.518181000,0.366845000
65.353852,NAPKIN_S1_POS_FWD2,-0.274769000,-0.518206000,0.366462000
65.363813,NAPKIN_S1_POS_FWD2,-0.274613000,-0.518280000,0.365854000
65.373850,NAPKIN_S1_POS_FWD2,-0.274340000,-0.518390000,0.365114000
65.383804,NAPKIN_S1_POS_FWD2,-0.274135000,-0.518482000,0.364448000
65.393853,NAPKIN_S1_POS_FWD2,-0.274014000,-0.518554000,0.363904000
65.403834,NAPKIN_S1_POS_FWD2,-0.273932000,-0.518619000,0.363473000
65.413821,NAPKIN_S1_POS_FWD2,-0.273841000,-0.518715000,0.363073000
65.423820,NAPKIN_S1_POS_FWD2,-0.273795000,-0.518778000,0.362671000
65.433747,NAPKIN_S1_POS_FWD2,-0.273822000,-0.518766000,0.362239000
65.443705,NAPKIN_S1_POS_FWD2,-0.273888000,-0.518704000,0.361773000
65.453715,NAPKIN_S1_POS_FWD2,-0.273966000,-0.518613000,0.361282000
65.463862,NAPKIN_S1_POS_FWD2,-0.274046000,-0.518531000,0.360816000
65.473824,NAPKIN_S1_POS_FWD2,-0.274105000,-0.518479000,0.360348000
65.483848,NAPKIN_S1_POS_FWD2,-0.274137000,-0.518464000,0.359873000
65.493819,NAPKIN_S1_POS_FWD2,-0.274137000,-0.518469000,0.359381000
65.503848,NAPKIN_S1_POS_FWD2,-0.274113000,-0.518495000,0.358875000
65.513889,NAPKIN_S1_POS_FWD2,-0.274087000,-0.518519000,0.358392000
65.523863,NAPKIN_S1_POS_FWD2,-0.274066000,-0.518533000,0.357895000
65.533914,NAPKIN_S1_POS_FWD2,-0.274059000,-0.518528000,0.357395000
65.543897,NAPKIN_S1_POS_FWD2,-0.274093000,-0.518493000,0.356926000
65.553948,NAPKIN_S1_POS_FWD2,-0.274128000,-0.518461000,0.356451000
65.563889,NAPKIN_S1_POS_FWD2,-0.274145000,-0.518439000,0.355956000
65.573851,NAPKIN_S1_POS_FWD2,-0.274163000,-0.518429000,0.355487000
65.583828,NAPKIN_S1_POS_FWD2,-0.274169000,-0.518427000,0.354983000
65.593834,NAPKIN_S1_POS_FWD2,-0.274161000,-0.518437000,0.354472000
65.603847,NAPKIN_S1_POS_FWD2,-0.274169000,-0.518435000,0.353972000
65.613969,NAPKIN_S1_POS_FWD2,-0.274185000,-0.518427000,0.353481000
65.623855,NAPKIN_S1_POS_FWD2,-0.274179000,-0.518428000,0.352968000
65.633872,NAPKIN_S1_POS_FWD2,-0.274207000,-0.518408000,0.352484000
65.643831,NAPKIN_S1_POS_FWD2,-0.274230000,-0.518385000,0.351972000
65.643928,NAPKIN_S1_POS_FWD2_SETTLE,-0.274230000,-0.518385000,0.351972000
65.654340,NAPKIN_S1_POS_FWD2_SETTLE,-0.274241000,-0.518377000,0.351448000
65.664726,NAPKIN_S1_POS_FWD2_SETTLE,-0.274257000,-0.518365000,0.350887000
65.675057,NAPKIN_S1_POS_FWD2_SETTLE,-0.274265000,-0.518362000,0.350361000
65.685396,NAPKIN_S1_POS_FWD2_SETTLE,-0.274273000,-0.518358000,0.349799000
65.695716,NAPKIN_S1_POS_FWD2_SETTLE,-0.274276000,-0.518353000,0.349275000
65.706033,NAPKIN_S1_POS_FWD2_SETTLE,-0.274267000,-0.518353000,0.348730000
65.716417,NAPKIN_S1_POS_FWD2_SETTLE,-0.274265000,-0.518346000,0.348140000
65.726822,NAPKIN_S1_POS_FWD2_SETTLE,-0.274256000,-0.518345000,0.347600000
65.737170,NAPKIN_S1_POS_FWD2_SETTLE,-0.274244000,-0.518351000,0.347066000
65.747502,NAPKIN_S1_POS_FWD2_SETTLE,-0.274243000,-0.518349000,0.346495000
65.757868,NAPKIN_S1_POS_FWD2_SETTLE,-0.274236000,-0.518353000,0.345962000
65.768215,NAPKIN_S1_POS_FWD2_SETTLE,-0.274242000,-0.518354000,0.345492000
65.778572,NAPKIN_S1_POS_FWD2_SETTLE,-0.274240000,-0.518355000,0.344851000
65.788899,NAPKIN_S1_POS_FWD2_SETTLE,-0.274252000,-0.518346000,0.344329000
65.799231,NAPKIN_S1_POS_FWD2_SETTLE,-0.274256000,-0.518340000,0.343783000
65.809752,NAPKIN_S1_POS_FWD2_SETTLE,-0.274261000,-0.518335000,0.343218000
65.820151,NAPKIN_S1_POS_FWD2_SETTLE,-0.274280000,-0.518321000,0.342723000
65.830490,NAPKIN_S1_POS_FWD2_SETTLE,-0.274284000,-0.518322000,0.342179000
65.840827,NAPKIN_S1_POS_FWD2_SETTLE,-0.274273000,-0.518326000,0.341670000
65.851149,NAPKIN_S1_POS_FWD2_SETTLE,-0.274269000,-0.518331000,0.341173000
65.861475,NAPKIN_S1_POS_FWD2_SETTLE,-0.274281000,-0.518331000,0.340646000
65.871804,NAPKIN_S1_POS_FWD2_SETTLE,-0.274289000,-0.518328000,0.340154000
65.882118,NAPKIN_S1_POS_FWD2_SETTLE,-0.274292000,-0.518327000,0.339660000
65.892462,NAPKIN_S1_POS_FWD2_SETTLE,-0.274306000,-0.518315000,0.339123000
65.902791,NAPKIN_S1_POS_FWD2_SETTLE,-0.274311000,-0.518308000,0.338631000
65.913169,NAPKIN_S1_POS_FWD2_SETTLE,-0.274343000,-0.518285000,0.338166000
65.923528,NAPKIN_S1_POS_FWD2_SETTLE,-0.274370000,-0.518265000,0.337650000
65.933868,NAPKIN_S1_POS_FWD2_SETTLE,-0.274368000,-0.518262000,0.337154000
65.944190,NAPKIN_S1_POS_FWD2_SETTLE,-0.274388000,-0.518246000,0.336672000
65.954535,NAPKIN_S1_POS_FWD2_SETTLE,-0.274396000,-0.518241000,0.336132000
65.964855,NAPKIN_S1_POS_FWD2_SETTLE,-0.274424000,-0.518219000,0.335661000
65.975253,NAPKIN_S1_POS_FWD2_SETTLE,-0.274447000,-0.518200000,0.335192000
65.985609,NAPKIN_S1_POS_FWD2_SETTLE,-0.274457000,-0.518186000,0.334660000
65.995871,NAPKIN_S1_POS_FWD2_SETTLE,-0.274473000,-0.518167000,0.334190000
66.006235,NAPKIN_S1_POS_FWD2_SETTLE,-0.274490000,-0.518142000,0.333706000
66.016630,NAPKIN_S1_POS_FWD2_SETTLE,-0.274504000,-0.518121000,0.333174000
66.026983,NAPKIN_S1_POS_FWD2_SETTLE,-0.274523000,-0.518102000,0.332706000
66.037312,NAPKIN_S1_POS_FWD2_SETTLE,-0.274541000,-0.518079000,0.332234000
66.047666,NAPKIN_S1_POS_FWD2_SETTLE,-0.274562000,-0.518053000,0.331706000
66.057928,NAPKIN_S1_POS_FWD2_SETTLE,-0.274580000,-0.518029000,0.331229000
66.068251,NAPKIN_S1_POS_FWD2_SETTLE,-0.274624000,-0.517991000,0.330774000
66.078577,NAPKIN_S1_POS_FWD2_SETTLE,-0.274665000,-0.517950000,0.330265000
66.088878,NAPKIN_S1_POS_FWD2_SETTLE,-0.274691000,-0.517922000,0.329799000
66.099195,NAPKIN_S1_POS_FWD2_SETTLE,-0.274701000,-0.517898000,0.329310000
66.109579,NAPKIN_S1_POS_FWD2_SETTLE,-0.274702000,-0.517882000,0.328761000
66.119900,NAPKIN_S1_POS_FWD2_SETTLE,-0.274731000,-0.517854000,0.328291000
66.130239,NAPKIN_S1_POS_FWD2_SETTLE,-0.274769000,-0.517815000,0.327818000
66.140574,NAPKIN_S1_POS_FWD2_SETTLE,-0.274787000,-0.517785000,0.327278000
66.150891,NAPKIN_S1_POS_FWD2_SETTLE,-0.274821000,-0.517747000,0.326812000
66.161198,NAPKIN_S1_POS_FWD2_SETTLE,-0.274840000,-0.517718000,0.326329000
66.171396,NAPKIN_S1_POS_FWD2_SETTLE,-0.274850000,-0.517690000,0.325779000
66.181590,NAPKIN_S1_POS_FWD2_SETTLE,-0.274857000,-0.517664000,0.325283000
66.191792,NAPKIN_S1_POS_FWD2_SETTLE,-0.274860000,-0.517644000,0.324802000
66.202043,NAPKIN_S1_POS_FWD2_SETTLE,-0.274869000,-0.517621000,0.324321000
66.212373,NAPKIN_S1_POS_FWD2_SETTLE,-0.274879000,-0.517592000,0.323845000
66.222823,NAPKIN_S1_POS_FWD2_SETTLE,-0.274892000,-0.517565000,0.323332000
66.233183,NAPKIN_S1_POS_FWD2_SETTLE,-0.274899000,-0.517540000,0.322894000
66.243524,NAPKIN_S1_POS_FWD2_SETTLE,-0.274893000,-0.517514000,0.322284000
66.253830,NAPKIN_S1_POS_FWD2_SETTLE,-0.274884000,-0.517491000,0.321760000
66.264162,NAPKIN_S1_POS_FWD2_SETTLE,-0.274879000,-0.517469000,0.321254000
66.274483,NAPKIN_S1_POS_FWD2_SETTLE,-0.274886000,-0.517451000,0.320713000
66.284809,NAPKIN_S1_POS_FWD2_SETTLE,-0.274896000,-0.517429000,0.320207000
66.295209,NAPKIN_S1_POS_FWD2_SETTLE,-0.274921000,-0.517403000,0.319717000
66.305648,NAPKIN_S1_POS_FWD2_SETTLE,-0.274946000,-0.517375000,0.319166000
66.316028,NAPKIN_S1_POS_FWD2_SETTLE,-0.274933000,-0.517358000,0.318600000
66.326384,NAPKIN_S1_POS_FWD2_SETTLE,-0.274924000,-0.517345000,0.318010000
66.336705,NAPKIN_S1_POS_FWD2_SETTLE,-0.274930000,-0.517325000,0.317499000
66.347038,NAPKIN_S1_POS_FWD2_SETTLE,-0.274928000,-0.517322000,0.316981000
66.357394,NAPKIN_S1_POS_FWD2_SETTLE,-0.274930000,-0.517316000,0.316422000
66.367726,NAPKIN_S1_POS_FWD2_SETTLE,-0.274931000,-0.517309000,0.315910000
66.378045,NAPKIN_S1_POS_FWD2_SETTLE,-0.274938000,-0.517295000,0.315397000
66.388365,NAPKIN_S1_POS_FWD2_SETTLE,-0.274941000,-0.517279000,0.314875000
66.398715,NAPKIN_S1_POS_FWD2_SETTLE,-0.274933000,-0.517261000,0.314287000
66.409168,NAPKIN_S1_POS_FWD2_SETTLE,-0.274921000,-0.517249000,0.313746000
66.419586,NAPKIN_S1_POS_FWD2_SETTLE,-0.274919000,-0.517240000,0.313179000
66.429943,NAPKIN_S1_POS_FWD2_SETTLE,-0.274903000,-0.517242000,0.312647000
66.440269,NAPKIN_S1_POS_FWD2_SETTLE,-0.274902000,-0.517240000,0.312131000
66.450603,NAPKIN_S1_POS_FWD2_SETTLE,-0.274906000,-0.517231000,0.311544000
66.460944,NAPKIN_S1_POS_FWD2_SETTLE,-0.274913000,-0.517215000,0.311007000
66.471261,NAPKIN_S1_POS_FWD2_SETTLE,-0.274939000,-0.517191000,0.310494000
66.481606,NAPKIN_S1_POS_FWD2_SETTLE,-0.274933000,-0.517176000,0.309878000
66.491940,NAPKIN_S1_POS_FWD2_SETTLE,-0.274930000,-0.517169000,0.309342000
66.502314,NAPKIN_S1_POS_FWD2_SETTLE,-0.274921000,-0.517166000,0.308799000
66.512713,NAPKIN_S1_POS_FWD2_SETTLE,-0.274923000,-0.517168000,0.308231000
66.523060,NAPKIN_S1_POS_FWD2_SETTLE,-0.274909000,-0.517178000,0.307710000
66.533390,NAPKIN_S1_POS_FWD2_SETTLE,-0.274900000,-0.517192000,0.307153000
66.543711,NAPKIN_S1_POS_FWD2_SETTLE,-0.274899000,-0.517196000,0.306659000
66.554028,NAPKIN_S1_POS_FWD2_SETTLE,-0.274908000,-0.517196000,0.306180000
66.564346,NAPKIN_S1_POS_FWD2_SETTLE,-0.274922000,-0.517196000,0.305712000
66.574635,NAPKIN_S1_POS_FWD2_SETTLE,-0.274934000,-0.517207000,0.305200000
66.584954,NAPKIN_S1_POS_FWD2_SETTLE,-0.274956000,-0.517224000,0.304762000
66.595255,NAPKIN_S1_POS_FWD2_SETTLE,-0.274985000,-0.517245000,0.304339000
66.605558,NAPKIN_S1_POS_FWD2_SETTLE,-0.275019000,-0.517272000,0.303872000
66.876710,NAPKIN_S2_POS_FWD2,-0.275804000,-0.517364000,0.294915000
66.886649,NAPKIN_S2_POS_FWD2,-0.275972000,-0.517356000,0.295090000
66.896631,NAPKIN_S2_POS_FWD2,-0.275978000,-0.517418000,0.295072000
66.906635,NAPKIN_S2_POS_FWD2,-0.275877000,-0.517558000,0.295047000
66.916687,NAPKIN_S2_POS_FWD2,-0.275891000,-0.517652000,0.295157000
66.926636,NAPKIN_S2_POS_FWD2,-0.275864000,-0.517767000,0.295138000
66.936710,NAPKIN_S2_POS_FWD2,-0.275668000,-0.518053000,0.295040000
66.946661,NAPKIN_S2_POS_FWD2,-0.275442000,-0.518455000,0.295022000
66.956642,NAPKIN_S2_POS_FWD2,-0.275230000,-0.518924000,0.295075000
66.966609,NAPKIN_S2_POS_FWD2,-0.275088000,-0.519407000,0.295209000
66.976634,NAPKIN_S2_POS_FWD2,-0.275004000,-0.519822000,0.295328000
66.986604,NAPKIN_S2_POS_FWD2,-0.274928000,-0.520275000,0.295422000
66.996606,NAPKIN_S2_POS_FWD2,-0.274856000,-0.520743000,0.295442000
67.006663,NAPKIN_S2_POS_FWD2,-0.274776000,-0.521163000,0.295373000
67.016715,NAPKIN_S2_POS_FWD2,-0.274698000,-0.521557000,0.295278000
67.026617,NAPKIN_S2_POS_FWD2,-0.274606000,-0.522054000,0.295148000
67.036664,NAPKIN_S2_POS_FWD2,-0.274522000,-0.522534000,0.295056000
67.046624,NAPKIN_S2_POS_FWD2,-0.274443000,-0.523029000,0.294971000
67.056656,NAPKIN_S2_POS_FWD2,-0.274372000,-0.523542000,0.294900000
67.066645,NAPKIN_S2_POS_FWD2,-0.274293000,-0.524059000,0.294812000
67.076633,NAPKIN_S2_POS_FWD2,-0.274195000,-0.524570000,0.294683000
67.086650,NAPKIN_S2_POS_FWD2,-0.274091000,-0.525079000,0.294510000
67.096617,NAPKIN_S2_POS_FWD2,-0.274029000,-0.525582000,0.294388000
67.106644,NAPKIN_S2_POS_FWD2,-0.274011000,-0.526018000,0.294309000
67.116680,NAPKIN_S2_POS_FWD2,-0.273977000,-0.526570000,0.294209000
67.126658,NAPKIN_S2_POS_FWD2,-0.273958000,-0.527072000,0.294133000
67.136622,NAPKIN_S2_POS_FWD2,-0.273950000,-0.527578000,0.294083000
67.146635,NAPKIN_S2_POS_FWD2,-0.273938000,-0.528090000,0.294030000
67.146724,NAPKIN_S2_POS_FWD2_SETTLE,-0.273938000,-0.528090000,0.294030000
67.157049,NAPKIN_S2_POS_FWD2_SETTLE,-0.273906000,-0.528600000,0.293958000
67.167384,NAPKIN_S2_POS_FWD2_SETTLE,-0.273864000,-0.529169000,0.293882000
67.177704,NAPKIN_S2_POS_FWD2_SETTLE,-0.273828000,-0.529681000,0.293812000
67.188018,NAPKIN_S2_POS_FWD2_SETTLE,-0.273806000,-0.530184000,0.293751000
67.198349,NAPKIN_S2_POS_FWD2_SETTLE,-0.273796000,-0.530685000,0.293719000
67.208675,NAPKIN_S2_POS_FWD2_SETTLE,-0.273803000,-0.531245000,0.293721000
67.219094,NAPKIN_S2_POS_FWD2_SETTLE,-0.273829000,-0.531730000,0.293714000
67.229452,NAPKIN_S2_POS_FWD2_SETTLE,-0.273844000,-0.532273000,0.293699000
67.239781,NAPKIN_S2_POS_FWD2_SETTLE,-0.273850000,-0.532710000,0.293676000
67.250100,NAPKIN_S2_POS_FWD2_SETTLE,-0.273853000,-0.533219000,0.293613000
67.260440,NAPKIN_S2_POS_FWD2_SETTLE,-0.273837000,-0.533747000,0.293561000
67.270838,NAPKIN_S2_POS_FWD2_SETTLE,-0.273839000,-0.534211000,0.293510000
67.281165,NAPKIN_S2_POS_FWD2_SETTLE,-0.273851000,-0.534672000,0.293489000
67.291476,NAPKIN_S2_POS_FWD2_SETTLE,-0.273864000,-0.535138000,0.293472000
67.301828,NAPKIN_S2_POS_FWD2_SETTLE,-0.273879000,-0.535659000,0.293463000
67.312187,NAPKIN_S2_POS_FWD2_SETTLE,-0.273912000,-0.536132000,0.293471000
67.322525,NAPKIN_S2_POS_FWD2_SETTLE,-0.273934000,-0.536659000,0.293462000
67.332887,NAPKIN_S2_POS_FWD2_SETTLE,-0.273947000,-0.537144000,0.293441000
67.343233,NAPKIN_S2_POS_FWD2_SETTLE,-0.273947000,-0.537638000,0.293412000
67.353548,NAPKIN_S2_POS_FWD2_SETTLE,-0.273948000,-0.538173000,0.293361000
67.363826,NAPKIN_S2_POS_FWD2_SETTLE,-0.273992000,-0.538649000,0.293359000
67.374137,NAPKIN_S2_POS_FWD2_SETTLE,-0.274020000,-0.539145000,0.293357000
67.384474,NAPKIN_S2_POS_FWD2_SETTLE,-0.274051000,-0.539697000,0.293367000
67.394791,NAPKIN_S2_POS_FWD2_SETTLE,-0.274071000,-0.540162000,0.293390000
67.405113,NAPKIN_S2_POS_FWD2_SETTLE,-0.274094000,-0.540722000,0.293403000
67.415488,NAPKIN_S2_POS_FWD2_SETTLE,-0.274102000,-0.541280000,0.293379000
67.425851,NAPKIN_S2_POS_FWD2_SETTLE,-0.274083000,-0.541795000,0.293339000
67.436206,NAPKIN_S2_POS_FWD2_SETTLE,-0.274051000,-0.542313000,0.293293000
67.446534,NAPKIN_S2_POS_FWD2_SETTLE,-0.274023000,-0.542828000,0.293249000
67.456835,NAPKIN_S2_POS_FWD2_SETTLE,-0.274025000,-0.543383000,0.293241000
67.467146,NAPKIN_S2_POS_FWD2_SETTLE,-0.274030000,-0.543891000,0.293240000
67.477479,NAPKIN_S2_POS_FWD2_SETTLE,-0.273994000,-0.544465000,0.293202000
67.487844,NAPKIN_S2_POS_FWD2_SETTLE,-0.273955000,-0.544991000,0.293170000
67.498181,NAPKIN_S2_POS_FWD2_SETTLE,-0.273945000,-0.545504000,0.293160000
67.508549,NAPKIN_S2_POS_FWD2_SETTLE,-0.273949000,-0.546050000,0.293149000
67.518904,NAPKIN_S2_POS_FWD2_SETTLE,-0.273934000,-0.546550000,0.293111000
67.529139,NAPKIN_S2_POS_FWD2_SETTLE,-0.273928000,-0.546998000,0.293077000
67.539389,NAPKIN_S2_POS_FWD2_SETTLE,-0.273925000,-0.547589000,0.293024000
67.549708,NAPKIN_S2_POS_FWD2_SETTLE,-0.273910000,-0.548088000,0.292973000
67.560014,NAPKIN_S2_POS_FWD2_SETTLE,-0.273921000,-0.548521000,0.292941000
67.570327,NAPKIN_S2_POS_FWD2_SETTLE,-0.273957000,-0.549041000,0.292920000
67.580676,NAPKIN_S2_POS_FWD2_SETTLE,-0.273983000,-0.549560000,0.292876000
67.591042,NAPKIN_S2_POS_FWD2_SETTLE,-0.274012000,-0.549975000,0.292839000
67.601378,NAPKIN_S2_POS_FWD2_SETTLE,-0.274049000,-0.550540000,0.292813000
67.611723,NAPKIN_S2_POS_FWD2_SETTLE,-0.274089000,-0.550955000,0.292805000
67.622060,NAPKIN_S2_POS_FWD2_SETTLE,-0.274120000,-0.551467000,0.292790000
67.632448,NAPKIN_S2_POS_FWD2_SETTLE,-0.274134000,-0.551946000,0.292778000
67.642809,NAPKIN_S2_POS_FWD2_SETTLE,-0.274153000,-0.552426000,0.292779000
67.653135,NAPKIN_S2_POS_FWD2_SETTLE,-0.274173000,-0.552958000,0.292796000
67.663409,NAPKIN_S2_POS_FWD2_SETTLE,-0.274185000,-0.553445000,0.292812000
67.673616,NAPKIN_S2_POS_FWD2_SETTLE,-0.274193000,-0.553986000,0.292838000
67.683804,NAPKIN_S2_POS_FWD2_SETTLE,-0.274221000,-0.554469000,0.292873000
67.694017,NAPKIN_S2_POS_FWD2_SETTLE,-0.274232000,-0.554964000,0.292905000
67.704324,NAPKIN_S2_POS_FWD2_SETTLE,-0.274225000,-0.555471000,0.292933000
67.714718,NAPKIN_S2_POS_FWD2_SETTLE,-0.274227000,-0.556022000,0.292972000
67.725098,NAPKIN_S2_POS_FWD2_SETTLE,-0.274235000,-0.556521000,0.293010000
67.735435,NAPKIN_S2_POS_FWD2_SETTLE,-0.274235000,-0.557083000,0.293059000
67.745827,NAPKIN_S2_POS_FWD2_SETTLE,-0.274234000,-0.557542000,0.293091000
67.756187,NAPKIN_S2_POS_FWD2_SETTLE,-0.274253000,-0.558092000,0.293135000
67.766447,NAPKIN_S2_POS_FWD2_SETTLE,-0.274273000,-0.558597000,0.293179000
67.776754,NAPKIN_S2_POS_FWD2_SETTLE,-0.274303000,-0.559094000,0.293228000
67.787082,NAPKIN_S2_POS_FWD2_SETTLE,-0.274329000,-0.559590000,0.293271000
67.797422,NAPKIN_S2_POS_FWD2_SETTLE,-0.274341000,-0.560149000,0.293307000
67.807791,NAPKIN_S2_POS_FWD2_SETTLE,-0.274355000,-0.560651000,0.293334000
67.818149,NAPKIN_S2_POS_FWD2_SETTLE,-0.274395000,-0.561144000,0.293380000
67.828537,NAPKIN_S2_POS_FWD2_SETTLE,-0.274455000,-0.561667000,0.293423000
67.838894,NAPKIN_S2_POS_FWD2_SETTLE,-0.274483000,-0.562156000,0.293447000
67.849227,NAPKIN_S2_POS_FWD2_SETTLE,-0.274533000,-0.562629000,0.293455000
67.859572,NAPKIN_S2_POS_FWD2_SETTLE,-0.274631000,-0.563163000,0.293482000
67.869896,NAPKIN_S2_POS_FWD2_SETTLE,-0.274713000,-0.563609000,0.293498000
67.880221,NAPKIN_S2_POS_FWD2_SETTLE,-0.274749000,-0.564021000,0.293477000
68.151432,NAPKIN_LIFT2_POS_FWD2,-0.274616000,-0.574735000,0.292729000
68.161380,NAPKIN_LIFT2_POS_FWD2,-0.274642000,-0.574779000,0.292747000
68.171354,NAPKIN_LIFT2_POS_FWD2,-0.274512000,-0.574883000,0.292624000
68.181362,NAPKIN_LIFT2_POS_FWD2,-0.274205000,-0.575063000,0.292302000
68.191379,NAPKIN_LIFT2_POS_FWD2,-0.274070000,-0.575205000,0.292242000
68.201372,NAPKIN_LIFT2_POS_FWD2,-0.274131000,-0.575296000,0.292505000
68.211395,NAPKIN_LIFT2_POS_FWD2,-0.274130000,-0.575362000,0.292704000
68.221356,NAPKIN_LIFT2_POS_FWD2,-0.273981000,-0.575445000,0.292732000
68.231383,NAPKIN_LIFT2_POS_FWD2,-0.273797000,-0.575572000,0.292856000
68.241357,NAPKIN_LIFT2_POS_FWD2,-0.273703000,-0.575671000,0.293129000
68.251353,NAPKIN_LIFT2_POS_FWD2,-0.273527000,-0.575846000,0.293577000
68.261323,NAPKIN_LIFT2_POS_FWD2,-0.273289000,-0.576054000,0.294069000
68.271377,NAPKIN_LIFT2_POS_FWD2,-0.273069000,-0.576234000,0.294578000
68.281340,NAPKIN_LIFT2_POS_FWD2,-0.273032000,-0.576320000,0.295110000
68.291364,NAPKIN_LIFT2_POS_FWD2,-0.273068000,-0.576375000,0.295753000
68.301346,NAPKIN_LIFT2_POS_FWD2,-0.273099000,-0.576422000,0.296360000
68.311443,NAPKIN_LIFT2_POS_FWD2,-0.273122000,-0.576459000,0.296936000
68.321348,NAPKIN_LIFT2_POS_FWD2,-0.273166000,-0.576455000,0.297342000
68.331351,NAPKIN_LIFT2_POS_FWD2,-0.273230000,-0.576430000,0.297757000
68.341348,NAPKIN_LIFT2_POS_FWD2,-0.273272000,-0.576415000,0.298180000
68.351344,NAPKIN_LIFT2_POS_FWD2,-0.273271000,-0.576434000,0.298637000
68.361341,NAPKIN_LIFT2_POS_FWD2,-0.273231000,-0.576483000,0.299103000
68.371345,NAPKIN_LIFT2_POS_FWD2,-0.273165000,-0.576548000,0.299550000
68.381336,NAPKIN_LIFT2_POS_FWD2,-0.273115000,-0.576599000,0.300004000
68.391384,NAPKIN_LIFT2_POS_FWD2,-0.273102000,-0.576629000,0.300490000
68.401353,NAPKIN_LIFT2_POS_FWD2,-0.273112000,-0.576634000,0.300975000
68.411429,NAPKIN_LIFT2_POS_FWD2,-0.273136000,-0.576615000,0.301496000
68.421335,NAPKIN_LIFT2_POS_FWD2,-0.273154000,-0.576593000,0.301913000
68.431426,NAPKIN_LIFT2_POS_FWD2,-0.273174000,-0.576572000,0.302437000
68.441370,NAPKIN_LIFT2_POS_FWD2,-0.273181000,-0.576565000,0.302920000
68.451368,NAPKIN_LIFT2_POS_FWD2,-0.273156000,-0.576585000,0.303409000
68.461335,NAPKIN_LIFT2_POS_FWD2,-0.273140000,-0.576605000,0.303858000
68.471315,NAPKIN_LIFT2_POS_FWD2,-0.273130000,-0.576615000,0.304346000
68.481340,NAPKIN_LIFT2_POS_FWD2,-0.273125000,-0.576617000,0.304825000
68.491360,NAPKIN_LIFT2_POS_FWD2,-0.273118000,-0.576616000,0.305303000
68.501351,NAPKIN_LIFT2_POS_FWD2,-0.273124000,-0.576610000,0.305795000
68.511397,NAPKIN_LIFT2_POS_FWD2,-0.273131000,-0.576611000,0.306344000
68.521346,NAPKIN_LIFT2_POS_FWD2,-0.273124000,-0.576614000,0.306769000
68.531345,NAPKIN_LIFT2_POS_FWD2,-0.273124000,-0.576627000,0.307259000
68.541360,NAPKIN_LIFT2_POS_FWD2,-0.273131000,-0.576638000,0.307741000
68.541446,NAPKIN_LIFT2_POS_FWD2_SETTLE,-0.273130000,-0.576642000,0.307791000
68.551786,NAPKIN_LIFT2_POS_FWD2_SETTLE,-0.273144000,-0.576650000,0.308280000
68.562123,NAPKIN_LIFT2_POS_FWD2_SETTLE,-0.273152000,-0.576652000,0.308759000
68.572464,NAPKIN_LIFT2_POS_FWD2_SETTLE,-0.273163000,-0.576649000,0.309273000
68.582792,NAPKIN_LIFT2_POS_FWD2_SETTLE,-0.273182000,-0.576641000,0.309753000
68.593111,NAPKIN_LIFT2_POS_FWD2_SETTLE,-0.273205000,-0.576631000,0.310238000
68.603490,NAPKIN_LIFT2_POS_FWD2_SETTLE,-0.273205000,-0.576636000,0.310774000
68.613895,NAPKIN_LIFT2_POS_FWD2_SETTLE,-0.273199000,-0.576646000,0.311262000
68.624258,NAPKIN_LIFT2_POS_FWD2_SETTLE,-0.273202000,-0.576656000,0.311760000
68.634650,NAPKIN_LIFT2_POS_FWD2_SETTLE,-0.273211000,-0.576658000,0.312294000
68.645030,NAPKIN_LIFT2_POS_FWD2_SETTLE,-0.273212000,-0.576660000,0.312780000
68.655373,NAPKIN_LIFT2_POS_FWD2_SETTLE,-0.273219000,-0.576654000,0.313322000
68.665712,NAPKIN_LIFT2_POS_FWD2_SETTLE,-0.273227000,-0.576648000,0.313816000
68.676031,NAPKIN_LIFT2_POS_FWD2_SETTLE,-0.273241000,-0.576639000,0.314318000
68.686387,NAPKIN_LIFT2_POS_FWD2_SETTLE,-0.273253000,-0.576630000,0.314820000
68.696708,NAPKIN_LIFT2_POS_FWD2_SETTLE,-0.273261000,-0.576627000,0.315372000
68.707092,NAPKIN_LIFT2_POS_FWD2_SETTLE,-0.273263000,-0.576624000,0.315867000
68.717444,NAPKIN_LIFT2_POS_FWD2_SETTLE,-0.273266000,-0.576628000,0.316416000
68.727773,NAPKIN_LIFT2_POS_FWD2_SETTLE,-0.273268000,-0.576628000,0.316900000
68.738090,NAPKIN_LIFT2_POS_FWD2_SETTLE,-0.273274000,-0.576620000,0.317378000
68.748422,NAPKIN_LIFT2_POS_FWD2_SETTLE,-0.273302000,-0.576608000,0.317924000
68.758750,NAPKIN_LIFT2_POS_FWD2_SETTLE,-0.273337000,-0.576584000,0.318406000
68.769070,NAPKIN_LIFT2_POS_FWD2_SETTLE,-0.273371000,-0.576565000,0.318889000
68.779391,NAPKIN_LIFT2_POS_FWD2_SETTLE,-0.273400000,-0.576556000,0.319432000
68.789708,NAPKIN_LIFT2_POS_FWD2_SETTLE,-0.273421000,-0.576544000,0.319911000
68.800030,NAPKIN_LIFT2_POS_FWD2_SETTLE,-0.273435000,-0.576531000,0.320378000
68.810441,NAPKIN_LIFT2_POS_FWD2_SETTLE,-0.273442000,-0.576523000,0.320893000
68.820818,NAPKIN_LIFT2_POS_FWD2_SETTLE,-0.273466000,-0.576511000,0.321401000
68.831202,NAPKIN_LIFT2_POS_FWD2_SETTLE,-0.273484000,-0.576502000,0.321910000
68.841547,NAPKIN_LIFT2_POS_FWD2_SETTLE,-0.273495000,-0.576486000,0.322453000
68.851853,NAPKIN_LIFT2_POS_FWD2_SETTLE,-0.273510000,-0.576468000,0.322956000
68.862172,NAPKIN_LIFT2_POS_FWD2_SETTLE,-0.273531000,-0.576450000,0.323470000
68.872541,NAPKIN_LIFT2_POS_FWD2_SETTLE,-0.273552000,-0.576430000,0.324055000
68.882872,NAPKIN_LIFT2_POS_FWD2_SETTLE,-0.273564000,-0.576410000,0.324577000
68.893223,NAPKIN_LIFT2_POS_FWD2_SETTLE,-0.273571000,-0.576401000,0.325107000
68.903542,NAPKIN_LIFT2_POS_FWD2_SETTLE,-0.273575000,-0.576388000,0.325679000
68.913925,NAPKIN_LIFT2_POS_FWD2_SETTLE,-0.273582000,-0.576377000,0.326201000
68.924269,NAPKIN_LIFT2_POS_FWD2_SETTLE,-0.273597000,-0.576365000,0.326737000
68.934586,NAPKIN_LIFT2_POS_FWD2_SETTLE,-0.273620000,-0.576350000,0.327330000
68.944903,NAPKIN_LIFT2_POS_FWD2_SETTLE,-0.273630000,-0.576334000,0.327844000
68.955234,NAPKIN_LIFT2_POS_FWD2_SETTLE,-0.273652000,-0.576314000,0.328355000
68.965562,NAPKIN_LIFT2_POS_FWD2_SETTLE,-0.273676000,-0.576295000,0.328919000
68.975822,NAPKIN_LIFT2_POS_FWD2_SETTLE,-0.273692000,-0.576277000,0.329428000
68.986152,NAPKIN_LIFT2_POS_FWD2_SETTLE,-0.273707000,-0.576262000,0.329930000
68.996473,NAPKIN_LIFT2_POS_FWD2_SETTLE,-0.273710000,-0.576247000,0.330464000
69.006809,NAPKIN_LIFT2_POS_FWD2_SETTLE,-0.273720000,-0.576230000,0.330960000
69.017190,NAPKIN_LIFT2_POS_FWD2_SETTLE,-0.273740000,-0.576214000,0.331481000
69.027532,NAPKIN_LIFT2_POS_FWD2_SETTLE,-0.273761000,-0.576191000,0.332045000
69.037899,NAPKIN_LIFT2_POS_FWD2_SETTLE,-0.273764000,-0.576175000,0.332544000
69.048275,NAPKIN_LIFT2_POS_FWD2_SETTLE,-0.273778000,-0.576157000,0.333063000
69.058598,NAPKIN_LIFT2_POS_FWD2_SETTLE,-0.273801000,-0.576137000,0.333657000
69.068925,NAPKIN_LIFT2_POS_FWD2_SETTLE,-0.273810000,-0.576121000,0.334177000
69.079251,NAPKIN_LIFT2_POS_FWD2_SETTLE,-0.273808000,-0.576115000,0.334690000
69.089589,NAPKIN_LIFT2_POS_FWD2_SETTLE,-0.273826000,-0.576102000,0.335273000
69.099978,NAPKIN_LIFT2_POS_FWD2_SETTLE,-0.273835000,-0.576093000,0.335791000
69.110361,NAPKIN_LIFT2_POS_FWD2_SETTLE,-0.273843000,-0.576087000,0.336312000
69.120719,NAPKIN_LIFT2_POS_FWD2_SETTLE,-0.273861000,-0.576082000,0.336895000
69.131056,NAPKIN_LIFT2_POS_FWD2_SETTLE,-0.273883000,-0.576070000,0.337414000
69.141390,NAPKIN_LIFT2_POS_FWD2_SETTLE,-0.273895000,-0.576057000,0.337949000
69.151715,NAPKIN_LIFT2_POS_FWD2_SETTLE,-0.273903000,-0.576050000,0.338419000
69.162049,NAPKIN_LIFT2_POS_FWD2_SETTLE,-0.273931000,-0.576039000,0.338907000
69.172379,NAPKIN_LIFT2_POS_FWD2_SETTLE,-0.273971000,-0.576018000,0.339443000
69.182695,NAPKIN_LIFT2_POS_FWD2_SETTLE,-0.273992000,-0.576009000,0.339917000
69.193059,NAPKIN_LIFT2_POS_FWD2_SETTLE,-0.274000000,-0.576000000,0.340365000
69.203394,NAPKIN_LIFT2_POS_FWD2_SETTLE,-0.274016000,-0.575997000,0.340893000
69.213776,NAPKIN_LIFT2_POS_FWD2_SETTLE,-0.274039000,-0.575984000,0.341363000
69.224130,NAPKIN_LIFT2_POS_FWD2_SETTLE,-0.274043000,-0.575981000,0.341834000
69.234527,NAPKIN_LIFT2_POS_FWD2_SETTLE,-0.274044000,-0.575983000,0.342358000
69.244896,NAPKIN_LIFT2_POS_FWD2_SETTLE,-0.274050000,-0.575979000,0.342830000
69.255232,NAPKIN_LIFT2_POS_FWD2_SETTLE,-0.274053000,-0.575984000,0.343324000
69.265556,NAPKIN_LIFT2_POS_FWD2_SETTLE,-0.274055000,-0.575993000,0.343866000
69.275897,NAPKIN_LIFT2_POS_FWD2_SETTLE,-0.274051000,-0.576002000,0.344353000
69.286225,NAPKIN_LIFT2_POS_FWD2_SETTLE,-0.274048000,-0.576014000,0.344834000
69.296552,NAPKIN_LIFT2_POS_FWD2_SETTLE,-0.274055000,-0.576021000,0.345375000
69.306903,NAPKIN_LIFT2_POS_FWD2_SETTLE,-0.274048000,-0.576033000,0.345856000
69.317239,NAPKIN_LIFT2_POS_FWD2_SETTLE,-0.274036000,-0.576047000,0.346322000
69.327548,NAPKIN_LIFT2_POS_FWD2_SETTLE,-0.274029000,-0.576059000,0.346845000
69.337879,NAPKIN_LIFT2_POS_FWD2_SETTLE,-0.274036000,-0.576065000,0.347324000
69.348212,NAPKIN_LIFT2_POS_FWD2_SETTLE,-0.274034000,-0.576072000,0.347792000
69.358586,NAPKIN_LIFT2_POS_FWD2_SETTLE,-0.274046000,-0.576072000,0.348314000
69.368920,NAPKIN_LIFT2_POS_FWD2_SETTLE,-0.274060000,-0.576073000,0.348790000
69.379255,NAPKIN_LIFT2_POS_FWD2_SETTLE,-0.274065000,-0.576075000,0.349254000
69.389595,NAPKIN_LIFT2_POS_FWD2_SETTLE,-0.274066000,-0.576079000,0.349770000
69.399920,NAPKIN_LIFT2_POS_FWD2_SETTLE,-0.274088000,-0.576073000,0.350256000
69.410286,NAPKIN_LIFT2_POS_FWD2_SETTLE,-0.274102000,-0.576068000,0.350729000
69.420639,NAPKIN_LIFT2_POS_FWD2_SETTLE,-0.274117000,-0.576065000,0.351256000
69.430979,NAPKIN_LIFT2_POS_FWD2_SETTLE,-0.274131000,-0.576061000,0.351745000
69.441319,NAPKIN_LIFT2_POS_FWD2_SETTLE,-0.274152000,-0.576054000,0.352252000
69.451682,NAPKIN_LIFT2_POS_FWD2_SETTLE,-0.274170000,-0.576047000,0.352804000
69.462018,NAPKIN_LIFT2_POS_FWD2_SETTLE,-0.274180000,-0.576040000,0.353304000
69.472357,NAPKIN_LIFT2_POS_FWD2_SETTLE,-0.274199000,-0.576029000,0.353813000
69.482682,NAPKIN_LIFT2_POS_FWD2_SETTLE,-0.274225000,-0.576018000,0.354393000
69.493018,NAPKIN_LIFT2_POS_FWD2_SETTLE,-0.274247000,-0.576006000,0.354932000
69.503346,NAPKIN_LIFT2_POS_FWD2_SETTLE,-0.274264000,-0.575998000,0.355478000
69.513740,NAPKIN_LIFT2_POS_FWD2_SETTLE,-0.274282000,-0.575985000,0.356061000
69.524103,NAPKIN_LIFT2_POS_FWD2_SETTLE,-0.274289000,-0.575982000,0.356581000
69.534438,NAPKIN_LIFT2_POS_FWD2_SETTLE,-0.274309000,-0.575971000,0.357167000
69.544742,NAPKIN_LIFT2_POS_FWD2_SETTLE,-0.274333000,-0.575958000,0.357712000
69.555058,NAPKIN_LIFT2_POS_FWD2_SETTLE,-0.274346000,-0.575949000,0.358232000
69.565384,NAPKIN_LIFT2_POS_FWD2_SETTLE,-0.274367000,-0.575936000,0.358804000
69.575691,NAPKIN_LIFT2_POS_FWD2_SETTLE,-0.274401000,-0.575916000,0.359329000
69.585988,NAPKIN_LIFT2_POS_FWD2_SETTLE,-0.274424000,-0.575901000,0.359826000
69.596302,NAPKIN_LIFT2_POS_FWD2_SETTLE,-0.274433000,-0.575894000,0.360310000
69.606644,NAPKIN_LIFT2_POS_FWD2_SETTLE,-0.274450000,-0.575881000,0.360838000
69.616956,NAPKIN_LIFT2_POS_FWD2_SETTLE,-0.274483000,-0.575860000,0.361335000
69.627279,NAPKIN_LIFT2_POS_FWD2_SETTLE,-0.274513000,-0.575841000,0.361831000
69.637624,NAPKIN_LIFT2_POS_FWD2_SETTLE,-0.274537000,-0.575825000,0.362372000
69.908886,NAPKIN_S2_POS_REV1,-0.274449000,-0.575314000,0.368125000
69.918828,NAPKIN_S2_POS_REV1,-0.274457000,-0.575302000,0.368128000
69.928809,NAPKIN_S2_POS_REV1,-0.274345000,-0.575361000,0.368013000
69.938818,NAPKIN_S2_POS_REV1,-0.274003000,-0.575554000,0.367702000
69.948752,NAPKIN_S2_POS_REV1,-0.273642000,-0.575766000,0.367364000
69.958854,NAPKIN_S2_POS_REV1,-0.273413000,-0.575874000,0.367006000
69.968808,NAPKIN_S2_POS_REV1,-0.273290000,-0.575910000,0.366565000
69.978797,NAPKIN_S2_POS_REV1,-0.273196000,-0.575939000,0.366080000
69.988809,NAPKIN_S2_POS_REV1,-0.273090000,-0.575986000,0.365593000
69.998783,NAPKIN_S2_POS_REV1,-0.272900000,-0.576064000,0.364977000
70.008858,NAPKIN_S2_POS_REV1,-0.272632000,-0.576180000,0.364276000
70.018793,NAPKIN_S2_POS_REV1,-0.272416000,-0.576278000,0.363574000
70.028779,NAPKIN_S2_POS_REV1,-0.272268000,-0.576347000,0.362940000
70.038814,NAPKIN_S2_POS_REV1,-0.272138000,-0.576434000,0.362407000
70.048770,NAPKIN_S2_POS_REV1,-0.272005000,-0.576536000,0.361930000
70.058770,NAPKIN_S2_POS_REV1,-0.271905000,-0.576612000,0.361454000
70.068782,NAPKIN_S2_POS_REV1,-0.271905000,-0.576625000,0.360966000
70.078743,NAPKIN_S2_POS_REV1,-0.271999000,-0.576573000,0.360471000
70.088779,NAPKIN_S2_POS_REV1,-0.272147000,-0.576484000,0.360021000
70.098749,NAPKIN_S2_POS_REV1,-0.272284000,-0.576410000,0.359567000
70.108805,NAPKIN_S2_POS_REV1,-0.272385000,-0.576365000,0.359111000
70.118780,NAPKIN_S2_POS_REV1,-0.272464000,-0.576335000,0.358636000
70.128742,NAPKIN_S2_POS_REV1,-0.272539000,-0.576310000,0.358149000
70.138774,NAPKIN_S2_POS_REV1,-0.272603000,-0.576300000,0.357678000
70.148680,NAPKIN_S2_POS_REV1,-0.272637000,-0.576300000,0.357189000
70.158839,NAPKIN_S2_POS_REV1,-0.272667000,-0.576300000,0.356708000
70.168783,NAPKIN_S2_POS_REV1,-0.272722000,-0.576280000,0.356232000
70.178785,NAPKIN_S2_POS_REV1,-0.272781000,-0.576249000,0.355747000
70.188763,NAPKIN_S2_POS_REV1,-0.272848000,-0.576217000,0.355269000
70.198766,NAPKIN_S2_POS_REV1,-0.272903000,-0.576199000,0.354786000
70.208807,NAPKIN_S2_POS_REV1,-0.272980000,-0.576177000,0.354325000
70.218782,NAPKIN_S2_POS_REV1,-0.273023000,-0.576174000,0.353826000
70.228766,NAPKIN_S2_POS_REV1,-0.273076000,-0.576169000,0.353357000
70.238768,NAPKIN_S2_POS_REV1,-0.273135000,-0.576155000,0.352890000
70.248796,NAPKIN_S2_POS_REV1,-0.273178000,-0.576142000,0.352412000
70.258694,NAPKIN_S2_POS_REV1,-0.273188000,-0.576137000,0.351901000
70.268665,NAPKIN_S2_POS_REV1,-0.273220000,-0.576117000,0.351431000
70.268702,NAPKIN_S2_POS_REV1_SETTLE,-0.273220000,-0.576117000,0.351431000
70.278869,NAPKIN_S2_POS_REV1_SETTLE,-0.273253000,-0.576102000,0.350972000
70.289045,NAPKIN_S2_POS_REV1_SETTLE,-0.273278000,-0.576090000,0.350501000
70.299216,NAPKIN_S2_POS_REV1_SETTLE,-0.273305000,-0.576084000,0.350044000
70.309459,NAPKIN_S2_POS_REV1_SETTLE,-0.273343000,-0.576072000,0.349531000
70.319702,NAPKIN_S2_POS_REV1_SETTLE,-0.273401000,-0.576050000,0.349087000
70.329905,NAPKIN_S2_POS_REV1_SETTLE,-0.273448000,-0.576022000,0.348617000
70.340086,NAPKIN_S2_POS_REV1_SETTLE,-0.273463000,-0.576009000,0.348105000
70.350255,NAPKIN_S2_POS_REV1_SETTLE,-0.273480000,-0.575988000,0.347592000
70.360432,NAPKIN_S2_POS_REV1_SETTLE,-0.273518000,-0.575958000,0.347054000
70.370599,NAPKIN_S2_POS_REV1_SETTLE,-0.273560000,-0.575935000,0.346587000
70.380776,NAPKIN_S2_POS_REV1_SETTLE,-0.273594000,-0.575920000,0.346131000
70.390945,NAPKIN_S2_POS_REV1_SETTLE,-0.273627000,-0.575897000,0.345652000
70.401130,NAPKIN_S2_POS_REV1_SETTLE,-0.273650000,-0.575869000,0.345147000
70.411409,NAPKIN_S2_POS_REV1_SETTLE,-0.273672000,-0.575842000,0.344600000
70.421775,NAPKIN_S2_POS_REV1_SETTLE,-0.273684000,-0.575819000,0.344098000
70.432095,NAPKIN_S2_POS_REV1_SETTLE,-0.273696000,-0.575794000,0.343607000
70.442464,NAPKIN_S2_POS_REV1_SETTLE,-0.273693000,-0.575783000,0.343060000
70.452814,NAPKIN_S2_POS_REV1_SETTLE,-0.273700000,-0.575769000,0.342570000
70.463124,NAPKIN_S2_POS_REV1_SETTLE,-0.273696000,-0.575764000,0.342067000
70.473454,NAPKIN_S2_POS_REV1_SETTLE,-0.273721000,-0.575738000,0.341522000
70.483808,NAPKIN_S2_POS_REV1_SETTLE,-0.273727000,-0.575719000,0.341005000
70.494124,NAPKIN_S2_POS_REV1_SETTLE,-0.273749000,-0.575693000,0.340511000
70.504464,NAPKIN_S2_POS_REV1_SETTLE,-0.273767000,-0.575670000,0.339962000
70.514841,NAPKIN_S2_POS_REV1_SETTLE,-0.273795000,-0.575643000,0.339477000
70.525168,NAPKIN_S2_POS_REV1_SETTLE,-0.273819000,-0.575617000,0.338996000
70.535477,NAPKIN_S2_POS_REV1_SETTLE,-0.273853000,-0.575591000,0.338489000
70.545779,NAPKIN_S2_POS_REV1_SETTLE,-0.273860000,-0.575580000,0.337992000
70.556076,NAPKIN_S2_POS_REV1_SETTLE,-0.273857000,-0.575571000,0.337486000
70.566378,NAPKIN_S2_POS_REV1_SETTLE,-0.273882000,-0.575551000,0.336962000
70.576681,NAPKIN_S2_POS_REV1_SETTLE,-0.273913000,-0.575534000,0.336479000
70.586970,NAPKIN_S2_POS_REV1_SETTLE,-0.273955000,-0.575521000,0.336045000
70.597285,NAPKIN_S2_POS_REV1_SETTLE,-0.273971000,-0.575502000,0.335513000
70.607633,NAPKIN_S2_POS_REV1_SETTLE,-0.273977000,-0.575486000,0.334922000
70.617959,NAPKIN_S2_POS_REV1_SETTLE,-0.274003000,-0.575472000,0.334415000
70.628247,NAPKIN_S2_POS_REV1_SETTLE,-0.274045000,-0.575448000,0.333933000
70.638536,NAPKIN_S2_POS_REV1_SETTLE,-0.274076000,-0.575435000,0.333400000
70.648879,NAPKIN_S2_POS_REV1_SETTLE,-0.274090000,-0.575422000,0.332890000
70.659206,NAPKIN_S2_POS_REV1_SETTLE,-0.274080000,-0.575418000,0.332350000
70.669505,NAPKIN_S2_POS_REV1_SETTLE,-0.274094000,-0.575397000,0.331789000
70.679815,NAPKIN_S2_POS_REV1_SETTLE,-0.274096000,-0.575383000,0.331252000
70.690111,NAPKIN_S2_POS_REV1_SETTLE,-0.274100000,-0.575369000,0.330723000
70.700445,NAPKIN_S2_POS_REV1_SETTLE,-0.274124000,-0.575345000,0.330157000
70.710845,NAPKIN_S2_POS_REV1_SETTLE,-0.274135000,-0.575329000,0.329630000
70.721186,NAPKIN_S2_POS_REV1_SETTLE,-0.274144000,-0.575315000,0.329077000
70.731509,NAPKIN_S2_POS_REV1_SETTLE,-0.274157000,-0.575296000,0.328469000
70.741805,NAPKIN_S2_POS_REV1_SETTLE,-0.274179000,-0.575273000,0.327930000
70.752108,NAPKIN_S2_POS_REV1_SETTLE,-0.274215000,-0.575245000,0.327423000
70.762378,NAPKIN_S2_POS_REV1_SETTLE,-0.274247000,-0.575218000,0.326872000
70.772689,NAPKIN_S2_POS_REV1_SETTLE,-0.274266000,-0.575199000,0.326379000
70.782977,NAPKIN_S2_POS_REV1_SETTLE,-0.274270000,-0.575187000,0.325873000
70.793277,NAPKIN_S2_POS_REV1_SETTLE,-0.274273000,-0.575177000,0.325374000
70.803617,NAPKIN_S2_POS_REV1_SETTLE,-0.274301000,-0.575155000,0.324856000
70.813973,NAPKIN_S2_POS_REV1_SETTLE,-0.274318000,-0.575136000,0.324383000
70.824299,NAPKIN_S2_POS_REV1_SETTLE,-0.274334000,-0.575118000,0.323921000
70.834598,NAPKIN_S2_POS_REV1_SETTLE,-0.274365000,-0.575089000,0.323398000
70.844908,NAPKIN_S2_POS_REV1_SETTLE,-0.274395000,-0.575069000,0.322952000
70.855223,NAPKIN_S2_POS_REV1_SETTLE,-0.274416000,-0.575049000,0.322463000
70.865540,NAPKIN_S2_POS_REV1_SETTLE,-0.274415000,-0.575035000,0.321894000
70.875845,NAPKIN_S2_POS_REV1_SETTLE,-0.274433000,-0.575016000,0.321407000
70.886130,NAPKIN_S2_POS_REV1_SETTLE,-0.274447000,-0.574996000,0.320913000
70.896447,NAPKIN_S2_POS_REV1_SETTLE,-0.274466000,-0.574977000,0.320400000
70.906759,NAPKIN_S2_POS_REV1_SETTLE,-0.274484000,-0.574958000,0.319938000
70.917085,NAPKIN_S2_POS_REV1_SETTLE,-0.274510000,-0.574931000,0.319458000
70.927394,NAPKIN_S2_POS_REV1_SETTLE,-0.274523000,-0.574904000,0.318914000
70.937697,NAPKIN_S2_POS_REV1_SETTLE,-0.274522000,-0.574882000,0.318405000
70.947989,NAPKIN_S2_POS_REV1_SETTLE,-0.274532000,-0.574859000,0.317920000
70.958287,NAPKIN_S2_POS_REV1_SETTLE,-0.274535000,-0.574843000,0.317435000
70.968600,NAPKIN_S2_POS_REV1_SETTLE,-0.274532000,-0.574828000,0.316895000
70.978893,NAPKIN_S2_POS_REV1_SETTLE,-0.274554000,-0.574811000,0.316423000
70.989191,NAPKIN_S2_POS_REV1_SETTLE,-0.274571000,-0.574785000,0.315913000
70.999534,NAPKIN_S2_POS_REV1_SETTLE,-0.274602000,-0.574759000,0.315387000
71.009926,NAPKIN_S2_POS_REV1_SETTLE,-0.274628000,-0.574732000,0.314882000
71.020252,NAPKIN_S2_POS_REV1_SETTLE,-0.274636000,-0.574707000,0.314355000
71.030612,NAPKIN_S2_POS_REV1_SETTLE,-0.274655000,-0.574688000,0.313816000
71.040926,NAPKIN_S2_POS_REV1_SETTLE,-0.274654000,-0.574677000,0.313292000
71.051278,NAPKIN_S2_POS_REV1_SETTLE,-0.274652000,-0.574675000,0.312798000
71.061604,NAPKIN_S2_POS_REV1_SETTLE,-0.274665000,-0.574676000,0.312289000
71.071911,NAPKIN_S2_POS_REV1_SETTLE,-0.274657000,-0.574672000,0.311787000
71.082222,NAPKIN_S2_POS_REV1_SETTLE,-0.274641000,-0.574672000,0.311286000
71.092535,NAPKIN_S2_POS_REV1_SETTLE,-0.274628000,-0.574668000,0.310747000
71.102827,NAPKIN_S2_POS_REV1_SETTLE,-0.274612000,-0.574666000,0.310249000
71.113204,NAPKIN_S2_POS_REV1_SETTLE,-0.274599000,-0.574667000,0.309770000
71.123506,NAPKIN_S2_POS_REV1_SETTLE,-0.274592000,-0.574664000,0.309245000
71.133839,NAPKIN_S2_POS_REV1_SETTLE,-0.274575000,-0.574667000,0.308752000
71.144173,NAPKIN_S2_POS_REV1_SETTLE,-0.274560000,-0.574668000,0.308248000
71.154488,NAPKIN_S2_POS_REV1_SETTLE,-0.274577000,-0.574653000,0.307737000
71.164799,NAPKIN_S2_POS_REV1_SETTLE,-0.274607000,-0.574639000,0.307271000
71.175090,NAPKIN_S2_POS_REV1_SETTLE,-0.274599000,-0.574635000,0.306761000
71.185419,NAPKIN_S2_POS_REV1_SETTLE,-0.274619000,-0.574623000,0.306240000
71.195747,NAPKIN_S2_POS_REV1_SETTLE,-0.274618000,-0.574614000,0.305721000
71.206051,NAPKIN_S2_POS_REV1_SETTLE,-0.274597000,-0.574609000,0.305163000
71.216305,NAPKIN_S2_POS_REV1_SETTLE,-0.274610000,-0.574601000,0.304671000
71.226519,NAPKIN_S2_POS_REV1_SETTLE,-0.274637000,-0.574595000,0.304152000
71.497485,NAPKIN_S1_POS_REV1,-0.274893000,-0.574828000,0.292758000
71.507490,NAPKIN_S1_POS_REV1,-0.274963000,-0.574881000,0.292907000
71.517442,NAPKIN_S1_POS_REV1,-0.274890000,-0.575002000,0.292883000
71.527437,NAPKIN_S1_POS_REV1,-0.274623000,-0.575187000,0.292608000
71.537432,NAPKIN_S1_POS_REV1,-0.274311000,-0.575296000,0.292140000
71.547433,NAPKIN_S1_POS_REV1,-0.274210000,-0.575311000,0.291966000
71.557435,NAPKIN_S1_POS_REV1,-0.274489000,-0.575155000,0.292176000
71.567416,NAPKIN_S1_POS_REV1,-0.274639000,-0.574993000,0.292181000
71.577421,NAPKIN_S1_POS_REV1,-0.274231000,-0.574976000,0.291584000
71.587429,NAPKIN_S1_POS_REV1,-0.273700000,-0.575004000,0.291007000
71.597418,NAPKIN_S1_POS_REV1,-0.273509000,-0.574880000,0.290855000
71.607433,NAPKIN_S1_POS_REV1,-0.273579000,-0.574628000,0.291058000
71.617433,NAPKIN_S1_POS_REV1,-0.273544000,-0.574361000,0.291186000
71.627436,NAPKIN_S1_POS_REV1,-0.273446000,-0.574082000,0.291256000
71.637416,NAPKIN_S1_POS_REV1,-0.273457000,-0.573720000,0.291344000
71.647430,NAPKIN_S1_POS_REV1,-0.273570000,-0.573257000,0.291411000
71.657468,NAPKIN_S1_POS_REV1,-0.273699000,-0.572748000,0.291444000
71.667427,NAPKIN_S1_POS_REV1,-0.273826000,-0.572215000,0.291500000
71.677421,NAPKIN_S1_POS_REV1,-0.273964000,-0.571674000,0.291579000
71.687458,NAPKIN_S1_POS_REV1,-0.274100000,-0.571126000,0.291646000
71.697447,NAPKIN_S1_POS_REV1,-0.274196000,-0.570579000,0.291675000
71.707430,NAPKIN_S1_POS_REV1,-0.274243000,-0.570058000,0.291694000
71.717441,NAPKIN_S1_POS_REV1,-0.274252000,-0.569554000,0.291717000
71.727404,NAPKIN_S1_POS_REV1,-0.274260000,-0.569056000,0.291736000
71.737426,NAPKIN_S1_POS_REV1,-0.274283000,-0.568520000,0.291721000
71.747424,NAPKIN_S1_POS_REV1,-0.274338000,-0.567957000,0.291720000
71.757428,NAPKIN_S1_POS_REV1,-0.274406000,-0.567396000,0.291750000
71.767411,NAPKIN_S1_POS_REV1,-0.274455000,-0.566858000,0.291782000
71.777468,NAPKIN_S1_POS_REV1,-0.274467000,-0.566349000,0.291807000
71.787413,NAPKIN_S1_POS_REV1,-0.274501000,-0.565846000,0.291861000
71.787490,NAPKIN_S1_POS_REV1_SETTLE,-0.274501000,-0.565846000,0.291861000
71.797900,NAPKIN_S1_POS_REV1_SETTLE,-0.274533000,-0.565353000,0.291917000
71.808279,NAPKIN_S1_POS_REV1_SETTLE,-0.274561000,-0.564862000,0.291967000
71.818589,NAPKIN_S1_POS_REV1_SETTLE,-0.274574000,-0.564321000,0.292008000
71.828929,NAPKIN_S1_POS_REV1_SETTLE,-0.274585000,-0.563830000,0.292053000
71.839235,NAPKIN_S1_POS_REV1_SETTLE,-0.274602000,-0.563336000,0.292111000
71.849560,NAPKIN_S1_POS_REV1_SETTLE,-0.274628000,-0.562786000,0.292165000
71.859868,NAPKIN_S1_POS_REV1_SETTLE,-0.274657000,-0.562282000,0.292208000
71.870227,NAPKIN_S1_POS_REV1_SETTLE,-0.274681000,-0.561780000,0.292250000
71.880563,NAPKIN_S1_POS_REV1_SETTLE,-0.274696000,-0.561236000,0.292280000
71.890880,NAPKIN_S1_POS_REV1_SETTLE,-0.274710000,-0.560730000,0.292283000
71.901206,NAPKIN_S1_POS_REV1_SETTLE,-0.274729000,-0.560207000,0.292274000
71.911559,NAPKIN_S1_POS_REV1_SETTLE,-0.274761000,-0.559618000,0.292275000
71.921896,NAPKIN_S1_POS_REV1_SETTLE,-0.274778000,-0.559085000,0.292266000
71.932220,NAPKIN_S1_POS_REV1_SETTLE,-0.274781000,-0.558558000,0.292253000
71.942564,NAPKIN_S1_POS_REV1_SETTLE,-0.274782000,-0.557986000,0.292236000
71.952866,NAPKIN_S1_POS_REV1_SETTLE,-0.274777000,-0.557472000,0.292204000
71.963199,NAPKIN_S1_POS_REV1_SETTLE,-0.274779000,-0.556953000,0.292176000
71.973522,NAPKIN_S1_POS_REV1_SETTLE,-0.274801000,-0.556372000,0.292166000
71.983821,NAPKIN_S1_POS_REV1_SETTLE,-0.274821000,-0.555836000,0.292139000
71.994129,NAPKIN_S1_POS_REV1_SETTLE,-0.274838000,-0.555294000,0.292110000
72.004453,NAPKIN_S1_POS_REV1_SETTLE,-0.274854000,-0.554697000,0.292066000
72.014805,NAPKIN_S1_POS_REV1_SETTLE,-0.274859000,-0.554159000,0.292024000
72.025148,NAPKIN_S1_POS_REV1_SETTLE,-0.274867000,-0.553629000,0.291988000
72.035493,NAPKIN_S1_POS_REV1_SETTLE,-0.274891000,-0.553049000,0.291965000
72.045834,NAPKIN_S1_POS_REV1_SETTLE,-0.274911000,-0.552528000,0.291947000
72.056205,NAPKIN_S1_POS_REV1_SETTLE,-0.274929000,-0.552022000,0.291942000
72.066565,NAPKIN_S1_POS_REV1_SETTLE,-0.274937000,-0.551477000,0.291937000
72.076874,NAPKIN_S1_POS_REV1_SETTLE,-0.274942000,-0.550984000,0.291922000
72.087200,NAPKIN_S1_POS_REV1_SETTLE,-0.274924000,-0.550515000,0.291910000
72.097549,NAPKIN_S1_POS_REV1_SETTLE,-0.274905000,-0.549999000,0.291901000
72.108065,NAPKIN_S1_POS_REV1_SETTLE,-0.274873000,-0.549544000,0.291889000
72.118423,NAPKIN_S1_POS_REV1_SETTLE,-0.274863000,-0.549038000,0.291913000
72.128746,NAPKIN_S1_POS_REV1_SETTLE,-0.274864000,-0.548574000,0.291929000
72.139073,NAPKIN_S1_POS_REV1_SETTLE,-0.274861000,-0.548109000,0.291925000
72.149407,NAPKIN_S1_POS_REV1_SETTLE,-0.274837000,-0.547605000,0.291913000
72.159732,NAPKIN_S1_POS_REV1_SETTLE,-0.274822000,-0.547133000,0.291903000
72.170045,NAPKIN_S1_POS_REV1_SETTLE,-0.274818000,-0.546651000,0.291890000
72.180375,NAPKIN_S1_POS_REV1_SETTLE,-0.274807000,-0.546121000,0.291862000
72.190704,NAPKIN_S1_POS_REV1_SETTLE,-0.274792000,-0.545636000,0.291831000
72.201046,NAPKIN_S1_POS_REV1_SETTLE,-0.274788000,-0.545140000,0.291804000
72.211400,NAPKIN_S1_POS_REV1_SETTLE,-0.274798000,-0.544588000,0.291787000
72.221750,NAPKIN_S1_POS_REV1_SETTLE,-0.274794000,-0.544092000,0.291759000
72.232063,NAPKIN_S1_POS_REV1_SETTLE,-0.274788000,-0.543597000,0.291728000
72.242389,NAPKIN_S1_POS_REV1_SETTLE,-0.274784000,-0.543039000,0.291697000
72.252698,NAPKIN_S1_POS_REV1_SETTLE,-0.274771000,-0.542537000,0.291664000
72.263086,NAPKIN_S1_POS_REV1_SETTLE,-0.274752000,-0.542038000,0.291638000
72.273427,NAPKIN_S1_POS_REV1_SETTLE,-0.274718000,-0.541490000,0.291611000
72.283748,NAPKIN_S1_POS_REV1_SETTLE,-0.274683000,-0.540989000,0.291568000
72.294060,NAPKIN_S1_POS_REV1_SETTLE,-0.274679000,-0.540468000,0.291555000
72.304379,NAPKIN_S1_POS_REV1_SETTLE,-0.274687000,-0.539887000,0.291548000
72.314743,NAPKIN_S1_POS_REV1_SETTLE,-0.274689000,-0.539348000,0.291524000
72.325086,NAPKIN_S1_POS_REV1_SETTLE,-0.274685000,-0.538811000,0.291489000
72.335414,NAPKIN_S1_POS_REV1_SETTLE,-0.274692000,-0.538225000,0.291467000
72.345735,NAPKIN_S1_POS_REV1_SETTLE,-0.274710000,-0.537682000,0.291445000
72.356052,NAPKIN_S1_POS_REV1_SETTLE,-0.274716000,-0.537154000,0.291427000
72.366386,NAPKIN_S1_POS_REV1_SETTLE,-0.274720000,-0.536583000,0.291405000
72.376704,NAPKIN_S1_POS_REV1_SETTLE,-0.274721000,-0.536080000,0.291387000
72.387055,NAPKIN_S1_POS_REV1_SETTLE,-0.274744000,-0.535563000,0.291381000
72.397385,NAPKIN_S1_POS_REV1_SETTLE,-0.274785000,-0.534998000,0.291398000
72.407758,NAPKIN_S1_POS_REV1_SETTLE,-0.274789000,-0.534510000,0.291404000
72.418166,NAPKIN_S1_POS_REV1_SETTLE,-0.274789000,-0.534031000,0.291406000
72.428548,NAPKIN_S1_POS_REV1_SETTLE,-0.274811000,-0.533495000,0.291441000
72.438894,NAPKIN_S1_POS_REV1_SETTLE,-0.274823000,-0.533020000,0.291463000
72.449230,NAPKIN_S1_POS_REV1_SETTLE,-0.274840000,-0.532536000,0.291474000
72.459668,NAPKIN_S1_POS_REV1_SETTLE,-0.274865000,-0.532008000,0.291502000
72.470015,NAPKIN_S1_POS_REV1_SETTLE,-0.274861000,-0.531535000,0.291498000
72.480352,NAPKIN_S1_POS_REV1_SETTLE,-0.274885000,-0.531043000,0.291508000
72.490655,NAPKIN_S1_POS_REV1_SETTLE,-0.274925000,-0.530493000,0.291529000
72.500982,NAPKIN_S1_POS_REV1_SETTLE,-0.274954000,-0.529987000,0.291526000
72.511334,NAPKIN_S1_POS_REV1_SETTLE,-0.274988000,-0.529480000,0.291539000
72.521677,NAPKIN_S1_POS_REV1_SETTLE,-0.275030000,-0.528910000,0.291555000
72.531965,NAPKIN_S1_POS_REV1_SETTLE,-0.275059000,-0.528392000,0.291556000
72.542193,NAPKIN_S1_POS_REV1_SETTLE,-0.275089000,-0.527868000,0.291556000
72.552424,NAPKIN_S1_POS_REV1_SETTLE,-0.275123000,-0.527289000,0.291563000
72.562720,NAPKIN_S1_POS_REV1_SETTLE,-0.275145000,-0.526771000,0.291575000
72.572928,NAPKIN_S1_POS_REV1_SETTLE,-0.275176000,-0.526239000,0.291583000
72.583116,NAPKIN_S1_POS_REV1_SETTLE,-0.275201000,-0.525714000,0.291595000
72.593329,NAPKIN_S1_POS_REV1_SETTLE,-0.275228000,-0.525175000,0.291598000
72.603520,NAPKIN_S1_POS_REV1_SETTLE,-0.275243000,-0.524591000,0.291594000
72.874452,NAPKIN_LIFT1_POS_REV1,-0.275229000,-0.517826000,0.292830000
72.884457,NAPKIN_LIFT1_POS_REV1,-0.275202000,-0.517824000,0.292793000
72.894435,NAPKIN_LIFT1_POS_REV1,-0.275050000,-0.517890000,0.292605000
72.904436,NAPKIN_LIFT1_POS_REV1,-0.274809000,-0.518020000,0.292329000
72.914449,NAPKIN_LIFT1_POS_REV1,-0.274846000,-0.518156000,0.292640000
72.924434,NAPKIN_LIFT1_POS_REV1,-0.274907000,-0.518328000,0.293125000
72.934512,NAPKIN_LIFT1_POS_REV1,-0.274555000,-0.518558000,0.293064000
72.944414,NAPKIN_LIFT1_POS_REV1,-0.274043000,-0.518849000,0.292939000
72.954431,NAPKIN_LIFT1_POS_REV1,-0.273765000,-0.519067000,0.293205000
72.964426,NAPKIN_LIFT1_POS_REV1,-0.273680000,-0.519242000,0.293844000
72.974430,NAPKIN_LIFT1_POS_REV1,-0.273559000,-0.519428000,0.294567000
72.984417,NAPKIN_LIFT1_POS_REV1,-0.273275000,-0.519634000,0.294998000
72.994446,NAPKIN_LIFT1_POS_REV1,-0.272952000,-0.519840000,0.295297000
73.004452,NAPKIN_LIFT1_POS_REV1,-0.272905000,-0.519896000,0.295823000
73.014480,NAPKIN_LIFT1_POS_REV1,-0.273036000,-0.519846000,0.296523000
73.024437,NAPKIN_LIFT1_POS_REV1,-0.273116000,-0.519806000,0.297195000
73.034433,NAPKIN_LIFT1_POS_REV1,-0.273109000,-0.519790000,0.297722000
73.044423,NAPKIN_LIFT1_POS_REV1,-0.273135000,-0.519743000,0.298183000
73.054454,NAPKIN_LIFT1_POS_REV1,-0.273200000,-0.519664000,0.298633000
73.064485,NAPKIN_LIFT1_POS_REV1,-0.273250000,-0.519608000,0.299130000
73.074431,NAPKIN_LIFT1_POS_REV1,-0.273285000,-0.519589000,0.299678000
73.084415,NAPKIN_LIFT1_POS_REV1,-0.273270000,-0.519594000,0.300192000
73.094429,NAPKIN_LIFT1_POS_REV1,-0.273250000,-0.519590000,0.300678000
73.104420,NAPKIN_LIFT1_POS_REV1,-0.273256000,-0.519558000,0.301165000
73.114481,NAPKIN_LIFT1_POS_REV1,-0.273276000,-0.519522000,0.301693000
73.124424,NAPKIN_LIFT1_POS_REV1,-0.273291000,-0.519476000,0.302214000
73.134434,NAPKIN_LIFT1_POS_REV1,-0.273262000,-0.519450000,0.302693000
73.144428,NAPKIN_LIFT1_POS_REV1,-0.273259000,-0.519417000,0.303179000
73.154429,NAPKIN_LIFT1_POS_REV1,-0.273286000,-0.519389000,0.303715000
73.164422,NAPKIN_LIFT1_POS_REV1,-0.273289000,-0.519379000,0.304219000
73.174423,NAPKIN_LIFT1_POS_REV1,-0.273260000,-0.519380000,0.304695000
73.184421,NAPKIN_LIFT1_POS_REV1,-0.273245000,-0.519378000,0.305201000
73.194418,NAPKIN_LIFT1_POS_REV1,-0.273247000,-0.519367000,0.305715000
73.204414,NAPKIN_LIFT1_POS_REV1,-0.273262000,-0.519341000,0.306228000
73.214440,NAPKIN_LIFT1_POS_REV1,-0.273273000,-0.519314000,0.306740000
73.224413,NAPKIN_LIFT1_POS_REV1,-0.273288000,-0.519279000,0.307239000
73.234419,NAPKIN_LIFT1_POS_REV1,-0.273264000,-0.519265000,0.307698000
73.244414,NAPKIN_LIFT1_POS_REV1,-0.273249000,-0.519258000,0.308152000
73.254417,NAPKIN_LIFT1_POS_REV1,-0.273241000,-0.519248000,0.308598000
73.264432,NAPKIN_LIFT1_POS_REV1,-0.273239000,-0.519234000,0.309030000
73.264527,NAPKIN_LIFT1_POS_REV1_SETTLE,-0.273239000,-0.519234000,0.309030000
73.274862,NAPKIN_LIFT1_POS_REV1_SETTLE,-0.273270000,-0.519211000,0.309513000
73.285176,NAPKIN_LIFT1_POS_REV1_SETTLE,-0.273322000,-0.519179000,0.310029000
73.295497,NAPKIN_LIFT1_POS_REV1_SETTLE,-0.273360000,-0.519145000,0.310579000
73.305788,NAPKIN_LIFT1_POS_REV1_SETTLE,-0.273370000,-0.519115000,0.311049000
73.316118,NAPKIN_LIFT1_POS_REV1_SETTLE,-0.273392000,-0.519085000,0.311543000
73.326444,NAPKIN_LIFT1_POS_REV1_SETTLE,-0.273415000,-0.519059000,0.312080000
73.336752,NAPKIN_LIFT1_POS_REV1_SETTLE,-0.273422000,-0.519055000,0.312561000
73.347061,NAPKIN_LIFT1_POS_REV1_SETTLE,-0.273425000,-0.519064000,0.313058000
73.357383,NAPKIN_LIFT1_POS_REV1_SETTLE,-0.273420000,-0.519079000,0.313551000
73.367689,NAPKIN_LIFT1_POS_REV1_SETTLE,-0.273437000,-0.519076000,0.314108000
73.377994,NAPKIN_LIFT1_POS_REV1_SETTLE,-0.273459000,-0.519056000,0.314624000
73.388356,NAPKIN_LIFT1_POS_REV1_SETTLE,-0.273466000,-0.519046000,0.315138000
73.398695,NAPKIN_LIFT1_POS_REV1_SETTLE,-0.273468000,-0.519037000,0.315705000
73.409035,NAPKIN_LIFT1_POS_REV1_SETTLE,-0.273477000,-0.519026000,0.316226000
73.419379,NAPKIN_LIFT1_POS_REV1_SETTLE,-0.273490000,-0.519015000,0.316777000
73.429702,NAPKIN_LIFT1_POS_REV1_SETTLE,-0.273495000,-0.519005000,0.317245000
73.440009,NAPKIN_LIFT1_POS_REV1_SETTLE,-0.273507000,-0.518985000,0.317695000
73.450344,NAPKIN_LIFT1_POS_REV1_SETTLE,-0.273531000,-0.518959000,0.318149000
73.460654,NAPKIN_LIFT1_POS_REV1_SETTLE,-0.273560000,-0.518932000,0.318676000
73.470995,NAPKIN_LIFT1_POS_REV1_SETTLE,-0.273576000,-0.518900000,0.319134000
73.481323,NAPKIN_LIFT1_POS_REV1_SETTLE,-0.273565000,-0.518877000,0.319562000
73.491646,NAPKIN_LIFT1_POS_REV1_SETTLE,-0.273525000,-0.518869000,0.320023000
73.501955,NAPKIN_LIFT1_POS_REV1_SETTLE,-0.273502000,-0.518868000,0.320462000
73.512302,NAPKIN_LIFT1_POS_REV1_SETTLE,-0.273496000,-0.518874000,0.320941000
73.522631,NAPKIN_LIFT1_POS_REV1_SETTLE,-0.273495000,-0.518878000,0.321462000
73.532965,NAPKIN_LIFT1_POS_REV1_SETTLE,-0.273504000,-0.518882000,0.321929000
73.543268,NAPKIN_LIFT1_POS_REV1_SETTLE,-0.273537000,-0.518865000,0.322402000
73.553594,NAPKIN_LIFT1_POS_REV1_SETTLE,-0.273577000,-0.518839000,0.322914000
73.563850,NAPKIN_LIFT1_POS_REV1_SETTLE,-0.273594000,-0.518821000,0.323379000
73.574170,NAPKIN_LIFT1_POS_REV1_SETTLE,-0.273609000,-0.518812000,0.323851000
73.584486,NAPKIN_LIFT1_POS_REV1_SETTLE,-0.273633000,-0.518801000,0.324383000
73.594800,NAPKIN_LIFT1_POS_REV1_SETTLE,-0.273654000,-0.518796000,0.324876000
73.605117,NAPKIN_LIFT1_POS_REV1_SETTLE,-0.273671000,-0.518800000,0.325363000
73.615483,NAPKIN_LIFT1_POS_REV1_SETTLE,-0.273680000,-0.518813000,0.325906000
73.625811,NAPKIN_LIFT1_POS_REV1_SETTLE,-0.273688000,-0.518819000,0.326388000
73.636098,NAPKIN_LIFT1_POS_REV1_SETTLE,-0.273696000,-0.518828000,0.326878000
73.646418,NAPKIN_LIFT1_POS_REV1_SETTLE,-0.273721000,-0.518825000,0.327417000
73.656719,NAPKIN_LIFT1_POS_REV1_SETTLE,-0.273737000,-0.518822000,0.327879000
73.667060,NAPKIN_LIFT1_POS_REV1_SETTLE,-0.273747000,-0.518822000,0.328336000
73.677407,NAPKIN_LIFT1_POS_REV1_SETTLE,-0.273766000,-0.518829000,0.328856000
73.687711,NAPKIN_LIFT1_POS_REV1_SETTLE,-0.273784000,-0.518831000,0.329316000
73.698118,NAPKIN_LIFT1_POS_REV1_SETTLE,-0.273804000,-0.518832000,0.329790000
73.708481,NAPKIN_LIFT1_POS_REV1_SETTLE,-0.273844000,-0.518827000,0.330340000
73.718836,NAPKIN_LIFT1_POS_REV1_SETTLE,-0.273858000,-0.518822000,0.330806000
73.729166,NAPKIN_LIFT1_POS_REV1_SETTLE,-0.273852000,-0.518818000,0.331261000
73.739497,NAPKIN_LIFT1_POS_REV1_SETTLE,-0.273855000,-0.518821000,0.331808000
73.749813,NAPKIN_LIFT1_POS_REV1_SETTLE,-0.273870000,-0.518822000,0.332317000
73.760127,NAPKIN_LIFT1_POS_REV1_SETTLE,-0.273876000,-0.518826000,0.332817000
73.770451,NAPKIN_LIFT1_POS_REV1_SETTLE,-0.273897000,-0.518837000,0.333391000
73.780765,NAPKIN_LIFT1_POS_REV1_SETTLE,-0.273926000,-0.518836000,0.333913000
73.791076,NAPKIN_LIFT1_POS_REV1_SETTLE,-0.273953000,-0.518836000,0.334430000
73.801381,NAPKIN_LIFT1_POS_REV1_SETTLE,-0.273970000,-0.518838000,0.334972000
73.811750,NAPKIN_LIFT1_POS_REV1_SETTLE,-0.273996000,-0.518832000,0.335464000
73.822094,NAPKIN_LIFT1_POS_REV1_SETTLE,-0.274029000,-0.518822000,0.335962000
73.832425,NAPKIN_LIFT1_POS_REV1_SETTLE,-0.274060000,-0.518823000,0.336518000
73.842745,NAPKIN_LIFT1_POS_REV1_SETTLE,-0.274090000,-0.518819000,0.337026000
73.853049,NAPKIN_LIFT1_POS_REV1_SETTLE,-0.274112000,-0.518820000,0.337525000
73.863373,NAPKIN_LIFT1_POS_REV1_SETTLE,-0.274134000,-0.518815000,0.338075000
73.873737,NAPKIN_LIFT1_POS_REV1_SETTLE,-0.274159000,-0.518806000,0.338598000
73.883974,NAPKIN_LIFT1_POS_REV1_SETTLE,-0.274183000,-0.518789000,0.339116000
73.894199,NAPKIN_LIFT1_POS_REV1_SETTLE,-0.274197000,-0.518777000,0.339633000
73.904434,NAPKIN_LIFT1_POS_REV1_SETTLE,-0.274211000,-0.518770000,0.340223000
73.914794,NAPKIN_LIFT1_POS_REV1_SETTLE,-0.274231000,-0.518758000,0.340766000
73.925144,NAPKIN_LIFT1_POS_REV1_SETTLE,-0.274247000,-0.518750000,0.341305000
73.935466,NAPKIN_LIFT1_POS_REV1_SETTLE,-0.274260000,-0.518741000,0.341891000
73.945798,NAPKIN_LIFT1_POS_REV1_SETTLE,-0.274258000,-0.518744000,0.342412000
73.956113,NAPKIN_LIFT1_POS_REV1_SETTLE,-0.274262000,-0.518737000,0.342935000
73.966446,NAPKIN_LIFT1_POS_REV1_SETTLE,-0.274277000,-0.518721000,0.343507000
73.976791,NAPKIN_LIFT1_POS_REV1_SETTLE,-0.274286000,-0.518714000,0.344014000
73.987104,NAPKIN_LIFT1_POS_REV1_SETTLE,-0.274297000,-0.518702000,0.344502000
73.997425,NAPKIN_LIFT1_POS_REV1_SETTLE,-0.274302000,-0.518692000,0.345040000
74.007807,NAPKIN_LIFT1_POS_REV1_SETTLE,-0.274316000,-0.518677000,0.345522000
74.018136,NAPKIN_LIFT1_POS_REV1_SETTLE,-0.274334000,-0.518659000,0.346006000
74.028488,NAPKIN_LIFT1_POS_REV1_SETTLE,-0.274351000,-0.518642000,0.346554000
74.038815,NAPKIN_LIFT1_POS_REV1_SETTLE,-0.274375000,-0.518621000,0.347061000
74.049131,NAPKIN_LIFT1_POS_REV1_SETTLE,-0.274387000,-0.518599000,0.347557000
74.059457,NAPKIN_LIFT1_POS_REV1_SETTLE,-0.274378000,-0.518588000,0.348091000
74.069807,NAPKIN_LIFT1_POS_REV1_SETTLE,-0.274377000,-0.518582000,0.348601000
74.080147,NAPKIN_LIFT1_POS_REV1_SETTLE,-0.274382000,-0.518575000,0.349116000
74.090482,NAPKIN_LIFT1_POS_REV1_SETTLE,-0.274394000,-0.518566000,0.349693000
74.100818,NAPKIN_LIFT1_POS_REV1_SETTLE,-0.274409000,-0.518563000,0.350227000
74.111146,NAPKIN_LIFT1_POS_REV1_SETTLE,-0.274429000,-0.518552000,0.350757000
74.121508,NAPKIN_LIFT1_POS_REV1_SETTLE,-0.274438000,-0.518538000,0.351305000
74.131847,NAPKIN_LIFT1_POS_REV1_SETTLE,-0.274440000,-0.518535000,0.351787000
74.142175,NAPKIN_LIFT1_POS_REV1_SETTLE,-0.274458000,-0.518522000,0.352277000
74.152542,NAPKIN_LIFT1_POS_REV1_SETTLE,-0.274487000,-0.518502000,0.352823000
74.162902,NAPKIN_LIFT1_POS_REV1_SETTLE,-0.274495000,-0.518497000,0.353294000
74.173245,NAPKIN_LIFT1_POS_REV1_SETTLE,-0.274497000,-0.518497000,0.353753000
74.183552,NAPKIN_LIFT1_POS_REV1_SETTLE,-0.274505000,-0.518489000,0.354265000
74.193884,NAPKIN_LIFT1_POS_REV1_SETTLE,-0.274522000,-0.518480000,0.354744000
74.204210,NAPKIN_LIFT1_POS_REV1_SETTLE,-0.274531000,-0.518470000,0.355206000
74.214565,NAPKIN_LIFT1_POS_REV1_SETTLE,-0.274533000,-0.518469000,0.355716000
74.224899,NAPKIN_LIFT1_POS_REV1_SETTLE,-0.274544000,-0.518462000,0.356182000
74.235214,NAPKIN_LIFT1_POS_REV1_SETTLE,-0.274550000,-0.518458000,0.356652000
74.245512,NAPKIN_LIFT1_POS_REV1_SETTLE,-0.274559000,-0.518447000,0.357159000
74.255847,NAPKIN_LIFT1_POS_REV1_SETTLE,-0.274568000,-0.518445000,0.357622000
74.266193,NAPKIN_LIFT1_POS_REV1_SETTLE,-0.274566000,-0.518446000,0.358073000
74.276599,NAPKIN_LIFT1_POS_REV1_SETTLE,-0.274555000,-0.518451000,0.358560000
74.286955,NAPKIN_LIFT1_POS_REV1_SETTLE,-0.274557000,-0.518449000,0.359006000
74.297297,NAPKIN_LIFT1_POS_REV1_SETTLE,-0.274557000,-0.518452000,0.359447000
74.307698,NAPKIN_LIFT1_POS_REV1_SETTLE,-0.274552000,-0.518454000,0.359925000
74.318075,NAPKIN_LIFT1_POS_REV1_SETTLE,-0.274533000,-0.518466000,0.360354000
74.328423,NAPKIN_LIFT1_POS_REV1_SETTLE,-0.274539000,-0.518467000,0.360841000
74.338754,NAPKIN_LIFT1_POS_REV1_SETTLE,-0.274538000,-0.518475000,0.361285000
74.349094,NAPKIN_LIFT1_POS_REV1_SETTLE,-0.274545000,-0.518474000,0.361723000
74.359445,NAPKIN_LIFT1_POS_REV1_SETTLE,-0.274551000,-0.518475000,0.362214000
74.630690,NAPKIN_LIFT2_POS_REV1,-0.274617000,-0.518075000,0.368203000
74.640640,NAPKIN_LIFT2_POS_REV1,-0.274637000,-0.518061000,0.368225000
74.650590,NAPKIN_LIFT2_POS_REV1,-0.274498000,-0.518150000,0.368103000
74.660611,NAPKIN_LIFT2_POS_REV1,-0.274171000,-0.518368000,0.367817000
74.670612,NAPKIN_LIFT2_POS_REV1,-0.273919000,-0.518574000,0.367645000
74.680693,NAPKIN_LIFT2_POS_REV1,-0.273992000,-0.518637000,0.367790000
74.690613,NAPKIN_LIFT2_POS_REV1,-0.274018000,-0.518752000,0.367844000
74.700592,NAPKIN_LIFT2_POS_REV1,-0.273780000,-0.519028000,0.367647000
74.710632,NAPKIN_LIFT2_POS_REV1,-0.273485000,-0.519370000,0.367427000
74.720594,NAPKIN_LIFT2_POS_REV1,-0.273304000,-0.519715000,0.367355000
74.730610,NAPKIN_LIFT2_POS_REV1,-0.273193000,-0.520085000,0.367399000
74.740590,NAPKIN_LIFT2_POS_REV1,-0.273096000,-0.520497000,0.367471000
74.750593,NAPKIN_LIFT2_POS_REV1,-0.273006000,-0.520942000,0.367556000
74.760596,NAPKIN_LIFT2_POS_REV1,-0.272949000,-0.521376000,0.367631000
74.770588,NAPKIN_LIFT2_POS_REV1,-0.272914000,-0.521803000,0.367682000
74.780591,NAPKIN_LIFT2_POS_REV1,-0.272907000,-0.522202000,0.367698000
74.790590,NAPKIN_LIFT2_POS_REV1,-0.272926000,-0.522586000,0.367725000
74.800592,NAPKIN_LIFT2_POS_REV1,-0.272963000,-0.522973000,0.367770000
74.810656,NAPKIN_LIFT2_POS_REV1,-0.273004000,-0.523386000,0.367830000
74.820595,NAPKIN_LIFT2_POS_REV1,-0.273038000,-0.523832000,0.367903000
74.830595,NAPKIN_LIFT2_POS_REV1,-0.273057000,-0.524300000,0.367957000
74.840589,NAPKIN_LIFT2_POS_REV1,-0.273061000,-0.524799000,0.368023000
74.850595,NAPKIN_LIFT2_POS_REV1,-0.273081000,-0.525294000,0.368097000
74.860589,NAPKIN_LIFT2_POS_REV1,-0.273111000,-0.525776000,0.368161000
74.870591,NAPKIN_LIFT2_POS_REV1,-0.273172000,-0.526231000,0.368220000
74.880658,NAPKIN_LIFT2_POS_REV1,-0.273257000,-0.526681000,0.368297000
74.890618,NAPKIN_LIFT2_POS_REV1,-0.273342000,-0.527131000,0.368369000
74.900590,NAPKIN_LIFT2_POS_REV1,-0.273411000,-0.527598000,0.368434000
74.900680,NAPKIN_LIFT2_POS_REV1_SETTLE,-0.273411000,-0.527598000,0.368434000
74.910993,NAPKIN_LIFT2_POS_REV1_SETTLE,-0.273453000,-0.528095000,0.368496000
74.921314,NAPKIN_LIFT2_POS_REV1_SETTLE,-0.273505000,-0.528591000,0.368560000
74.931620,NAPKIN_LIFT2_POS_REV1_SETTLE,-0.273554000,-0.529144000,0.368633000
74.941952,NAPKIN_LIFT2_POS_REV1_SETTLE,-0.273571000,-0.529653000,0.368672000
74.952254,NAPKIN_LIFT2_POS_REV1_SETTLE,-0.273581000,-0.530166000,0.368719000
74.962596,NAPKIN_LIFT2_POS_REV1_SETTLE,-0.273602000,-0.530720000,0.368769000
74.972902,NAPKIN_LIFT2_POS_REV1_SETTLE,-0.273622000,-0.531217000,0.368801000
74.983211,NAPKIN_LIFT2_POS_REV1_SETTLE,-0.273648000,-0.531717000,0.368840000
74.993525,NAPKIN_LIFT2_POS_REV1_SETTLE,-0.273667000,-0.532270000,0.368881000
75.003881,NAPKIN_LIFT2_POS_REV1_SETTLE,-0.273674000,-0.532784000,0.368915000
75.014243,NAPKIN_LIFT2_POS_REV1_SETTLE,-0.273696000,-0.533290000,0.368947000
75.024573,NAPKIN_LIFT2_POS_REV1_SETTLE,-0.273714000,-0.533837000,0.368961000
75.034879,NAPKIN_LIFT2_POS_REV1_SETTLE,-0.273746000,-0.534315000,0.368968000
75.045196,NAPKIN_LIFT2_POS_REV1_SETTLE,-0.273785000,-0.534785000,0.368979000
75.055498,NAPKIN_LIFT2_POS_REV1_SETTLE,-0.273827000,-0.535292000,0.368981000
75.065816,NAPKIN_LIFT2_POS_REV1_SETTLE,-0.273870000,-0.535751000,0.368987000
75.076126,NAPKIN_LIFT2_POS_REV1_SETTLE,-0.273907000,-0.536217000,0.368991000
75.086467,NAPKIN_LIFT2_POS_REV1_SETTLE,-0.273932000,-0.536737000,0.368963000
75.096817,NAPKIN_LIFT2_POS_REV1_SETTLE,-0.273945000,-0.537224000,0.368944000
75.107179,NAPKIN_LIFT2_POS_REV1_SETTLE,-0.273972000,-0.537707000,0.368931000
75.117542,NAPKIN_LIFT2_POS_REV1_SETTLE,-0.273995000,-0.538243000,0.368908000
75.127880,NAPKIN_LIFT2_POS_REV1_SETTLE,-0.274014000,-0.538730000,0.368883000
75.138217,NAPKIN_LIFT2_POS_REV1_SETTLE,-0.274037000,-0.539217000,0.368869000
75.148571,NAPKIN_LIFT2_POS_REV1_SETTLE,-0.274067000,-0.539761000,0.368872000
75.158893,NAPKIN_LIFT2_POS_REV1_SETTLE,-0.274093000,-0.540260000,0.368885000
75.169225,NAPKIN_LIFT2_POS_REV1_SETTLE,-0.274084000,-0.540787000,0.368887000
75.179562,NAPKIN_LIFT2_POS_REV1_SETTLE,-0.274081000,-0.541367000,0.368889000
75.189825,NAPKIN_LIFT2_POS_REV1_SETTLE,-0.274096000,-0.541883000,0.368903000
75.200144,NAPKIN_LIFT2_POS_REV1_SETTLE,-0.274118000,-0.542397000,0.368927000
75.210521,NAPKIN_LIFT2_POS_REV1_SETTLE,-0.274132000,-0.542972000,0.368960000
75.220877,NAPKIN_LIFT2_POS_REV1_SETTLE,-0.274137000,-0.543489000,0.368979000
75.231211,NAPKIN_LIFT2_POS_REV1_SETTLE,-0.274134000,-0.544007000,0.368995000
75.241544,NAPKIN_LIFT2_POS_REV1_SETTLE,-0.274110000,-0.544594000,0.368991000
75.251882,NAPKIN_LIFT2_POS_REV1_SETTLE,-0.274106000,-0.545120000,0.368998000
75.262212,NAPKIN_LIFT2_POS_REV1_SETTLE,-0.274091000,-0.545655000,0.369013000
75.272532,NAPKIN_LIFT2_POS_REV1_SETTLE,-0.274042000,-0.546266000,0.368998000
75.282845,NAPKIN_LIFT2_POS_REV1_SETTLE,-0.274005000,-0.546817000,0.368972000
75.293184,NAPKIN_LIFT2_POS_REV1_SETTLE,-0.273984000,-0.547363000,0.368952000
75.303506,NAPKIN_LIFT2_POS_REV1_SETTLE,-0.273975000,-0.547961000,0.368948000
75.313871,NAPKIN_LIFT2_POS_REV1_SETTLE,-0.273976000,-0.548492000,0.368935000
75.324226,NAPKIN_LIFT2_POS_REV1_SETTLE,-0.273969000,-0.549016000,0.368904000
75.334572,NAPKIN_LIFT2_POS_REV1_SETTLE,-0.273979000,-0.549587000,0.368881000
75.344881,NAPKIN_LIFT2_POS_REV1_SETTLE,-0.274003000,-0.550094000,0.368861000
75.355231,NAPKIN_LIFT2_POS_REV1_SETTLE,-0.274018000,-0.550606000,0.368831000
75.365552,NAPKIN_LIFT2_POS_REV1_SETTLE,-0.274025000,-0.551180000,0.368793000
75.375849,NAPKIN_LIFT2_POS_REV1_SETTLE,-0.274040000,-0.551687000,0.368753000
75.386148,NAPKIN_LIFT2_POS_REV1_SETTLE,-0.274070000,-0.552189000,0.368741000
75.396525,NAPKIN_LIFT2_POS_REV1_SETTLE,-0.274105000,-0.552734000,0.368725000
75.406817,NAPKIN_LIFT2_POS_REV1_SETTLE,-0.274121000,-0.553237000,0.368700000
75.417152,NAPKIN_LIFT2_POS_REV1_SETTLE,-0.274143000,-0.553739000,0.368684000
75.427481,NAPKIN_LIFT2_POS_REV1_SETTLE,-0.274161000,-0.554290000,0.368661000
75.437769,NAPKIN_LIFT2_POS_REV1_SETTLE,-0.274175000,-0.554798000,0.368651000
75.448067,NAPKIN_LIFT2_POS_REV1_SETTLE,-0.274182000,-0.555316000,0.368650000
75.458385,NAPKIN_LIFT2_POS_REV1_SETTLE,-0.274191000,-0.555888000,0.368667000
75.468655,NAPKIN_LIFT2_POS_REV1_SETTLE,-0.274205000,-0.556397000,0.368674000
75.478875,NAPKIN_LIFT2_POS_REV1_SETTLE,-0.274202000,-0.556920000,0.368673000
75.489226,NAPKIN_LIFT2_POS_REV1_SETTLE,-0.274198000,-0.557438000,0.368676000
75.499544,NAPKIN_LIFT2_POS_REV1_SETTLE,-0.274206000,-0.558006000,0.368713000
75.509890,NAPKIN_LIFT2_POS_REV1_SETTLE,-0.274220000,-0.558525000,0.368761000
75.520219,NAPKIN_LIFT2_POS_REV1_SETTLE,-0.274234000,-0.559039000,0.368815000
75.530524,NAPKIN_LIFT2_POS_REV1_SETTLE,-0.274238000,-0.559600000,0.368855000
75.540836,NAPKIN_LIFT2_POS_REV1_SETTLE,-0.274236000,-0.560114000,0.368892000
75.551131,NAPKIN_LIFT2_POS_REV1_SETTLE,-0.274235000,-0.560626000,0.368942000
75.561432,NAPKIN_LIFT2_POS_REV1_SETTLE,-0.274242000,-0.561180000,0.368999000
75.571717,NAPKIN_LIFT2_POS_REV1_SETTLE,-0.274246000,-0.561687000,0.369054000
75.582013,NAPKIN_LIFT2_POS_REV1_SETTLE,-0.274255000,-0.562190000,0.369112000
75.592364,NAPKIN_LIFT2_POS_REV1_SETTLE,-0.274265000,-0.562687000,0.369156000
75.602683,NAPKIN_LIFT2_POS_REV1_SETTLE,-0.274270000,-0.563236000,0.369198000
75.613038,NAPKIN_LIFT2_POS_REV1_SETTLE,-0.274275000,-0.563731000,0.369225000
75.623386,NAPKIN_LIFT2_POS_REV1_SETTLE,-0.274291000,-0.564263000,0.369247000
75.894575,NAPKIN_S2_POS_REV2,-0.274965000,-0.574910000,0.369247000
75.904562,NAPKIN_S2_POS_REV2,-0.274986000,-0.574967000,0.369298000
75.914575,NAPKIN_S2_POS_REV2,-0.274848000,-0.575103000,0.369202000
75.924544,NAPKIN_S2_POS_REV2,-0.274546000,-0.575331000,0.368921000
75.934498,NAPKIN_S2_POS_REV2,-0.274279000,-0.575520000,0.368620000
75.944527,NAPKIN_S2_POS_REV2,-0.274129000,-0.575626000,0.368295000
75.954495,NAPKIN_S2_POS_REV2,-0.274045000,-0.575670000,0.367842000
75.964611,NAPKIN_S2_POS_REV2,-0.273971000,-0.575711000,0.367348000
75.974507,NAPKIN_S2_POS_REV2,-0.273859000,-0.575775000,0.366837000
75.984523,NAPKIN_S2_POS_REV2,-0.273633000,-0.575879000,0.366189000
75.994497,NAPKIN_S2_POS_REV2,-0.273372000,-0.575995000,0.365471000
76.004521,NAPKIN_S2_POS_REV2,-0.273178000,-0.576075000,0.364834000
76.014548,NAPKIN_S2_POS_REV2,-0.272998000,-0.576158000,0.364113000
76.024496,NAPKIN_S2_POS_REV2,-0.272833000,-0.576239000,0.363528000
76.034522,NAPKIN_S2_POS_REV2,-0.272697000,-0.576314000,0.363013000
76.044492,NAPKIN_S2_POS_REV2,-0.272649000,-0.576354000,0.362612000
76.054519,NAPKIN_S2_POS_REV2,-0.272635000,-0.576355000,0.362036000
76.064498,NAPKIN_S2_POS_REV2,-0.272674000,-0.576320000,0.361477000
76.074519,NAPKIN_S2_POS_REV2,-0.272759000,-0.576259000,0.360937000
76.084527,NAPKIN_S2_POS_REV2,-0.272845000,-0.576201000,0.360405000
76.094523,NAPKIN_S2_POS_REV2,-0.272933000,-0.576144000,0.359903000
76.104492,NAPKIN_S2_POS_REV2,-0.272986000,-0.576105000,0.359381000
76.114561,NAPKIN_S2_POS_REV2,-0.273001000,-0.576090000,0.358852000
76.124496,NAPKIN_S2_POS_REV2,-0.273004000,-0.576078000,0.358304000
76.134524,NAPKIN_S2_POS_REV2,-0.273003000,-0.576067000,0.357766000
76.144498,NAPKIN_S2_POS_REV2,-0.273017000,-0.576050000,0.357228000
76.154518,NAPKIN_S2_POS_REV2,-0.273029000,-0.576032000,0.356684000
76.164498,NAPKIN_S2_POS_REV2,-0.273069000,-0.576000000,0.356181000
76.174518,NAPKIN_S2_POS_REV2,-0.273104000,-0.575970000,0.355661000
76.184526,NAPKIN_S2_POS_REV2,-0.273145000,-0.575940000,0.355161000
76.194518,NAPKIN_S2_POS_REV2,-0.273182000,-0.575913000,0.354655000
76.204498,NAPKIN_S2_POS_REV2,-0.273223000,-0.575891000,0.354157000
76.214568,NAPKIN_S2_POS_REV2,-0.273265000,-0.575869000,0.353643000
76.224511,NAPKIN_S2_POS_REV2,-0.273289000,-0.575853000,0.353115000
76.234492,NAPKIN_S2_POS_REV2,-0.273335000,-0.575826000,0.352610000
76.244514,NAPKIN_S2_POS_REV2,-0.273360000,-0.575808000,0.352106000
76.254489,NAPKIN_S2_POS_REV2,-0.273387000,-0.575788000,0.351611000
76.264516,NAPKIN_S2_POS_REV2,-0.273403000,-0.575772000,0.351120000
76.264606,NAPKIN_S2_POS_REV2_SETTLE,-0.273403000,-0.575772000,0.351120000
76.274896,NAPKIN_S2_POS_REV2_SETTLE,-0.273427000,-0.575756000,0.350645000
76.285203,NAPKIN_S2_POS_REV2_SETTLE,-0.273447000,-0.575742000,0.350158000
76.295558,NAPKIN_S2_POS_REV2_SETTLE,-0.273462000,-0.575729000,0.349622000
76.305951,NAPKIN_S2_POS_REV2_SETTLE,-0.273479000,-0.575717000,0.349125000
76.316292,NAPKIN_S2_POS_REV2_SETTLE,-0.273518000,-0.575696000,0.348641000
76.326625,NAPKIN_S2_POS_REV2_SETTLE,-0.273580000,-0.575672000,0.348215000
76.336939,NAPKIN_S2_POS_REV2_SETTLE,-0.273588000,-0.575656000,0.347635000
76.347262,NAPKIN_S2_POS_REV2_SETTLE,-0.273592000,-0.575647000,0.347118000
76.357588,NAPKIN_S2_POS_REV2_SETTLE,-0.273625000,-0.575618000,0.346562000
76.367921,NAPKIN_S2_POS_REV2_SETTLE,-0.273663000,-0.575595000,0.346096000
76.378239,NAPKIN_S2_POS_REV2_SETTLE,-0.273699000,-0.575573000,0.345631000
76.388565,NAPKIN_S2_POS_REV2_SETTLE,-0.273741000,-0.575540000,0.345103000
76.398885,NAPKIN_S2_POS_REV2_SETTLE,-0.273763000,-0.575516000,0.344607000
76.409272,NAPKIN_S2_POS_REV2_SETTLE,-0.273782000,-0.575488000,0.344110000
76.419636,NAPKIN_S2_POS_REV2_SETTLE,-0.273787000,-0.575466000,0.343554000
76.429984,NAPKIN_S2_POS_REV2_SETTLE,-0.273792000,-0.575451000,0.343068000
76.440320,NAPKIN_S2_POS_REV2_SETTLE,-0.273793000,-0.575438000,0.342568000
76.450640,NAPKIN_S2_POS_REV2_SETTLE,-0.273802000,-0.575425000,0.342035000
76.460958,NAPKIN_S2_POS_REV2_SETTLE,-0.273794000,-0.575417000,0.341535000
76.471275,NAPKIN_S2_POS_REV2_SETTLE,-0.273809000,-0.575398000,0.341035000
76.481603,NAPKIN_S2_POS_REV2_SETTLE,-0.273821000,-0.575373000,0.340470000
76.491955,NAPKIN_S2_POS_REV2_SETTLE,-0.273849000,-0.575351000,0.339994000
76.502296,NAPKIN_S2_POS_REV2_SETTLE,-0.273870000,-0.575327000,0.339503000
76.512619,NAPKIN_S2_POS_REV2_SETTLE,-0.273901000,-0.575302000,0.338983000
76.522953,NAPKIN_S2_POS_REV2_SETTLE,-0.273927000,-0.575278000,0.338514000
76.533270,NAPKIN_S2_POS_REV2_SETTLE,-0.273942000,-0.575262000,0.338038000
76.543583,NAPKIN_S2_POS_REV2_SETTLE,-0.273943000,-0.575252000,0.337492000
76.553910,NAPKIN_S2_POS_REV2_SETTLE,-0.273957000,-0.575238000,0.337015000
76.564229,NAPKIN_S2_POS_REV2_SETTLE,-0.273973000,-0.575226000,0.336531000
76.574548,NAPKIN_S2_POS_REV2_SETTLE,-0.274009000,-0.575203000,0.335999000
76.584829,NAPKIN_S2_POS_REV2_SETTLE,-0.274065000,-0.575175000,0.335555000
76.595138,NAPKIN_S2_POS_REV2_SETTLE,-0.274078000,-0.575157000,0.335005000
76.605471,NAPKIN_S2_POS_REV2_SETTLE,-0.274084000,-0.575141000,0.334417000
76.615852,NAPKIN_S2_POS_REV2_SETTLE,-0.274113000,-0.575119000,0.333960000
76.626221,NAPKIN_S2_POS_REV2_SETTLE,-0.274138000,-0.575103000,0.333414000
76.636569,NAPKIN_S2_POS_REV2_SETTLE,-0.274142000,-0.575093000,0.332849000
76.646897,NAPKIN_S2_POS_REV2_SETTLE,-0.274133000,-0.575086000,0.332317000
76.657239,NAPKIN_S2_POS_REV2_SETTLE,-0.274125000,-0.575076000,0.331775000
76.667567,NAPKIN_S2_POS_REV2_SETTLE,-0.274132000,-0.575057000,0.331182000
76.677886,NAPKIN_S2_POS_REV2_SETTLE,-0.274137000,-0.575041000,0.330642000
76.688216,NAPKIN_S2_POS_REV2_SETTLE,-0.274152000,-0.575025000,0.330123000
76.698567,NAPKIN_S2_POS_REV2_SETTLE,-0.274170000,-0.575007000,0.329542000
76.708888,NAPKIN_S2_POS_REV2_SETTLE,-0.274186000,-0.574994000,0.329010000
76.719224,NAPKIN_S2_POS_REV2_SETTLE,-0.274193000,-0.574980000,0.328450000
76.729551,NAPKIN_S2_POS_REV2_SETTLE,-0.274213000,-0.574960000,0.327921000
76.739875,NAPKIN_S2_POS_REV2_SETTLE,-0.274232000,-0.574940000,0.327349000
76.750180,NAPKIN_S2_POS_REV2_SETTLE,-0.274269000,-0.574922000,0.326876000
76.760499,NAPKIN_S2_POS_REV2_SETTLE,-0.274293000,-0.574900000,0.326381000
76.770823,NAPKIN_S2_POS_REV2_SETTLE,-0.274295000,-0.574894000,0.325833000
76.781132,NAPKIN_S2_POS_REV2_SETTLE,-0.274319000,-0.574878000,0.325361000
76.791439,NAPKIN_S2_POS_REV2_SETTLE,-0.274342000,-0.574856000,0.324842000
76.801748,NAPKIN_S2_POS_REV2_SETTLE,-0.274358000,-0.574843000,0.324372000
76.812087,NAPKIN_S2_POS_REV2_SETTLE,-0.274370000,-0.574834000,0.323907000
76.822422,NAPKIN_S2_POS_REV2_SETTLE,-0.274400000,-0.574822000,0.323404000
76.832718,NAPKIN_S2_POS_REV2_SETTLE,-0.274422000,-0.574805000,0.322923000
76.843013,NAPKIN_S2_POS_REV2_SETTLE,-0.274457000,-0.574792000,0.322481000
76.853309,NAPKIN_S2_POS_REV2_SETTLE,-0.274477000,-0.574773000,0.321984000
76.863624,NAPKIN_S2_POS_REV2_SETTLE,-0.274469000,-0.574760000,0.321403000
76.873915,NAPKIN_S2_POS_REV2_SETTLE,-0.274485000,-0.574747000,0.320923000
76.884222,NAPKIN_S2_POS_REV2_SETTLE,-0.274514000,-0.574727000,0.320458000
76.894533,NAPKIN_S2_POS_REV2_SETTLE,-0.274532000,-0.574711000,0.319945000
76.904834,NAPKIN_S2_POS_REV2_SETTLE,-0.274532000,-0.574698000,0.319450000
76.915152,NAPKIN_S2_POS_REV2_SETTLE,-0.274537000,-0.574683000,0.318957000
76.925475,NAPKIN_S2_POS_REV2_SETTLE,-0.274547000,-0.574657000,0.318414000
76.935787,NAPKIN_S2_POS_REV2_SETTLE,-0.274551000,-0.574637000,0.317918000
76.946093,NAPKIN_S2_POS_REV2_SETTLE,-0.274560000,-0.574619000,0.317435000
76.956389,NAPKIN_S2_POS_REV2_SETTLE,-0.274563000,-0.574604000,0.316897000
76.966691,NAPKIN_S2_POS_REV2_SETTLE,-0.274564000,-0.574592000,0.316396000
76.976981,NAPKIN_S2_POS_REV2_SETTLE,-0.274593000,-0.574570000,0.315920000
76.987267,NAPKIN_S2_POS_REV2_SETTLE,-0.274624000,-0.574540000,0.315424000
76.997557,NAPKIN_S2_POS_REV2_SETTLE,-0.274647000,-0.574519000,0.314937000
77.008011,NAPKIN_S2_POS_REV2_SETTLE,-0.274674000,-0.574488000,0.314393000
77.018327,NAPKIN_S2_POS_REV2_SETTLE,-0.274663000,-0.574477000,0.313867000
77.028603,NAPKIN_S2_POS_REV2_SETTLE,-0.274669000,-0.574458000,0.313323000
77.038894,NAPKIN_S2_POS_REV2_SETTLE,-0.274673000,-0.574446000,0.312829000
77.049184,NAPKIN_S2_POS_REV2_SETTLE,-0.274675000,-0.574441000,0.312357000
77.059472,NAPKIN_S2_POS_REV2_SETTLE,-0.274682000,-0.574432000,0.311840000
77.069778,NAPKIN_S2_POS_REV2_SETTLE,-0.274665000,-0.574427000,0.311335000
77.080061,NAPKIN_S2_POS_REV2_SETTLE,-0.274649000,-0.574418000,0.310875000
77.090403,NAPKIN_S2_POS_REV2_SETTLE,-0.274633000,-0.574410000,0.310292000
77.100759,NAPKIN_S2_POS_REV2_SETTLE,-0.274622000,-0.574405000,0.309803000
77.111081,NAPKIN_S2_POS_REV2_SETTLE,-0.274592000,-0.574407000,0.309299000
77.121412,NAPKIN_S2_POS_REV2_SETTLE,-0.274567000,-0.574410000,0.308746000
77.131710,NAPKIN_S2_POS_REV2_SETTLE,-0.274571000,-0.574406000,0.308261000
77.142005,NAPKIN_S2_POS_REV2_SETTLE,-0.274577000,-0.574399000,0.307774000
77.152289,NAPKIN_S2_POS_REV2_SETTLE,-0.274589000,-0.574390000,0.307291000
77.162613,NAPKIN_S2_POS_REV2_SETTLE,-0.274610000,-0.574383000,0.306781000
77.172879,NAPKIN_S2_POS_REV2_SETTLE,-0.274605000,-0.574371000,0.306255000
77.183186,NAPKIN_S2_POS_REV2_SETTLE,-0.274585000,-0.574364000,0.305711000
77.193473,NAPKIN_S2_POS_REV2_SETTLE,-0.274587000,-0.574363000,0.305159000
77.203775,NAPKIN_S2_POS_REV2_SETTLE,-0.274588000,-0.574357000,0.304658000
77.214111,NAPKIN_S2_POS_REV2_SETTLE,-0.274587000,-0.574357000,0.304205000
77.224477,NAPKIN_S2_POS_REV2_SETTLE,-0.274619000,-0.574347000,0.303622000
77.495541,NAPKIN_S1_POS_REV2,-0.274906000,-0.574722000,0.292782000
77.505600,NAPKIN_S1_POS_REV2,-0.275046000,-0.574742000,0.292978000
77.515627,NAPKIN_S1_POS_REV2,-0.274984000,-0.574831000,0.292923000
77.525551,NAPKIN_S1_POS_REV2,-0.274680000,-0.575002000,0.292584000
77.535546,NAPKIN_S1_POS_REV2,-0.274372000,-0.575105000,0.292146000
77.545532,NAPKIN_S1_POS_REV2,-0.274150000,-0.575147000,0.291792000
77.555566,NAPKIN_S1_POS_REV2,-0.274364000,-0.575009000,0.291941000
77.565530,NAPKIN_S1_POS_REV2,-0.274569000,-0.574842000,0.292037000
77.575547,NAPKIN_S1_POS_REV2,-0.274237000,-0.574821000,0.291557000
77.585572,NAPKIN_S1_POS_REV2,-0.273685000,-0.574861000,0.290950000
77.595551,NAPKIN_S1_POS_REV2,-0.273428000,-0.574757000,0.290705000
77.605550,NAPKIN_S1_POS_REV2,-0.273461000,-0.574512000,0.290837000
77.615569,NAPKIN_S1_POS_REV2,-0.273452000,-0.574244000,0.290995000
77.625541,NAPKIN_S1_POS_REV2,-0.273389000,-0.573999000,0.291108000
77.635534,NAPKIN_S1_POS_REV2,-0.273398000,-0.573624000,0.291245000
77.645563,NAPKIN_S1_POS_REV2,-0.273501000,-0.573185000,0.291321000
77.655533,NAPKIN_S1_POS_REV2,-0.273627000,-0.572688000,0.291352000
77.665531,NAPKIN_S1_POS_REV2,-0.273767000,-0.572152000,0.291398000
77.675561,NAPKIN_S1_POS_REV2,-0.273921000,-0.571606000,0.291476000
77.685528,NAPKIN_S1_POS_REV2,-0.274050000,-0.571057000,0.291535000
77.695563,NAPKIN_S1_POS_REV2,-0.274161000,-0.570501000,0.291577000
77.705627,NAPKIN_S1_POS_REV2,-0.274202000,-0.570032000,0.291591000
77.715557,NAPKIN_S1_POS_REV2,-0.274213000,-0.569484000,0.291624000
77.725539,NAPKIN_S1_POS_REV2,-0.274224000,-0.568978000,0.291643000
77.735530,NAPKIN_S1_POS_REV2,-0.274247000,-0.568502000,0.291637000
77.745540,NAPKIN_S1_POS_REV2,-0.274301000,-0.567891000,0.291625000
77.755534,NAPKIN_S1_POS_REV2,-0.274358000,-0.567342000,0.291650000
77.765530,NAPKIN_S1_POS_REV2,-0.274410000,-0.566797000,0.291676000
77.775533,NAPKIN_S1_POS_REV2,-0.274435000,-0.566282000,0.291714000
77.785526,NAPKIN_S1_POS_REV2,-0.274473000,-0.565772000,0.291763000
77.785580,NAPKIN_S1_POS_REV2_SETTLE,-0.274473000,-0.565772000,0.291763000
77.795821,NAPKIN_S1_POS_REV2_SETTLE,-0.274514000,-0.565277000,0.291829000
77.806116,NAPKIN_S1_POS_REV2_SETTLE,-0.274528000,-0.564796000,0.291877000
77.816485,NAPKIN_S1_POS_REV2_SETTLE,-0.274542000,-0.564259000,0.291917000
77.826826,NAPKIN_S1_POS_REV2_SETTLE,-0.274543000,-0.563773000,0.291954000
77.837123,NAPKIN_S1_POS_REV2_SETTLE,-0.274552000,-0.563281000,0.291999000
77.847442,NAPKIN_S1_POS_REV2_SETTLE,-0.274568000,-0.562743000,0.292062000
77.857773,NAPKIN_S1_POS_REV2_SETTLE,-0.274594000,-0.562290000,0.292102000
77.868068,NAPKIN_S1_POS_REV2_SETTLE,-0.274618000,-0.561737000,0.292142000
77.878370,NAPKIN_S1_POS_REV2_SETTLE,-0.274637000,-0.561185000,0.292166000
77.888654,NAPKIN_S1_POS_REV2_SETTLE,-0.274655000,-0.560683000,0.292177000
77.898993,NAPKIN_S1_POS_REV2_SETTLE,-0.274680000,-0.560157000,0.292167000
77.909371,NAPKIN_S1_POS_REV2_SETTLE,-0.274710000,-0.559621000,0.292159000
77.919687,NAPKIN_S1_POS_REV2_SETTLE,-0.274725000,-0.559039000,0.292158000
77.929985,NAPKIN_S1_POS_REV2_SETTLE,-0.274732000,-0.558511000,0.292146000
77.940285,NAPKIN_S1_POS_REV2_SETTLE,-0.274728000,-0.558000000,0.292135000
77.950568,NAPKIN_S1_POS_REV2_SETTLE,-0.274720000,-0.557439000,0.292108000
77.960868,NAPKIN_S1_POS_REV2_SETTLE,-0.274718000,-0.556978000,0.292085000
77.971163,NAPKIN_S1_POS_REV2_SETTLE,-0.274760000,-0.556388000,0.292086000
77.981468,NAPKIN_S1_POS_REV2_SETTLE,-0.274794000,-0.555803000,0.292086000
77.991790,NAPKIN_S1_POS_REV2_SETTLE,-0.274805000,-0.555269000,0.292049000
78.002094,NAPKIN_S1_POS_REV2_SETTLE,-0.274816000,-0.554725000,0.292008000
78.012460,NAPKIN_S1_POS_REV2_SETTLE,-0.274819000,-0.554134000,0.291969000
78.022763,NAPKIN_S1_POS_REV2_SETTLE,-0.274839000,-0.553597000,0.291941000
78.033068,NAPKIN_S1_POS_REV2_SETTLE,-0.274849000,-0.553078000,0.291920000
78.043366,NAPKIN_S1_POS_REV2_SETTLE,-0.274876000,-0.552505000,0.291901000
78.053647,NAPKIN_S1_POS_REV2_SETTLE,-0.274904000,-0.551993000,0.291894000
78.063929,NAPKIN_S1_POS_REV2_SETTLE,-0.274915000,-0.551544000,0.291882000
78.074226,NAPKIN_S1_POS_REV2_SETTLE,-0.274920000,-0.550998000,0.291866000
78.084534,NAPKIN_S1_POS_REV2_SETTLE,-0.274897000,-0.550477000,0.291842000
78.094815,NAPKIN_S1_POS_REV2_SETTLE,-0.274855000,-0.550020000,0.291820000
78.105138,NAPKIN_S1_POS_REV2_SETTLE,-0.274820000,-0.549564000,0.291811000
78.115500,NAPKIN_S1_POS_REV2_SETTLE,-0.274814000,-0.549062000,0.291850000
78.125794,NAPKIN_S1_POS_REV2_SETTLE,-0.274815000,-0.548600000,0.291872000
78.136082,NAPKIN_S1_POS_REV2_SETTLE,-0.274803000,-0.548137000,0.291864000
78.146378,NAPKIN_S1_POS_REV2_SETTLE,-0.274786000,-0.547681000,0.291862000
78.156682,NAPKIN_S1_POS_REV2_SETTLE,-0.274775000,-0.547153000,0.291843000
78.166952,NAPKIN_S1_POS_REV2_SETTLE,-0.274759000,-0.546673000,0.291820000
78.177261,NAPKIN_S1_POS_REV2_SETTLE,-0.274743000,-0.546194000,0.291799000
78.187537,NAPKIN_S1_POS_REV2_SETTLE,-0.274735000,-0.545659000,0.291786000
78.197773,NAPKIN_S1_POS_REV2_SETTLE,-0.274745000,-0.545156000,0.291771000
78.208218,NAPKIN_S1_POS_REV2_SETTLE,-0.274746000,-0.544657000,0.291745000
78.218590,NAPKIN_S1_POS_REV2_SETTLE,-0.274746000,-0.544110000,0.291720000
78.228928,NAPKIN_S1_POS_REV2_SETTLE,-0.274744000,-0.543663000,0.291695000
78.239244,NAPKIN_S1_POS_REV2_SETTLE,-0.274731000,-0.543108000,0.291658000
78.249537,NAPKIN_S1_POS_REV2_SETTLE,-0.274700000,-0.542575000,0.291628000
78.259857,NAPKIN_S1_POS_REV2_SETTLE,-0.274683000,-0.542077000,0.291613000
78.270149,NAPKIN_S1_POS_REV2_SETTLE,-0.274657000,-0.541578000,0.291591000
78.280448,NAPKIN_S1_POS_REV2_SETTLE,-0.274634000,-0.541068000,0.291560000
78.290768,NAPKIN_S1_POS_REV2_SETTLE,-0.274644000,-0.540491000,0.291559000
78.301122,NAPKIN_S1_POS_REV2_SETTLE,-0.274651000,-0.540010000,0.291545000
78.311496,NAPKIN_S1_POS_REV2_SETTLE,-0.274647000,-0.539364000,0.291502000
78.321834,NAPKIN_S1_POS_REV2_SETTLE,-0.274639000,-0.538828000,0.291469000
78.332138,NAPKIN_S1_POS_REV2_SETTLE,-0.274646000,-0.538296000,0.291452000
78.342470,NAPKIN_S1_POS_REV2_SETTLE,-0.274664000,-0.537697000,0.291429000
78.352780,NAPKIN_S1_POS_REV2_SETTLE,-0.274673000,-0.537220000,0.291406000
78.363090,NAPKIN_S1_POS_REV2_SETTLE,-0.274683000,-0.536646000,0.291390000
78.373429,NAPKIN_S1_POS_REV2_SETTLE,-0.274712000,-0.536067000,0.291380000
78.383745,NAPKIN_S1_POS_REV2_SETTLE,-0.274743000,-0.535545000,0.291378000
78.394051,NAPKIN_S1_POS_REV2_SETTLE,-0.274764000,-0.535038000,0.291370000
78.404375,NAPKIN_S1_POS_REV2_SETTLE,-0.274765000,-0.534496000,0.291351000
78.414703,NAPKIN_S1_POS_REV2_SETTLE,-0.274781000,-0.534011000,0.291380000
78.425011,NAPKIN_S1_POS_REV2_SETTLE,-0.274792000,-0.533585000,0.291413000
78.435311,NAPKIN_S1_POS_REV2_SETTLE,-0.274799000,-0.533065000,0.291423000
78.445623,NAPKIN_S1_POS_REV2_SETTLE,-0.274829000,-0.532537000,0.291456000
78.455874,NAPKIN_S1_POS_REV2_SETTLE,-0.274850000,-0.532056000,0.291473000
78.466182,NAPKIN_S1_POS_REV2_SETTLE,-0.274842000,-0.531585000,0.291459000
78.476490,NAPKIN_S1_POS_REV2_SETTLE,-0.274854000,-0.531100000,0.291467000
78.486799,NAPKIN_S1_POS_REV2_SETTLE,-0.274882000,-0.530557000,0.291482000
78.497091,NAPKIN_S1_POS_REV2_SETTLE,-0.274900000,-0.530061000,0.291486000
78.507489,NAPKIN_S1_POS_REV2_SETTLE,-0.274955000,-0.529498000,0.291521000
78.517828,NAPKIN_S1_POS_REV2_SETTLE,-0.274997000,-0.528984000,0.291543000
78.528173,NAPKIN_S1_POS_REV2_SETTLE,-0.275035000,-0.528470000,0.291561000
78.538497,NAPKIN_S1_POS_REV2_SETTLE,-0.275067000,-0.527886000,0.291548000
78.548833,NAPKIN_S1_POS_REV2_SETTLE,-0.275105000,-0.527358000,0.291560000
78.559164,NAPKIN_S1_POS_REV2_SETTLE,-0.275129000,-0.526886000,0.291575000
78.569489,NAPKIN_S1_POS_REV2_SETTLE,-0.275162000,-0.526253000,0.291592000
78.579794,NAPKIN_S1_POS_REV2_SETTLE,-0.275183000,-0.525784000,0.291608000
78.590262,NAPKIN_S1_POS_REV2_SETTLE,-0.275203000,-0.525198000,0.291608000
78.600514,NAPKIN_S1_POS_REV2_SETTLE,-0.275207000,-0.524619000,0.291586000
78.871690,NAPKIN_LIFT1_POS_REV2,-0.275216000,-0.517837000,0.292819000
78.881576,NAPKIN_LIFT1_POS_REV2,-0.275191000,-0.517834000,0.292785000
78.891582,NAPKIN_LIFT1_POS_REV2,-0.275079000,-0.517873000,0.292632000
78.901570,NAPKIN_LIFT1_POS_REV2,-0.274834000,-0.518005000,0.292351000
78.911657,NAPKIN_LIFT1_POS_REV2,-0.274788000,-0.518142000,0.292473000
78.921584,NAPKIN_LIFT1_POS_REV2,-0.274915000,-0.518299000,0.293045000
78.931596,NAPKIN_LIFT1_POS_REV2,-0.274658000,-0.518515000,0.293119000
78.941590,NAPKIN_LIFT1_POS_REV2,-0.274109000,-0.518823000,0.292941000
78.951572,NAPKIN_LIFT1_POS_REV2,-0.273745000,-0.519079000,0.293111000
78.961580,NAPKIN_LIFT1_POS_REV2,-0.273639000,-0.519256000,0.293715000
78.971573,NAPKIN_LIFT1_POS_REV2,-0.273562000,-0.519434000,0.294489000
78.981576,NAPKIN_LIFT1_POS_REV2,-0.273307000,-0.519640000,0.295014000
78.991560,NAPKIN_LIFT1_POS_REV2,-0.272965000,-0.519855000,0.295313000
79.001589,NAPKIN_LIFT1_POS_REV2,-0.272838000,-0.519950000,0.295764000
79.011614,NAPKIN_LIFT1_POS_REV2,-0.272965000,-0.519902000,0.296445000
79.021582,NAPKIN_LIFT1_POS_REV2,-0.273080000,-0.519841000,0.297148000
79.031555,NAPKIN_LIFT1_POS_REV2,-0.273088000,-0.519819000,0.297710000
79.041572,NAPKIN_LIFT1_POS_REV2,-0.273101000,-0.519782000,0.298186000
79.051502,NAPKIN_LIFT1_POS_REV2,-0.273163000,-0.519700000,0.298633000
79.061570,NAPKIN_LIFT1_POS_REV2,-0.273213000,-0.519633000,0.299095000
79.071557,NAPKIN_LIFT1_POS_REV2,-0.273245000,-0.519608000,0.299619000
79.081575,NAPKIN_LIFT1_POS_REV2,-0.273244000,-0.519606000,0.300146000
79.091549,NAPKIN_LIFT1_POS_REV2,-0.273226000,-0.519605000,0.300631000
79.101586,NAPKIN_LIFT1_POS_REV2,-0.273219000,-0.519578000,0.301103000
79.111657,NAPKIN_LIFT1_POS_REV2,-0.273245000,-0.519538000,0.301629000
79.121582,NAPKIN_LIFT1_POS_REV2,-0.273272000,-0.519492000,0.302166000
79.131567,NAPKIN_LIFT1_POS_REV2,-0.273246000,-0.519460000,0.302643000
79.141563,NAPKIN_LIFT1_POS_REV2,-0.273211000,-0.519438000,0.303097000
79.151561,NAPKIN_LIFT1_POS_REV2,-0.273231000,-0.519409000,0.303619000
79.161560,NAPKIN_LIFT1_POS_REV2,-0.273243000,-0.519399000,0.304138000
79.171574,NAPKIN_LIFT1_POS_REV2,-0.273227000,-0.519391000,0.304617000
79.181556,NAPKIN_LIFT1_POS_REV2,-0.273198000,-0.519402000,0.305117000
79.191573,NAPKIN_LIFT1_POS_REV2,-0.273203000,-0.519398000,0.305646000
79.201547,NAPKIN_LIFT1_POS_REV2,-0.273221000,-0.519372000,0.306163000
79.211677,NAPKIN_LIFT1_POS_REV2,-0.273225000,-0.519344000,0.306657000
79.221608,NAPKIN_LIFT1_POS_REV2,-0.273241000,-0.519313000,0.307165000
79.231558,NAPKIN_LIFT1_POS_REV2,-0.273236000,-0.519289000,0.307643000
79.241592,NAPKIN_LIFT1_POS_REV2,-0.273234000,-0.519275000,0.308115000
79.251553,NAPKIN_LIFT1_POS_REV2,-0.273223000,-0.519266000,0.308564000
79.261584,NAPKIN_LIFT1_POS_REV2,-0.273222000,-0.519253000,0.309002000
79.261670,NAPKIN_LIFT1_POS_REV2_SETTLE,-0.273222000,-0.519253000,0.309002000
79.271950,NAPKIN_LIFT1_POS_REV2_SETTLE,-0.273245000,-0.519230000,0.309466000
79.282238,NAPKIN_LIFT1_POS_REV2_SETTLE,-0.273293000,-0.519199000,0.309977000
79.292566,NAPKIN_LIFT1_POS_REV2_SETTLE,-0.273345000,-0.519161000,0.310548000
79.302856,NAPKIN_LIFT1_POS_REV2_SETTLE,-0.273368000,-0.519122000,0.311032000
79.313235,NAPKIN_LIFT1_POS_REV2_SETTLE,-0.273389000,-0.519091000,0.311521000
79.323583,NAPKIN_LIFT1_POS_REV2_SETTLE,-0.273412000,-0.519066000,0.312062000
79.333888,NAPKIN_LIFT1_POS_REV2_SETTLE,-0.273424000,-0.519052000,0.312538000
79.344193,NAPKIN_LIFT1_POS_REV2_SETTLE,-0.273418000,-0.519065000,0.313023000
79.354502,NAPKIN_LIFT1_POS_REV2_SETTLE,-0.273415000,-0.519080000,0.313570000
79.364812,NAPKIN_LIFT1_POS_REV2_SETTLE,-0.273427000,-0.519080000,0.314076000
79.375106,NAPKIN_LIFT1_POS_REV2_SETTLE,-0.273442000,-0.519068000,0.314588000
79.385383,NAPKIN_LIFT1_POS_REV2_SETTLE,-0.273457000,-0.519051000,0.315154000
79.395685,NAPKIN_LIFT1_POS_REV2_SETTLE,-0.273463000,-0.519041000,0.315668000
79.405991,NAPKIN_LIFT1_POS_REV2_SETTLE,-0.273472000,-0.519034000,0.316197000
79.416332,NAPKIN_LIFT1_POS_REV2_SETTLE,-0.273496000,-0.519011000,0.316687000
79.426625,NAPKIN_LIFT1_POS_REV2_SETTLE,-0.273491000,-0.519005000,0.317203000
79.436924,NAPKIN_LIFT1_POS_REV2_SETTLE,-0.273491000,-0.518991000,0.317642000
79.447223,NAPKIN_LIFT1_POS_REV2_SETTLE,-0.273509000,-0.518966000,0.318096000
79.457535,NAPKIN_LIFT1_POS_REV2_SETTLE,-0.273540000,-0.518937000,0.318617000
79.467843,NAPKIN_LIFT1_POS_REV2_SETTLE,-0.273567000,-0.518904000,0.319087000
79.478135,NAPKIN_LIFT1_POS_REV2_SETTLE,-0.273552000,-0.518883000,0.319525000
79.488446,NAPKIN_LIFT1_POS_REV2_SETTLE,-0.273518000,-0.518869000,0.319987000
79.498797,NAPKIN_LIFT1_POS_REV2_SETTLE,-0.273497000,-0.518860000,0.320420000
79.509171,NAPKIN_LIFT1_POS_REV2_SETTLE,-0.273483000,-0.518864000,0.320891000
79.519533,NAPKIN_LIFT1_POS_REV2_SETTLE,-0.273480000,-0.518867000,0.321412000
79.529831,NAPKIN_LIFT1_POS_REV2_SETTLE,-0.273488000,-0.518869000,0.321878000
79.540118,NAPKIN_LIFT1_POS_REV2_SETTLE,-0.273519000,-0.518859000,0.322357000
79.550414,NAPKIN_LIFT1_POS_REV2_SETTLE,-0.273558000,-0.518835000,0.322870000
79.560699,NAPKIN_LIFT1_POS_REV2_SETTLE,-0.273574000,-0.518817000,0.323328000
79.570990,NAPKIN_LIFT1_POS_REV2_SETTLE,-0.273595000,-0.518800000,0.323797000
79.581279,NAPKIN_LIFT1_POS_REV2_SETTLE,-0.273623000,-0.518787000,0.324285000
79.591570,NAPKIN_LIFT1_POS_REV2_SETTLE,-0.273644000,-0.518783000,0.324825000
79.601848,NAPKIN_LIFT1_POS_REV2_SETTLE,-0.273659000,-0.518793000,0.325318000
79.612188,NAPKIN_LIFT1_POS_REV2_SETTLE,-0.273669000,-0.518805000,0.325806000
79.622498,NAPKIN_LIFT1_POS_REV2_SETTLE,-0.273679000,-0.518820000,0.326343000
79.632770,NAPKIN_LIFT1_POS_REV2_SETTLE,-0.273697000,-0.518823000,0.326832000
79.643049,NAPKIN_LIFT1_POS_REV2_SETTLE,-0.273721000,-0.518827000,0.327319000
79.653338,NAPKIN_LIFT1_POS_REV2_SETTLE,-0.273722000,-0.518832000,0.327766000
79.663632,NAPKIN_LIFT1_POS_REV2_SETTLE,-0.273737000,-0.518835000,0.328276000
79.673905,NAPKIN_LIFT1_POS_REV2_SETTLE,-0.273759000,-0.518836000,0.328756000
79.684240,NAPKIN_LIFT1_POS_REV2_SETTLE,-0.273772000,-0.518844000,0.329215000
79.694674,NAPKIN_LIFT1_POS_REV2_SETTLE,-0.273787000,-0.518850000,0.329739000
79.705162,NAPKIN_LIFT1_POS_REV2_SETTLE,-0.273823000,-0.518849000,0.330242000
79.715641,NAPKIN_LIFT1_POS_REV2_SETTLE,-0.273844000,-0.518843000,0.330760000
79.725978,NAPKIN_LIFT1_POS_REV2_SETTLE,-0.273837000,-0.518843000,0.331224000
79.736268,NAPKIN_LIFT1_POS_REV2_SETTLE,-0.273829000,-0.518849000,0.331704000
79.746570,NAPKIN_LIFT1_POS_REV2_SETTLE,-0.273837000,-0.518855000,0.332253000
79.756870,NAPKIN_LIFT1_POS_REV2_SETTLE,-0.273850000,-0.518862000,0.332764000
79.767173,NAPKIN_LIFT1_POS_REV2_SETTLE,-0.273874000,-0.518867000,0.333280000
79.777472,NAPKIN_LIFT1_POS_REV2_SETTLE,-0.273903000,-0.518871000,0.333850000
79.787762,NAPKIN_LIFT1_POS_REV2_SETTLE,-0.273927000,-0.518873000,0.334364000
79.798050,NAPKIN_LIFT1_POS_REV2_SETTLE,-0.273950000,-0.518870000,0.334863000
79.808422,NAPKIN_LIFT1_POS_REV2_SETTLE,-0.273972000,-0.518865000,0.335405000
79.818748,NAPKIN_LIFT1_POS_REV2_SETTLE,-0.274002000,-0.518858000,0.335909000
79.829037,NAPKIN_LIFT1_POS_REV2_SETTLE,-0.274028000,-0.518857000,0.336422000
79.839353,NAPKIN_LIFT1_POS_REV2_SETTLE,-0.274053000,-0.518857000,0.336938000
79.849651,NAPKIN_LIFT1_POS_REV2_SETTLE,-0.274075000,-0.518855000,0.337490000
79.859936,NAPKIN_LIFT1_POS_REV2_SETTLE,-0.274095000,-0.518852000,0.337997000
79.870231,NAPKIN_LIFT1_POS_REV2_SETTLE,-0.274129000,-0.518842000,0.338527000
79.880532,NAPKIN_LIFT1_POS_REV2_SETTLE,-0.274161000,-0.518820000,0.339098000
79.890825,NAPKIN_LIFT1_POS_REV2_SETTLE,-0.274178000,-0.518802000,0.339607000
79.901104,NAPKIN_LIFT1_POS_REV2_SETTLE,-0.274183000,-0.518795000,0.340126000
79.911450,NAPKIN_LIFT1_POS_REV2_SETTLE,-0.274202000,-0.518784000,0.340707000
79.921776,NAPKIN_LIFT1_POS_REV2_SETTLE,-0.274216000,-0.518778000,0.341237000
79.932086,NAPKIN_LIFT1_POS_REV2_SETTLE,-0.274227000,-0.518774000,0.341762000
79.942516,NAPKIN_LIFT1_POS_REV2_SETTLE,-0.274240000,-0.518769000,0.342339000
79.952844,NAPKIN_LIFT1_POS_REV2_SETTLE,-0.274252000,-0.518759000,0.342864000
79.963203,NAPKIN_LIFT1_POS_REV2_SETTLE,-0.274262000,-0.518745000,0.343381000
79.973563,NAPKIN_LIFT1_POS_REV2_SETTLE,-0.274273000,-0.518731000,0.343937000
79.983877,NAPKIN_LIFT1_POS_REV2_SETTLE,-0.274284000,-0.518711000,0.344428000
79.994172,NAPKIN_LIFT1_POS_REV2_SETTLE,-0.274292000,-0.518700000,0.344918000
80.004464,NAPKIN_LIFT1_POS_REV2_SETTLE,-0.274317000,-0.518676000,0.345461000
80.014784,NAPKIN_LIFT1_POS_REV2_SETTLE,-0.274329000,-0.518661000,0.345945000
80.025088,NAPKIN_LIFT1_POS_REV2_SETTLE,-0.274352000,-0.518644000,0.346448000
80.035410,NAPKIN_LIFT1_POS_REV2_SETTLE,-0.274389000,-0.518615000,0.347020000
80.045782,NAPKIN_LIFT1_POS_REV2_SETTLE,-0.274401000,-0.518593000,0.347518000
80.056122,NAPKIN_LIFT1_POS_REV2_SETTLE,-0.274394000,-0.518578000,0.348009000
80.066450,NAPKIN_LIFT1_POS_REV2_SETTLE,-0.274390000,-0.518567000,0.348563000
80.076815,NAPKIN_LIFT1_POS_REV2_SETTLE,-0.274392000,-0.518562000,0.349077000
80.087145,NAPKIN_LIFT1_POS_REV2_SETTLE,-0.274393000,-0.518559000,0.349588000
80.097492,NAPKIN_LIFT1_POS_REV2_SETTLE,-0.274405000,-0.518557000,0.350177000
80.107817,NAPKIN_LIFT1_POS_REV2_SETTLE,-0.274421000,-0.518547000,0.350704000
80.118188,NAPKIN_LIFT1_POS_REV2_SETTLE,-0.274428000,-0.518538000,0.351199000
80.128514,NAPKIN_LIFT1_POS_REV2_SETTLE,-0.274430000,-0.518522000,0.351717000
80.138813,NAPKIN_LIFT1_POS_REV2_SETTLE,-0.274446000,-0.518506000,0.352198000
80.149102,NAPKIN_LIFT1_POS_REV2_SETTLE,-0.274467000,-0.518495000,0.352679000
80.159417,NAPKIN_LIFT1_POS_REV2_SETTLE,-0.274484000,-0.518481000,0.353190000
80.169730,NAPKIN_LIFT1_POS_REV2_SETTLE,-0.274485000,-0.518481000,0.353637000
80.180021,NAPKIN_LIFT1_POS_REV2_SETTLE,-0.274495000,-0.518477000,0.354091000
80.190488,NAPKIN_LIFT1_POS_REV2_SETTLE,-0.274517000,-0.518466000,0.354610000
80.200763,NAPKIN_LIFT1_POS_REV2_SETTLE,-0.274528000,-0.518456000,0.355066000
80.211091,NAPKIN_LIFT1_POS_REV2_SETTLE,-0.274523000,-0.518460000,0.355522000
80.221412,NAPKIN_LIFT1_POS_REV2_SETTLE,-0.274544000,-0.518449000,0.356040000
80.231700,NAPKIN_LIFT1_POS_REV2_SETTLE,-0.274558000,-0.518441000,0.356510000
80.241982,NAPKIN_LIFT1_POS_REV2_SETTLE,-0.274562000,-0.518433000,0.356963000
80.252265,NAPKIN_LIFT1_POS_REV2_SETTLE,-0.274559000,-0.518438000,0.357430000
80.262567,NAPKIN_LIFT1_POS_REV2_SETTLE,-0.274566000,-0.518437000,0.357945000
80.272901,NAPKIN_LIFT1_POS_REV2_SETTLE,-0.274562000,-0.518438000,0.358398000
80.283117,NAPKIN_LIFT1_POS_REV2_SETTLE,-0.274554000,-0.518441000,0.358846000
80.293313,NAPKIN_LIFT1_POS_REV2_SETTLE,-0.274560000,-0.518439000,0.359303000
80.303566,NAPKIN_LIFT1_POS_REV2_SETTLE,-0.274561000,-0.518440000,0.359794000
80.313904,NAPKIN_LIFT1_POS_REV2_SETTLE,-0.274554000,-0.518448000,0.360240000
80.324256,NAPKIN_LIFT1_POS_REV2_SETTLE,-0.274555000,-0.518456000,0.360692000
80.334578,NAPKIN_LIFT1_POS_REV2_SETTLE,-0.274563000,-0.518458000,0.361186000
80.344871,NAPKIN_LIFT1_POS_REV2_SETTLE,-0.274570000,-0.518461000,0.361642000
80.355161,NAPKIN_LIFT1_POS_REV2_SETTLE,-0.274576000,-0.518463000,0.362094000
80.626267,NAPKIN_LIFT2_POS_REV2,-0.274645000,-0.518080000,0.368204000
80.636246,NAPKIN_LIFT2_POS_REV2,-0.274680000,-0.518058000,0.368232000
80.646109,NAPKIN_LIFT2_POS_REV2,-0.274570000,-0.518126000,0.368128000
80.656101,NAPKIN_LIFT2_POS_REV2,-0.274250000,-0.518340000,0.367850000
80.666052,NAPKIN_LIFT2_POS_REV2,-0.273976000,-0.518565000,0.367653000
80.676055,NAPKIN_LIFT2_POS_REV2,-0.274004000,-0.518652000,0.367772000
80.686034,NAPKIN_LIFT2_POS_REV2,-0.274052000,-0.518758000,0.367859000
80.696057,NAPKIN_LIFT2_POS_REV2,-0.273830000,-0.519023000,0.367687000
80.706081,NAPKIN_LIFT2_POS_REV2,-0.273510000,-0.519371000,0.367441000
80.716142,NAPKIN_LIFT2_POS_REV2,-0.273296000,-0.519726000,0.367339000
80.726081,NAPKIN_LIFT2_POS_REV2,-0.273180000,-0.520092000,0.367376000
80.736097,NAPKIN_LIFT2_POS_REV2,-0.273097000,-0.520493000,0.367455000
80.746048,NAPKIN_LIFT2_POS_REV2,-0.272996000,-0.520944000,0.367537000
80.756049,NAPKIN_LIFT2_POS_REV2,-0.272923000,-0.521401000,0.367612000
80.766053,NAPKIN_LIFT2_POS_REV2,-0.272897000,-0.521830000,0.367677000
80.776104,NAPKIN_LIFT2_POS_REV2,-0.272895000,-0.522230000,0.367706000
80.786028,NAPKIN_LIFT2_POS_REV2,-0.272913000,-0.522617000,0.367723000
80.796090,NAPKIN_LIFT2_POS_REV2,-0.272939000,-0.523008000,0.367748000
80.806124,NAPKIN_LIFT2_POS_REV2,-0.272982000,-0.523416000,0.367812000
80.816133,NAPKIN_LIFT2_POS_REV2,-0.273024000,-0.523856000,0.367890000
80.826046,NAPKIN_LIFT2_POS_REV2,-0.273063000,-0.524316000,0.367963000
80.836080,NAPKIN_LIFT2_POS_REV2,-0.273073000,-0.524812000,0.368033000
80.846040,NAPKIN_LIFT2_POS_REV2,-0.273088000,-0.525310000,0.368104000
80.856052,NAPKIN_LIFT2_POS_REV2,-0.273121000,-0.525793000,0.368171000
80.866034,NAPKIN_LIFT2_POS_REV2,-0.273195000,-0.526241000,0.368237000
80.876130,NAPKIN_LIFT2_POS_REV2,-0.273286000,-0.526687000,0.368317000
80.886056,NAPKIN_LIFT2_POS_REV2,-0.273364000,-0.527141000,0.368390000
80.896066,NAPKIN_LIFT2_POS_REV2,-0.273429000,-0.527606000,0.368448000
80.896106,NAPKIN_LIFT2_POS_REV2_SETTLE,-0.273429000,-0.527606000,0.368448000
80.906285,NAPKIN_LIFT2_POS_REV2_SETTLE,-0.273479000,-0.528099000,0.368517000
80.916525,NAPKIN_LIFT2_POS_REV2_SETTLE,-0.273537000,-0.528641000,0.368592000
80.926754,NAPKIN_LIFT2_POS_REV2_SETTLE,-0.273565000,-0.529150000,0.368649000
80.936979,NAPKIN_LIFT2_POS_REV2_SETTLE,-0.273579000,-0.529662000,0.368686000
80.947209,NAPKIN_LIFT2_POS_REV2_SETTLE,-0.273587000,-0.530172000,0.368728000
80.957380,NAPKIN_LIFT2_POS_REV2_SETTLE,-0.273606000,-0.530727000,0.368777000
80.967542,NAPKIN_LIFT2_POS_REV2_SETTLE,-0.273623000,-0.531220000,0.368807000
80.977720,NAPKIN_LIFT2_POS_REV2_SETTLE,-0.273629000,-0.531731000,0.368845000
80.987943,NAPKIN_LIFT2_POS_REV2_SETTLE,-0.273650000,-0.532233000,0.368889000
80.998128,NAPKIN_LIFT2_POS_REV2_SETTLE,-0.273663000,-0.532735000,0.368921000
81.008399,NAPKIN_LIFT2_POS_REV2_SETTLE,-0.273681000,-0.533293000,0.368958000
81.018618,NAPKIN_LIFT2_POS_REV2_SETTLE,-0.273693000,-0.533794000,0.368969000
81.028790,NAPKIN_LIFT2_POS_REV2_SETTLE,-0.273720000,-0.534274000,0.368980000
81.038956,NAPKIN_LIFT2_POS_REV2_SETTLE,-0.273761000,-0.534743000,0.368996000
81.049127,NAPKIN_LIFT2_POS_REV2_SETTLE,-0.273799000,-0.535205000,0.369001000
81.059297,NAPKIN_LIFT2_POS_REV2_SETTLE,-0.273854000,-0.535660000,0.369016000
81.069626,NAPKIN_LIFT2_POS_REV2_SETTLE,-0.273898000,-0.536167000,0.369019000
81.079956,NAPKIN_LIFT2_POS_REV2_SETTLE,-0.273932000,-0.536631000,0.368995000
81.090280,NAPKIN_LIFT2_POS_REV2_SETTLE,-0.273952000,-0.537114000,0.368974000
81.100619,NAPKIN_LIFT2_POS_REV2_SETTLE,-0.273987000,-0.537639000,0.368950000
81.110931,NAPKIN_LIFT2_POS_REV2_SETTLE,-0.274005000,-0.538128000,0.368925000
81.121333,NAPKIN_LIFT2_POS_REV2_SETTLE,-0.274016000,-0.538623000,0.368903000
81.131755,NAPKIN_LIFT2_POS_REV2_SETTLE,-0.274043000,-0.539156000,0.368882000
81.142102,NAPKIN_LIFT2_POS_REV2_SETTLE,-0.274075000,-0.539641000,0.368882000
81.152441,NAPKIN_LIFT2_POS_REV2_SETTLE,-0.274104000,-0.540190000,0.368894000
81.162748,NAPKIN_LIFT2_POS_REV2_SETTLE,-0.274099000,-0.540711000,0.368898000
81.173061,NAPKIN_LIFT2_POS_REV2_SETTLE,-0.274090000,-0.541238000,0.368897000
81.183381,NAPKIN_LIFT2_POS_REV2_SETTLE,-0.274106000,-0.541798000,0.368907000
81.193684,NAPKIN_LIFT2_POS_REV2_SETTLE,-0.274129000,-0.542312000,0.368934000
81.204001,NAPKIN_LIFT2_POS_REV2_SETTLE,-0.274150000,-0.542818000,0.368953000
81.214378,NAPKIN_LIFT2_POS_REV2_SETTLE,-0.274156000,-0.543335000,0.368974000
81.224718,NAPKIN_LIFT2_POS_REV2_SETTLE,-0.274156000,-0.543904000,0.368992000
81.235023,NAPKIN_LIFT2_POS_REV2_SETTLE,-0.274135000,-0.544436000,0.368991000
81.245350,NAPKIN_LIFT2_POS_REV2_SETTLE,-0.274126000,-0.544965000,0.368991000
81.255641,NAPKIN_LIFT2_POS_REV2_SETTLE,-0.274109000,-0.545553000,0.369003000
81.265950,NAPKIN_LIFT2_POS_REV2_SETTLE,-0.274070000,-0.546110000,0.368997000
81.276256,NAPKIN_LIFT2_POS_REV2_SETTLE,-0.274025000,-0.546678000,0.368982000
81.286549,NAPKIN_LIFT2_POS_REV2_SETTLE,-0.273994000,-0.547277000,0.368956000
81.296861,NAPKIN_LIFT2_POS_REV2_SETTLE,-0.273984000,-0.547824000,0.368950000
81.307208,NAPKIN_LIFT2_POS_REV2_SETTLE,-0.273972000,-0.548367000,0.368939000
81.317606,NAPKIN_LIFT2_POS_REV2_SETTLE,-0.273959000,-0.548958000,0.368911000
81.327972,NAPKIN_LIFT2_POS_REV2_SETTLE,-0.273970000,-0.549479000,0.368894000
81.338332,NAPKIN_LIFT2_POS_REV2_SETTLE,-0.273989000,-0.549995000,0.368882000
81.348627,NAPKIN_LIFT2_POS_REV2_SETTLE,-0.274022000,-0.550556000,0.368864000
81.358923,NAPKIN_LIFT2_POS_REV2_SETTLE,-0.274029000,-0.551080000,0.368839000
81.369232,NAPKIN_LIFT2_POS_REV2_SETTLE,-0.274036000,-0.551593000,0.368799000
81.379533,NAPKIN_LIFT2_POS_REV2_SETTLE,-0.274056000,-0.552147000,0.368761000
81.389833,NAPKIN_LIFT2_POS_REV2_SETTLE,-0.274073000,-0.552647000,0.368724000
81.400141,NAPKIN_LIFT2_POS_REV2_SETTLE,-0.274112000,-0.553140000,0.368712000
81.410553,NAPKIN_LIFT2_POS_REV2_SETTLE,-0.274159000,-0.553686000,0.368724000
81.420903,NAPKIN_LIFT2_POS_REV2_SETTLE,-0.274180000,-0.554191000,0.368712000
81.431214,NAPKIN_LIFT2_POS_REV2_SETTLE,-0.274178000,-0.554701000,0.368683000
81.441526,NAPKIN_LIFT2_POS_REV2_SETTLE,-0.274184000,-0.555262000,0.368659000
81.451853,NAPKIN_LIFT2_POS_REV2_SETTLE,-0.274191000,-0.555776000,0.368661000
81.462176,NAPKIN_LIFT2_POS_REV2_SETTLE,-0.274205000,-0.556288000,0.368681000
81.472503,NAPKIN_LIFT2_POS_REV2_SETTLE,-0.274217000,-0.556861000,0.368715000
81.482812,NAPKIN_LIFT2_POS_REV2_SETTLE,-0.274214000,-0.557379000,0.368723000
81.493102,NAPKIN_LIFT2_POS_REV2_SETTLE,-0.274206000,-0.557900000,0.368730000
81.503412,NAPKIN_LIFT2_POS_REV2_SETTLE,-0.274225000,-0.558464000,0.368772000
81.513733,NAPKIN_LIFT2_POS_REV2_SETTLE,-0.274243000,-0.558976000,0.368829000
81.524061,NAPKIN_LIFT2_POS_REV2_SETTLE,-0.274254000,-0.559484000,0.368876000
81.534381,NAPKIN_LIFT2_POS_REV2_SETTLE,-0.274258000,-0.560044000,0.368923000
81.544696,NAPKIN_LIFT2_POS_REV2_SETTLE,-0.274261000,-0.560553000,0.368973000
81.554992,NAPKIN_LIFT2_POS_REV2_SETTLE,-0.274262000,-0.561055000,0.369014000
81.565283,NAPKIN_LIFT2_POS_REV2_SETTLE,-0.274259000,-0.561566000,0.369058000
81.575586,NAPKIN_LIFT2_POS_REV2_SETTLE,-0.274270000,-0.562117000,0.369122000
81.585882,NAPKIN_LIFT2_POS_REV2_SETTLE,-0.274277000,-0.562616000,0.369169000
81.596186,NAPKIN_LIFT2_POS_REV2_SETTLE,-0.274277000,-0.563120000,0.369205000
81.606482,NAPKIN_LIFT2_POS_REV2_SETTLE,-0.274287000,-0.563667000,0.369244000
81.616731,NAPKIN_LIFT2_POS_REV2_SETTLE,-0.274307000,-0.564150000,0.369273000
81.887607,NAPKIN_S2_POS_FINISH,-0.274936000,-0.574887000,0.369199000
81.897594,NAPKIN_S2_POS_FINISH,-0.274956000,-0.574944000,0.369248000
81.907578,NAPKIN_S2_POS_FINISH,-0.274835000,-0.575066000,0.369166000
81.917576,NAPKIN_S2_POS_FINISH,-0.274511000,-0.575305000,0.368873000
81.927520,NAPKIN_S2_POS_FINISH,-0.274225000,-0.575511000,0.368580000
81.937565,NAPKIN_S2_POS_FINISH,-0.274075000,-0.575621000,0.368261000
81.947515,NAPKIN_S2_POS_FINISH,-0.273996000,-0.575665000,0.367803000
81.957515,NAPKIN_S2_POS_FINISH,-0.273933000,-0.575707000,0.367325000
81.967513,NAPKIN_S2_POS_FINISH,-0.273839000,-0.575766000,0.366825000
81.977557,NAPKIN_S2_POS_FINISH,-0.273601000,-0.575877000,0.366146000
81.987491,NAPKIN_S2_POS_FINISH,-0.273330000,-0.575997000,0.365417000
81.997536,NAPKIN_S2_POS_FINISH,-0.273128000,-0.576082000,0.364712000
82.007547,NAPKIN_S2_POS_FINISH,-0.272972000,-0.576153000,0.364050000
82.017607,NAPKIN_S2_POS_FINISH,-0.272807000,-0.576238000,0.363465000
82.027503,NAPKIN_S2_POS_FINISH,-0.272655000,-0.576329000,0.362945000
82.037530,NAPKIN_S2_POS_FINISH,-0.272585000,-0.576384000,0.362480000
82.047496,NAPKIN_S2_POS_FINISH,-0.272603000,-0.576372000,0.361991000
82.057519,NAPKIN_S2_POS_FINISH,-0.272628000,-0.576346000,0.361402000
82.067491,NAPKIN_S2_POS_FINISH,-0.272714000,-0.576284000,0.360860000
82.077507,NAPKIN_S2_POS_FINISH,-0.272826000,-0.576213000,0.360356000
82.087502,NAPKIN_S2_POS_FINISH,-0.272902000,-0.576163000,0.359837000
82.097640,NAPKIN_S2_POS_FINISH,-0.272943000,-0.576133000,0.359313000
82.107571,NAPKIN_S2_POS_FINISH,-0.272966000,-0.576112000,0.358789000
82.117560,NAPKIN_S2_POS_FINISH,-0.272976000,-0.576103000,0.358262000
82.127511,NAPKIN_S2_POS_FINISH,-0.272975000,-0.576094000,0.357717000
82.137568,NAPKIN_S2_POS_FINISH,-0.272986000,-0.576077000,0.357185000
82.147544,NAPKIN_S2_POS_FINISH,-0.273011000,-0.576052000,0.356658000
82.157582,NAPKIN_S2_POS_FINISH,-0.273038000,-0.576027000,0.356137000
82.167494,NAPKIN_S2_POS_FINISH,-0.273079000,-0.575995000,0.355624000
82.177513,NAPKIN_S2_POS_FINISH,-0.273118000,-0.575966000,0.355112000
82.187487,NAPKIN_S2_POS_FINISH,-0.273150000,-0.575949000,0.354623000
82.197525,NAPKIN_S2_POS_FINISH,-0.273190000,-0.575926000,0.354112000
82.207517,NAPKIN_S2_POS_FINISH,-0.273235000,-0.575906000,0.353614000
82.217649,NAPKIN_S2_POS_FINISH,-0.273269000,-0.575884000,0.353084000
82.227507,NAPKIN_S2_POS_FINISH,-0.273302000,-0.575863000,0.352583000
82.237532,NAPKIN_S2_POS_FINISH,-0.273334000,-0.575837000,0.352074000
82.247496,NAPKIN_S2_POS_FINISH,-0.273358000,-0.575818000,0.351587000
82.257517,NAPKIN_S2_POS_FINISH,-0.273382000,-0.575794000,0.351093000
82.257552,NAPKIN_S2_POS_FINISH_SETTLE,-0.273382000,-0.575794000,0.351093000
82.267701,NAPKIN_S2_POS_FINISH_SETTLE,-0.273402000,-0.575776000,0.350617000
82.277852,NAPKIN_S2_POS_FINISH_SETTLE,-0.273430000,-0.575757000,0.350139000
82.288007,NAPKIN_S2_POS_FINISH_SETTLE,-0.273446000,-0.575745000,0.349659000
82.298173,NAPKIN_S2_POS_FINISH_SETTLE,-0.273474000,-0.575731000,0.349186000
82.308391,NAPKIN_S2_POS_FINISH_SETTLE,-0.273532000,-0.575697000,0.348670000
82.318631,NAPKIN_S2_POS_FINISH_SETTLE,-0.273581000,-0.575672000,0.348242000
82.328831,NAPKIN_S2_POS_FINISH_SETTLE,-0.273573000,-0.575663000,0.347699000
82.339035,NAPKIN_S2_POS_FINISH_SETTLE,-0.273581000,-0.575645000,0.347181000
82.349241,NAPKIN_S2_POS_FINISH_SETTLE,-0.273626000,-0.575612000,0.346692000
82.359415,NAPKIN_S2_POS_FINISH_SETTLE,-0.273683000,-0.575576000,0.346191000
82.369583,NAPKIN_S2_POS_FINISH_SETTLE,-0.273722000,-0.575550000,0.345727000
82.379784,NAPKIN_S2_POS_FINISH_SETTLE,-0.273747000,-0.575524000,0.345238000
82.389942,NAPKIN_S2_POS_FINISH_SETTLE,-0.273770000,-0.575498000,0.344743000
82.400103,NAPKIN_S2_POS_FINISH_SETTLE,-0.273794000,-0.575469000,0.344240000
82.410345,NAPKIN_S2_POS_FINISH_SETTLE,-0.273794000,-0.575454000,0.343735000
82.420567,NAPKIN_S2_POS_FINISH_SETTLE,-0.273783000,-0.575442000,0.343172000
82.430760,NAPKIN_S2_POS_FINISH_SETTLE,-0.273781000,-0.575435000,0.342689000
82.440933,NAPKIN_S2_POS_FINISH_SETTLE,-0.273785000,-0.575421000,0.342191000
82.451099,NAPKIN_S2_POS_FINISH_SETTLE,-0.273796000,-0.575409000,0.341699000
82.461266,NAPKIN_S2_POS_FINISH_SETTLE,-0.273816000,-0.575383000,0.341179000
82.471545,NAPKIN_S2_POS_FINISH_SETTLE,-0.273832000,-0.575358000,0.340630000
82.481895,NAPKIN_S2_POS_FINISH_SETTLE,-0.273849000,-0.575335000,0.340116000
82.492241,NAPKIN_S2_POS_FINISH_SETTLE,-0.273866000,-0.575316000,0.339631000
82.502577,NAPKIN_S2_POS_FINISH_SETTLE,-0.273890000,-0.575287000,0.339090000
82.512945,NAPKIN_S2_POS_FINISH_SETTLE,-0.273926000,-0.575260000,0.338632000
82.523268,NAPKIN_S2_POS_FINISH_SETTLE,-0.273926000,-0.575252000,0.338154000
82.533608,NAPKIN_S2_POS_FINISH_SETTLE,-0.273928000,-0.575241000,0.337607000
82.543951,NAPKIN_S2_POS_FINISH_SETTLE,-0.273935000,-0.575227000,0.337121000
82.554274,NAPKIN_S2_POS_FINISH_SETTLE,-0.273955000,-0.575210000,0.336635000
82.564610,NAPKIN_S2_POS_FINISH_SETTLE,-0.273995000,-0.575185000,0.336119000
82.574921,NAPKIN_S2_POS_FINISH_SETTLE,-0.274025000,-0.575162000,0.335626000
82.585222,NAPKIN_S2_POS_FINISH_SETTLE,-0.274047000,-0.575143000,0.335121000
82.595536,NAPKIN_S2_POS_FINISH_SETTLE,-0.274057000,-0.575128000,0.334530000
82.605867,NAPKIN_S2_POS_FINISH_SETTLE,-0.274074000,-0.575115000,0.334013000
82.616207,NAPKIN_S2_POS_FINISH_SETTLE,-0.274100000,-0.575096000,0.333514000
82.626534,NAPKIN_S2_POS_FINISH_SETTLE,-0.274118000,-0.575084000,0.332967000
82.636840,NAPKIN_S2_POS_FINISH_SETTLE,-0.274101000,-0.575083000,0.332420000
82.647137,NAPKIN_S2_POS_FINISH_SETTLE,-0.274090000,-0.575077000,0.331883000
82.657443,NAPKIN_S2_POS_FINISH_SETTLE,-0.274095000,-0.575060000,0.331292000
82.667831,NAPKIN_S2_POS_FINISH_SETTLE,-0.274100000,-0.575044000,0.330760000
82.678055,NAPKIN_S2_POS_FINISH_SETTLE,-0.274107000,-0.575032000,0.330235000
82.688247,NAPKIN_S2_POS_FINISH_SETTLE,-0.274136000,-0.575010000,0.329721000
82.698438,NAPKIN_S2_POS_FINISH_SETTLE,-0.274146000,-0.574996000,0.329126000
82.708880,NAPKIN_S2_POS_FINISH_SETTLE,-0.274176000,-0.574970000,0.328596000
82.719125,NAPKIN_S2_POS_FINISH_SETTLE,-0.274196000,-0.574948000,0.328044000
82.729326,NAPKIN_S2_POS_FINISH_SETTLE,-0.274205000,-0.574934000,0.327516000
82.739707,NAPKIN_S2_POS_FINISH_SETTLE,-0.274245000,-0.574906000,0.326971000
82.750033,NAPKIN_S2_POS_FINISH_SETTLE,-0.274270000,-0.574887000,0.326490000
82.760351,NAPKIN_S2_POS_FINISH_SETTLE,-0.274279000,-0.574876000,0.325993000
82.770656,NAPKIN_S2_POS_FINISH_SETTLE,-0.274309000,-0.574856000,0.325472000
82.780963,NAPKIN_S2_POS_FINISH_SETTLE,-0.274320000,-0.574841000,0.324985000
82.791272,NAPKIN_S2_POS_FINISH_SETTLE,-0.274335000,-0.574828000,0.324516000
82.801595,NAPKIN_S2_POS_FINISH_SETTLE,-0.274363000,-0.574807000,0.324008000
82.811935,NAPKIN_S2_POS_FINISH_SETTLE,-0.274377000,-0.574792000,0.323521000
82.822251,NAPKIN_S2_POS_FINISH_SETTLE,-0.274407000,-0.574782000,0.323086000
82.832574,NAPKIN_S2_POS_FINISH_SETTLE,-0.274431000,-0.574766000,0.322559000
82.842880,NAPKIN_S2_POS_FINISH_SETTLE,-0.274443000,-0.574752000,0.322070000
82.853175,NAPKIN_S2_POS_FINISH_SETTLE,-0.274443000,-0.574737000,0.321551000
82.863473,NAPKIN_S2_POS_FINISH_SETTLE,-0.274461000,-0.574717000,0.321014000
82.873769,NAPKIN_S2_POS_FINISH_SETTLE,-0.274491000,-0.574701000,0.320560000
82.884056,NAPKIN_S2_POS_FINISH_SETTLE,-0.274503000,-0.574687000,0.320081000
82.894355,NAPKIN_S2_POS_FINISH_SETTLE,-0.274515000,-0.574668000,0.319597000
82.904668,NAPKIN_S2_POS_FINISH_SETTLE,-0.274524000,-0.574647000,0.319054000
82.915028,NAPKIN_S2_POS_FINISH_SETTLE,-0.274536000,-0.574624000,0.318560000
82.925357,NAPKIN_S2_POS_FINISH_SETTLE,-0.274542000,-0.574604000,0.318071000
82.935675,NAPKIN_S2_POS_FINISH_SETTLE,-0.274529000,-0.574594000,0.317516000
82.945986,NAPKIN_S2_POS_FINISH_SETTLE,-0.274534000,-0.574583000,0.317043000
82.956276,NAPKIN_S2_POS_FINISH_SETTLE,-0.274556000,-0.574562000,0.316553000
82.966574,NAPKIN_S2_POS_FINISH_SETTLE,-0.274574000,-0.574539000,0.316014000
82.976872,NAPKIN_S2_POS_FINISH_SETTLE,-0.274607000,-0.574516000,0.315543000
82.987151,NAPKIN_S2_POS_FINISH_SETTLE,-0.274622000,-0.574494000,0.315023000
82.997446,NAPKIN_S2_POS_FINISH_SETTLE,-0.274643000,-0.574471000,0.314478000
83.007778,NAPKIN_S2_POS_FINISH_SETTLE,-0.274649000,-0.574452000,0.313963000
83.018108,NAPKIN_S2_POS_FINISH_SETTLE,-0.274641000,-0.574442000,0.313434000
83.028412,NAPKIN_S2_POS_FINISH_SETTLE,-0.274658000,-0.574429000,0.312904000
83.038748,NAPKIN_S2_POS_FINISH_SETTLE,-0.274662000,-0.574426000,0.312428000
83.049058,NAPKIN_S2_POS_FINISH_SETTLE,-0.274654000,-0.574423000,0.311936000
83.059433,NAPKIN_S2_POS_FINISH_SETTLE,-0.274637000,-0.574419000,0.311386000
83.069734,NAPKIN_S2_POS_FINISH_SETTLE,-0.274615000,-0.574418000,0.310882000
83.080046,NAPKIN_S2_POS_FINISH_SETTLE,-0.274596000,-0.574410000,0.310377000
83.090369,NAPKIN_S2_POS_FINISH_SETTLE,-0.274584000,-0.574411000,0.309909000
83.100703,NAPKIN_S2_POS_FINISH_SETTLE,-0.274572000,-0.574410000,0.309382000
83.111033,NAPKIN_S2_POS_FINISH_SETTLE,-0.274554000,-0.574410000,0.308888000
83.121386,NAPKIN_S2_POS_FINISH_SETTLE,-0.274539000,-0.574406000,0.308337000
83.131680,NAPKIN_S2_POS_FINISH_SETTLE,-0.274547000,-0.574399000,0.307860000
83.141995,NAPKIN_S2_POS_FINISH_SETTLE,-0.274563000,-0.574382000,0.307371000
83.152294,NAPKIN_S2_POS_FINISH_SETTLE,-0.274581000,-0.574370000,0.306896000
83.162617,NAPKIN_S2_POS_FINISH_SETTLE,-0.274590000,-0.574365000,0.306367000
83.172905,NAPKIN_S2_POS_FINISH_SETTLE,-0.274555000,-0.574359000,0.305793000
83.183236,NAPKIN_S2_POS_FINISH_SETTLE,-0.274529000,-0.574360000,0.305245000
83.193539,NAPKIN_S2_POS_FINISH_SETTLE,-0.274556000,-0.574346000,0.304714000
83.203835,NAPKIN_S2_POS_FINISH_SETTLE,-0.274570000,-0.574338000,0.304213000
83.214188,NAPKIN_S2_POS_FINISH_SETTLE,-0.274571000,-0.574336000,0.303696000
83.485384,NAPKIN_S1_POS_FINISH,-0.274895000,-0.574676000,0.292751000
83.495309,NAPKIN_S1_POS_FINISH,-0.274994000,-0.574706000,0.292916000
83.505316,NAPKIN_S1_POS_FINISH,-0.274952000,-0.574790000,0.292873000
83.515303,NAPKIN_S1_POS_FINISH,-0.274657000,-0.574964000,0.292534000
83.525304,NAPKIN_S1_POS_FINISH,-0.274307000,-0.575078000,0.292032000
83.535284,NAPKIN_S1_POS_FINISH,-0.274159000,-0.575099000,0.291804000
83.545320,NAPKIN_S1_POS_FINISH,-0.274412000,-0.574948000,0.292002000
83.555308,NAPKIN_S1_POS_FINISH,-0.274569000,-0.574784000,0.292022000
83.565270,NAPKIN_S1_POS_FINISH,-0.274221000,-0.574754000,0.291506000
83.575285,NAPKIN_S1_POS_FINISH,-0.273687000,-0.574796000,0.290939000
83.585273,NAPKIN_S1_POS_FINISH,-0.273452000,-0.574685000,0.290731000
83.595281,NAPKIN_S1_POS_FINISH,-0.273502000,-0.574428000,0.290872000
83.605282,NAPKIN_S1_POS_FINISH,-0.273502000,-0.574153000,0.291033000
83.615321,NAPKIN_S1_POS_FINISH,-0.273442000,-0.573877000,0.291159000
83.625299,NAPKIN_S1_POS_FINISH,-0.273454000,-0.573529000,0.291268000
83.635285,NAPKIN_S1_POS_FINISH,-0.273557000,-0.573091000,0.291347000
83.645263,NAPKIN_S1_POS_FINISH,-0.273687000,-0.572594000,0.291388000
83.655282,NAPKIN_S1_POS_FINISH,-0.273824000,-0.572056000,0.291425000
83.665285,NAPKIN_S1_POS_FINISH,-0.273972000,-0.571520000,0.291511000
83.675270,NAPKIN_S1_POS_FINISH,-0.274111000,-0.570971000,0.291582000
83.685304,NAPKIN_S1_POS_FINISH,-0.274200000,-0.570430000,0.291608000
83.695296,NAPKIN_S1_POS_FINISH,-0.274236000,-0.569921000,0.291628000
83.705474,NAPKIN_S1_POS_FINISH,-0.274244000,-0.569372000,0.291659000
83.715377,NAPKIN_S1_POS_FINISH,-0.274244000,-0.568864000,0.291657000
83.725314,NAPKIN_S1_POS_FINISH,-0.274282000,-0.568378000,0.291656000
83.735304,NAPKIN_S1_POS_FINISH,-0.274346000,-0.567813000,0.291664000
83.745437,NAPKIN_S1_POS_FINISH,-0.274408000,-0.567208000,0.291683000
83.755277,NAPKIN_S1_POS_FINISH,-0.274443000,-0.566730000,0.291712000
83.765278,NAPKIN_S1_POS_FINISH,-0.274478000,-0.566210000,0.291755000
83.775304,NAPKIN_S1_POS_FINISH,-0.274512000,-0.565705000,0.291804000
83.775410,NAPKIN_S1_POS_FINISH_SETTLE,-0.274513000,-0.565655000,0.291808000
83.785710,NAPKIN_S1_POS_FINISH_SETTLE,-0.274543000,-0.565161000,0.291861000
83.796005,NAPKIN_S1_POS_FINISH_SETTLE,-0.274568000,-0.564670000,0.291911000
83.806347,NAPKIN_S1_POS_FINISH_SETTLE,-0.274570000,-0.564182000,0.291947000
83.816705,NAPKIN_S1_POS_FINISH_SETTLE,-0.274579000,-0.563643000,0.291999000
83.827035,NAPKIN_S1_POS_FINISH_SETTLE,-0.274584000,-0.563145000,0.292031000
83.837350,NAPKIN_S1_POS_FINISH_SETTLE,-0.274599000,-0.562649000,0.292079000
83.847603,NAPKIN_S1_POS_FINISH_SETTLE,-0.274631000,-0.562090000,0.292128000
83.857929,NAPKIN_S1_POS_FINISH_SETTLE,-0.274634000,-0.561599000,0.292162000
83.868241,NAPKIN_S1_POS_FINISH_SETTLE,-0.274626000,-0.561110000,0.292164000
83.878574,NAPKIN_S1_POS_FINISH_SETTLE,-0.274646000,-0.560547000,0.292171000
83.888823,NAPKIN_S1_POS_FINISH_SETTLE,-0.274677000,-0.560014000,0.292176000
83.899036,NAPKIN_S1_POS_FINISH_SETTLE,-0.274703000,-0.559475000,0.292167000
83.909268,NAPKIN_S1_POS_FINISH_SETTLE,-0.274724000,-0.558940000,0.292159000
83.919649,NAPKIN_S1_POS_FINISH_SETTLE,-0.274732000,-0.558363000,0.292153000
83.929995,NAPKIN_S1_POS_FINISH_SETTLE,-0.274719000,-0.557853000,0.292128000
83.940328,NAPKIN_S1_POS_FINISH_SETTLE,-0.274718000,-0.557340000,0.292111000
83.950711,NAPKIN_S1_POS_FINISH_SETTLE,-0.274729000,-0.556771000,0.292099000
83.961075,NAPKIN_S1_POS_FINISH_SETTLE,-0.274749000,-0.556243000,0.292086000
83.971422,NAPKIN_S1_POS_FINISH_SETTLE,-0.274771000,-0.555659000,0.292072000
83.981775,NAPKIN_S1_POS_FINISH_SETTLE,-0.274794000,-0.555118000,0.292051000
83.992089,NAPKIN_S1_POS_FINISH_SETTLE,-0.274825000,-0.554574000,0.292038000
84.002428,NAPKIN_S1_POS_FINISH_SETTLE,-0.274848000,-0.553986000,0.292010000
84.012785,NAPKIN_S1_POS_FINISH_SETTLE,-0.274854000,-0.553453000,0.291956000
84.023178,NAPKIN_S1_POS_FINISH_SETTLE,-0.274865000,-0.552938000,0.291931000
84.033540,NAPKIN_S1_POS_FINISH_SETTLE,-0.274886000,-0.552374000,0.291913000
84.043883,NAPKIN_S1_POS_FINISH_SETTLE,-0.274895000,-0.551876000,0.291900000
84.054202,NAPKIN_S1_POS_FINISH_SETTLE,-0.274905000,-0.551385000,0.291893000
84.064544,NAPKIN_S1_POS_FINISH_SETTLE,-0.274900000,-0.550855000,0.291880000
84.074902,NAPKIN_S1_POS_FINISH_SETTLE,-0.274884000,-0.550385000,0.291865000
84.085233,NAPKIN_S1_POS_FINISH_SETTLE,-0.274871000,-0.549917000,0.291860000
84.095574,NAPKIN_S1_POS_FINISH_SETTLE,-0.274839000,-0.549422000,0.291855000
84.105886,NAPKIN_S1_POS_FINISH_SETTLE,-0.274820000,-0.548973000,0.291868000
84.116234,NAPKIN_S1_POS_FINISH_SETTLE,-0.274806000,-0.548523000,0.291881000
84.126538,NAPKIN_S1_POS_FINISH_SETTLE,-0.274782000,-0.548031000,0.291879000
84.136847,NAPKIN_S1_POS_FINISH_SETTLE,-0.274769000,-0.547571000,0.291884000
84.147200,NAPKIN_S1_POS_FINISH_SETTLE,-0.274757000,-0.547093000,0.291864000
84.157534,NAPKIN_S1_POS_FINISH_SETTLE,-0.274741000,-0.546573000,0.291830000
84.167825,NAPKIN_S1_POS_FINISH_SETTLE,-0.274729000,-0.546088000,0.291798000
84.178130,NAPKIN_S1_POS_FINISH_SETTLE,-0.274739000,-0.545587000,0.291784000
84.188471,NAPKIN_S1_POS_FINISH_SETTLE,-0.274749000,-0.545035000,0.291760000
84.198801,NAPKIN_S1_POS_FINISH_SETTLE,-0.274740000,-0.544541000,0.291724000
84.209144,NAPKIN_S1_POS_FINISH_SETTLE,-0.274739000,-0.544042000,0.291699000
84.219523,NAPKIN_S1_POS_FINISH_SETTLE,-0.274722000,-0.543504000,0.291673000
84.229850,NAPKIN_S1_POS_FINISH_SETTLE,-0.274712000,-0.543000000,0.291646000
84.240186,NAPKIN_S1_POS_FINISH_SETTLE,-0.274683000,-0.542503000,0.291617000
84.250543,NAPKIN_S1_POS_FINISH_SETTLE,-0.274649000,-0.541964000,0.291588000
84.260870,NAPKIN_S1_POS_FINISH_SETTLE,-0.274641000,-0.541450000,0.291569000
84.271222,NAPKIN_S1_POS_FINISH_SETTLE,-0.274643000,-0.540931000,0.291563000
84.281553,NAPKIN_S1_POS_FINISH_SETTLE,-0.274644000,-0.540360000,0.291560000
84.291881,NAPKIN_S1_POS_FINISH_SETTLE,-0.274660000,-0.539826000,0.291556000
84.302214,NAPKIN_S1_POS_FINISH_SETTLE,-0.274676000,-0.539279000,0.291538000
84.312590,NAPKIN_S1_POS_FINISH_SETTLE,-0.274666000,-0.538697000,0.291494000
84.322934,NAPKIN_S1_POS_FINISH_SETTLE,-0.274663000,-0.538172000,0.291466000
84.333258,NAPKIN_S1_POS_FINISH_SETTLE,-0.274684000,-0.537627000,0.291437000
84.343575,NAPKIN_S1_POS_FINISH_SETTLE,-0.274715000,-0.537035000,0.291426000
84.353947,NAPKIN_S1_POS_FINISH_SETTLE,-0.274740000,-0.536510000,0.291427000
84.364279,NAPKIN_S1_POS_FINISH_SETTLE,-0.274772000,-0.535986000,0.291428000
84.374599,NAPKIN_S1_POS_FINISH_SETTLE,-0.274793000,-0.535418000,0.291403000
84.384921,NAPKIN_S1_POS_FINISH_SETTLE,-0.274814000,-0.534914000,0.291393000
84.395255,NAPKIN_S1_POS_FINISH_SETTLE,-0.274846000,-0.534416000,0.291417000
84.405594,NAPKIN_S1_POS_FINISH_SETTLE,-0.274854000,-0.533885000,0.291422000
84.415943,NAPKIN_S1_POS_FINISH_SETTLE,-0.274847000,-0.533419000,0.291431000
84.426276,NAPKIN_S1_POS_FINISH_SETTLE,-0.274872000,-0.532938000,0.291465000
84.436599,NAPKIN_S1_POS_FINISH_SETTLE,-0.274886000,-0.532414000,0.291485000
84.446861,NAPKIN_S1_POS_FINISH_SETTLE,-0.274876000,-0.531949000,0.291478000
84.457188,NAPKIN_S1_POS_FINISH_SETTLE,-0.274895000,-0.531463000,0.291495000
84.467522,NAPKIN_S1_POS_FINISH_SETTLE,-0.274918000,-0.530920000,0.291518000
84.477841,NAPKIN_S1_POS_FINISH_SETTLE,-0.274942000,-0.530418000,0.291524000
84.488151,NAPKIN_S1_POS_FINISH_SETTLE,-0.274990000,-0.529909000,0.291562000
84.498472,NAPKIN_S1_POS_FINISH_SETTLE,-0.275023000,-0.529348000,0.291578000
84.508880,NAPKIN_S1_POS_FINISH_SETTLE,-0.275043000,-0.528832000,0.291573000
84.519237,NAPKIN_S1_POS_FINISH_SETTLE,-0.275078000,-0.528305000,0.291577000
84.529550,NAPKIN_S1_POS_FINISH_SETTLE,-0.275127000,-0.527714000,0.291594000
84.539851,NAPKIN_S1_POS_FINISH_SETTLE,-0.275144000,-0.527197000,0.291598000
84.550206,NAPKIN_S1_POS_FINISH_SETTLE,-0.275162000,-0.526676000,0.291607000
84.560566,NAPKIN_S1_POS_FINISH_SETTLE,-0.275188000,-0.526095000,0.291622000
84.570833,NAPKIN_S1_POS_FINISH_SETTLE,-0.275200000,-0.525568000,0.291610000
84.581168,NAPKIN_S1_POS_FINISH_SETTLE,-0.275213000,-0.525042000,0.291615000
84.591493,NAPKIN_S1_POS_FINISH_SETTLE,-0.275235000,-0.524459000,0.291625000
84.862745,NAPKIN_LIFT1_POS_FINISH,-0.275219000,-0.517814000,0.292798000
84.872620,NAPKIN_LIFT1_POS_FINISH,-0.275198000,-0.517814000,0.292762000
84.882584,NAPKIN_LIFT1_POS_FINISH,-0.275059000,-0.517872000,0.292586000
84.892613,NAPKIN_LIFT1_POS_FINISH,-0.274821000,-0.518001000,0.292304000
84.902575,NAPKIN_LIFT1_POS_FINISH,-0.274820000,-0.518139000,0.292543000
84.912659,NAPKIN_LIFT1_POS_FINISH,-0.274917000,-0.518297000,0.293076000
84.922582,NAPKIN_LIFT1_POS_FINISH,-0.274588000,-0.518532000,0.293060000
84.932619,NAPKIN_LIFT1_POS_FINISH,-0.274065000,-0.518826000,0.292910000
84.942576,NAPKIN_LIFT1_POS_FINISH,-0.273762000,-0.519052000,0.293147000
84.952702,NAPKIN_LIFT1_POS_FINISH,-0.273695000,-0.519209000,0.293789000
84.962587,NAPKIN_LIFT1_POS_FINISH,-0.273576000,-0.519397000,0.294518000
84.972626,NAPKIN_LIFT1_POS_FINISH,-0.273289000,-0.519603000,0.294976000
84.982627,NAPKIN_LIFT1_POS_FINISH,-0.272970000,-0.519806000,0.295275000
84.992595,NAPKIN_LIFT1_POS_FINISH,-0.272893000,-0.519881000,0.295784000
85.002569,NAPKIN_LIFT1_POS_FINISH,-0.273011000,-0.519839000,0.296482000
85.012666,NAPKIN_LIFT1_POS_FINISH,-0.273090000,-0.519798000,0.297161000
85.022577,NAPKIN_LIFT1_POS_FINISH,-0.273079000,-0.519784000,0.297704000
85.032607,NAPKIN_LIFT1_POS_FINISH,-0.273093000,-0.519741000,0.298164000
85.042564,NAPKIN_LIFT1_POS_FINISH,-0.273162000,-0.519658000,0.298620000
85.052633,NAPKIN_LIFT1_POS_FINISH,-0.273226000,-0.519594000,0.299119000
85.062563,NAPKIN_LIFT1_POS_FINISH,-0.273263000,-0.519568000,0.299659000
85.072585,NAPKIN_LIFT1_POS_FINISH,-0.273251000,-0.519570000,0.300170000
85.082585,NAPKIN_LIFT1_POS_FINISH,-0.273227000,-0.519567000,0.300640000
85.092559,NAPKIN_LIFT1_POS_FINISH,-0.273225000,-0.519541000,0.301119000
85.102585,NAPKIN_LIFT1_POS_FINISH,-0.273262000,-0.519495000,0.301658000
85.112684,NAPKIN_LIFT1_POS_FINISH,-0.273273000,-0.519459000,0.302182000
85.122579,NAPKIN_LIFT1_POS_FINISH,-0.273241000,-0.519433000,0.302646000
85.132635,NAPKIN_LIFT1_POS_FINISH,-0.273211000,-0.519413000,0.303110000
85.142569,NAPKIN_LIFT1_POS_FINISH,-0.273242000,-0.519382000,0.303615000
85.152683,NAPKIN_LIFT1_POS_FINISH,-0.273249000,-0.519376000,0.304119000
85.162570,NAPKIN_LIFT1_POS_FINISH,-0.273224000,-0.519380000,0.304599000
85.172614,NAPKIN_LIFT1_POS_FINISH,-0.273220000,-0.519380000,0.305112000
85.182565,NAPKIN_LIFT1_POS_FINISH,-0.273218000,-0.519374000,0.305616000
85.192595,NAPKIN_LIFT1_POS_FINISH,-0.273234000,-0.519356000,0.306131000
85.202574,NAPKIN_LIFT1_POS_FINISH,-0.273239000,-0.519334000,0.306628000
85.212650,NAPKIN_LIFT1_POS_FINISH,-0.273251000,-0.519306000,0.307122000
85.222589,NAPKIN_LIFT1_POS_FINISH,-0.273251000,-0.519292000,0.307614000
85.232555,NAPKIN_LIFT1_POS_FINISH,-0.273231000,-0.519293000,0.308074000
85.242602,NAPKIN_LIFT1_POS_FINISH,-0.273222000,-0.519288000,0.308520000
85.252563,NAPKIN_LIFT1_POS_FINISH,-0.273215000,-0.519288000,0.308966000
85.252629,NAPKIN_LIFT1_POS_FINISH_SETTLE,-0.273215000,-0.519288000,0.308966000
85.262817,NAPKIN_LIFT1_POS_FINISH_SETTLE,-0.273233000,-0.519268000,0.309416000
85.273143,NAPKIN_LIFT1_POS_FINISH_SETTLE,-0.273276000,-0.519241000,0.309916000
85.283484,NAPKIN_LIFT1_POS_FINISH_SETTLE,-0.273328000,-0.519208000,0.310488000
85.293782,NAPKIN_LIFT1_POS_FINISH_SETTLE,-0.273357000,-0.519172000,0.310981000
85.304098,NAPKIN_LIFT1_POS_FINISH_SETTLE,-0.273368000,-0.519144000,0.311455000
85.314512,NAPKIN_LIFT1_POS_FINISH_SETTLE,-0.273407000,-0.519116000,0.312022000
85.324901,NAPKIN_LIFT1_POS_FINISH_SETTLE,-0.273421000,-0.519107000,0.312511000
85.335235,NAPKIN_LIFT1_POS_FINISH_SETTLE,-0.273429000,-0.519113000,0.313012000
85.345570,NAPKIN_LIFT1_POS_FINISH_SETTLE,-0.273440000,-0.519121000,0.313568000
85.355951,NAPKIN_LIFT1_POS_FINISH_SETTLE,-0.273443000,-0.519124000,0.314070000
85.366292,NAPKIN_LIFT1_POS_FINISH_SETTLE,-0.273472000,-0.519109000,0.314593000
85.376649,NAPKIN_LIFT1_POS_FINISH_SETTLE,-0.273488000,-0.519084000,0.315161000
85.386975,NAPKIN_LIFT1_POS_FINISH_SETTLE,-0.273494000,-0.519073000,0.315680000
85.397284,NAPKIN_LIFT1_POS_FINISH_SETTLE,-0.273486000,-0.519068000,0.316190000
85.407638,NAPKIN_LIFT1_POS_FINISH_SETTLE,-0.273487000,-0.519063000,0.316747000
85.417978,NAPKIN_LIFT1_POS_FINISH_SETTLE,-0.273506000,-0.519051000,0.317244000
85.428297,NAPKIN_LIFT1_POS_FINISH_SETTLE,-0.273513000,-0.519038000,0.317706000
85.438630,NAPKIN_LIFT1_POS_FINISH_SETTLE,-0.273515000,-0.519021000,0.318190000
85.448898,NAPKIN_LIFT1_POS_FINISH_SETTLE,-0.273561000,-0.518973000,0.318669000
85.459226,NAPKIN_LIFT1_POS_FINISH_SETTLE,-0.273606000,-0.518929000,0.319155000
85.469564,NAPKIN_LIFT1_POS_FINISH_SETTLE,-0.273609000,-0.518891000,0.319645000
85.479893,NAPKIN_LIFT1_POS_FINISH_SETTLE,-0.273574000,-0.518874000,0.320057000
85.490222,NAPKIN_LIFT1_POS_FINISH_SETTLE,-0.273550000,-0.518862000,0.320493000
85.500609,NAPKIN_LIFT1_POS_FINISH_SETTLE,-0.273532000,-0.518863000,0.321010000
85.510973,NAPKIN_LIFT1_POS_FINISH_SETTLE,-0.273522000,-0.518872000,0.321491000
85.521306,NAPKIN_LIFT1_POS_FINISH_SETTLE,-0.273512000,-0.518879000,0.321953000
85.531624,NAPKIN_LIFT1_POS_FINISH_SETTLE,-0.273524000,-0.518873000,0.322476000
85.541945,NAPKIN_LIFT1_POS_FINISH_SETTLE,-0.273558000,-0.518843000,0.322938000
85.552255,NAPKIN_LIFT1_POS_FINISH_SETTLE,-0.273595000,-0.518812000,0.323406000
85.562599,NAPKIN_LIFT1_POS_FINISH_SETTLE,-0.273625000,-0.518785000,0.323932000
85.572921,NAPKIN_LIFT1_POS_FINISH_SETTLE,-0.273643000,-0.518768000,0.324404000
85.583236,NAPKIN_LIFT1_POS_FINISH_SETTLE,-0.273651000,-0.518765000,0.324875000
85.593560,NAPKIN_LIFT1_POS_FINISH_SETTLE,-0.273669000,-0.518764000,0.325416000
85.603827,NAPKIN_LIFT1_POS_FINISH_SETTLE,-0.273683000,-0.518770000,0.325909000
85.614198,NAPKIN_LIFT1_POS_FINISH_SETTLE,-0.273686000,-0.518783000,0.326401000
85.624532,NAPKIN_LIFT1_POS_FINISH_SETTLE,-0.273690000,-0.518788000,0.326920000
85.634887,NAPKIN_LIFT1_POS_FINISH_SETTLE,-0.273712000,-0.518788000,0.327413000
85.645216,NAPKIN_LIFT1_POS_FINISH_SETTLE,-0.273729000,-0.518788000,0.327882000
85.655526,NAPKIN_LIFT1_POS_FINISH_SETTLE,-0.273744000,-0.518791000,0.328391000
85.665831,NAPKIN_LIFT1_POS_FINISH_SETTLE,-0.273761000,-0.518795000,0.328862000
85.676132,NAPKIN_LIFT1_POS_FINISH_SETTLE,-0.273789000,-0.518796000,0.329332000
85.686448,NAPKIN_LIFT1_POS_FINISH_SETTLE,-0.273813000,-0.518797000,0.329845000
85.696751,NAPKIN_LIFT1_POS_FINISH_SETTLE,-0.273836000,-0.518799000,0.330333000
85.707133,NAPKIN_LIFT1_POS_FINISH_SETTLE,-0.273855000,-0.518800000,0.330811000
85.717484,NAPKIN_LIFT1_POS_FINISH_SETTLE,-0.273839000,-0.518811000,0.331311000
85.727794,NAPKIN_LIFT1_POS_FINISH_SETTLE,-0.273846000,-0.518808000,0.331794000
85.738090,NAPKIN_LIFT1_POS_FINISH_SETTLE,-0.273863000,-0.518807000,0.332303000
85.748390,NAPKIN_LIFT1_POS_FINISH_SETTLE,-0.273872000,-0.518815000,0.332858000
85.758744,NAPKIN_LIFT1_POS_FINISH_SETTLE,-0.273885000,-0.518822000,0.333360000
85.769074,NAPKIN_LIFT1_POS_FINISH_SETTLE,-0.273910000,-0.518827000,0.333889000
85.779394,NAPKIN_LIFT1_POS_FINISH_SETTLE,-0.273941000,-0.518825000,0.334414000
85.789714,NAPKIN_LIFT1_POS_FINISH_SETTLE,-0.273959000,-0.518827000,0.334971000
85.800024,NAPKIN_LIFT1_POS_FINISH_SETTLE,-0.273975000,-0.518823000,0.335465000
85.810404,NAPKIN_LIFT1_POS_FINISH_SETTLE,-0.274003000,-0.518816000,0.336019000
85.820745,NAPKIN_LIFT1_POS_FINISH_SETTLE,-0.274036000,-0.518810000,0.336529000
85.831075,NAPKIN_LIFT1_POS_FINISH_SETTLE,-0.274067000,-0.518809000,0.337051000
85.841400,NAPKIN_LIFT1_POS_FINISH_SETTLE,-0.274092000,-0.518808000,0.337608000
85.851750,NAPKIN_LIFT1_POS_FINISH_SETTLE,-0.274116000,-0.518803000,0.338116000
85.862073,NAPKIN_LIFT1_POS_FINISH_SETTLE,-0.274142000,-0.518789000,0.338632000
85.872386,NAPKIN_LIFT1_POS_FINISH_SETTLE,-0.274173000,-0.518768000,0.339199000
85.882703,NAPKIN_LIFT1_POS_FINISH_SETTLE,-0.274190000,-0.518754000,0.339712000
85.893021,NAPKIN_LIFT1_POS_FINISH_SETTLE,-0.274205000,-0.518744000,0.340245000
85.903347,NAPKIN_LIFT1_POS_FINISH_SETTLE,-0.274231000,-0.518733000,0.340790000
85.913695,NAPKIN_LIFT1_POS_FINISH_SETTLE,-0.274244000,-0.518728000,0.341375000
85.924036,NAPKIN_LIFT1_POS_FINISH_SETTLE,-0.274247000,-0.518723000,0.341881000
85.934389,NAPKIN_LIFT1_POS_FINISH_SETTLE,-0.274263000,-0.518712000,0.342466000
85.944699,NAPKIN_LIFT1_POS_FINISH_SETTLE,-0.274277000,-0.518705000,0.342998000
85.955006,NAPKIN_LIFT1_POS_FINISH_SETTLE,-0.274289000,-0.518694000,0.343522000
85.965377,NAPKIN_LIFT1_POS_FINISH_SETTLE,-0.274302000,-0.518682000,0.344026000
85.975736,NAPKIN_LIFT1_POS_FINISH_SETTLE,-0.274308000,-0.518670000,0.344561000
85.986066,NAPKIN_LIFT1_POS_FINISH_SETTLE,-0.274320000,-0.518657000,0.345058000
85.996389,NAPKIN_LIFT1_POS_FINISH_SETTLE,-0.274348000,-0.518635000,0.345610000
86.006727,NAPKIN_LIFT1_POS_FINISH_SETTLE,-0.274369000,-0.518614000,0.346090000
86.016996,NAPKIN_LIFT1_POS_FINISH_SETTLE,-0.274385000,-0.518597000,0.346589000
86.027229,NAPKIN_LIFT1_POS_FINISH_SETTLE,-0.274422000,-0.518568000,0.347103000
86.037514,NAPKIN_LIFT1_POS_FINISH_SETTLE,-0.274433000,-0.518547000,0.347645000
86.047841,NAPKIN_LIFT1_POS_FINISH_SETTLE,-0.274426000,-0.518536000,0.348133000
86.058151,NAPKIN_LIFT1_POS_FINISH_SETTLE,-0.274422000,-0.518522000,0.348624000
86.068472,NAPKIN_LIFT1_POS_FINISH_SETTLE,-0.274422000,-0.518517000,0.349178000
86.078775,NAPKIN_LIFT1_POS_FINISH_SETTLE,-0.274436000,-0.518510000,0.349703000
86.089078,NAPKIN_LIFT1_POS_FINISH_SETTLE,-0.274454000,-0.518503000,0.350235000
86.099418,NAPKIN_LIFT1_POS_FINISH_SETTLE,-0.274463000,-0.518499000,0.350803000
86.109781,NAPKIN_LIFT1_POS_FINISH_SETTLE,-0.274463000,-0.518498000,0.351290000
86.120115,NAPKIN_LIFT1_POS_FINISH_SETTLE,-0.274465000,-0.518491000,0.351717000
86.130449,NAPKIN_LIFT1_POS_FINISH_SETTLE,-0.274492000,-0.518476000,0.352305000
86.140776,NAPKIN_LIFT1_POS_FINISH_SETTLE,-0.274518000,-0.518461000,0.352793000
86.151098,NAPKIN_LIFT1_POS_FINISH_SETTLE,-0.274536000,-0.518448000,0.353267000
86.161482,NAPKIN_LIFT1_POS_FINISH_SETTLE,-0.274543000,-0.518445000,0.353774000
86.171816,NAPKIN_LIFT1_POS_FINISH_SETTLE,-0.274552000,-0.518441000,0.354232000
86.182166,NAPKIN_LIFT1_POS_FINISH_SETTLE,-0.274570000,-0.518427000,0.354702000
86.192496,NAPKIN_LIFT1_POS_FINISH_SETTLE,-0.274586000,-0.518419000,0.355219000
86.202838,NAPKIN_LIFT1_POS_FINISH_SETTLE,-0.274592000,-0.518416000,0.355681000
86.213207,NAPKIN_LIFT1_POS_FINISH_SETTLE,-0.274594000,-0.518415000,0.356148000
86.223600,NAPKIN_LIFT1_POS_FINISH_SETTLE,-0.274602000,-0.518407000,0.356658000
86.233847,NAPKIN_LIFT1_POS_FINISH_SETTLE,-0.274603000,-0.518409000,0.357122000
86.244054,NAPKIN_LIFT1_POS_FINISH_SETTLE,-0.274607000,-0.518406000,0.357584000
86.254227,NAPKIN_LIFT1_POS_FINISH_SETTLE,-0.274605000,-0.518406000,0.358040000
86.264423,NAPKIN_LIFT1_POS_FINISH_SETTLE,-0.274598000,-0.518408000,0.358533000
86.274592,NAPKIN_LIFT1_POS_FINISH_SETTLE,-0.274597000,-0.518411000,0.358987000
86.284809,NAPKIN_LIFT1_POS_FINISH_SETTLE,-0.274592000,-0.518416000,0.359438000
86.295014,NAPKIN_LIFT1_POS_FINISH_SETTLE,-0.274586000,-0.518421000,0.359888000
86.305199,NAPKIN_LIFT1_POS_FINISH_SETTLE,-0.274575000,-0.518433000,0.360336000
86.315458,NAPKIN_LIFT1_POS_FINISH_SETTLE,-0.274568000,-0.518445000,0.360822000
86.325837,NAPKIN_LIFT1_POS_FINISH_SETTLE,-0.274576000,-0.518448000,0.361272000
86.336171,NAPKIN_LIFT1_POS_FINISH_SETTLE,-0.274590000,-0.518451000,0.361728000
86.346486,NAPKIN_LIFT1_POS_FINISH_SETTLE,-0.274598000,-0.518455000,0.362226000
